"","contrast","RAWMATERIAL","estimate","lower.HPD","upper.HPD"
"1","(STRAT_mod0.01 - STRAT_mod0.09) - (STRAT_mod0.01 - STRAT_mod0.1)","Hornfels",-0.0712845667092759,-0.216439663102594,0.0673204520279342
"2","(STRAT_mod0.01 - STRAT_mod0.09) - (STRAT_mod0.01 - STRAT_mod0.2)","Hornfels",-0.0265638554531376,-0.175206344849304,0.123780301726813
"3","(STRAT_mod0.01 - STRAT_mod0.09) - (STRAT_mod0.01 - STRAT_mod0.3)","Hornfels",-0.0118247635427902,-0.156305313536429,0.132043042381816
"4","(STRAT_mod0.01 - STRAT_mod0.09) - (STRAT_mod0.01 - STRAT_mod0.82)","Hornfels",-0.0886220476634074,-0.226755054472322,0.0506771286229122
"5","(STRAT_mod0.01 - STRAT_mod0.09) - (STRAT_mod0.01 - STRAT_mod1.08)","Hornfels",-0.0659119932676127,-0.20265884727159,0.0755356065500732
"6","(STRAT_mod0.01 - STRAT_mod0.09) - (STRAT_mod0.01 - STRAT_mod1.44)","Hornfels",-0.0674558423785827,-0.203582205010806,0.0819330430808636
"7","(STRAT_mod0.01 - STRAT_mod0.09) - (STRAT_mod0.01 - STRAT_mod2.15)","Hornfels",-0.0755591571296246,-0.228101873781065,0.0729223614088843
"8","(STRAT_mod0.01 - STRAT_mod0.09) - (STRAT_mod0.01 - STRAT_mod2.88)","Hornfels",-0.0649049320470318,-0.209276623113839,0.0718221608766734
"9","(STRAT_mod0.01 - STRAT_mod0.09) - (STRAT_mod0.01 - STRAT_mod3.37)","Hornfels",-0.0636116292206541,-0.197875794118671,0.0797431695631339
"10","(STRAT_mod0.01 - STRAT_mod0.09) - (STRAT_mod0.09 - STRAT_mod0.1)","Hornfels",-0.208831676966489,-0.623946091449959,0.185729422091457
"11","(STRAT_mod0.01 - STRAT_mod0.09) - (STRAT_mod0.09 - STRAT_mod0.2)","Hornfels",-0.163333184171194,-0.57274078528778,0.240919268043947
"12","(STRAT_mod0.01 - STRAT_mod0.09) - (STRAT_mod0.09 - STRAT_mod0.3)","Hornfels",-0.149163405138206,-0.569906621573613,0.244054479945712
"13","(STRAT_mod0.01 - STRAT_mod0.09) - (STRAT_mod0.09 - STRAT_mod0.82)","Hornfels",-0.227144888332773,-0.6230955178576,0.190756333413929
"14","(STRAT_mod0.01 - STRAT_mod0.09) - (STRAT_mod0.09 - STRAT_mod1.08)","Hornfels",-0.202334029307638,-0.591803132996016,0.22027418477951
"15","(STRAT_mod0.01 - STRAT_mod0.09) - (STRAT_mod0.09 - STRAT_mod1.44)","Hornfels",-0.204939158372148,-0.591307387969788,0.224125051189506
"16","(STRAT_mod0.01 - STRAT_mod0.09) - (STRAT_mod0.09 - STRAT_mod2.15)","Hornfels",-0.212549746548385,-0.613050281269993,0.205459832000564
"17","(STRAT_mod0.01 - STRAT_mod0.09) - (STRAT_mod0.09 - STRAT_mod2.88)","Hornfels",-0.202007074493475,-0.590498066554134,0.221612517022593
"18","(STRAT_mod0.01 - STRAT_mod0.09) - (STRAT_mod0.09 - STRAT_mod3.37)","Hornfels",-0.201187105536341,-0.611391962427033,0.199633299510291
"19","(STRAT_mod0.01 - STRAT_mod0.09) - (STRAT_mod0.1 - STRAT_mod0.2)","Hornfels",-0.0905764448506705,-0.4277088723431,0.239576478788794
"20","(STRAT_mod0.01 - STRAT_mod0.09) - (STRAT_mod0.1 - STRAT_mod0.3)","Hornfels",-0.0748711835732787,-0.401637562553392,0.267534970994428
"21","(STRAT_mod0.01 - STRAT_mod0.09) - (STRAT_mod0.1 - STRAT_mod0.82)","Hornfels",-0.154176634424057,-0.475057526545229,0.191642591865024
"22","(STRAT_mod0.01 - STRAT_mod0.09) - (STRAT_mod0.1 - STRAT_mod1.08)","Hornfels",-0.130743115065027,-0.452694667853581,0.212003324415008
"23","(STRAT_mod0.01 - STRAT_mod0.09) - (STRAT_mod0.1 - STRAT_mod1.44)","Hornfels",-0.132518258947248,-0.463330486837082,0.204344017249942
"24","(STRAT_mod0.01 - STRAT_mod0.09) - (STRAT_mod0.1 - STRAT_mod2.15)","Hornfels",-0.139125805669588,-0.483980461089956,0.186276036841488
"25","(STRAT_mod0.01 - STRAT_mod0.09) - (STRAT_mod0.1 - STRAT_mod2.88)","Hornfels",-0.129824102210877,-0.460784337352843,0.205734530620351
"26","(STRAT_mod0.01 - STRAT_mod0.09) - (STRAT_mod0.1 - STRAT_mod3.37)","Hornfels",-0.127673832184444,-0.460390874910984,0.204168550146353
"27","(STRAT_mod0.01 - STRAT_mod0.09) - (STRAT_mod0.2 - STRAT_mod0.3)","Hornfels",-0.12485878762978,-0.447274544134885,0.224511923097875
"28","(STRAT_mod0.01 - STRAT_mod0.09) - (STRAT_mod0.2 - STRAT_mod0.82)","Hornfels",-0.200960196946099,-0.53181636407239,0.139342880817593
"29","(STRAT_mod0.01 - STRAT_mod0.09) - (STRAT_mod0.2 - STRAT_mod1.08)","Hornfels",-0.179817227985998,-0.499818245007002,0.168329093548289
"30","(STRAT_mod0.01 - STRAT_mod0.09) - (STRAT_mod0.2 - STRAT_mod1.44)","Hornfels",-0.181127602186111,-0.522762748576013,0.151338122364654
"31","(STRAT_mod0.01 - STRAT_mod0.09) - (STRAT_mod0.2 - STRAT_mod2.15)","Hornfels",-0.184940952451704,-0.516625542926344,0.16242718381175
"32","(STRAT_mod0.01 - STRAT_mod0.09) - (STRAT_mod0.2 - STRAT_mod2.88)","Hornfels",-0.176470863025896,-0.486521459752232,0.183200494106471
"33","(STRAT_mod0.01 - STRAT_mod0.09) - (STRAT_mod0.2 - STRAT_mod3.37)","Hornfels",-0.176530633280601,-0.495206368696379,0.172628908486532
"34","(STRAT_mod0.01 - STRAT_mod0.09) - (STRAT_mod0.3 - STRAT_mod0.82)","Hornfels",-0.217242047854415,-0.548763918642104,0.115797764598094
"35","(STRAT_mod0.01 - STRAT_mod0.09) - (STRAT_mod0.3 - STRAT_mod1.08)","Hornfels",-0.194702085872262,-0.510301076462732,0.152967964326558
"36","(STRAT_mod0.01 - STRAT_mod0.09) - (STRAT_mod0.3 - STRAT_mod1.44)","Hornfels",-0.19295244260687,-0.525482396360168,0.145510825661441
"37","(STRAT_mod0.01 - STRAT_mod0.09) - (STRAT_mod0.3 - STRAT_mod2.15)","Hornfels",-0.20183908360233,-0.544692271294829,0.128582394928036
"38","(STRAT_mod0.01 - STRAT_mod0.09) - (STRAT_mod0.3 - STRAT_mod2.88)","Hornfels",-0.192104078895088,-0.508973252838345,0.157524165300887
"39","(STRAT_mod0.01 - STRAT_mod0.09) - (STRAT_mod0.3 - STRAT_mod3.37)","Hornfels",-0.191811359344926,-0.528169411620434,0.136835953956159
"40","(STRAT_mod0.01 - STRAT_mod0.09) - (STRAT_mod0.82 - STRAT_mod1.08)","Hornfels",-0.116941882357894,-0.429809055021067,0.229093160912983
"41","(STRAT_mod0.01 - STRAT_mod0.09) - (STRAT_mod0.82 - STRAT_mod1.44)","Hornfels",-0.11534690489215,-0.440224228866862,0.222995743566989
"42","(STRAT_mod0.01 - STRAT_mod0.09) - (STRAT_mod0.82 - STRAT_mod2.15)","Hornfels",-0.123551401306761,-0.451087655912457,0.214759382704139
"43","(STRAT_mod0.01 - STRAT_mod0.09) - (STRAT_mod0.82 - STRAT_mod2.88)","Hornfels",-0.112935881223263,-0.430639829596178,0.229908546771791
"44","(STRAT_mod0.01 - STRAT_mod0.09) - (STRAT_mod0.82 - STRAT_mod3.37)","Hornfels",-0.111633279794536,-0.433277863025153,0.228774562217071
"45","(STRAT_mod0.01 - STRAT_mod0.09) - (STRAT_mod1.08 - STRAT_mod1.44)","Hornfels",-0.138045101303636,-0.465878516990887,0.201718587927727
"46","(STRAT_mod0.01 - STRAT_mod0.09) - (STRAT_mod1.08 - STRAT_mod2.15)","Hornfels",-0.146036039744139,-0.475850008900919,0.190422401445552
"47","(STRAT_mod0.01 - STRAT_mod0.09) - (STRAT_mod1.08 - STRAT_mod2.88)","Hornfels",-0.136141589672365,-0.445817909900938,0.216136282508191
"48","(STRAT_mod0.01 - STRAT_mod0.09) - (STRAT_mod1.08 - STRAT_mod3.37)","Hornfels",-0.135376610941519,-0.471616927663137,0.19034612910544
"49","(STRAT_mod0.01 - STRAT_mod0.09) - (STRAT_mod1.44 - STRAT_mod2.15)","Hornfels",-0.146434233358246,-0.497526397581989,0.175417946755827
"50","(STRAT_mod0.01 - STRAT_mod0.09) - (STRAT_mod1.44 - STRAT_mod2.88)","Hornfels",-0.13438387742215,-0.450605078562327,0.215452588603148
"51","(STRAT_mod0.01 - STRAT_mod0.09) - (STRAT_mod1.44 - STRAT_mod3.37)","Hornfels",-0.132407674111212,-0.469298915368645,0.198204543224024
"52","(STRAT_mod0.01 - STRAT_mod0.09) - (STRAT_mod2.15 - STRAT_mod2.88)","Hornfels",-0.12771089026191,-0.460101412338512,0.220406966237539
"53","(STRAT_mod0.01 - STRAT_mod0.09) - (STRAT_mod2.15 - STRAT_mod3.37)","Hornfels",-0.126177788538643,-0.47197112751434,0.207468002299659
"54","(STRAT_mod0.01 - STRAT_mod0.09) - (STRAT_mod2.88 - STRAT_mod3.37)","Hornfels",-0.13645397041918,-0.45923669107539,0.203341854964118
"55","(STRAT_mod0.01 - STRAT_mod0.1) - (STRAT_mod0.01 - STRAT_mod0.2)","Hornfels",0.0442008884975025,-0.0260961528688219,0.115600401594105
"56","(STRAT_mod0.01 - STRAT_mod0.1) - (STRAT_mod0.01 - STRAT_mod0.3)","Hornfels",0.0608531641177816,0.00206376367871286,0.119526937581821
"57","(STRAT_mod0.01 - STRAT_mod0.1) - (STRAT_mod0.01 - STRAT_mod0.82)","Hornfels",-0.0171305958916581,-0.0608168542537948,0.0300269624835785
"58","(STRAT_mod0.01 - STRAT_mod0.1) - (STRAT_mod0.01 - STRAT_mod1.08)","Hornfels",0.00578679362004775,-0.040606677764877,0.046921910750497
"59","(STRAT_mod0.01 - STRAT_mod0.1) - (STRAT_mod0.01 - STRAT_mod1.44)","Hornfels",0.00490873018012428,-0.0545104809950425,0.0601597198059296
"60","(STRAT_mod0.01 - STRAT_mod0.1) - (STRAT_mod0.01 - STRAT_mod2.15)","Hornfels",-0.00492660203106943,-0.078520464711568,0.0731572801178979
"61","(STRAT_mod0.01 - STRAT_mod0.1) - (STRAT_mod0.01 - STRAT_mod2.88)","Hornfels",0.00710699415527727,-0.0397219025639011,0.0564597891723788
"62","(STRAT_mod0.01 - STRAT_mod0.1) - (STRAT_mod0.01 - STRAT_mod3.37)","Hornfels",0.00783505236573268,-0.0347758521961383,0.0513638172187703
"63","(STRAT_mod0.01 - STRAT_mod0.1) - (STRAT_mod0.09 - STRAT_mod0.1)","Hornfels",-0.137922534769482,-0.44926640816768,0.207840688174931
"64","(STRAT_mod0.01 - STRAT_mod0.1) - (STRAT_mod0.09 - STRAT_mod0.2)","Hornfels",-0.0905764448506705,-0.4277088723431,0.239576478788794
"65","(STRAT_mod0.01 - STRAT_mod0.1) - (STRAT_mod0.09 - STRAT_mod0.3)","Hornfels",-0.0748711835732787,-0.401637562553392,0.267534970994428
"66","(STRAT_mod0.01 - STRAT_mod0.1) - (STRAT_mod0.09 - STRAT_mod0.82)","Hornfels",-0.154176634424057,-0.475057526545229,0.191642591865024
"67","(STRAT_mod0.01 - STRAT_mod0.1) - (STRAT_mod0.09 - STRAT_mod1.08)","Hornfels",-0.130743115065027,-0.452694667853581,0.212003324415008
"68","(STRAT_mod0.01 - STRAT_mod0.1) - (STRAT_mod0.09 - STRAT_mod1.44)","Hornfels",-0.132518258947248,-0.463330486837082,0.204344017249942
"69","(STRAT_mod0.01 - STRAT_mod0.1) - (STRAT_mod0.09 - STRAT_mod2.15)","Hornfels",-0.139125805669588,-0.483980461089956,0.186276036841488
"70","(STRAT_mod0.01 - STRAT_mod0.1) - (STRAT_mod0.09 - STRAT_mod2.88)","Hornfels",-0.129824102210877,-0.460784337352843,0.205734530620351
"71","(STRAT_mod0.01 - STRAT_mod0.1) - (STRAT_mod0.09 - STRAT_mod3.37)","Hornfels",-0.127673832184444,-0.460390874910984,0.204168550146353
"72","(STRAT_mod0.01 - STRAT_mod0.1) - (STRAT_mod0.1 - STRAT_mod0.2)","Hornfels",-0.0195398792637516,-0.323724020141177,0.303759980932127
"73","(STRAT_mod0.01 - STRAT_mod0.1) - (STRAT_mod0.1 - STRAT_mod0.3)","Hornfels",-0.00547603267579877,-0.323344460517435,0.30251447926017
"74","(STRAT_mod0.01 - STRAT_mod0.1) - (STRAT_mod0.1 - STRAT_mod0.82)","Hornfels",-0.0820661491431369,-0.401016270988647,0.218838058151027
"75","(STRAT_mod0.01 - STRAT_mod0.1) - (STRAT_mod0.1 - STRAT_mod1.08)","Hornfels",-0.0601983988848973,-0.35828170867322,0.261545009082971
"76","(STRAT_mod0.01 - STRAT_mod0.1) - (STRAT_mod0.1 - STRAT_mod1.44)","Hornfels",-0.0603678592254691,-0.393408830811138,0.229374940528866
"77","(STRAT_mod0.01 - STRAT_mod0.1) - (STRAT_mod0.1 - STRAT_mod2.15)","Hornfels",-0.0703217078433425,-0.400787191036014,0.231521872491543
"78","(STRAT_mod0.01 - STRAT_mod0.1) - (STRAT_mod0.1 - STRAT_mod2.88)","Hornfels",-0.056384414328573,-0.383866605080426,0.236961270708504
"79","(STRAT_mod0.01 - STRAT_mod0.1) - (STRAT_mod0.1 - STRAT_mod3.37)","Hornfels",-0.0572714554834108,-0.374478395450986,0.243328049069001
"80","(STRAT_mod0.01 - STRAT_mod0.1) - (STRAT_mod0.2 - STRAT_mod0.3)","Hornfels",-0.0500550805314803,-0.366683955057438,0.250694860791742
"81","(STRAT_mod0.01 - STRAT_mod0.1) - (STRAT_mod0.2 - STRAT_mod0.82)","Hornfels",-0.127358404869994,-0.434893886681934,0.178935305797523
"82","(STRAT_mod0.01 - STRAT_mod0.1) - (STRAT_mod0.2 - STRAT_mod1.08)","Hornfels",-0.105501772732586,-0.411609728824613,0.203128947483246
"83","(STRAT_mod0.01 - STRAT_mod0.1) - (STRAT_mod0.2 - STRAT_mod1.44)","Hornfels",-0.106518487472776,-0.418210784125072,0.196352604729084
"84","(STRAT_mod0.01 - STRAT_mod0.1) - (STRAT_mod0.2 - STRAT_mod2.15)","Hornfels",-0.11322538215446,-0.422985177181225,0.199437025780555
"85","(STRAT_mod0.01 - STRAT_mod0.1) - (STRAT_mod0.2 - STRAT_mod2.88)","Hornfels",-0.102639828195386,-0.431317776845302,0.184226379249006
"86","(STRAT_mod0.01 - STRAT_mod0.1) - (STRAT_mod0.2 - STRAT_mod3.37)","Hornfels",-0.10163861323945,-0.406643103671787,0.204101793166268
"87","(STRAT_mod0.01 - STRAT_mod0.1) - (STRAT_mod0.3 - STRAT_mod0.82)","Hornfels",-0.143174180317358,-0.448843074966025,0.157642861072441
"88","(STRAT_mod0.01 - STRAT_mod0.1) - (STRAT_mod0.3 - STRAT_mod1.08)","Hornfels",-0.122534359657252,-0.432240570847047,0.174832465717584
"89","(STRAT_mod0.01 - STRAT_mod0.1) - (STRAT_mod0.3 - STRAT_mod1.44)","Hornfels",-0.121873724887091,-0.424131352199558,0.185571943757842
"90","(STRAT_mod0.01 - STRAT_mod0.1) - (STRAT_mod0.3 - STRAT_mod2.15)","Hornfels",-0.130606487416257,-0.438152919682639,0.182282101587701
"91","(STRAT_mod0.01 - STRAT_mod0.1) - (STRAT_mod0.3 - STRAT_mod2.88)","Hornfels",-0.118767284522554,-0.436704837686419,0.17500755004994
"92","(STRAT_mod0.01 - STRAT_mod0.1) - (STRAT_mod0.3 - STRAT_mod3.37)","Hornfels",-0.119589572102128,-0.438117985218084,0.170049945878711
"93","(STRAT_mod0.01 - STRAT_mod0.1) - (STRAT_mod0.82 - STRAT_mod1.08)","Hornfels",-0.0434221864580882,-0.344595423987757,0.256148810379865
"94","(STRAT_mod0.01 - STRAT_mod0.1) - (STRAT_mod0.82 - STRAT_mod1.44)","Hornfels",-0.0425126135510594,-0.352933010903408,0.254163932880802
"95","(STRAT_mod0.01 - STRAT_mod0.1) - (STRAT_mod0.82 - STRAT_mod2.15)","Hornfels",-0.0518979067238883,-0.368306809834122,0.250918969068947
"96","(STRAT_mod0.01 - STRAT_mod0.1) - (STRAT_mod0.82 - STRAT_mod2.88)","Hornfels",-0.0390898748657145,-0.346571454579629,0.257327837755097
"97","(STRAT_mod0.01 - STRAT_mod0.1) - (STRAT_mod0.82 - STRAT_mod3.37)","Hornfels",-0.0396522133144455,-0.328992552629375,0.272280500025014
"98","(STRAT_mod0.01 - STRAT_mod0.1) - (STRAT_mod1.08 - STRAT_mod1.44)","Hornfels",-0.0657353023048282,-0.382325997871655,0.228095150762519
"99","(STRAT_mod0.01 - STRAT_mod0.1) - (STRAT_mod1.08 - STRAT_mod2.15)","Hornfels",-0.072789627937887,-0.385258949331994,0.235297092987075
"100","(STRAT_mod0.01 - STRAT_mod0.1) - (STRAT_mod1.08 - STRAT_mod2.88)","Hornfels",-0.0619523019797725,-0.361070039708426,0.244269333672994
"101","(STRAT_mod0.01 - STRAT_mod0.1) - (STRAT_mod1.08 - STRAT_mod3.37)","Hornfels",-0.0626328526302831,-0.368252503626986,0.233473879728772
"102","(STRAT_mod0.01 - STRAT_mod0.1) - (STRAT_mod1.44 - STRAT_mod2.15)","Hornfels",-0.0743456839079193,-0.381385600580262,0.240309515287238
"103","(STRAT_mod0.01 - STRAT_mod0.1) - (STRAT_mod1.44 - STRAT_mod2.88)","Hornfels",-0.0612255935107191,-0.351029436073876,0.261467866686973
"104","(STRAT_mod0.01 - STRAT_mod0.1) - (STRAT_mod1.44 - STRAT_mod3.37)","Hornfels",-0.0617000280382691,-0.355730671545551,0.250357993248183
"105","(STRAT_mod0.01 - STRAT_mod0.1) - (STRAT_mod2.15 - STRAT_mod2.88)","Hornfels",-0.0525769508890472,-0.352046157462151,0.268407898269778
"106","(STRAT_mod0.01 - STRAT_mod0.1) - (STRAT_mod2.15 - STRAT_mod3.37)","Hornfels",-0.0532331812789861,-0.375026224516467,0.244644740280233
"107","(STRAT_mod0.01 - STRAT_mod0.1) - (STRAT_mod2.88 - STRAT_mod3.37)","Hornfels",-0.0656999654264361,-0.363952187552283,0.235848130756765
"108","(STRAT_mod0.01 - STRAT_mod0.2) - (STRAT_mod0.01 - STRAT_mod0.3)","Hornfels",0.015831768966257,-0.0572070110581477,0.0927241096449478
"109","(STRAT_mod0.01 - STRAT_mod0.2) - (STRAT_mod0.01 - STRAT_mod0.82)","Hornfels",-0.0623295302120397,-0.124681642446732,0.00407846726144534
"110","(STRAT_mod0.01 - STRAT_mod0.2) - (STRAT_mod0.01 - STRAT_mod1.08)","Hornfels",-0.0400644185759085,-0.103942468623145,0.0256746331486211
"111","(STRAT_mod0.01 - STRAT_mod0.2) - (STRAT_mod0.01 - STRAT_mod1.44)","Hornfels",-0.0400861320523926,-0.113902692774036,0.0344478724107828
"112","(STRAT_mod0.01 - STRAT_mod0.2) - (STRAT_mod0.01 - STRAT_mod2.15)","Hornfels",-0.049133265457034,-0.137793394224654,0.0380876508654779
"113","(STRAT_mod0.01 - STRAT_mod0.2) - (STRAT_mod0.01 - STRAT_mod2.88)","Hornfels",-0.0378340303454949,-0.103635485053679,0.0287511433789169
"114","(STRAT_mod0.01 - STRAT_mod0.2) - (STRAT_mod0.01 - STRAT_mod3.37)","Hornfels",-0.037246272579794,-0.104918388197611,0.0237664711290617
"115","(STRAT_mod0.01 - STRAT_mod0.2) - (STRAT_mod0.09 - STRAT_mod0.1)","Hornfels",-0.184710810364377,-0.499711663828095,0.174911343149331
"116","(STRAT_mod0.01 - STRAT_mod0.2) - (STRAT_mod0.09 - STRAT_mod0.2)","Hornfels",-0.137922534769482,-0.44926640816768,0.207840688174931
"117","(STRAT_mod0.01 - STRAT_mod0.2) - (STRAT_mod0.09 - STRAT_mod0.3)","Hornfels",-0.12485878762978,-0.447274544134885,0.224511923097875
"118","(STRAT_mod0.01 - STRAT_mod0.2) - (STRAT_mod0.09 - STRAT_mod0.82)","Hornfels",-0.200960196946099,-0.53181636407239,0.139342880817593
"119","(STRAT_mod0.01 - STRAT_mod0.2) - (STRAT_mod0.09 - STRAT_mod1.08)","Hornfels",-0.179817227985998,-0.499818245007002,0.168329093548289
"120","(STRAT_mod0.01 - STRAT_mod0.2) - (STRAT_mod0.09 - STRAT_mod1.44)","Hornfels",-0.181127602186111,-0.522762748576013,0.151338122364654
"121","(STRAT_mod0.01 - STRAT_mod0.2) - (STRAT_mod0.09 - STRAT_mod2.15)","Hornfels",-0.184940952451704,-0.516625542926344,0.16242718381175
"122","(STRAT_mod0.01 - STRAT_mod0.2) - (STRAT_mod0.09 - STRAT_mod2.88)","Hornfels",-0.176470863025896,-0.486521459752232,0.183200494106471
"123","(STRAT_mod0.01 - STRAT_mod0.2) - (STRAT_mod0.09 - STRAT_mod3.37)","Hornfels",-0.176530633280601,-0.495206368696379,0.172628908486532
"124","(STRAT_mod0.01 - STRAT_mod0.2) - (STRAT_mod0.1 - STRAT_mod0.2)","Hornfels",-0.065306553228677,-0.370943325431753,0.22871691128453
"125","(STRAT_mod0.01 - STRAT_mod0.2) - (STRAT_mod0.1 - STRAT_mod0.3)","Hornfels",-0.0500550805314803,-0.366683955057438,0.250694860791742
"126","(STRAT_mod0.01 - STRAT_mod0.2) - (STRAT_mod0.1 - STRAT_mod0.82)","Hornfels",-0.127358404869994,-0.434893886681934,0.178935305797523
"127","(STRAT_mod0.01 - STRAT_mod0.2) - (STRAT_mod0.1 - STRAT_mod1.08)","Hornfels",-0.105501772732586,-0.411609728824613,0.203128947483246
"128","(STRAT_mod0.01 - STRAT_mod0.2) - (STRAT_mod0.1 - STRAT_mod1.44)","Hornfels",-0.106518487472776,-0.418210784125072,0.196352604729084
"129","(STRAT_mod0.01 - STRAT_mod0.2) - (STRAT_mod0.1 - STRAT_mod2.15)","Hornfels",-0.11322538215446,-0.422985177181225,0.199437025780555
"130","(STRAT_mod0.01 - STRAT_mod0.2) - (STRAT_mod0.1 - STRAT_mod2.88)","Hornfels",-0.102639828195386,-0.431317776845302,0.184226379249006
"131","(STRAT_mod0.01 - STRAT_mod0.2) - (STRAT_mod0.1 - STRAT_mod3.37)","Hornfels",-0.10163861323945,-0.406643103671787,0.204101793166268
"132","(STRAT_mod0.01 - STRAT_mod0.2) - (STRAT_mod0.2 - STRAT_mod0.3)","Hornfels",-0.0960470498051098,-0.40450294175945,0.238023770498978
"133","(STRAT_mod0.01 - STRAT_mod0.2) - (STRAT_mod0.2 - STRAT_mod0.82)","Hornfels",-0.174289112172604,-0.501317658051049,0.140478917827891
"134","(STRAT_mod0.01 - STRAT_mod0.2) - (STRAT_mod0.2 - STRAT_mod1.08)","Hornfels",-0.152413161077204,-0.47220040575701,0.166599232571676
"135","(STRAT_mod0.01 - STRAT_mod0.2) - (STRAT_mod0.2 - STRAT_mod1.44)","Hornfels",-0.152749006890229,-0.45649315022184,0.184054290827542
"136","(STRAT_mod0.01 - STRAT_mod0.2) - (STRAT_mod0.2 - STRAT_mod2.15)","Hornfels",-0.159040585624483,-0.479611141442328,0.167711752667225
"137","(STRAT_mod0.01 - STRAT_mod0.2) - (STRAT_mod0.2 - STRAT_mod2.88)","Hornfels",-0.150507209455889,-0.479439720227187,0.160775593204504
"138","(STRAT_mod0.01 - STRAT_mod0.2) - (STRAT_mod0.2 - STRAT_mod3.37)","Hornfels",-0.150229207638368,-0.467693524916021,0.169018603565861
"139","(STRAT_mod0.01 - STRAT_mod0.2) - (STRAT_mod0.3 - STRAT_mod0.82)","Hornfels",-0.189893753630313,-0.486082664469056,0.1262676624348
"140","(STRAT_mod0.01 - STRAT_mod0.2) - (STRAT_mod0.3 - STRAT_mod1.08)","Hornfels",-0.167567131197686,-0.476326632792892,0.135928697713866
"141","(STRAT_mod0.01 - STRAT_mod0.2) - (STRAT_mod0.3 - STRAT_mod1.44)","Hornfels",-0.169175028327361,-0.48560385390665,0.13280514987558
"142","(STRAT_mod0.01 - STRAT_mod0.2) - (STRAT_mod0.3 - STRAT_mod2.15)","Hornfels",-0.174584226934924,-0.487182548581437,0.136206483279907
"143","(STRAT_mod0.01 - STRAT_mod0.2) - (STRAT_mod0.3 - STRAT_mod2.88)","Hornfels",-0.165248224626844,-0.460317906011545,0.153960567024841
"144","(STRAT_mod0.01 - STRAT_mod0.2) - (STRAT_mod0.3 - STRAT_mod3.37)","Hornfels",-0.164810588571284,-0.467882151071662,0.142587367901858
"145","(STRAT_mod0.01 - STRAT_mod0.2) - (STRAT_mod0.82 - STRAT_mod1.08)","Hornfels",-0.0882996600596044,-0.394806261842223,0.214547562151298
"146","(STRAT_mod0.01 - STRAT_mod0.2) - (STRAT_mod0.82 - STRAT_mod1.44)","Hornfels",-0.0910974826835369,-0.398045695554168,0.213704619361377
"147","(STRAT_mod0.01 - STRAT_mod0.2) - (STRAT_mod0.82 - STRAT_mod2.15)","Hornfels",-0.0968557333162843,-0.419004504314592,0.198481271549155
"148","(STRAT_mod0.01 - STRAT_mod0.2) - (STRAT_mod0.82 - STRAT_mod2.88)","Hornfels",-0.0879652291846742,-0.393185343005828,0.214220040886457
"149","(STRAT_mod0.01 - STRAT_mod0.2) - (STRAT_mod0.82 - STRAT_mod3.37)","Hornfels",-0.0870015719512875,-0.402231047203153,0.206466182123008
"150","(STRAT_mod0.01 - STRAT_mod0.2) - (STRAT_mod1.08 - STRAT_mod1.44)","Hornfels",-0.112147290648257,-0.415033724936849,0.196300937324287
"151","(STRAT_mod0.01 - STRAT_mod0.2) - (STRAT_mod1.08 - STRAT_mod2.15)","Hornfels",-0.117697232636039,-0.430090941888706,0.185632359942657
"152","(STRAT_mod0.01 - STRAT_mod0.2) - (STRAT_mod1.08 - STRAT_mod2.88)","Hornfels",-0.10985584496154,-0.412207086587995,0.197768029480551
"153","(STRAT_mod0.01 - STRAT_mod0.2) - (STRAT_mod1.08 - STRAT_mod3.37)","Hornfels",-0.108496425349449,-0.423743100555984,0.183180455303037
"154","(STRAT_mod0.01 - STRAT_mod0.2) - (STRAT_mod1.44 - STRAT_mod2.15)","Hornfels",-0.117961303340698,-0.431340093216292,0.189643030328303
"155","(STRAT_mod0.01 - STRAT_mod0.2) - (STRAT_mod1.44 - STRAT_mod2.88)","Hornfels",-0.108905842026046,-0.427459614811735,0.187423185256222
"156","(STRAT_mod0.01 - STRAT_mod0.2) - (STRAT_mod1.44 - STRAT_mod3.37)","Hornfels",-0.106037298425399,-0.415532771098562,0.197783851013503
"157","(STRAT_mod0.01 - STRAT_mod0.2) - (STRAT_mod2.15 - STRAT_mod2.88)","Hornfels",-0.100639527169585,-0.402127016457531,0.223136233893335
"158","(STRAT_mod0.01 - STRAT_mod0.2) - (STRAT_mod2.15 - STRAT_mod3.37)","Hornfels",-0.0991919859906039,-0.394517944012074,0.230669013025018
"159","(STRAT_mod0.01 - STRAT_mod0.2) - (STRAT_mod2.88 - STRAT_mod3.37)","Hornfels",-0.110800843505018,-0.421136189802128,0.188671054563233
"160","(STRAT_mod0.01 - STRAT_mod0.3) - (STRAT_mod0.01 - STRAT_mod0.82)","Hornfels",-0.0786761105243139,-0.12896211014692,-0.0256902388456623
"161","(STRAT_mod0.01 - STRAT_mod0.3) - (STRAT_mod0.01 - STRAT_mod1.08)","Hornfels",-0.0550808003110201,-0.1067478474551,-0.00528889740722249
"162","(STRAT_mod0.01 - STRAT_mod0.3) - (STRAT_mod0.01 - STRAT_mod1.44)","Hornfels",-0.0563707221948049,-0.119607416772451,0.00590948928628965
"163","(STRAT_mod0.01 - STRAT_mod0.3) - (STRAT_mod0.01 - STRAT_mod2.15)","Hornfels",-0.0651875846767445,-0.147878622754091,0.0116674581385139
"164","(STRAT_mod0.01 - STRAT_mod0.3) - (STRAT_mod0.01 - STRAT_mod2.88)","Hornfels",-0.0538907217953264,-0.108456477619195,0.00226354886712565
"165","(STRAT_mod0.01 - STRAT_mod0.3) - (STRAT_mod0.01 - STRAT_mod3.37)","Hornfels",-0.0526768172066383,-0.104423054797721,-0.00366020470649397
"166","(STRAT_mod0.01 - STRAT_mod0.3) - (STRAT_mod0.09 - STRAT_mod0.1)","Hornfels",-0.20052865588421,-0.52036893426291,0.148835430566219
"167","(STRAT_mod0.01 - STRAT_mod0.3) - (STRAT_mod0.09 - STRAT_mod0.2)","Hornfels",-0.152434894429522,-0.493941190583044,0.174756886007457
"168","(STRAT_mod0.01 - STRAT_mod0.3) - (STRAT_mod0.09 - STRAT_mod0.3)","Hornfels",-0.137922534769482,-0.44926640816768,0.207840688174931
"169","(STRAT_mod0.01 - STRAT_mod0.3) - (STRAT_mod0.09 - STRAT_mod0.82)","Hornfels",-0.217242047854415,-0.548763918642104,0.115797764598094
"170","(STRAT_mod0.01 - STRAT_mod0.3) - (STRAT_mod0.09 - STRAT_mod1.08)","Hornfels",-0.194702085872262,-0.510301076462732,0.152967964326558
"171","(STRAT_mod0.01 - STRAT_mod0.3) - (STRAT_mod0.09 - STRAT_mod1.44)","Hornfels",-0.19295244260687,-0.525482396360168,0.145510825661441
"172","(STRAT_mod0.01 - STRAT_mod0.3) - (STRAT_mod0.09 - STRAT_mod2.15)","Hornfels",-0.20183908360233,-0.544692271294829,0.128582394928036
"173","(STRAT_mod0.01 - STRAT_mod0.3) - (STRAT_mod0.09 - STRAT_mod2.88)","Hornfels",-0.192104078895088,-0.508973252838345,0.157524165300887
"174","(STRAT_mod0.01 - STRAT_mod0.3) - (STRAT_mod0.09 - STRAT_mod3.37)","Hornfels",-0.191811359344926,-0.528169411620434,0.136835953956159
"175","(STRAT_mod0.01 - STRAT_mod0.3) - (STRAT_mod0.1 - STRAT_mod0.2)","Hornfels",-0.0816311640903624,-0.385535877679831,0.230261267123177
"176","(STRAT_mod0.01 - STRAT_mod0.3) - (STRAT_mod0.1 - STRAT_mod0.3)","Hornfels",-0.065306553228677,-0.370943325431753,0.22871691128453
"177","(STRAT_mod0.01 - STRAT_mod0.3) - (STRAT_mod0.1 - STRAT_mod0.82)","Hornfels",-0.143174180317358,-0.448843074966025,0.157642861072441
"178","(STRAT_mod0.01 - STRAT_mod0.3) - (STRAT_mod0.1 - STRAT_mod1.08)","Hornfels",-0.122534359657252,-0.432240570847047,0.174832465717584
"179","(STRAT_mod0.01 - STRAT_mod0.3) - (STRAT_mod0.1 - STRAT_mod1.44)","Hornfels",-0.121873724887091,-0.424131352199558,0.185571943757842
"180","(STRAT_mod0.01 - STRAT_mod0.3) - (STRAT_mod0.1 - STRAT_mod2.15)","Hornfels",-0.130606487416257,-0.438152919682639,0.182282101587701
"181","(STRAT_mod0.01 - STRAT_mod0.3) - (STRAT_mod0.1 - STRAT_mod2.88)","Hornfels",-0.118767284522554,-0.436704837686419,0.17500755004994
"182","(STRAT_mod0.01 - STRAT_mod0.3) - (STRAT_mod0.1 - STRAT_mod3.37)","Hornfels",-0.119589572102128,-0.438117985218084,0.170049945878711
"183","(STRAT_mod0.01 - STRAT_mod0.3) - (STRAT_mod0.2 - STRAT_mod0.3)","Hornfels",-0.111337815003478,-0.41397397605098,0.18837325670568
"184","(STRAT_mod0.01 - STRAT_mod0.3) - (STRAT_mod0.2 - STRAT_mod0.82)","Hornfels",-0.189893753630313,-0.486082664469056,0.1262676624348
"185","(STRAT_mod0.01 - STRAT_mod0.3) - (STRAT_mod0.2 - STRAT_mod1.08)","Hornfels",-0.167567131197686,-0.476326632792892,0.135928697713866
"186","(STRAT_mod0.01 - STRAT_mod0.3) - (STRAT_mod0.2 - STRAT_mod1.44)","Hornfels",-0.169175028327361,-0.48560385390665,0.13280514987558
"187","(STRAT_mod0.01 - STRAT_mod0.3) - (STRAT_mod0.2 - STRAT_mod2.15)","Hornfels",-0.174584226934924,-0.487182548581437,0.136206483279907
"188","(STRAT_mod0.01 - STRAT_mod0.3) - (STRAT_mod0.2 - STRAT_mod2.88)","Hornfels",-0.165248224626844,-0.460317906011545,0.153960567024841
"189","(STRAT_mod0.01 - STRAT_mod0.3) - (STRAT_mod0.2 - STRAT_mod3.37)","Hornfels",-0.164810588571284,-0.467882151071662,0.142587367901858
"190","(STRAT_mod0.01 - STRAT_mod0.3) - (STRAT_mod0.3 - STRAT_mod0.82)","Hornfels",-0.204983263591085,-0.512607093928837,0.10980760709395
"191","(STRAT_mod0.01 - STRAT_mod0.3) - (STRAT_mod0.3 - STRAT_mod1.08)","Hornfels",-0.182548937301372,-0.499814262352701,0.119604104465009
"192","(STRAT_mod0.01 - STRAT_mod0.3) - (STRAT_mod0.3 - STRAT_mod1.44)","Hornfels",-0.182708583083667,-0.491838196422131,0.133166268686733
"193","(STRAT_mod0.01 - STRAT_mod0.3) - (STRAT_mod0.3 - STRAT_mod2.15)","Hornfels",-0.191778197647825,-0.509475806928443,0.12456187977415
"194","(STRAT_mod0.01 - STRAT_mod0.3) - (STRAT_mod0.3 - STRAT_mod2.88)","Hornfels",-0.181774119132605,-0.499485472253896,0.123239529808463
"195","(STRAT_mod0.01 - STRAT_mod0.3) - (STRAT_mod0.3 - STRAT_mod3.37)","Hornfels",-0.179951141312642,-0.512836938255758,0.110020912976685
"196","(STRAT_mod0.01 - STRAT_mod0.3) - (STRAT_mod0.82 - STRAT_mod1.08)","Hornfels",-0.104605420020821,-0.395164152897894,0.205779027593379
"197","(STRAT_mod0.01 - STRAT_mod0.3) - (STRAT_mod0.82 - STRAT_mod1.44)","Hornfels",-0.104922042737412,-0.407579096877813,0.198634741884116
"198","(STRAT_mod0.01 - STRAT_mod0.3) - (STRAT_mod0.82 - STRAT_mod2.15)","Hornfels",-0.113559675241516,-0.424102757090477,0.194665152783942
"199","(STRAT_mod0.01 - STRAT_mod0.3) - (STRAT_mod0.82 - STRAT_mod2.88)","Hornfels",-0.102973695858971,-0.41699481762198,0.189520433633637
"200","(STRAT_mod0.01 - STRAT_mod0.3) - (STRAT_mod0.82 - STRAT_mod3.37)","Hornfels",-0.102818795564102,-0.399826153215838,0.203701748900568
"201","(STRAT_mod0.01 - STRAT_mod0.3) - (STRAT_mod1.08 - STRAT_mod1.44)","Hornfels",-0.127590567665623,-0.43413730557547,0.173581971572927
"202","(STRAT_mod0.01 - STRAT_mod0.3) - (STRAT_mod1.08 - STRAT_mod2.15)","Hornfels",-0.136133131327392,-0.446975921547129,0.169804893163557
"203","(STRAT_mod0.01 - STRAT_mod0.3) - (STRAT_mod1.08 - STRAT_mod2.88)","Hornfels",-0.126011518629529,-0.438882875058759,0.169546313106225
"204","(STRAT_mod0.01 - STRAT_mod0.3) - (STRAT_mod1.08 - STRAT_mod3.37)","Hornfels",-0.125175389311251,-0.445784963861576,0.159210736988955
"205","(STRAT_mod0.01 - STRAT_mod0.3) - (STRAT_mod1.44 - STRAT_mod2.15)","Hornfels",-0.134842280661224,-0.43778306895777,0.18579439308667
"206","(STRAT_mod0.01 - STRAT_mod0.3) - (STRAT_mod1.44 - STRAT_mod2.88)","Hornfels",-0.12351756629765,-0.435072741184713,0.174680007162544
"207","(STRAT_mod0.01 - STRAT_mod0.3) - (STRAT_mod1.44 - STRAT_mod3.37)","Hornfels",-0.122938184173383,-0.438772383704854,0.168534618283707
"208","(STRAT_mod0.01 - STRAT_mod0.3) - (STRAT_mod2.15 - STRAT_mod2.88)","Hornfels",-0.115287965489175,-0.412430145354045,0.211728397802998
"209","(STRAT_mod0.01 - STRAT_mod0.3) - (STRAT_mod2.15 - STRAT_mod3.37)","Hornfels",-0.116053188827233,-0.432602180325499,0.188378581748839
"210","(STRAT_mod0.01 - STRAT_mod0.3) - (STRAT_mod2.88 - STRAT_mod3.37)","Hornfels",-0.12632001289626,-0.434921931237312,0.16853004302141
"211","(STRAT_mod0.01 - STRAT_mod0.82) - (STRAT_mod0.01 - STRAT_mod1.08)","Hornfels",0.0227150080368987,-0.0125294924368258,0.0569013748045561
"212","(STRAT_mod0.01 - STRAT_mod0.82) - (STRAT_mod0.01 - STRAT_mod1.44)","Hornfels",0.0219080748487015,-0.0308939673653863,0.0714419141972003
"213","(STRAT_mod0.01 - STRAT_mod0.82) - (STRAT_mod0.01 - STRAT_mod2.15)","Hornfels",0.0122279712580833,-0.0556058173604326,0.0845729513890654
"214","(STRAT_mod0.01 - STRAT_mod0.82) - (STRAT_mod0.01 - STRAT_mod2.88)","Hornfels",0.024606243269935,-0.0150723685916812,0.0636845766232308
"215","(STRAT_mod0.01 - STRAT_mod0.82) - (STRAT_mod0.01 - STRAT_mod3.37)","Hornfels",0.0249867492211422,-0.0096079786578529,0.0593884596449445
"216","(STRAT_mod0.01 - STRAT_mod0.82) - (STRAT_mod0.09 - STRAT_mod0.1)","Hornfels",-0.12255142885001,-0.446340047770042,0.21800345266271
"217","(STRAT_mod0.01 - STRAT_mod0.82) - (STRAT_mod0.09 - STRAT_mod0.2)","Hornfels",-0.0748248405669452,-0.403350323013964,0.260203758654242
"218","(STRAT_mod0.01 - STRAT_mod0.82) - (STRAT_mod0.09 - STRAT_mod0.3)","Hornfels",-0.0604214817337139,-0.372939244863979,0.289122882564649
"219","(STRAT_mod0.01 - STRAT_mod0.82) - (STRAT_mod0.09 - STRAT_mod0.82)","Hornfels",-0.137922534769482,-0.44926640816768,0.207840688174931
"220","(STRAT_mod0.01 - STRAT_mod0.82) - (STRAT_mod0.09 - STRAT_mod1.08)","Hornfels",-0.116941882357894,-0.429809055021067,0.229093160912983
"221","(STRAT_mod0.01 - STRAT_mod0.82) - (STRAT_mod0.09 - STRAT_mod1.44)","Hornfels",-0.11534690489215,-0.440224228866862,0.222995743566989
"222","(STRAT_mod0.01 - STRAT_mod0.82) - (STRAT_mod0.09 - STRAT_mod2.15)","Hornfels",-0.123551401306761,-0.451087655912457,0.214759382704139
"223","(STRAT_mod0.01 - STRAT_mod0.82) - (STRAT_mod0.09 - STRAT_mod2.88)","Hornfels",-0.112935881223263,-0.430639829596178,0.229908546771791
"224","(STRAT_mod0.01 - STRAT_mod0.82) - (STRAT_mod0.09 - STRAT_mod3.37)","Hornfels",-0.111633279794536,-0.433277863025153,0.228774562217071
"225","(STRAT_mod0.01 - STRAT_mod0.82) - (STRAT_mod0.1 - STRAT_mod0.2)","Hornfels",-0.00256829532992486,-0.309183446134398,0.302056140351307
"226","(STRAT_mod0.01 - STRAT_mod0.82) - (STRAT_mod0.1 - STRAT_mod0.3)","Hornfels",0.0122159137352444,-0.289008134971795,0.319372145820253
"227","(STRAT_mod0.01 - STRAT_mod0.82) - (STRAT_mod0.1 - STRAT_mod0.82)","Hornfels",-0.065306553228677,-0.370943325431753,0.22871691128453
"228","(STRAT_mod0.01 - STRAT_mod0.82) - (STRAT_mod0.1 - STRAT_mod1.08)","Hornfels",-0.0434221864580882,-0.344595423987757,0.256148810379865
"229","(STRAT_mod0.01 - STRAT_mod0.82) - (STRAT_mod0.1 - STRAT_mod1.44)","Hornfels",-0.0425126135510594,-0.352933010903408,0.254163932880802
"230","(STRAT_mod0.01 - STRAT_mod0.82) - (STRAT_mod0.1 - STRAT_mod2.15)","Hornfels",-0.0518979067238883,-0.368306809834122,0.250918969068947
"231","(STRAT_mod0.01 - STRAT_mod0.82) - (STRAT_mod0.1 - STRAT_mod2.88)","Hornfels",-0.0390898748657145,-0.346571454579629,0.257327837755097
"232","(STRAT_mod0.01 - STRAT_mod0.82) - (STRAT_mod0.1 - STRAT_mod3.37)","Hornfels",-0.0396522133144455,-0.328992552629375,0.272280500025014
"233","(STRAT_mod0.01 - STRAT_mod0.82) - (STRAT_mod0.2 - STRAT_mod0.3)","Hornfels",-0.0333668955259316,-0.335306454800743,0.276918693045168
"234","(STRAT_mod0.01 - STRAT_mod0.82) - (STRAT_mod0.2 - STRAT_mod0.82)","Hornfels",-0.111337815003478,-0.41397397605098,0.18837325670568
"235","(STRAT_mod0.01 - STRAT_mod0.82) - (STRAT_mod0.2 - STRAT_mod1.08)","Hornfels",-0.0882996600596044,-0.394806261842223,0.214547562151298
"236","(STRAT_mod0.01 - STRAT_mod0.82) - (STRAT_mod0.2 - STRAT_mod1.44)","Hornfels",-0.0910974826835369,-0.398045695554168,0.213704619361377
"237","(STRAT_mod0.01 - STRAT_mod0.82) - (STRAT_mod0.2 - STRAT_mod2.15)","Hornfels",-0.0968557333162843,-0.419004504314592,0.198481271549155
"238","(STRAT_mod0.01 - STRAT_mod0.82) - (STRAT_mod0.2 - STRAT_mod2.88)","Hornfels",-0.0879652291846742,-0.393185343005828,0.214220040886457
"239","(STRAT_mod0.01 - STRAT_mod0.82) - (STRAT_mod0.2 - STRAT_mod3.37)","Hornfels",-0.0870015719512875,-0.402231047203153,0.206466182123008
"240","(STRAT_mod0.01 - STRAT_mod0.82) - (STRAT_mod0.3 - STRAT_mod0.82)","Hornfels",-0.126522988805386,-0.425381648086458,0.173895840696561
"241","(STRAT_mod0.01 - STRAT_mod0.82) - (STRAT_mod0.3 - STRAT_mod1.08)","Hornfels",-0.104605420020821,-0.395164152897894,0.205779027593379
"242","(STRAT_mod0.01 - STRAT_mod0.82) - (STRAT_mod0.3 - STRAT_mod1.44)","Hornfels",-0.104922042737412,-0.407579096877813,0.198634741884116
"243","(STRAT_mod0.01 - STRAT_mod0.82) - (STRAT_mod0.3 - STRAT_mod2.15)","Hornfels",-0.113559675241516,-0.424102757090477,0.194665152783942
"244","(STRAT_mod0.01 - STRAT_mod0.82) - (STRAT_mod0.3 - STRAT_mod2.88)","Hornfels",-0.102973695858971,-0.41699481762198,0.189520433633637
"245","(STRAT_mod0.01 - STRAT_mod0.82) - (STRAT_mod0.3 - STRAT_mod3.37)","Hornfels",-0.102818795564102,-0.399826153215838,0.203701748900568
"246","(STRAT_mod0.01 - STRAT_mod0.82) - (STRAT_mod0.82 - STRAT_mod1.08)","Hornfels",-0.0243626859443491,-0.317343576814911,0.280170803356289
"247","(STRAT_mod0.01 - STRAT_mod0.82) - (STRAT_mod0.82 - STRAT_mod1.44)","Hornfels",-0.0258898129467193,-0.31826562558353,0.289686409990791
"248","(STRAT_mod0.01 - STRAT_mod0.82) - (STRAT_mod0.82 - STRAT_mod2.15)","Hornfels",-0.0333574129930081,-0.348702964411283,0.269765503850544
"249","(STRAT_mod0.01 - STRAT_mod0.82) - (STRAT_mod0.82 - STRAT_mod2.88)","Hornfels",-0.0232494380036687,-0.317314975467255,0.284377636003298
"250","(STRAT_mod0.01 - STRAT_mod0.82) - (STRAT_mod0.82 - STRAT_mod3.37)","Hornfels",-0.022993710275389,-0.326817754380257,0.276265959682945
"251","(STRAT_mod0.01 - STRAT_mod0.82) - (STRAT_mod1.08 - STRAT_mod1.44)","Hornfels",-0.0478343240161521,-0.355720579918048,0.248047724600226
"252","(STRAT_mod0.01 - STRAT_mod0.82) - (STRAT_mod1.08 - STRAT_mod2.15)","Hornfels",-0.0560831628222609,-0.362360870774571,0.252229785857223
"253","(STRAT_mod0.01 - STRAT_mod0.82) - (STRAT_mod1.08 - STRAT_mod2.88)","Hornfels",-0.0454558262358313,-0.346723904047518,0.252242872722484
"254","(STRAT_mod0.01 - STRAT_mod0.82) - (STRAT_mod1.08 - STRAT_mod3.37)","Hornfels",-0.0446475868853302,-0.347875757324804,0.25049654248176
"255","(STRAT_mod0.01 - STRAT_mod0.82) - (STRAT_mod1.44 - STRAT_mod2.15)","Hornfels",-0.0561859861181195,-0.365075829406451,0.252384692063139
"256","(STRAT_mod0.01 - STRAT_mod0.82) - (STRAT_mod1.44 - STRAT_mod2.88)","Hornfels",-0.0451943285259917,-0.346663201159793,0.257036501026786
"257","(STRAT_mod0.01 - STRAT_mod0.82) - (STRAT_mod1.44 - STRAT_mod3.37)","Hornfels",-0.045786720080278,-0.346723337545029,0.25394655355829
"258","(STRAT_mod0.01 - STRAT_mod0.82) - (STRAT_mod2.15 - STRAT_mod2.88)","Hornfels",-0.035836721499277,-0.337235456009437,0.280038838112691
"259","(STRAT_mod0.01 - STRAT_mod0.82) - (STRAT_mod2.15 - STRAT_mod3.37)","Hornfels",-0.0350409736064621,-0.332641959459271,0.283409709014283
"260","(STRAT_mod0.01 - STRAT_mod0.82) - (STRAT_mod2.88 - STRAT_mod3.37)","Hornfels",-0.047724714934761,-0.333241349488373,0.265763913504097
"261","(STRAT_mod0.01 - STRAT_mod1.08) - (STRAT_mod0.01 - STRAT_mod1.44)","Hornfels",-0.000757222550246794,-0.0490750834484377,0.0508025386195698
"262","(STRAT_mod0.01 - STRAT_mod1.08) - (STRAT_mod0.01 - STRAT_mod2.15)","Hornfels",-0.0101171230393748,-0.0772088088931087,0.0620006233364498
"263","(STRAT_mod0.01 - STRAT_mod1.08) - (STRAT_mod0.01 - STRAT_mod2.88)","Hornfels",0.00164671972675134,-0.0347199214580565,0.0425411320925044
"264","(STRAT_mod0.01 - STRAT_mod1.08) - (STRAT_mod0.01 - STRAT_mod3.37)","Hornfels",0.00249910189424551,-0.0315517863250938,0.0331443834905247
"265","(STRAT_mod0.01 - STRAT_mod1.08) - (STRAT_mod0.09 - STRAT_mod0.1)","Hornfels",-0.144589633056109,-0.474490532401142,0.18849709307533
"266","(STRAT_mod0.01 - STRAT_mod1.08) - (STRAT_mod0.09 - STRAT_mod0.2)","Hornfels",-0.098215280033477,-0.421648770371788,0.246601575782749
"267","(STRAT_mod0.01 - STRAT_mod1.08) - (STRAT_mod0.09 - STRAT_mod0.3)","Hornfels",-0.0836590976268314,-0.400925556435703,0.26476651375226
"268","(STRAT_mod0.01 - STRAT_mod1.08) - (STRAT_mod0.09 - STRAT_mod0.82)","Hornfels",-0.16046922510213,-0.488374904215514,0.174033754815354
"269","(STRAT_mod0.01 - STRAT_mod1.08) - (STRAT_mod0.09 - STRAT_mod1.08)","Hornfels",-0.137922534769482,-0.44926640816768,0.207840688174931
"270","(STRAT_mod0.01 - STRAT_mod1.08) - (STRAT_mod0.09 - STRAT_mod1.44)","Hornfels",-0.138045101303636,-0.465878516990887,0.201718587927727
"271","(STRAT_mod0.01 - STRAT_mod1.08) - (STRAT_mod0.09 - STRAT_mod2.15)","Hornfels",-0.146036039744139,-0.475850008900919,0.190422401445552
"272","(STRAT_mod0.01 - STRAT_mod1.08) - (STRAT_mod0.09 - STRAT_mod2.88)","Hornfels",-0.136141589672365,-0.445817909900938,0.216136282508191
"273","(STRAT_mod0.01 - STRAT_mod1.08) - (STRAT_mod0.09 - STRAT_mod3.37)","Hornfels",-0.135376610941519,-0.471616927663137,0.19034612910544
"274","(STRAT_mod0.01 - STRAT_mod1.08) - (STRAT_mod0.1 - STRAT_mod0.2)","Hornfels",-0.0246511861850292,-0.328634880602812,0.285794219216851
"275","(STRAT_mod0.01 - STRAT_mod1.08) - (STRAT_mod0.1 - STRAT_mod0.3)","Hornfels",-0.0102622775631454,-0.323023071146451,0.284916214497276
"276","(STRAT_mod0.01 - STRAT_mod1.08) - (STRAT_mod0.1 - STRAT_mod0.82)","Hornfels",-0.0877961084771546,-0.386661471969962,0.21687386480886
"277","(STRAT_mod0.01 - STRAT_mod1.08) - (STRAT_mod0.1 - STRAT_mod1.08)","Hornfels",-0.065306553228677,-0.370943325431753,0.22871691128453
"278","(STRAT_mod0.01 - STRAT_mod1.08) - (STRAT_mod0.1 - STRAT_mod1.44)","Hornfels",-0.0657353023048282,-0.382325997871655,0.228095150762519
"279","(STRAT_mod0.01 - STRAT_mod1.08) - (STRAT_mod0.1 - STRAT_mod2.15)","Hornfels",-0.072789627937887,-0.385258949331994,0.235297092987075
"280","(STRAT_mod0.01 - STRAT_mod1.08) - (STRAT_mod0.1 - STRAT_mod2.88)","Hornfels",-0.0619523019797725,-0.361070039708426,0.244269333672994
"281","(STRAT_mod0.01 - STRAT_mod1.08) - (STRAT_mod0.1 - STRAT_mod3.37)","Hornfels",-0.0626328526302831,-0.368252503626986,0.233473879728772
"282","(STRAT_mod0.01 - STRAT_mod1.08) - (STRAT_mod0.2 - STRAT_mod0.3)","Hornfels",-0.0553113246364498,-0.364443304997997,0.24479329541784
"283","(STRAT_mod0.01 - STRAT_mod1.08) - (STRAT_mod0.2 - STRAT_mod0.82)","Hornfels",-0.133911586110219,-0.441227288486659,0.166122926712393
"284","(STRAT_mod0.01 - STRAT_mod1.08) - (STRAT_mod0.2 - STRAT_mod1.08)","Hornfels",-0.111337815003478,-0.41397397605098,0.18837325670568
"285","(STRAT_mod0.01 - STRAT_mod1.08) - (STRAT_mod0.2 - STRAT_mod1.44)","Hornfels",-0.112147290648257,-0.415033724936849,0.196300937324287
"286","(STRAT_mod0.01 - STRAT_mod1.08) - (STRAT_mod0.2 - STRAT_mod2.15)","Hornfels",-0.117697232636039,-0.430090941888706,0.185632359942657
"287","(STRAT_mod0.01 - STRAT_mod1.08) - (STRAT_mod0.2 - STRAT_mod2.88)","Hornfels",-0.10985584496154,-0.412207086587995,0.197768029480551
"288","(STRAT_mod0.01 - STRAT_mod1.08) - (STRAT_mod0.2 - STRAT_mod3.37)","Hornfels",-0.108496425349449,-0.423743100555984,0.183180455303037
"289","(STRAT_mod0.01 - STRAT_mod1.08) - (STRAT_mod0.3 - STRAT_mod0.82)","Hornfels",-0.149512676689842,-0.452888889223264,0.15337072122278
"290","(STRAT_mod0.01 - STRAT_mod1.08) - (STRAT_mod0.3 - STRAT_mod1.08)","Hornfels",-0.126522988805386,-0.425381648086458,0.173895840696561
"291","(STRAT_mod0.01 - STRAT_mod1.08) - (STRAT_mod0.3 - STRAT_mod1.44)","Hornfels",-0.127590567665623,-0.43413730557547,0.173581971572927
"292","(STRAT_mod0.01 - STRAT_mod1.08) - (STRAT_mod0.3 - STRAT_mod2.15)","Hornfels",-0.136133131327392,-0.446975921547129,0.169804893163557
"293","(STRAT_mod0.01 - STRAT_mod1.08) - (STRAT_mod0.3 - STRAT_mod2.88)","Hornfels",-0.126011518629529,-0.438882875058759,0.169546313106225
"294","(STRAT_mod0.01 - STRAT_mod1.08) - (STRAT_mod0.3 - STRAT_mod3.37)","Hornfels",-0.125175389311251,-0.445784963861576,0.159210736988955
"295","(STRAT_mod0.01 - STRAT_mod1.08) - (STRAT_mod0.82 - STRAT_mod1.08)","Hornfels",-0.0481343127004927,-0.330948206836191,0.262420728888734
"296","(STRAT_mod0.01 - STRAT_mod1.08) - (STRAT_mod0.82 - STRAT_mod1.44)","Hornfels",-0.0478343240161521,-0.355720579918048,0.248047724600226
"297","(STRAT_mod0.01 - STRAT_mod1.08) - (STRAT_mod0.82 - STRAT_mod2.15)","Hornfels",-0.0560831628222609,-0.362360870774571,0.252229785857223
"298","(STRAT_mod0.01 - STRAT_mod1.08) - (STRAT_mod0.82 - STRAT_mod2.88)","Hornfels",-0.0454558262358313,-0.346723904047518,0.252242872722484
"299","(STRAT_mod0.01 - STRAT_mod1.08) - (STRAT_mod0.82 - STRAT_mod3.37)","Hornfels",-0.0446475868853302,-0.347875757324804,0.25049654248176
"300","(STRAT_mod0.01 - STRAT_mod1.08) - (STRAT_mod1.08 - STRAT_mod1.44)","Hornfels",-0.072375653256038,-0.375695556805486,0.235509906527398
"301","(STRAT_mod0.01 - STRAT_mod1.08) - (STRAT_mod1.08 - STRAT_mod2.15)","Hornfels",-0.0786829188985472,-0.399613242350542,0.218048662871268
"302","(STRAT_mod0.01 - STRAT_mod1.08) - (STRAT_mod1.08 - STRAT_mod2.88)","Hornfels",-0.0681717268667674,-0.372928339946414,0.231659837317609
"303","(STRAT_mod0.01 - STRAT_mod1.08) - (STRAT_mod1.08 - STRAT_mod3.37)","Hornfels",-0.0678086270186762,-0.365025248028849,0.237792160575641
"304","(STRAT_mod0.01 - STRAT_mod1.08) - (STRAT_mod1.44 - STRAT_mod2.15)","Hornfels",-0.0773869433282244,-0.393448531086382,0.22503866507826
"305","(STRAT_mod0.01 - STRAT_mod1.08) - (STRAT_mod1.44 - STRAT_mod2.88)","Hornfels",-0.0684005550759668,-0.370082466714951,0.233859231472777
"306","(STRAT_mod0.01 - STRAT_mod1.08) - (STRAT_mod1.44 - STRAT_mod3.37)","Hornfels",-0.067118913116883,-0.368402733124115,0.232422055846101
"307","(STRAT_mod0.01 - STRAT_mod1.08) - (STRAT_mod2.15 - STRAT_mod2.88)","Hornfels",-0.0580472110963204,-0.375423314215707,0.244105401189295
"308","(STRAT_mod0.01 - STRAT_mod1.08) - (STRAT_mod2.15 - STRAT_mod3.37)","Hornfels",-0.0577991317028717,-0.358635740352818,0.255701697466019
"309","(STRAT_mod0.01 - STRAT_mod1.08) - (STRAT_mod2.88 - STRAT_mod3.37)","Hornfels",-0.0699916799098397,-0.362377569424787,0.236151276441845
"310","(STRAT_mod0.01 - STRAT_mod1.44) - (STRAT_mod0.01 - STRAT_mod2.15)","Hornfels",-0.0090004871544298,-0.0839897256324278,0.0731212363318594
"311","(STRAT_mod0.01 - STRAT_mod1.44) - (STRAT_mod0.01 - STRAT_mod2.88)","Hornfels",0.00302333389671738,-0.0511238133621044,0.0562631105328801
"312","(STRAT_mod0.01 - STRAT_mod1.44) - (STRAT_mod0.01 - STRAT_mod3.37)","Hornfels",0.00318245838566145,-0.0461535187158799,0.0523522281572166
"313","(STRAT_mod0.01 - STRAT_mod1.44) - (STRAT_mod0.09 - STRAT_mod0.1)","Hornfels",-0.142996268670888,-0.474205083167123,0.194251523338806
"314","(STRAT_mod0.01 - STRAT_mod1.44) - (STRAT_mod0.09 - STRAT_mod0.2)","Hornfels",-0.0961611834743772,-0.423493518455323,0.25044093846433
"315","(STRAT_mod0.01 - STRAT_mod1.44) - (STRAT_mod0.09 - STRAT_mod0.3)","Hornfels",-0.081313858992035,-0.398580458916017,0.270309841578529
"316","(STRAT_mod0.01 - STRAT_mod1.44) - (STRAT_mod0.09 - STRAT_mod0.82)","Hornfels",-0.158340425695435,-0.486987486599455,0.181025582828894
"317","(STRAT_mod0.01 - STRAT_mod1.44) - (STRAT_mod0.09 - STRAT_mod1.08)","Hornfels",-0.136631681669092,-0.463124586754399,0.199634491344781
"318","(STRAT_mod0.01 - STRAT_mod1.44) - (STRAT_mod0.09 - STRAT_mod1.44)","Hornfels",-0.137922534769482,-0.44926640816768,0.207840688174931
"319","(STRAT_mod0.01 - STRAT_mod1.44) - (STRAT_mod0.09 - STRAT_mod2.15)","Hornfels",-0.146434233358246,-0.497526397581989,0.175417946755827
"320","(STRAT_mod0.01 - STRAT_mod1.44) - (STRAT_mod0.09 - STRAT_mod2.88)","Hornfels",-0.13438387742215,-0.450605078562327,0.215452588603148
"321","(STRAT_mod0.01 - STRAT_mod1.44) - (STRAT_mod0.09 - STRAT_mod3.37)","Hornfels",-0.132407674111212,-0.469298915368645,0.198204543224024
"322","(STRAT_mod0.01 - STRAT_mod1.44) - (STRAT_mod0.1 - STRAT_mod0.2)","Hornfels",-0.0252168317169155,-0.326757651945605,0.290574931108388
"323","(STRAT_mod0.01 - STRAT_mod1.44) - (STRAT_mod0.1 - STRAT_mod0.3)","Hornfels",-0.00947934632051739,-0.301238684375087,0.309444703644715
"324","(STRAT_mod0.01 - STRAT_mod1.44) - (STRAT_mod0.1 - STRAT_mod0.82)","Hornfels",-0.0863361311599555,-0.386305369218261,0.220118015735459
"325","(STRAT_mod0.01 - STRAT_mod1.44) - (STRAT_mod0.1 - STRAT_mod1.08)","Hornfels",-0.0643511175611489,-0.37510143394608,0.231791780078523
"326","(STRAT_mod0.01 - STRAT_mod1.44) - (STRAT_mod0.1 - STRAT_mod1.44)","Hornfels",-0.065306553228677,-0.370943325431753,0.22871691128453
"327","(STRAT_mod0.01 - STRAT_mod1.44) - (STRAT_mod0.1 - STRAT_mod2.15)","Hornfels",-0.0743456839079193,-0.381385600580262,0.240309515287238
"328","(STRAT_mod0.01 - STRAT_mod1.44) - (STRAT_mod0.1 - STRAT_mod2.88)","Hornfels",-0.0612255935107191,-0.351029436073876,0.261467866686973
"329","(STRAT_mod0.01 - STRAT_mod1.44) - (STRAT_mod0.1 - STRAT_mod3.37)","Hornfels",-0.0617000280382691,-0.355730671545551,0.250357993248183
"330","(STRAT_mod0.01 - STRAT_mod1.44) - (STRAT_mod0.2 - STRAT_mod0.3)","Hornfels",-0.0530573091339523,-0.341188602706701,0.27519302100628
"331","(STRAT_mod0.01 - STRAT_mod1.44) - (STRAT_mod0.2 - STRAT_mod0.82)","Hornfels",-0.132323926837844,-0.439466091106652,0.172379552016581
"332","(STRAT_mod0.01 - STRAT_mod1.44) - (STRAT_mod0.2 - STRAT_mod1.08)","Hornfels",-0.109856582311862,-0.410911165685015,0.20083669309707
"333","(STRAT_mod0.01 - STRAT_mod1.44) - (STRAT_mod0.2 - STRAT_mod1.44)","Hornfels",-0.111337815003478,-0.41397397605098,0.18837325670568
"334","(STRAT_mod0.01 - STRAT_mod1.44) - (STRAT_mod0.2 - STRAT_mod2.15)","Hornfels",-0.117961303340698,-0.431340093216292,0.189643030328303
"335","(STRAT_mod0.01 - STRAT_mod1.44) - (STRAT_mod0.2 - STRAT_mod2.88)","Hornfels",-0.108905842026046,-0.427459614811735,0.187423185256222
"336","(STRAT_mod0.01 - STRAT_mod1.44) - (STRAT_mod0.2 - STRAT_mod3.37)","Hornfels",-0.106037298425399,-0.415532771098562,0.197783851013503
"337","(STRAT_mod0.01 - STRAT_mod1.44) - (STRAT_mod0.3 - STRAT_mod0.82)","Hornfels",-0.147847393924495,-0.454094585954721,0.156247302863163
"338","(STRAT_mod0.01 - STRAT_mod1.44) - (STRAT_mod0.3 - STRAT_mod1.08)","Hornfels",-0.125940637660705,-0.438237406572032,0.17101640985577
"339","(STRAT_mod0.01 - STRAT_mod1.44) - (STRAT_mod0.3 - STRAT_mod1.44)","Hornfels",-0.126522988805386,-0.425381648086458,0.173895840696561
"340","(STRAT_mod0.01 - STRAT_mod1.44) - (STRAT_mod0.3 - STRAT_mod2.15)","Hornfels",-0.134842280661224,-0.43778306895777,0.18579439308667
"341","(STRAT_mod0.01 - STRAT_mod1.44) - (STRAT_mod0.3 - STRAT_mod2.88)","Hornfels",-0.12351756629765,-0.435072741184713,0.174680007162544
"342","(STRAT_mod0.01 - STRAT_mod1.44) - (STRAT_mod0.3 - STRAT_mod3.37)","Hornfels",-0.122938184173383,-0.438772383704854,0.168534618283707
"343","(STRAT_mod0.01 - STRAT_mod1.44) - (STRAT_mod0.82 - STRAT_mod1.08)","Hornfels",-0.0467006219072608,-0.341455582948805,0.259682204836952
"344","(STRAT_mod0.01 - STRAT_mod1.44) - (STRAT_mod0.82 - STRAT_mod1.44)","Hornfels",-0.0481343127004927,-0.330948206836191,0.262420728888734
"345","(STRAT_mod0.01 - STRAT_mod1.44) - (STRAT_mod0.82 - STRAT_mod2.15)","Hornfels",-0.0561859861181195,-0.365075829406451,0.252384692063139
"346","(STRAT_mod0.01 - STRAT_mod1.44) - (STRAT_mod0.82 - STRAT_mod2.88)","Hornfels",-0.0451943285259917,-0.346663201159793,0.257036501026786
"347","(STRAT_mod0.01 - STRAT_mod1.44) - (STRAT_mod0.82 - STRAT_mod3.37)","Hornfels",-0.045786720080278,-0.346723337545029,0.25394655355829
"348","(STRAT_mod0.01 - STRAT_mod1.44) - (STRAT_mod1.08 - STRAT_mod1.44)","Hornfels",-0.0694454538128246,-0.370862172693074,0.221393113866834
"349","(STRAT_mod0.01 - STRAT_mod1.44) - (STRAT_mod1.08 - STRAT_mod2.15)","Hornfels",-0.0773869433282244,-0.393448531086382,0.22503866507826
"350","(STRAT_mod0.01 - STRAT_mod1.44) - (STRAT_mod1.08 - STRAT_mod2.88)","Hornfels",-0.0684005550759668,-0.370082466714951,0.233859231472777
"351","(STRAT_mod0.01 - STRAT_mod1.44) - (STRAT_mod1.08 - STRAT_mod3.37)","Hornfels",-0.067118913116883,-0.368402733124115,0.232422055846101
"352","(STRAT_mod0.01 - STRAT_mod1.44) - (STRAT_mod1.44 - STRAT_mod2.15)","Hornfels",-0.078657245765144,-0.408446011034243,0.226294253441934
"353","(STRAT_mod0.01 - STRAT_mod1.44) - (STRAT_mod1.44 - STRAT_mod2.88)","Hornfels",-0.066191628493613,-0.383438843532324,0.237291698409628
"354","(STRAT_mod0.01 - STRAT_mod1.44) - (STRAT_mod1.44 - STRAT_mod3.37)","Hornfels",-0.0654219516144849,-0.382467267934969,0.238597669423039
"355","(STRAT_mod0.01 - STRAT_mod1.44) - (STRAT_mod2.15 - STRAT_mod2.88)","Hornfels",-0.0578600232440802,-0.363692639302701,0.257683259930439
"356","(STRAT_mod0.01 - STRAT_mod1.44) - (STRAT_mod2.15 - STRAT_mod3.37)","Hornfels",-0.0569754681559855,-0.363733868404167,0.255649888668623
"357","(STRAT_mod0.01 - STRAT_mod1.44) - (STRAT_mod2.88 - STRAT_mod3.37)","Hornfels",-0.0690848305353273,-0.365127809761219,0.234341965388043
"358","(STRAT_mod0.01 - STRAT_mod2.15) - (STRAT_mod0.01 - STRAT_mod2.88)","Hornfels",0.0118634172815322,-0.0630527637715796,0.0831589730048599
"359","(STRAT_mod0.01 - STRAT_mod2.15) - (STRAT_mod0.01 - STRAT_mod3.37)","Hornfels",0.0127383201639859,-0.0604663436987551,0.0780770665831874
"360","(STRAT_mod0.01 - STRAT_mod2.15) - (STRAT_mod0.09 - STRAT_mod0.1)","Hornfels",-0.135138451102877,-0.479207128135219,0.200946960672166
"361","(STRAT_mod0.01 - STRAT_mod2.15) - (STRAT_mod0.09 - STRAT_mod0.2)","Hornfels",-0.0878085231543981,-0.434432411205358,0.251320461132846
"362","(STRAT_mod0.01 - STRAT_mod2.15) - (STRAT_mod0.09 - STRAT_mod0.3)","Hornfels",-0.0738660513842464,-0.424231423005374,0.258781087918708
"363","(STRAT_mod0.01 - STRAT_mod2.15) - (STRAT_mod0.09 - STRAT_mod0.82)","Hornfels",-0.150637847858323,-0.47931608475731,0.199154373265114
"364","(STRAT_mod0.01 - STRAT_mod2.15) - (STRAT_mod0.09 - STRAT_mod1.08)","Hornfels",-0.127753418188052,-0.468084264413843,0.210083312373115
"365","(STRAT_mod0.01 - STRAT_mod2.15) - (STRAT_mod0.09 - STRAT_mod1.44)","Hornfels",-0.128774278439305,-0.457447306276341,0.219288435021973
"366","(STRAT_mod0.01 - STRAT_mod2.15) - (STRAT_mod0.09 - STRAT_mod2.15)","Hornfels",-0.137922534769482,-0.44926640816768,0.207840688174931
"367","(STRAT_mod0.01 - STRAT_mod2.15) - (STRAT_mod0.09 - STRAT_mod2.88)","Hornfels",-0.12771089026191,-0.460101412338512,0.220406966237539
"368","(STRAT_mod0.01 - STRAT_mod2.15) - (STRAT_mod0.09 - STRAT_mod3.37)","Hornfels",-0.126177788538643,-0.47197112751434,0.207468002299659
"369","(STRAT_mod0.01 - STRAT_mod2.15) - (STRAT_mod0.1 - STRAT_mod0.2)","Hornfels",-0.0144112597631367,-0.337743679487054,0.292164690330092
"370","(STRAT_mod0.01 - STRAT_mod2.15) - (STRAT_mod0.1 - STRAT_mod0.3)","Hornfels",-0.00208822171003886,-0.30149652140727,0.321374728604683
"371","(STRAT_mod0.01 - STRAT_mod2.15) - (STRAT_mod0.1 - STRAT_mod0.82)","Hornfels",-0.0794170535106922,-0.371017583413822,0.248916700375827
"372","(STRAT_mod0.01 - STRAT_mod2.15) - (STRAT_mod0.1 - STRAT_mod1.08)","Hornfels",-0.0548454033362593,-0.349396509425938,0.269493644552098
"373","(STRAT_mod0.01 - STRAT_mod2.15) - (STRAT_mod0.1 - STRAT_mod1.44)","Hornfels",-0.0565082658608789,-0.364195392508383,0.256055411416597
"374","(STRAT_mod0.01 - STRAT_mod2.15) - (STRAT_mod0.1 - STRAT_mod2.15)","Hornfels",-0.065306553228677,-0.370943325431753,0.22871691128453
"375","(STRAT_mod0.01 - STRAT_mod2.15) - (STRAT_mod0.1 - STRAT_mod2.88)","Hornfels",-0.0525769508890472,-0.352046157462151,0.268407898269778
"376","(STRAT_mod0.01 - STRAT_mod2.15) - (STRAT_mod0.1 - STRAT_mod3.37)","Hornfels",-0.0532331812789861,-0.375026224516467,0.244644740280233
"377","(STRAT_mod0.01 - STRAT_mod2.15) - (STRAT_mod0.2 - STRAT_mod0.3)","Hornfels",-0.0469434549098147,-0.34019057598608,0.288038645123749
"378","(STRAT_mod0.01 - STRAT_mod2.15) - (STRAT_mod0.2 - STRAT_mod0.82)","Hornfels",-0.125184487883863,-0.42138080501317,0.202302797159395
"379","(STRAT_mod0.01 - STRAT_mod2.15) - (STRAT_mod0.2 - STRAT_mod1.08)","Hornfels",-0.102364477525877,-0.393615097478065,0.230323402831401
"380","(STRAT_mod0.01 - STRAT_mod2.15) - (STRAT_mod0.2 - STRAT_mod1.44)","Hornfels",-0.104516208678316,-0.406292128630849,0.220125706461368
"381","(STRAT_mod0.01 - STRAT_mod2.15) - (STRAT_mod0.2 - STRAT_mod2.15)","Hornfels",-0.111337815003478,-0.41397397605098,0.18837325670568
"382","(STRAT_mod0.01 - STRAT_mod2.15) - (STRAT_mod0.2 - STRAT_mod2.88)","Hornfels",-0.100639527169585,-0.402127016457531,0.223136233893335
"383","(STRAT_mod0.01 - STRAT_mod2.15) - (STRAT_mod0.2 - STRAT_mod3.37)","Hornfels",-0.0991919859906039,-0.394517944012074,0.230669013025018
"384","(STRAT_mod0.01 - STRAT_mod2.15) - (STRAT_mod0.3 - STRAT_mod0.82)","Hornfels",-0.140595650367124,-0.451943139787397,0.167229069038454
"385","(STRAT_mod0.01 - STRAT_mod2.15) - (STRAT_mod0.3 - STRAT_mod1.08)","Hornfels",-0.117632880723421,-0.420055436557769,0.200997488165088
"386","(STRAT_mod0.01 - STRAT_mod2.15) - (STRAT_mod0.3 - STRAT_mod1.44)","Hornfels",-0.119944453600825,-0.42524652357634,0.198975355632028
"387","(STRAT_mod0.01 - STRAT_mod2.15) - (STRAT_mod0.3 - STRAT_mod2.15)","Hornfels",-0.126522988805386,-0.425381648086458,0.173895840696561
"388","(STRAT_mod0.01 - STRAT_mod2.15) - (STRAT_mod0.3 - STRAT_mod2.88)","Hornfels",-0.115287965489175,-0.412430145354045,0.211728397802998
"389","(STRAT_mod0.01 - STRAT_mod2.15) - (STRAT_mod0.3 - STRAT_mod3.37)","Hornfels",-0.116053188827233,-0.432602180325499,0.188378581748839
"390","(STRAT_mod0.01 - STRAT_mod2.15) - (STRAT_mod0.82 - STRAT_mod1.08)","Hornfels",-0.0364093491036437,-0.331616899773536,0.285842449424472
"391","(STRAT_mod0.01 - STRAT_mod2.15) - (STRAT_mod0.82 - STRAT_mod1.44)","Hornfels",-0.0404970069738007,-0.330506243210676,0.286878874477585
"392","(STRAT_mod0.01 - STRAT_mod2.15) - (STRAT_mod0.82 - STRAT_mod2.15)","Hornfels",-0.0481343127004927,-0.330948206836191,0.262420728888734
"393","(STRAT_mod0.01 - STRAT_mod2.15) - (STRAT_mod0.82 - STRAT_mod2.88)","Hornfels",-0.035836721499277,-0.337235456009437,0.280038838112691
"394","(STRAT_mod0.01 - STRAT_mod2.15) - (STRAT_mod0.82 - STRAT_mod3.37)","Hornfels",-0.0350409736064621,-0.332641959459271,0.283409709014283
"395","(STRAT_mod0.01 - STRAT_mod2.15) - (STRAT_mod1.08 - STRAT_mod1.44)","Hornfels",-0.0636151515485381,-0.378536564269683,0.24196459183415
"396","(STRAT_mod0.01 - STRAT_mod2.15) - (STRAT_mod1.08 - STRAT_mod2.15)","Hornfels",-0.0694454538128246,-0.370862172693074,0.221393113866834
"397","(STRAT_mod0.01 - STRAT_mod2.15) - (STRAT_mod1.08 - STRAT_mod2.88)","Hornfels",-0.0580472110963204,-0.375423314215707,0.244105401189295
"398","(STRAT_mod0.01 - STRAT_mod2.15) - (STRAT_mod1.08 - STRAT_mod3.37)","Hornfels",-0.0577991317028717,-0.358635740352818,0.255701697466019
"399","(STRAT_mod0.01 - STRAT_mod2.15) - (STRAT_mod1.44 - STRAT_mod2.15)","Hornfels",-0.0693086311422479,-0.364304955590049,0.231329854744557
"400","(STRAT_mod0.01 - STRAT_mod2.15) - (STRAT_mod1.44 - STRAT_mod2.88)","Hornfels",-0.0578600232440802,-0.363692639302701,0.257683259930439
"401","(STRAT_mod0.01 - STRAT_mod2.15) - (STRAT_mod1.44 - STRAT_mod3.37)","Hornfels",-0.0569754681559855,-0.363733868404167,0.255649888668623
"402","(STRAT_mod0.01 - STRAT_mod2.15) - (STRAT_mod2.15 - STRAT_mod2.88)","Hornfels",-0.0497207713849435,-0.380120846455167,0.281618502733794
"403","(STRAT_mod0.01 - STRAT_mod2.15) - (STRAT_mod2.15 - STRAT_mod3.37)","Hornfels",-0.0496420531890183,-0.367958098502454,0.291768000324818
"404","(STRAT_mod0.01 - STRAT_mod2.15) - (STRAT_mod2.88 - STRAT_mod3.37)","Hornfels",-0.0587593603580669,-0.367261201261462,0.249907617659713
"405","(STRAT_mod0.01 - STRAT_mod2.88) - (STRAT_mod0.01 - STRAT_mod3.37)","Hornfels",0.000768004882043316,-0.0371706597497377,0.0370122957448356
"406","(STRAT_mod0.01 - STRAT_mod2.88) - (STRAT_mod0.09 - STRAT_mod0.1)","Hornfels",-0.147873869623714,-0.467917328104726,0.198297165998703
"407","(STRAT_mod0.01 - STRAT_mod2.88) - (STRAT_mod0.09 - STRAT_mod0.2)","Hornfels",-0.0997241776308382,-0.424313234478738,0.246357111488569
"408","(STRAT_mod0.01 - STRAT_mod2.88) - (STRAT_mod0.09 - STRAT_mod0.3)","Hornfels",-0.0854493805093026,-0.395181979681408,0.27034377919562
"409","(STRAT_mod0.01 - STRAT_mod2.88) - (STRAT_mod0.09 - STRAT_mod0.82)","Hornfels",-0.162410754182591,-0.485801733475444,0.176554709434924
"410","(STRAT_mod0.01 - STRAT_mod2.88) - (STRAT_mod0.09 - STRAT_mod1.08)","Hornfels",-0.139673268949299,-0.454653824796122,0.208559432760459
"411","(STRAT_mod0.01 - STRAT_mod2.88) - (STRAT_mod0.09 - STRAT_mod1.44)","Hornfels",-0.139976445994629,-0.479888397917961,0.18499330907865
"412","(STRAT_mod0.01 - STRAT_mod2.88) - (STRAT_mod0.09 - STRAT_mod2.15)","Hornfels",-0.148317907760425,-0.48240346670047,0.185285989278695
"413","(STRAT_mod0.01 - STRAT_mod2.88) - (STRAT_mod0.09 - STRAT_mod2.88)","Hornfels",-0.137922534769482,-0.44926640816768,0.207840688174931
"414","(STRAT_mod0.01 - STRAT_mod2.88) - (STRAT_mod0.09 - STRAT_mod3.37)","Hornfels",-0.13645397041918,-0.45923669107539,0.203341854964118
"415","(STRAT_mod0.01 - STRAT_mod2.88) - (STRAT_mod0.1 - STRAT_mod0.2)","Hornfels",-0.0267899567723762,-0.332603702408142,0.283753019491007
"416","(STRAT_mod0.01 - STRAT_mod2.88) - (STRAT_mod0.1 - STRAT_mod0.3)","Hornfels",-0.0139443049345149,-0.299409234884205,0.312613324916302
"417","(STRAT_mod0.01 - STRAT_mod2.88) - (STRAT_mod0.1 - STRAT_mod0.82)","Hornfels",-0.0912619796998591,-0.387209315150568,0.214452238593016
"418","(STRAT_mod0.01 - STRAT_mod2.88) - (STRAT_mod0.1 - STRAT_mod1.08)","Hornfels",-0.068392241838767,-0.357114789444416,0.245325324900281
"419","(STRAT_mod0.01 - STRAT_mod2.88) - (STRAT_mod0.1 - STRAT_mod1.44)","Hornfels",-0.0688784413401689,-0.384665409149644,0.224811057194052
"420","(STRAT_mod0.01 - STRAT_mod2.88) - (STRAT_mod0.1 - STRAT_mod2.15)","Hornfels",-0.0760673496907547,-0.383942565614273,0.230457903761609
"421","(STRAT_mod0.01 - STRAT_mod2.88) - (STRAT_mod0.1 - STRAT_mod2.88)","Hornfels",-0.065306553228677,-0.370943325431753,0.22871691128453
"422","(STRAT_mod0.01 - STRAT_mod2.88) - (STRAT_mod0.1 - STRAT_mod3.37)","Hornfels",-0.0656999654264361,-0.363952187552283,0.235848130756765
"423","(STRAT_mod0.01 - STRAT_mod2.88) - (STRAT_mod0.2 - STRAT_mod0.3)","Hornfels",-0.0576077963747017,-0.375633391331057,0.236658727275285
"424","(STRAT_mod0.01 - STRAT_mod2.88) - (STRAT_mod0.2 - STRAT_mod0.82)","Hornfels",-0.136094727570058,-0.446566721460009,0.163699505796249
"425","(STRAT_mod0.01 - STRAT_mod2.88) - (STRAT_mod0.2 - STRAT_mod1.08)","Hornfels",-0.113698004435886,-0.417351470250722,0.196136896580442
"426","(STRAT_mod0.01 - STRAT_mod2.88) - (STRAT_mod0.2 - STRAT_mod1.44)","Hornfels",-0.115742923507318,-0.426815062557949,0.186503666663538
"427","(STRAT_mod0.01 - STRAT_mod2.88) - (STRAT_mod0.2 - STRAT_mod2.15)","Hornfels",-0.120924964127606,-0.439165280008513,0.181703063367157
"428","(STRAT_mod0.01 - STRAT_mod2.88) - (STRAT_mod0.2 - STRAT_mod2.88)","Hornfels",-0.111337815003478,-0.41397397605098,0.18837325670568
"429","(STRAT_mod0.01 - STRAT_mod2.88) - (STRAT_mod0.2 - STRAT_mod3.37)","Hornfels",-0.110800843505018,-0.421136189802128,0.188671054563233
"430","(STRAT_mod0.01 - STRAT_mod2.88) - (STRAT_mod0.3 - STRAT_mod0.82)","Hornfels",-0.151371962249566,-0.458390532483532,0.148820292165734
"431","(STRAT_mod0.01 - STRAT_mod2.88) - (STRAT_mod0.3 - STRAT_mod1.08)","Hornfels",-0.128762561554484,-0.423195509894976,0.180975986692208
"432","(STRAT_mod0.01 - STRAT_mod2.88) - (STRAT_mod0.3 - STRAT_mod1.44)","Hornfels",-0.127499167256332,-0.437065025043759,0.170515147224033
"433","(STRAT_mod0.01 - STRAT_mod2.88) - (STRAT_mod0.3 - STRAT_mod2.15)","Hornfels",-0.136354782024407,-0.454747538774048,0.163211031670289
"434","(STRAT_mod0.01 - STRAT_mod2.88) - (STRAT_mod0.3 - STRAT_mod2.88)","Hornfels",-0.126522988805386,-0.425381648086458,0.173895840696561
"435","(STRAT_mod0.01 - STRAT_mod2.88) - (STRAT_mod0.3 - STRAT_mod3.37)","Hornfels",-0.12632001289626,-0.434921931237312,0.16853004302141
"436","(STRAT_mod0.01 - STRAT_mod2.88) - (STRAT_mod0.82 - STRAT_mod1.08)","Hornfels",-0.0496654766574169,-0.345085581690965,0.252038999396212
"437","(STRAT_mod0.01 - STRAT_mod2.88) - (STRAT_mod0.82 - STRAT_mod1.44)","Hornfels",-0.0506624244628531,-0.349737565562529,0.255617243607714
"438","(STRAT_mod0.01 - STRAT_mod2.88) - (STRAT_mod0.82 - STRAT_mod2.15)","Hornfels",-0.0580619809489931,-0.363304884816315,0.248557157185568
"439","(STRAT_mod0.01 - STRAT_mod2.88) - (STRAT_mod0.82 - STRAT_mod2.88)","Hornfels",-0.0481343127004927,-0.330948206836191,0.262420728888734
"440","(STRAT_mod0.01 - STRAT_mod2.88) - (STRAT_mod0.82 - STRAT_mod3.37)","Hornfels",-0.047724714934761,-0.333241349488373,0.265763913504097
"441","(STRAT_mod0.01 - STRAT_mod2.88) - (STRAT_mod1.08 - STRAT_mod1.44)","Hornfels",-0.0729060386066906,-0.378808039475332,0.228611903675882
"442","(STRAT_mod0.01 - STRAT_mod2.88) - (STRAT_mod1.08 - STRAT_mod2.15)","Hornfels",-0.0796999445298288,-0.380195336960983,0.232574854973874
"443","(STRAT_mod0.01 - STRAT_mod2.88) - (STRAT_mod1.08 - STRAT_mod2.88)","Hornfels",-0.0694454538128246,-0.370862172693074,0.221393113866834
"444","(STRAT_mod0.01 - STRAT_mod2.88) - (STRAT_mod1.08 - STRAT_mod3.37)","Hornfels",-0.0699916799098397,-0.362377569424787,0.236151276441845
"445","(STRAT_mod0.01 - STRAT_mod2.88) - (STRAT_mod1.44 - STRAT_mod2.15)","Hornfels",-0.0814658530131891,-0.394227316261701,0.224619695424523
"446","(STRAT_mod0.01 - STRAT_mod2.88) - (STRAT_mod1.44 - STRAT_mod2.88)","Hornfels",-0.0693086311422479,-0.364304955590049,0.231329854744557
"447","(STRAT_mod0.01 - STRAT_mod2.88) - (STRAT_mod1.44 - STRAT_mod3.37)","Hornfels",-0.0690848305353273,-0.365127809761219,0.234341965388043
"448","(STRAT_mod0.01 - STRAT_mod2.88) - (STRAT_mod2.15 - STRAT_mod2.88)","Hornfels",-0.0600309836292114,-0.366125685343107,0.246254952793967
"449","(STRAT_mod0.01 - STRAT_mod2.88) - (STRAT_mod2.15 - STRAT_mod3.37)","Hornfels",-0.0587593603580669,-0.367261201261462,0.249907617659713
"450","(STRAT_mod0.01 - STRAT_mod2.88) - (STRAT_mod2.88 - STRAT_mod3.37)","Hornfels",-0.071897914061233,-0.370895396009594,0.234738265065256
"451","(STRAT_mod0.01 - STRAT_mod3.37) - (STRAT_mod0.09 - STRAT_mod0.1)","Hornfels",-0.147143649294835,-0.478453323386942,0.186812476611856
"452","(STRAT_mod0.01 - STRAT_mod3.37) - (STRAT_mod0.09 - STRAT_mod0.2)","Hornfels",-0.100001335631861,-0.415833041538404,0.251601907037532
"453","(STRAT_mod0.01 - STRAT_mod3.37) - (STRAT_mod0.09 - STRAT_mod0.3)","Hornfels",-0.0850758025703484,-0.392500275139722,0.270332650092338
"454","(STRAT_mod0.01 - STRAT_mod3.37) - (STRAT_mod0.09 - STRAT_mod0.82)","Hornfels",-0.163356856439119,-0.490375860576411,0.170682877467643
"455","(STRAT_mod0.01 - STRAT_mod3.37) - (STRAT_mod0.09 - STRAT_mod1.08)","Hornfels",-0.140902454972466,-0.456412930454256,0.203056745630078
"456","(STRAT_mod0.01 - STRAT_mod3.37) - (STRAT_mod0.09 - STRAT_mod1.44)","Hornfels",-0.141652476970695,-0.453737480828034,0.209394130258187
"457","(STRAT_mod0.01 - STRAT_mod3.37) - (STRAT_mod0.09 - STRAT_mod2.15)","Hornfels",-0.149104233901044,-0.473560933757831,0.190416686917511
"458","(STRAT_mod0.01 - STRAT_mod3.37) - (STRAT_mod0.09 - STRAT_mod2.88)","Hornfels",-0.138509278273816,-0.463559074678714,0.198261256410533
"459","(STRAT_mod0.01 - STRAT_mod3.37) - (STRAT_mod0.09 - STRAT_mod3.37)","Hornfels",-0.137922534769482,-0.44926640816768,0.207840688174931
"460","(STRAT_mod0.01 - STRAT_mod3.37) - (STRAT_mod0.1 - STRAT_mod0.2)","Hornfels",-0.0282642367285948,-0.316536986526229,0.296117991035341
"461","(STRAT_mod0.01 - STRAT_mod3.37) - (STRAT_mod0.1 - STRAT_mod0.3)","Hornfels",-0.0130843752965484,-0.314334817217725,0.294764728041336
"462","(STRAT_mod0.01 - STRAT_mod3.37) - (STRAT_mod0.1 - STRAT_mod0.82)","Hornfels",-0.0907295158035037,-0.394462065310531,0.207675465919498
"463","(STRAT_mod0.01 - STRAT_mod3.37) - (STRAT_mod0.1 - STRAT_mod1.08)","Hornfels",-0.0689105577579829,-0.368485649992832,0.232861678223799
"464","(STRAT_mod0.01 - STRAT_mod3.37) - (STRAT_mod0.1 - STRAT_mod1.44)","Hornfels",-0.0675727939461599,-0.377769467750875,0.228793812933606
"465","(STRAT_mod0.01 - STRAT_mod3.37) - (STRAT_mod0.1 - STRAT_mod2.15)","Hornfels",-0.0771511024468698,-0.396186069966872,0.223499073380439
"466","(STRAT_mod0.01 - STRAT_mod3.37) - (STRAT_mod0.1 - STRAT_mod2.88)","Hornfels",-0.0647303587053771,-0.371773780706266,0.231397937949121
"467","(STRAT_mod0.01 - STRAT_mod3.37) - (STRAT_mod0.1 - STRAT_mod3.37)","Hornfels",-0.065306553228677,-0.370943325431753,0.22871691128453
"468","(STRAT_mod0.01 - STRAT_mod3.37) - (STRAT_mod0.2 - STRAT_mod0.3)","Hornfels",-0.0579327525547051,-0.365181930117826,0.247434541535006
"469","(STRAT_mod0.01 - STRAT_mod3.37) - (STRAT_mod0.2 - STRAT_mod0.82)","Hornfels",-0.136120785676114,-0.43592284055525,0.174422994839347
"470","(STRAT_mod0.01 - STRAT_mod3.37) - (STRAT_mod0.2 - STRAT_mod1.08)","Hornfels",-0.114343216437283,-0.425735749392446,0.18378268681692
"471","(STRAT_mod0.01 - STRAT_mod3.37) - (STRAT_mod0.2 - STRAT_mod1.44)","Hornfels",-0.115330289673506,-0.419427280353017,0.191933193907179
"472","(STRAT_mod0.01 - STRAT_mod3.37) - (STRAT_mod0.2 - STRAT_mod2.15)","Hornfels",-0.120741608303573,-0.441998677110583,0.176441970448603
"473","(STRAT_mod0.01 - STRAT_mod3.37) - (STRAT_mod0.2 - STRAT_mod2.88)","Hornfels",-0.111389027319568,-0.422123579271452,0.186999550701794
"474","(STRAT_mod0.01 - STRAT_mod3.37) - (STRAT_mod0.2 - STRAT_mod3.37)","Hornfels",-0.111337815003478,-0.41397397605098,0.18837325670568
"475","(STRAT_mod0.01 - STRAT_mod3.37) - (STRAT_mod0.3 - STRAT_mod0.82)","Hornfels",-0.152720683652366,-0.456711370832851,0.148364593854747
"476","(STRAT_mod0.01 - STRAT_mod3.37) - (STRAT_mod0.3 - STRAT_mod1.08)","Hornfels",-0.129961361122564,-0.43007055918818,0.172011084644852
"477","(STRAT_mod0.01 - STRAT_mod3.37) - (STRAT_mod0.3 - STRAT_mod1.44)","Hornfels",-0.130497516376813,-0.442220841268586,0.16500951422679
"478","(STRAT_mod0.01 - STRAT_mod3.37) - (STRAT_mod0.3 - STRAT_mod2.15)","Hornfels",-0.137600495113898,-0.448351838003407,0.166253348102045
"479","(STRAT_mod0.01 - STRAT_mod3.37) - (STRAT_mod0.3 - STRAT_mod2.88)","Hornfels",-0.127642164924388,-0.422297333231124,0.184320289278756
"480","(STRAT_mod0.01 - STRAT_mod3.37) - (STRAT_mod0.3 - STRAT_mod3.37)","Hornfels",-0.126522988805386,-0.425381648086458,0.173895840696561
"481","(STRAT_mod0.01 - STRAT_mod3.37) - (STRAT_mod0.82 - STRAT_mod1.08)","Hornfels",-0.049669261733311,-0.342545379170002,0.2523252855921
"482","(STRAT_mod0.01 - STRAT_mod3.37) - (STRAT_mod0.82 - STRAT_mod1.44)","Hornfels",-0.0498912763319852,-0.364405633096477,0.236715428598203
"483","(STRAT_mod0.01 - STRAT_mod3.37) - (STRAT_mod0.82 - STRAT_mod2.15)","Hornfels",-0.0591866249756461,-0.376137080913191,0.237196542002249
"484","(STRAT_mod0.01 - STRAT_mod3.37) - (STRAT_mod0.82 - STRAT_mod2.88)","Hornfels",-0.0476140662820845,-0.352505517141227,0.244748096895972
"485","(STRAT_mod0.01 - STRAT_mod3.37) - (STRAT_mod0.82 - STRAT_mod3.37)","Hornfels",-0.0481343127004927,-0.330948206836191,0.262420728888734
"486","(STRAT_mod0.01 - STRAT_mod3.37) - (STRAT_mod1.08 - STRAT_mod1.44)","Hornfels",-0.073391711042142,-0.39229364372661,0.214160257742141
"487","(STRAT_mod0.01 - STRAT_mod3.37) - (STRAT_mod1.08 - STRAT_mod2.15)","Hornfels",-0.0814183717410351,-0.393701232673514,0.22282024684724
"488","(STRAT_mod0.01 - STRAT_mod3.37) - (STRAT_mod1.08 - STRAT_mod2.88)","Hornfels",-0.0712458883798297,-0.368231867613089,0.229215217785378
"489","(STRAT_mod0.01 - STRAT_mod3.37) - (STRAT_mod1.08 - STRAT_mod3.37)","Hornfels",-0.0694454538128246,-0.370862172693074,0.221393113866834
"490","(STRAT_mod0.01 - STRAT_mod3.37) - (STRAT_mod1.44 - STRAT_mod2.15)","Hornfels",-0.0811018346646071,-0.381939031987928,0.237368399615753
"491","(STRAT_mod0.01 - STRAT_mod3.37) - (STRAT_mod1.44 - STRAT_mod2.88)","Hornfels",-0.0713287787652632,-0.372917915299744,0.231896920428516
"492","(STRAT_mod0.01 - STRAT_mod3.37) - (STRAT_mod1.44 - STRAT_mod3.37)","Hornfels",-0.0693086311422479,-0.364304955590049,0.231329854744557
"493","(STRAT_mod0.01 - STRAT_mod3.37) - (STRAT_mod2.15 - STRAT_mod2.88)","Hornfels",-0.0618589710424746,-0.371799986781026,0.244012244258413
"494","(STRAT_mod0.01 - STRAT_mod3.37) - (STRAT_mod2.15 - STRAT_mod3.37)","Hornfels",-0.0600309836292114,-0.366125685343107,0.246254952793967
"495","(STRAT_mod0.01 - STRAT_mod3.37) - (STRAT_mod2.88 - STRAT_mod3.37)","Hornfels",-0.0733378217111196,-0.370246715202773,0.223132652502316
"496","(STRAT_mod0.09 - STRAT_mod0.1) - (STRAT_mod0.09 - STRAT_mod0.2)","Hornfels",0.0442008884975025,-0.0260961528688219,0.115600401594105
"497","(STRAT_mod0.09 - STRAT_mod0.1) - (STRAT_mod0.09 - STRAT_mod0.3)","Hornfels",0.0608531641177816,0.00206376367871286,0.119526937581821
"498","(STRAT_mod0.09 - STRAT_mod0.1) - (STRAT_mod0.09 - STRAT_mod0.82)","Hornfels",-0.0171305958916581,-0.0608168542537948,0.0300269624835785
"499","(STRAT_mod0.09 - STRAT_mod0.1) - (STRAT_mod0.09 - STRAT_mod1.08)","Hornfels",0.00578679362004775,-0.040606677764877,0.046921910750497
"500","(STRAT_mod0.09 - STRAT_mod0.1) - (STRAT_mod0.09 - STRAT_mod1.44)","Hornfels",0.00490873018012428,-0.0545104809950425,0.0601597198059296
"501","(STRAT_mod0.09 - STRAT_mod0.1) - (STRAT_mod0.09 - STRAT_mod2.15)","Hornfels",-0.00492660203106943,-0.078520464711568,0.0731572801178979
"502","(STRAT_mod0.09 - STRAT_mod0.1) - (STRAT_mod0.09 - STRAT_mod2.88)","Hornfels",0.00710699415527727,-0.0397219025639011,0.0564597891723788
"503","(STRAT_mod0.09 - STRAT_mod0.1) - (STRAT_mod0.09 - STRAT_mod3.37)","Hornfels",0.00783505236573268,-0.0347758521961383,0.0513638172187703
"504","(STRAT_mod0.09 - STRAT_mod0.1) - (STRAT_mod0.1 - STRAT_mod0.2)","Hornfels",0.117156404680656,-0.0491143966365244,0.286247394178015
"505","(STRAT_mod0.09 - STRAT_mod0.1) - (STRAT_mod0.1 - STRAT_mod0.3)","Hornfels",0.133009602656855,-0.0287897001914024,0.298301040413685
"506","(STRAT_mod0.09 - STRAT_mod0.1) - (STRAT_mod0.1 - STRAT_mod0.82)","Hornfels",0.0537800327145401,-0.110766515839665,0.207796093475547
"507","(STRAT_mod0.09 - STRAT_mod0.1) - (STRAT_mod0.1 - STRAT_mod1.08)","Hornfels",0.0773109705729922,-0.0887824586769388,0.228907848792656
"508","(STRAT_mod0.09 - STRAT_mod0.1) - (STRAT_mod0.1 - STRAT_mod1.44)","Hornfels",0.0758833723332717,-0.089520320904851,0.238574819255478
"509","(STRAT_mod0.09 - STRAT_mod0.1) - (STRAT_mod0.1 - STRAT_mod2.15)","Hornfels",0.0673751481094127,-0.101759513712012,0.239697554644326
"510","(STRAT_mod0.09 - STRAT_mod0.1) - (STRAT_mod0.1 - STRAT_mod2.88)","Hornfels",0.0777661405974932,-0.0846667555471212,0.233142543306637
"511","(STRAT_mod0.09 - STRAT_mod0.1) - (STRAT_mod0.1 - STRAT_mod3.37)","Hornfels",0.0789973154168306,-0.0735348271606262,0.242178662387103
"512","(STRAT_mod0.09 - STRAT_mod0.1) - (STRAT_mod0.2 - STRAT_mod0.3)","Hornfels",0.0874367906230473,-0.0854255637374495,0.23346415473588
"513","(STRAT_mod0.09 - STRAT_mod0.1) - (STRAT_mod0.2 - STRAT_mod0.82)","Hornfels",0.0094396949196176,-0.143188440288918,0.165363756136788
"514","(STRAT_mod0.09 - STRAT_mod0.1) - (STRAT_mod0.2 - STRAT_mod1.08)","Hornfels",0.0322573885533464,-0.126723930478878,0.180907374938562
"515","(STRAT_mod0.09 - STRAT_mod0.1) - (STRAT_mod0.2 - STRAT_mod1.44)","Hornfels",0.0314889911565055,-0.120037251028447,0.201778274399883
"516","(STRAT_mod0.09 - STRAT_mod0.1) - (STRAT_mod0.2 - STRAT_mod2.15)","Hornfels",0.0220073666914029,-0.140747977732659,0.187957973732981
"517","(STRAT_mod0.09 - STRAT_mod0.1) - (STRAT_mod0.2 - STRAT_mod2.88)","Hornfels",0.0331878170637867,-0.124752032922537,0.18463024300611
"518","(STRAT_mod0.09 - STRAT_mod0.1) - (STRAT_mod0.2 - STRAT_mod3.37)","Hornfels",0.0336929467499028,-0.118496586056071,0.189449927617487
"519","(STRAT_mod0.09 - STRAT_mod0.1) - (STRAT_mod0.3 - STRAT_mod0.82)","Hornfels",-0.00572523224920518,-0.157602462311142,0.143157760768673
"520","(STRAT_mod0.09 - STRAT_mod0.1) - (STRAT_mod0.3 - STRAT_mod1.08)","Hornfels",0.0166012887577578,-0.135165376882535,0.165997512901481
"521","(STRAT_mod0.09 - STRAT_mod0.1) - (STRAT_mod0.3 - STRAT_mod1.44)","Hornfels",0.0147044139722519,-0.143093369255869,0.168480512141745
"522","(STRAT_mod0.09 - STRAT_mod0.1) - (STRAT_mod0.3 - STRAT_mod2.15)","Hornfels",0.006291889369481,-0.163815622788123,0.162093207421863
"523","(STRAT_mod0.09 - STRAT_mod0.1) - (STRAT_mod0.3 - STRAT_mod2.88)","Hornfels",0.0183289158270332,-0.135776418054929,0.167192851664901
"524","(STRAT_mod0.09 - STRAT_mod0.1) - (STRAT_mod0.3 - STRAT_mod3.37)","Hornfels",0.0186400940160991,-0.136393697252131,0.165347059667343
"525","(STRAT_mod0.09 - STRAT_mod0.1) - (STRAT_mod0.82 - STRAT_mod1.08)","Hornfels",0.0939662823785241,-0.050226239113496,0.241019762001238
"526","(STRAT_mod0.09 - STRAT_mod0.1) - (STRAT_mod0.82 - STRAT_mod1.44)","Hornfels",0.0924091520337189,-0.0611122892052522,0.244320172924778
"527","(STRAT_mod0.09 - STRAT_mod0.1) - (STRAT_mod0.82 - STRAT_mod2.15)","Hornfels",0.0845420610110206,-0.0673363439076398,0.248416266075394
"528","(STRAT_mod0.09 - STRAT_mod0.1) - (STRAT_mod0.82 - STRAT_mod2.88)","Hornfels",0.0961954005848353,-0.0545731735967241,0.239392295042251
"529","(STRAT_mod0.09 - STRAT_mod0.1) - (STRAT_mod0.82 - STRAT_mod3.37)","Hornfels",0.0958588079215563,-0.0575564596488549,0.233949947885892
"530","(STRAT_mod0.09 - STRAT_mod0.1) - (STRAT_mod1.08 - STRAT_mod1.44)","Hornfels",0.0707209867550023,-0.0860019052358503,0.218649606735537
"531","(STRAT_mod0.09 - STRAT_mod0.1) - (STRAT_mod1.08 - STRAT_mod2.15)","Hornfels",0.061946492195375,-0.0844115284653366,0.233881914301309
"532","(STRAT_mod0.09 - STRAT_mod0.1) - (STRAT_mod1.08 - STRAT_mod2.88)","Hornfels",0.0732279284884594,-0.0662605924836002,0.226821278109302
"533","(STRAT_mod0.09 - STRAT_mod0.1) - (STRAT_mod1.08 - STRAT_mod3.37)","Hornfels",0.0744812395087449,-0.0701267745455381,0.220572916112383
"534","(STRAT_mod0.09 - STRAT_mod0.1) - (STRAT_mod1.44 - STRAT_mod2.15)","Hornfels",0.062389916466429,-0.109047990469507,0.214564804298436
"535","(STRAT_mod0.09 - STRAT_mod0.1) - (STRAT_mod1.44 - STRAT_mod2.88)","Hornfels",0.0747205429389219,-0.0753474745969913,0.222919743417492
"536","(STRAT_mod0.09 - STRAT_mod0.1) - (STRAT_mod1.44 - STRAT_mod3.37)","Hornfels",0.0751095775634159,-0.0689937247940162,0.228369069547067
"537","(STRAT_mod0.09 - STRAT_mod0.1) - (STRAT_mod2.15 - STRAT_mod2.88)","Hornfels",0.0831836086761135,-0.0673824390140418,0.245814929245463
"538","(STRAT_mod0.09 - STRAT_mod0.1) - (STRAT_mod2.15 - STRAT_mod3.37)","Hornfels",0.0839603469351957,-0.0726539716871253,0.23876942470448
"539","(STRAT_mod0.09 - STRAT_mod0.1) - (STRAT_mod2.88 - STRAT_mod3.37)","Hornfels",0.0727515790865132,-0.0826951893268211,0.211551283506992
"540","(STRAT_mod0.09 - STRAT_mod0.2) - (STRAT_mod0.09 - STRAT_mod0.3)","Hornfels",0.015831768966257,-0.0572070110581477,0.0927241096449478
"541","(STRAT_mod0.09 - STRAT_mod0.2) - (STRAT_mod0.09 - STRAT_mod0.82)","Hornfels",-0.0623295302120397,-0.124681642446732,0.00407846726144534
"542","(STRAT_mod0.09 - STRAT_mod0.2) - (STRAT_mod0.09 - STRAT_mod1.08)","Hornfels",-0.0400644185759085,-0.103942468623145,0.0256746331486211
"543","(STRAT_mod0.09 - STRAT_mod0.2) - (STRAT_mod0.09 - STRAT_mod1.44)","Hornfels",-0.0400861320523926,-0.113902692774036,0.0344478724107828
"544","(STRAT_mod0.09 - STRAT_mod0.2) - (STRAT_mod0.09 - STRAT_mod2.15)","Hornfels",-0.049133265457034,-0.137793394224654,0.0380876508654779
"545","(STRAT_mod0.09 - STRAT_mod0.2) - (STRAT_mod0.09 - STRAT_mod2.88)","Hornfels",-0.0378340303454949,-0.103635485053679,0.0287511433789169
"546","(STRAT_mod0.09 - STRAT_mod0.2) - (STRAT_mod0.09 - STRAT_mod3.37)","Hornfels",-0.037246272579794,-0.104918388197611,0.0237664711290617
"547","(STRAT_mod0.09 - STRAT_mod0.2) - (STRAT_mod0.1 - STRAT_mod0.2)","Hornfels",0.0712845667092759,-0.0673204520279342,0.216439663102594
"548","(STRAT_mod0.09 - STRAT_mod0.2) - (STRAT_mod0.1 - STRAT_mod0.3)","Hornfels",0.0874367906230473,-0.0854255637374495,0.23346415473588
"549","(STRAT_mod0.09 - STRAT_mod0.2) - (STRAT_mod0.1 - STRAT_mod0.82)","Hornfels",0.0094396949196176,-0.143188440288918,0.165363756136788
"550","(STRAT_mod0.09 - STRAT_mod0.2) - (STRAT_mod0.1 - STRAT_mod1.08)","Hornfels",0.0322573885533464,-0.126723930478878,0.180907374938562
"551","(STRAT_mod0.09 - STRAT_mod0.2) - (STRAT_mod0.1 - STRAT_mod1.44)","Hornfels",0.0314889911565055,-0.120037251028447,0.201778274399883
"552","(STRAT_mod0.09 - STRAT_mod0.2) - (STRAT_mod0.1 - STRAT_mod2.15)","Hornfels",0.0220073666914029,-0.140747977732659,0.187957973732981
"553","(STRAT_mod0.09 - STRAT_mod0.2) - (STRAT_mod0.1 - STRAT_mod2.88)","Hornfels",0.0331878170637867,-0.124752032922537,0.18463024300611
"554","(STRAT_mod0.09 - STRAT_mod0.2) - (STRAT_mod0.1 - STRAT_mod3.37)","Hornfels",0.0336929467499028,-0.118496586056071,0.189449927617487
"555","(STRAT_mod0.09 - STRAT_mod0.2) - (STRAT_mod0.2 - STRAT_mod0.3)","Hornfels",0.0441398177282102,-0.138997080147397,0.231321575023477
"556","(STRAT_mod0.09 - STRAT_mod0.2) - (STRAT_mod0.2 - STRAT_mod0.82)","Hornfels",-0.0346964533626144,-0.212873206974623,0.149783497321209
"557","(STRAT_mod0.09 - STRAT_mod0.2) - (STRAT_mod0.2 - STRAT_mod1.08)","Hornfels",-0.0130626048788955,-0.192931025832355,0.170131830448676
"558","(STRAT_mod0.09 - STRAT_mod0.2) - (STRAT_mod0.2 - STRAT_mod1.44)","Hornfels",-0.0121801912677137,-0.194736044946858,0.176872689376734
"559","(STRAT_mod0.09 - STRAT_mod0.2) - (STRAT_mod0.2 - STRAT_mod2.15)","Hornfels",-0.0205009888079519,-0.213211340902692,0.165520229408421
"560","(STRAT_mod0.09 - STRAT_mod0.2) - (STRAT_mod0.2 - STRAT_mod2.88)","Hornfels",-0.0104317298758707,-0.18559339150181,0.179964060707529
"561","(STRAT_mod0.09 - STRAT_mod0.2) - (STRAT_mod0.2 - STRAT_mod3.37)","Hornfels",-0.0100320849558369,-0.197775839664502,0.163839331077813
"562","(STRAT_mod0.09 - STRAT_mod0.2) - (STRAT_mod0.3 - STRAT_mod0.82)","Hornfels",-0.0518576711901977,-0.212108649230916,0.103105715690238
"563","(STRAT_mod0.09 - STRAT_mod0.2) - (STRAT_mod0.3 - STRAT_mod1.08)","Hornfels",-0.0293308572234261,-0.175529888673598,0.14094960232369
"564","(STRAT_mod0.09 - STRAT_mod0.2) - (STRAT_mod0.3 - STRAT_mod1.44)","Hornfels",-0.0304454649033763,-0.189732771687334,0.135184631948089
"565","(STRAT_mod0.09 - STRAT_mod0.2) - (STRAT_mod0.3 - STRAT_mod2.15)","Hornfels",-0.0394975531479991,-0.20953897838307,0.12365428118357
"566","(STRAT_mod0.09 - STRAT_mod0.2) - (STRAT_mod0.3 - STRAT_mod2.88)","Hornfels",-0.026992627612265,-0.180812985322698,0.13648916591109
"567","(STRAT_mod0.09 - STRAT_mod0.2) - (STRAT_mod0.3 - STRAT_mod3.37)","Hornfels",-0.0265446081905225,-0.17973369123525,0.136095600094811
"568","(STRAT_mod0.09 - STRAT_mod0.2) - (STRAT_mod0.82 - STRAT_mod1.08)","Hornfels",0.0493267471683005,-0.100094393918007,0.207478160691076
"569","(STRAT_mod0.09 - STRAT_mod0.2) - (STRAT_mod0.82 - STRAT_mod1.44)","Hornfels",0.0486839331937148,-0.115971851916729,0.199400212799697
"570","(STRAT_mod0.09 - STRAT_mod0.2) - (STRAT_mod0.82 - STRAT_mod2.15)","Hornfels",0.039396579660175,-0.131188535692679,0.195906615499029
"571","(STRAT_mod0.09 - STRAT_mod0.2) - (STRAT_mod0.82 - STRAT_mod2.88)","Hornfels",0.0516093853202486,-0.0994482366298977,0.207451578894433
"572","(STRAT_mod0.09 - STRAT_mod0.2) - (STRAT_mod0.82 - STRAT_mod3.37)","Hornfels",0.0515085108517255,-0.0980909633707632,0.206489233244476
"573","(STRAT_mod0.09 - STRAT_mod0.2) - (STRAT_mod1.08 - STRAT_mod1.44)","Hornfels",0.0253118133142749,-0.133231181048882,0.181526844696035
"574","(STRAT_mod0.09 - STRAT_mod0.2) - (STRAT_mod1.08 - STRAT_mod2.15)","Hornfels",0.0165101577668756,-0.141134947447151,0.185358118309368
"575","(STRAT_mod0.09 - STRAT_mod0.2) - (STRAT_mod1.08 - STRAT_mod2.88)","Hornfels",0.0291263843597951,-0.128038409635693,0.179320206965029
"576","(STRAT_mod0.09 - STRAT_mod0.2) - (STRAT_mod1.08 - STRAT_mod3.37)","Hornfels",0.0289330490203457,-0.116492769009441,0.189593182896938
"577","(STRAT_mod0.09 - STRAT_mod0.2) - (STRAT_mod1.44 - STRAT_mod2.15)","Hornfels",0.0167906477593942,-0.149136107206274,0.187588396898465
"578","(STRAT_mod0.09 - STRAT_mod0.2) - (STRAT_mod1.44 - STRAT_mod2.88)","Hornfels",0.0285076605441894,-0.130876692809703,0.184565476351713
"579","(STRAT_mod0.09 - STRAT_mod0.2) - (STRAT_mod1.44 - STRAT_mod3.37)","Hornfels",0.029640591785884,-0.122726905455239,0.190441908810121
"580","(STRAT_mod0.09 - STRAT_mod0.2) - (STRAT_mod2.15 - STRAT_mod2.88)","Hornfels",0.0368491652511158,-0.125827243090928,0.204659017138254
"581","(STRAT_mod0.09 - STRAT_mod0.2) - (STRAT_mod2.15 - STRAT_mod3.37)","Hornfels",0.0376261548405166,-0.127172366581444,0.20059857132943
"582","(STRAT_mod0.09 - STRAT_mod0.2) - (STRAT_mod2.88 - STRAT_mod3.37)","Hornfels",0.0268004585778738,-0.124926713988574,0.181865991593245
"583","(STRAT_mod0.09 - STRAT_mod0.3) - (STRAT_mod0.09 - STRAT_mod0.82)","Hornfels",-0.0786761105243139,-0.12896211014692,-0.0256902388456623
"584","(STRAT_mod0.09 - STRAT_mod0.3) - (STRAT_mod0.09 - STRAT_mod1.08)","Hornfels",-0.0550808003110201,-0.1067478474551,-0.00528889740722249
"585","(STRAT_mod0.09 - STRAT_mod0.3) - (STRAT_mod0.09 - STRAT_mod1.44)","Hornfels",-0.0563707221948049,-0.119607416772451,0.00590948928628965
"586","(STRAT_mod0.09 - STRAT_mod0.3) - (STRAT_mod0.09 - STRAT_mod2.15)","Hornfels",-0.0651875846767445,-0.147878622754091,0.0116674581385139
"587","(STRAT_mod0.09 - STRAT_mod0.3) - (STRAT_mod0.09 - STRAT_mod2.88)","Hornfels",-0.0538907217953264,-0.108456477619195,0.00226354886712565
"588","(STRAT_mod0.09 - STRAT_mod0.3) - (STRAT_mod0.09 - STRAT_mod3.37)","Hornfels",-0.0526768172066383,-0.104423054797721,-0.00366020470649397
"589","(STRAT_mod0.09 - STRAT_mod0.3) - (STRAT_mod0.1 - STRAT_mod0.2)","Hornfels",0.0560886690758036,-0.108106136545269,0.216990697560858
"590","(STRAT_mod0.09 - STRAT_mod0.3) - (STRAT_mod0.1 - STRAT_mod0.3)","Hornfels",0.0712845667092759,-0.0673204520279342,0.216439663102594
"591","(STRAT_mod0.09 - STRAT_mod0.3) - (STRAT_mod0.1 - STRAT_mod0.82)","Hornfels",-0.00572523224920518,-0.157602462311142,0.143157760768673
"592","(STRAT_mod0.09 - STRAT_mod0.3) - (STRAT_mod0.1 - STRAT_mod1.08)","Hornfels",0.0166012887577578,-0.135165376882535,0.165997512901481
"593","(STRAT_mod0.09 - STRAT_mod0.3) - (STRAT_mod0.1 - STRAT_mod1.44)","Hornfels",0.0147044139722519,-0.143093369255869,0.168480512141745
"594","(STRAT_mod0.09 - STRAT_mod0.3) - (STRAT_mod0.1 - STRAT_mod2.15)","Hornfels",0.006291889369481,-0.163815622788123,0.162093207421863
"595","(STRAT_mod0.09 - STRAT_mod0.3) - (STRAT_mod0.1 - STRAT_mod2.88)","Hornfels",0.0183289158270332,-0.135776418054929,0.167192851664901
"596","(STRAT_mod0.09 - STRAT_mod0.3) - (STRAT_mod0.1 - STRAT_mod3.37)","Hornfels",0.0186400940160991,-0.136393697252131,0.165347059667343
"597","(STRAT_mod0.09 - STRAT_mod0.3) - (STRAT_mod0.2 - STRAT_mod0.3)","Hornfels",0.0265638554531376,-0.123780301726813,0.175206344849304
"598","(STRAT_mod0.09 - STRAT_mod0.3) - (STRAT_mod0.2 - STRAT_mod0.82)","Hornfels",-0.0518576711901977,-0.212108649230916,0.103105715690238
"599","(STRAT_mod0.09 - STRAT_mod0.3) - (STRAT_mod0.2 - STRAT_mod1.08)","Hornfels",-0.0293308572234261,-0.175529888673598,0.14094960232369
"600","(STRAT_mod0.09 - STRAT_mod0.3) - (STRAT_mod0.2 - STRAT_mod1.44)","Hornfels",-0.0304454649033763,-0.189732771687334,0.135184631948089
"601","(STRAT_mod0.09 - STRAT_mod0.3) - (STRAT_mod0.2 - STRAT_mod2.15)","Hornfels",-0.0394975531479991,-0.20953897838307,0.12365428118357
"602","(STRAT_mod0.09 - STRAT_mod0.3) - (STRAT_mod0.2 - STRAT_mod2.88)","Hornfels",-0.026992627612265,-0.180812985322698,0.13648916591109
"603","(STRAT_mod0.09 - STRAT_mod0.3) - (STRAT_mod0.2 - STRAT_mod3.37)","Hornfels",-0.0265446081905225,-0.17973369123525,0.136095600094811
"604","(STRAT_mod0.09 - STRAT_mod0.3) - (STRAT_mod0.3 - STRAT_mod0.82)","Hornfels",-0.0659604588088807,-0.245050171611971,0.0902780549992643
"605","(STRAT_mod0.09 - STRAT_mod0.3) - (STRAT_mod0.3 - STRAT_mod1.08)","Hornfels",-0.0445483908042059,-0.218994887063237,0.118467972040951
"606","(STRAT_mod0.09 - STRAT_mod0.3) - (STRAT_mod0.3 - STRAT_mod1.44)","Hornfels",-0.0450539626292068,-0.218819494337472,0.12679387488617
"607","(STRAT_mod0.09 - STRAT_mod0.3) - (STRAT_mod0.3 - STRAT_mod2.15)","Hornfels",-0.0542897745620798,-0.242542976014581,0.112505438434754
"608","(STRAT_mod0.09 - STRAT_mod0.3) - (STRAT_mod0.3 - STRAT_mod2.88)","Hornfels",-0.0420843259917749,-0.218129298770319,0.120255855528538
"609","(STRAT_mod0.09 - STRAT_mod0.3) - (STRAT_mod0.3 - STRAT_mod3.37)","Hornfels",-0.0418489368145403,-0.208124278084681,0.126948682296045
"610","(STRAT_mod0.09 - STRAT_mod0.3) - (STRAT_mod0.82 - STRAT_mod1.08)","Hornfels",0.0335487334691247,-0.117020827506868,0.180810227722298
"611","(STRAT_mod0.09 - STRAT_mod0.3) - (STRAT_mod0.82 - STRAT_mod1.44)","Hornfels",0.0322760152380661,-0.121036388121015,0.189050959513084
"612","(STRAT_mod0.09 - STRAT_mod0.3) - (STRAT_mod0.82 - STRAT_mod2.15)","Hornfels",0.0235962041694693,-0.137236989969723,0.180572747997636
"613","(STRAT_mod0.09 - STRAT_mod0.3) - (STRAT_mod0.82 - STRAT_mod2.88)","Hornfels",0.0352309926320422,-0.120179776683189,0.180351473121398
"614","(STRAT_mod0.09 - STRAT_mod0.3) - (STRAT_mod0.82 - STRAT_mod3.37)","Hornfels",0.0356063020697668,-0.113263425885438,0.182090826213998
"615","(STRAT_mod0.09 - STRAT_mod0.3) - (STRAT_mod1.08 - STRAT_mod1.44)","Hornfels",0.010533385346176,-0.143186430911624,0.164586862588725
"616","(STRAT_mod0.09 - STRAT_mod0.3) - (STRAT_mod1.08 - STRAT_mod2.15)","Hornfels",0.000778835384633858,-0.154401699742612,0.164663939445725
"617","(STRAT_mod0.09 - STRAT_mod0.3) - (STRAT_mod1.08 - STRAT_mod2.88)","Hornfels",0.0139898128906522,-0.136671586931446,0.165336218503186
"618","(STRAT_mod0.09 - STRAT_mod0.3) - (STRAT_mod1.08 - STRAT_mod3.37)","Hornfels",0.0139187771102105,-0.131924748190853,0.165336549996473
"619","(STRAT_mod0.09 - STRAT_mod0.3) - (STRAT_mod1.44 - STRAT_mod2.15)","Hornfels",0.001521221987141,-0.156507829452066,0.168465381092348
"620","(STRAT_mod0.09 - STRAT_mod0.3) - (STRAT_mod1.44 - STRAT_mod2.88)","Hornfels",0.013183329297471,-0.143113000136728,0.164679031945052
"621","(STRAT_mod0.09 - STRAT_mod0.3) - (STRAT_mod1.44 - STRAT_mod3.37)","Hornfels",0.0145935766294116,-0.137838524965071,0.164965266409078
"622","(STRAT_mod0.09 - STRAT_mod0.3) - (STRAT_mod2.15 - STRAT_mod2.88)","Hornfels",0.0211373664451484,-0.132069246489096,0.188250592489574
"623","(STRAT_mod0.09 - STRAT_mod0.3) - (STRAT_mod2.15 - STRAT_mod3.37)","Hornfels",0.0223136795982637,-0.140432692407242,0.178757296030593
"624","(STRAT_mod0.09 - STRAT_mod0.3) - (STRAT_mod2.88 - STRAT_mod3.37)","Hornfels",0.0111055703700949,-0.141397311550333,0.156275713732163
"625","(STRAT_mod0.09 - STRAT_mod0.82) - (STRAT_mod0.09 - STRAT_mod1.08)","Hornfels",0.0227150080368987,-0.0125294924368258,0.0569013748045561
"626","(STRAT_mod0.09 - STRAT_mod0.82) - (STRAT_mod0.09 - STRAT_mod1.44)","Hornfels",0.0219080748487015,-0.0308939673653863,0.0714419141972003
"627","(STRAT_mod0.09 - STRAT_mod0.82) - (STRAT_mod0.09 - STRAT_mod2.15)","Hornfels",0.0122279712580833,-0.0556058173604326,0.0845729513890654
"628","(STRAT_mod0.09 - STRAT_mod0.82) - (STRAT_mod0.09 - STRAT_mod2.88)","Hornfels",0.024606243269935,-0.0150723685916812,0.0636845766232308
"629","(STRAT_mod0.09 - STRAT_mod0.82) - (STRAT_mod0.09 - STRAT_mod3.37)","Hornfels",0.0249867492211422,-0.0096079786578529,0.0593884596449445
"630","(STRAT_mod0.09 - STRAT_mod0.82) - (STRAT_mod0.1 - STRAT_mod0.2)","Hornfels",0.13333831976414,-0.0254988873408788,0.287562206547425
"631","(STRAT_mod0.09 - STRAT_mod0.82) - (STRAT_mod0.1 - STRAT_mod0.3)","Hornfels",0.149569934232261,-0.00828724149295423,0.295315466170138
"632","(STRAT_mod0.09 - STRAT_mod0.82) - (STRAT_mod0.1 - STRAT_mod0.82)","Hornfels",0.0712845667092759,-0.0673204520279342,0.216439663102594
"633","(STRAT_mod0.09 - STRAT_mod0.82) - (STRAT_mod0.1 - STRAT_mod1.08)","Hornfels",0.0939662823785241,-0.050226239113496,0.241019762001238
"634","(STRAT_mod0.09 - STRAT_mod0.82) - (STRAT_mod0.1 - STRAT_mod1.44)","Hornfels",0.0924091520337189,-0.0611122892052522,0.244320172924778
"635","(STRAT_mod0.09 - STRAT_mod0.82) - (STRAT_mod0.1 - STRAT_mod2.15)","Hornfels",0.0845420610110206,-0.0673363439076398,0.248416266075394
"636","(STRAT_mod0.09 - STRAT_mod0.82) - (STRAT_mod0.1 - STRAT_mod2.88)","Hornfels",0.0961954005848353,-0.0545731735967241,0.239392295042251
"637","(STRAT_mod0.09 - STRAT_mod0.82) - (STRAT_mod0.1 - STRAT_mod3.37)","Hornfels",0.0958588079215563,-0.0575564596488549,0.233949947885892
"638","(STRAT_mod0.09 - STRAT_mod0.82) - (STRAT_mod0.2 - STRAT_mod0.3)","Hornfels",0.105600732783701,-0.0551205699591844,0.261627284100546
"639","(STRAT_mod0.09 - STRAT_mod0.82) - (STRAT_mod0.2 - STRAT_mod0.82)","Hornfels",0.0265638554531376,-0.123780301726813,0.175206344849304
"640","(STRAT_mod0.09 - STRAT_mod0.82) - (STRAT_mod0.2 - STRAT_mod1.08)","Hornfels",0.0493267471683005,-0.100094393918007,0.207478160691076
"641","(STRAT_mod0.09 - STRAT_mod0.82) - (STRAT_mod0.2 - STRAT_mod1.44)","Hornfels",0.0486839331937148,-0.115971851916729,0.199400212799697
"642","(STRAT_mod0.09 - STRAT_mod0.82) - (STRAT_mod0.2 - STRAT_mod2.15)","Hornfels",0.039396579660175,-0.131188535692679,0.195906615499029
"643","(STRAT_mod0.09 - STRAT_mod0.82) - (STRAT_mod0.2 - STRAT_mod2.88)","Hornfels",0.0516093853202486,-0.0994482366298977,0.207451578894433
"644","(STRAT_mod0.09 - STRAT_mod0.82) - (STRAT_mod0.2 - STRAT_mod3.37)","Hornfels",0.0515085108517255,-0.0980909633707632,0.206489233244476
"645","(STRAT_mod0.09 - STRAT_mod0.82) - (STRAT_mod0.3 - STRAT_mod0.82)","Hornfels",0.0118247635427902,-0.132043042381816,0.156305313536429
"646","(STRAT_mod0.09 - STRAT_mod0.82) - (STRAT_mod0.3 - STRAT_mod1.08)","Hornfels",0.0335487334691247,-0.117020827506868,0.180810227722298
"647","(STRAT_mod0.09 - STRAT_mod0.82) - (STRAT_mod0.3 - STRAT_mod1.44)","Hornfels",0.0322760152380661,-0.121036388121015,0.189050959513084
"648","(STRAT_mod0.09 - STRAT_mod0.82) - (STRAT_mod0.3 - STRAT_mod2.15)","Hornfels",0.0235962041694693,-0.137236989969723,0.180572747997636
"649","(STRAT_mod0.09 - STRAT_mod0.82) - (STRAT_mod0.3 - STRAT_mod2.88)","Hornfels",0.0352309926320422,-0.120179776683189,0.180351473121398
"650","(STRAT_mod0.09 - STRAT_mod0.82) - (STRAT_mod0.3 - STRAT_mod3.37)","Hornfels",0.0356063020697668,-0.113263425885438,0.182090826213998
"651","(STRAT_mod0.09 - STRAT_mod0.82) - (STRAT_mod0.82 - STRAT_mod1.08)","Hornfels",0.112147990924978,-0.0359794836474121,0.26122015762479
"652","(STRAT_mod0.09 - STRAT_mod0.82) - (STRAT_mod0.82 - STRAT_mod1.44)","Hornfels",0.110811023885464,-0.0477461044893963,0.260505314246246
"653","(STRAT_mod0.09 - STRAT_mod0.82) - (STRAT_mod0.82 - STRAT_mod2.15)","Hornfels",0.101763110119109,-0.057479844415774,0.260810678346782
"654","(STRAT_mod0.09 - STRAT_mod0.82) - (STRAT_mod0.82 - STRAT_mod2.88)","Hornfels",0.113001615378528,-0.040132991386729,0.257300595465618
"655","(STRAT_mod0.09 - STRAT_mod0.82) - (STRAT_mod0.82 - STRAT_mod3.37)","Hornfels",0.113754436019169,-0.0389495651364715,0.257693849569807
"656","(STRAT_mod0.09 - STRAT_mod0.82) - (STRAT_mod1.08 - STRAT_mod1.44)","Hornfels",0.0871237216491552,-0.0580291270486182,0.241439417206678
"657","(STRAT_mod0.09 - STRAT_mod0.82) - (STRAT_mod1.08 - STRAT_mod2.15)","Hornfels",0.078298858490218,-0.0752011443060416,0.233095303948163
"658","(STRAT_mod0.09 - STRAT_mod0.82) - (STRAT_mod1.08 - STRAT_mod2.88)","Hornfels",0.0906050960693423,-0.0606059391321208,0.226538577348492
"659","(STRAT_mod0.09 - STRAT_mod0.82) - (STRAT_mod1.08 - STRAT_mod3.37)","Hornfels",0.0907796552746691,-0.052631999828737,0.233773267180188
"660","(STRAT_mod0.09 - STRAT_mod0.82) - (STRAT_mod1.44 - STRAT_mod2.15)","Hornfels",0.0793500909952551,-0.0812823107762655,0.235921791215445
"661","(STRAT_mod0.09 - STRAT_mod0.82) - (STRAT_mod1.44 - STRAT_mod2.88)","Hornfels",0.0918097827892013,-0.0529598946174872,0.242856211401197
"662","(STRAT_mod0.09 - STRAT_mod0.82) - (STRAT_mod1.44 - STRAT_mod3.37)","Hornfels",0.0920323206268607,-0.0484914645485666,0.243071815189469
"663","(STRAT_mod0.09 - STRAT_mod0.82) - (STRAT_mod2.15 - STRAT_mod2.88)","Hornfels",0.100076844606658,-0.0564235518791474,0.253422248048986
"664","(STRAT_mod0.09 - STRAT_mod0.82) - (STRAT_mod2.15 - STRAT_mod3.37)","Hornfels",0.101320255790727,-0.0558219371875781,0.25274476775988
"665","(STRAT_mod0.09 - STRAT_mod0.82) - (STRAT_mod2.88 - STRAT_mod3.37)","Hornfels",0.0899431848145762,-0.0609935340256302,0.229393022687363
"666","(STRAT_mod0.09 - STRAT_mod1.08) - (STRAT_mod0.09 - STRAT_mod1.44)","Hornfels",-0.000757222550246794,-0.0490750834484377,0.0508025386195698
"667","(STRAT_mod0.09 - STRAT_mod1.08) - (STRAT_mod0.09 - STRAT_mod2.15)","Hornfels",-0.0101171230393748,-0.0772088088931087,0.0620006233364498
"668","(STRAT_mod0.09 - STRAT_mod1.08) - (STRAT_mod0.09 - STRAT_mod2.88)","Hornfels",0.00164671972675134,-0.0347199214580565,0.0425411320925044
"669","(STRAT_mod0.09 - STRAT_mod1.08) - (STRAT_mod0.09 - STRAT_mod3.37)","Hornfels",0.00249910189424551,-0.0315517863250938,0.0331443834905247
"670","(STRAT_mod0.09 - STRAT_mod1.08) - (STRAT_mod0.1 - STRAT_mod0.2)","Hornfels",0.111236546540787,-0.0454995386430888,0.267260859424637
"671","(STRAT_mod0.09 - STRAT_mod1.08) - (STRAT_mod0.1 - STRAT_mod0.3)","Hornfels",0.127550211592936,-0.0158294951483509,0.284573692943777
"672","(STRAT_mod0.09 - STRAT_mod1.08) - (STRAT_mod0.1 - STRAT_mod0.82)","Hornfels",0.0490216743992731,-0.0993584550148583,0.191361963515111
"673","(STRAT_mod0.09 - STRAT_mod1.08) - (STRAT_mod0.1 - STRAT_mod1.08)","Hornfels",0.0712845667092759,-0.0673204520279342,0.216439663102594
"674","(STRAT_mod0.09 - STRAT_mod1.08) - (STRAT_mod0.1 - STRAT_mod1.44)","Hornfels",0.0707209867550023,-0.0860019052358503,0.218649606735537
"675","(STRAT_mod0.09 - STRAT_mod1.08) - (STRAT_mod0.1 - STRAT_mod2.15)","Hornfels",0.061946492195375,-0.0844115284653366,0.233881914301309
"676","(STRAT_mod0.09 - STRAT_mod1.08) - (STRAT_mod0.1 - STRAT_mod2.88)","Hornfels",0.0732279284884594,-0.0662605924836002,0.226821278109302
"677","(STRAT_mod0.09 - STRAT_mod1.08) - (STRAT_mod0.1 - STRAT_mod3.37)","Hornfels",0.0744812395087449,-0.0701267745455381,0.220572916112383
"678","(STRAT_mod0.09 - STRAT_mod1.08) - (STRAT_mod0.2 - STRAT_mod0.3)","Hornfels",0.0829375677797806,-0.0774220692729273,0.237832550216154
"679","(STRAT_mod0.09 - STRAT_mod1.08) - (STRAT_mod0.2 - STRAT_mod0.82)","Hornfels",0.00369589170362405,-0.145228874382806,0.159385476742981
"680","(STRAT_mod0.09 - STRAT_mod1.08) - (STRAT_mod0.2 - STRAT_mod1.08)","Hornfels",0.0265638554531376,-0.123780301726813,0.175206344849304
"681","(STRAT_mod0.09 - STRAT_mod1.08) - (STRAT_mod0.2 - STRAT_mod1.44)","Hornfels",0.0253118133142749,-0.133231181048882,0.181526844696035
"682","(STRAT_mod0.09 - STRAT_mod1.08) - (STRAT_mod0.2 - STRAT_mod2.15)","Hornfels",0.0165101577668756,-0.141134947447151,0.185358118309368
"683","(STRAT_mod0.09 - STRAT_mod1.08) - (STRAT_mod0.2 - STRAT_mod2.88)","Hornfels",0.0291263843597951,-0.128038409635693,0.179320206965029
"684","(STRAT_mod0.09 - STRAT_mod1.08) - (STRAT_mod0.2 - STRAT_mod3.37)","Hornfels",0.0289330490203457,-0.116492769009441,0.189593182896938
"685","(STRAT_mod0.09 - STRAT_mod1.08) - (STRAT_mod0.3 - STRAT_mod0.82)","Hornfels",-0.0105593864688966,-0.164210516365737,0.132890233280608
"686","(STRAT_mod0.09 - STRAT_mod1.08) - (STRAT_mod0.3 - STRAT_mod1.08)","Hornfels",0.0118247635427902,-0.132043042381816,0.156305313536429
"687","(STRAT_mod0.09 - STRAT_mod1.08) - (STRAT_mod0.3 - STRAT_mod1.44)","Hornfels",0.010533385346176,-0.143186430911624,0.164586862588725
"688","(STRAT_mod0.09 - STRAT_mod1.08) - (STRAT_mod0.3 - STRAT_mod2.15)","Hornfels",0.000778835384633858,-0.154401699742612,0.164663939445725
"689","(STRAT_mod0.09 - STRAT_mod1.08) - (STRAT_mod0.3 - STRAT_mod2.88)","Hornfels",0.0139898128906522,-0.136671586931446,0.165336218503186
"690","(STRAT_mod0.09 - STRAT_mod1.08) - (STRAT_mod0.3 - STRAT_mod3.37)","Hornfels",0.0139187771102105,-0.131924748190853,0.165336549996473
"691","(STRAT_mod0.09 - STRAT_mod1.08) - (STRAT_mod0.82 - STRAT_mod1.08)","Hornfels",0.0886220476634074,-0.0506771286229122,0.226755054472322
"692","(STRAT_mod0.09 - STRAT_mod1.08) - (STRAT_mod0.82 - STRAT_mod1.44)","Hornfels",0.0871237216491552,-0.0580291270486182,0.241439417206678
"693","(STRAT_mod0.09 - STRAT_mod1.08) - (STRAT_mod0.82 - STRAT_mod2.15)","Hornfels",0.078298858490218,-0.0752011443060416,0.233095303948163
"694","(STRAT_mod0.09 - STRAT_mod1.08) - (STRAT_mod0.82 - STRAT_mod2.88)","Hornfels",0.0906050960693423,-0.0606059391321208,0.226538577348492
"695","(STRAT_mod0.09 - STRAT_mod1.08) - (STRAT_mod0.82 - STRAT_mod3.37)","Hornfels",0.0907796552746691,-0.052631999828737,0.233773267180188
"696","(STRAT_mod0.09 - STRAT_mod1.08) - (STRAT_mod1.08 - STRAT_mod1.44)","Hornfels",0.0650197015037373,-0.074804858893466,0.231433720274225
"697","(STRAT_mod0.09 - STRAT_mod1.08) - (STRAT_mod1.08 - STRAT_mod2.15)","Hornfels",0.0562574661816664,-0.103173093264093,0.212492199140724
"698","(STRAT_mod0.09 - STRAT_mod1.08) - (STRAT_mod1.08 - STRAT_mod2.88)","Hornfels",0.0685351181478853,-0.078900212675467,0.215603140434095
"699","(STRAT_mod0.09 - STRAT_mod1.08) - (STRAT_mod1.08 - STRAT_mod3.37)","Hornfels",0.0693547055848862,-0.0754902984825336,0.21550074033304
"700","(STRAT_mod0.09 - STRAT_mod1.08) - (STRAT_mod1.44 - STRAT_mod2.15)","Hornfels",0.0565133836995535,-0.0938344866772649,0.221906807382434
"701","(STRAT_mod0.09 - STRAT_mod1.08) - (STRAT_mod1.44 - STRAT_mod2.88)","Hornfels",0.0691237552456192,-0.068960688021082,0.225815058575563
"702","(STRAT_mod0.09 - STRAT_mod1.08) - (STRAT_mod1.44 - STRAT_mod3.37)","Hornfels",0.0699848650829238,-0.0689415356029266,0.220489466552711
"703","(STRAT_mod0.09 - STRAT_mod1.08) - (STRAT_mod2.15 - STRAT_mod2.88)","Hornfels",0.0773226992870091,-0.0863081061908222,0.225378998185548
"704","(STRAT_mod0.09 - STRAT_mod1.08) - (STRAT_mod2.15 - STRAT_mod3.37)","Hornfels",0.0778581518996024,-0.0722635181001507,0.236025218634063
"705","(STRAT_mod0.09 - STRAT_mod1.08) - (STRAT_mod2.88 - STRAT_mod3.37)","Hornfels",0.0670909029005402,-0.078833723245971,0.20967294761505
"706","(STRAT_mod0.09 - STRAT_mod1.44) - (STRAT_mod0.09 - STRAT_mod2.15)","Hornfels",-0.0090004871544298,-0.0839897256324278,0.0731212363318594
"707","(STRAT_mod0.09 - STRAT_mod1.44) - (STRAT_mod0.09 - STRAT_mod2.88)","Hornfels",0.00302333389671738,-0.0511238133621044,0.0562631105328801
"708","(STRAT_mod0.09 - STRAT_mod1.44) - (STRAT_mod0.09 - STRAT_mod3.37)","Hornfels",0.00318245838566145,-0.0461535187158799,0.0523522281572166
"709","(STRAT_mod0.09 - STRAT_mod1.44) - (STRAT_mod0.1 - STRAT_mod0.2)","Hornfels",0.112212094291299,-0.045084463852084,0.27439798409041
"710","(STRAT_mod0.09 - STRAT_mod1.44) - (STRAT_mod0.1 - STRAT_mod0.3)","Hornfels",0.128848708817767,-0.0323465439505251,0.276458079411884
"711","(STRAT_mod0.09 - STRAT_mod1.44) - (STRAT_mod0.1 - STRAT_mod0.82)","Hornfels",0.0497645315196307,-0.100386100599672,0.199245522330551
"712","(STRAT_mod0.09 - STRAT_mod1.44) - (STRAT_mod0.1 - STRAT_mod1.08)","Hornfels",0.0723604143903354,-0.0654670265312287,0.232237298079533
"713","(STRAT_mod0.09 - STRAT_mod1.44) - (STRAT_mod0.1 - STRAT_mod1.44)","Hornfels",0.0712845667092759,-0.0673204520279342,0.216439663102594
"714","(STRAT_mod0.09 - STRAT_mod1.44) - (STRAT_mod0.1 - STRAT_mod2.15)","Hornfels",0.062389916466429,-0.109047990469507,0.214564804298436
"715","(STRAT_mod0.09 - STRAT_mod1.44) - (STRAT_mod0.1 - STRAT_mod2.88)","Hornfels",0.0747205429389219,-0.0753474745969913,0.222919743417492
"716","(STRAT_mod0.09 - STRAT_mod1.44) - (STRAT_mod0.1 - STRAT_mod3.37)","Hornfels",0.0751095775634159,-0.0689937247940162,0.228369069547067
"717","(STRAT_mod0.09 - STRAT_mod1.44) - (STRAT_mod0.2 - STRAT_mod0.3)","Hornfels",0.0836494482891421,-0.0762512801981052,0.243899807118696
"718","(STRAT_mod0.09 - STRAT_mod1.44) - (STRAT_mod0.2 - STRAT_mod0.82)","Hornfels",0.00408847012019531,-0.156789818652345,0.157153048688502
"719","(STRAT_mod0.09 - STRAT_mod1.44) - (STRAT_mod0.2 - STRAT_mod1.08)","Hornfels",0.0268700255572984,-0.126884266330811,0.187381989357551
"720","(STRAT_mod0.09 - STRAT_mod1.44) - (STRAT_mod0.2 - STRAT_mod1.44)","Hornfels",0.0265638554531376,-0.123780301726813,0.175206344849304
"721","(STRAT_mod0.09 - STRAT_mod1.44) - (STRAT_mod0.2 - STRAT_mod2.15)","Hornfels",0.0167906477593942,-0.149136107206274,0.187588396898465
"722","(STRAT_mod0.09 - STRAT_mod1.44) - (STRAT_mod0.2 - STRAT_mod2.88)","Hornfels",0.0285076605441894,-0.130876692809703,0.184565476351713
"723","(STRAT_mod0.09 - STRAT_mod1.44) - (STRAT_mod0.2 - STRAT_mod3.37)","Hornfels",0.029640591785884,-0.122726905455239,0.190441908810121
"724","(STRAT_mod0.09 - STRAT_mod1.44) - (STRAT_mod0.3 - STRAT_mod0.82)","Hornfels",-0.0110190762036348,-0.166547725260423,0.136773507790724
"725","(STRAT_mod0.09 - STRAT_mod1.44) - (STRAT_mod0.3 - STRAT_mod1.08)","Hornfels",0.011871204426424,-0.139595150954155,0.162676881018474
"726","(STRAT_mod0.09 - STRAT_mod1.44) - (STRAT_mod0.3 - STRAT_mod1.44)","Hornfels",0.0118247635427902,-0.132043042381816,0.156305313536429
"727","(STRAT_mod0.09 - STRAT_mod1.44) - (STRAT_mod0.3 - STRAT_mod2.15)","Hornfels",0.001521221987141,-0.156507829452066,0.168465381092348
"728","(STRAT_mod0.09 - STRAT_mod1.44) - (STRAT_mod0.3 - STRAT_mod2.88)","Hornfels",0.013183329297471,-0.143113000136728,0.164679031945052
"729","(STRAT_mod0.09 - STRAT_mod1.44) - (STRAT_mod0.3 - STRAT_mod3.37)","Hornfels",0.0145935766294116,-0.137838524965071,0.164965266409078
"730","(STRAT_mod0.09 - STRAT_mod1.44) - (STRAT_mod0.82 - STRAT_mod1.08)","Hornfels",0.0892619845551816,-0.057986878903264,0.234064045277355
"731","(STRAT_mod0.09 - STRAT_mod1.44) - (STRAT_mod0.82 - STRAT_mod1.44)","Hornfels",0.0886220476634074,-0.0506771286229122,0.226755054472322
"732","(STRAT_mod0.09 - STRAT_mod1.44) - (STRAT_mod0.82 - STRAT_mod2.15)","Hornfels",0.0793500909952551,-0.0812823107762655,0.235921791215445
"733","(STRAT_mod0.09 - STRAT_mod1.44) - (STRAT_mod0.82 - STRAT_mod2.88)","Hornfels",0.0918097827892013,-0.0529598946174872,0.242856211401197
"734","(STRAT_mod0.09 - STRAT_mod1.44) - (STRAT_mod0.82 - STRAT_mod3.37)","Hornfels",0.0920323206268607,-0.0484914645485666,0.243071815189469
"735","(STRAT_mod0.09 - STRAT_mod1.44) - (STRAT_mod1.08 - STRAT_mod1.44)","Hornfels",0.0659119932676127,-0.0755356065500732,0.20265884727159
"736","(STRAT_mod0.09 - STRAT_mod1.44) - (STRAT_mod1.08 - STRAT_mod2.15)","Hornfels",0.0565133836995535,-0.0938344866772649,0.221906807382434
"737","(STRAT_mod0.09 - STRAT_mod1.44) - (STRAT_mod1.08 - STRAT_mod2.88)","Hornfels",0.0691237552456192,-0.068960688021082,0.225815058575563
"738","(STRAT_mod0.09 - STRAT_mod1.44) - (STRAT_mod1.08 - STRAT_mod3.37)","Hornfels",0.0699848650829238,-0.0689415356029266,0.220489466552711
"739","(STRAT_mod0.09 - STRAT_mod1.44) - (STRAT_mod1.44 - STRAT_mod2.15)","Hornfels",0.0585262074423294,-0.109318489944588,0.23628137649692
"740","(STRAT_mod0.09 - STRAT_mod1.44) - (STRAT_mod1.44 - STRAT_mod2.88)","Hornfels",0.0698505713201893,-0.0928057885092146,0.235398701355829
"741","(STRAT_mod0.09 - STRAT_mod1.44) - (STRAT_mod1.44 - STRAT_mod3.37)","Hornfels",0.0707276992799721,-0.0910462252445656,0.23122751742111
"742","(STRAT_mod0.09 - STRAT_mod1.44) - (STRAT_mod2.15 - STRAT_mod2.88)","Hornfels",0.0782063218431102,-0.0726491619034975,0.244757636244709
"743","(STRAT_mod0.09 - STRAT_mod1.44) - (STRAT_mod2.15 - STRAT_mod3.37)","Hornfels",0.0786052368633889,-0.076213732576961,0.240767346895522
"744","(STRAT_mod0.09 - STRAT_mod1.44) - (STRAT_mod2.88 - STRAT_mod3.37)","Hornfels",0.0683346903244608,-0.0746844900909278,0.219913619331919
"745","(STRAT_mod0.09 - STRAT_mod2.15) - (STRAT_mod0.09 - STRAT_mod2.88)","Hornfels",0.0118634172815322,-0.0630527637715796,0.0831589730048599
"746","(STRAT_mod0.09 - STRAT_mod2.15) - (STRAT_mod0.09 - STRAT_mod3.37)","Hornfels",0.0127383201639859,-0.0604663436987551,0.0780770665831874
"747","(STRAT_mod0.09 - STRAT_mod2.15) - (STRAT_mod0.1 - STRAT_mod0.2)","Hornfels",0.120076703431433,-0.0437781675659075,0.290314902153328
"748","(STRAT_mod0.09 - STRAT_mod2.15) - (STRAT_mod0.1 - STRAT_mod0.3)","Hornfels",0.137525652928854,-0.0250649722014824,0.29865014342139
"749","(STRAT_mod0.09 - STRAT_mod2.15) - (STRAT_mod0.1 - STRAT_mod0.82)","Hornfels",0.0591354259676564,-0.0988582634192237,0.214899129297932
"750","(STRAT_mod0.09 - STRAT_mod2.15) - (STRAT_mod0.1 - STRAT_mod1.08)","Hornfels",0.080583300045866,-0.072364537552144,0.240239019531543
"751","(STRAT_mod0.09 - STRAT_mod2.15) - (STRAT_mod0.1 - STRAT_mod1.44)","Hornfels",0.0804414875948865,-0.0820229690206333,0.244604130480429
"752","(STRAT_mod0.09 - STRAT_mod2.15) - (STRAT_mod0.1 - STRAT_mod2.15)","Hornfels",0.0712845667092759,-0.0673204520279342,0.216439663102594
"753","(STRAT_mod0.09 - STRAT_mod2.15) - (STRAT_mod0.1 - STRAT_mod2.88)","Hornfels",0.0831836086761135,-0.0673824390140418,0.245814929245463
"754","(STRAT_mod0.09 - STRAT_mod2.15) - (STRAT_mod0.1 - STRAT_mod3.37)","Hornfels",0.0839603469351957,-0.0726539716871253,0.23876942470448
"755","(STRAT_mod0.09 - STRAT_mod2.15) - (STRAT_mod0.2 - STRAT_mod0.3)","Hornfels",0.0916327013951339,-0.0716039579747436,0.265196823834817
"756","(STRAT_mod0.09 - STRAT_mod2.15) - (STRAT_mod0.2 - STRAT_mod0.82)","Hornfels",0.0119428843828371,-0.155667031947986,0.174524987388089
"757","(STRAT_mod0.09 - STRAT_mod2.15) - (STRAT_mod0.2 - STRAT_mod1.08)","Hornfels",0.0346799495882644,-0.126732961165973,0.202729841392227
"758","(STRAT_mod0.09 - STRAT_mod2.15) - (STRAT_mod0.2 - STRAT_mod1.44)","Hornfels",0.0353952657494767,-0.137930880703064,0.203855271896505
"759","(STRAT_mod0.09 - STRAT_mod2.15) - (STRAT_mod0.2 - STRAT_mod2.15)","Hornfels",0.0265638554531376,-0.123780301726813,0.175206344849304
"760","(STRAT_mod0.09 - STRAT_mod2.15) - (STRAT_mod0.2 - STRAT_mod2.88)","Hornfels",0.0368491652511158,-0.125827243090928,0.204659017138254
"761","(STRAT_mod0.09 - STRAT_mod2.15) - (STRAT_mod0.2 - STRAT_mod3.37)","Hornfels",0.0376261548405166,-0.127172366581444,0.20059857132943
"762","(STRAT_mod0.09 - STRAT_mod2.15) - (STRAT_mod0.3 - STRAT_mod0.82)","Hornfels",-0.00283705080240004,-0.165700200320488,0.15377010052799
"763","(STRAT_mod0.09 - STRAT_mod2.15) - (STRAT_mod0.3 - STRAT_mod1.08)","Hornfels",0.020427358965752,-0.130533425052876,0.188343004994723
"764","(STRAT_mod0.09 - STRAT_mod2.15) - (STRAT_mod0.3 - STRAT_mod1.44)","Hornfels",0.0191574593237966,-0.137445247294843,0.192186118291637
"765","(STRAT_mod0.09 - STRAT_mod2.15) - (STRAT_mod0.3 - STRAT_mod2.15)","Hornfels",0.0118247635427902,-0.132043042381816,0.156305313536429
"766","(STRAT_mod0.09 - STRAT_mod2.15) - (STRAT_mod0.3 - STRAT_mod2.88)","Hornfels",0.0211373664451484,-0.132069246489096,0.188250592489574
"767","(STRAT_mod0.09 - STRAT_mod2.15) - (STRAT_mod0.3 - STRAT_mod3.37)","Hornfels",0.0223136795982637,-0.140432692407242,0.178757296030593
"768","(STRAT_mod0.09 - STRAT_mod2.15) - (STRAT_mod0.82 - STRAT_mod1.08)","Hornfels",0.098754251260919,-0.0517831103148398,0.257399740910255
"769","(STRAT_mod0.09 - STRAT_mod2.15) - (STRAT_mod0.82 - STRAT_mod1.44)","Hornfels",0.0979786752318526,-0.0533098597628348,0.266276947531128
"770","(STRAT_mod0.09 - STRAT_mod2.15) - (STRAT_mod0.82 - STRAT_mod2.15)","Hornfels",0.0886220476634074,-0.0506771286229122,0.226755054472322
"771","(STRAT_mod0.09 - STRAT_mod2.15) - (STRAT_mod0.82 - STRAT_mod2.88)","Hornfels",0.100076844606658,-0.0564235518791474,0.253422248048986
"772","(STRAT_mod0.09 - STRAT_mod2.15) - (STRAT_mod0.82 - STRAT_mod3.37)","Hornfels",0.101320255790727,-0.0558219371875781,0.25274476775988
"773","(STRAT_mod0.09 - STRAT_mod2.15) - (STRAT_mod1.08 - STRAT_mod1.44)","Hornfels",0.0738282078434001,-0.0742714769837671,0.245409366434993
"774","(STRAT_mod0.09 - STRAT_mod2.15) - (STRAT_mod1.08 - STRAT_mod2.15)","Hornfels",0.0659119932676127,-0.0755356065500732,0.20265884727159
"775","(STRAT_mod0.09 - STRAT_mod2.15) - (STRAT_mod1.08 - STRAT_mod2.88)","Hornfels",0.0773226992870091,-0.0863081061908222,0.225378998185548
"776","(STRAT_mod0.09 - STRAT_mod2.15) - (STRAT_mod1.08 - STRAT_mod3.37)","Hornfels",0.0778581518996024,-0.0722635181001507,0.236025218634063
"777","(STRAT_mod0.09 - STRAT_mod2.15) - (STRAT_mod1.44 - STRAT_mod2.15)","Hornfels",0.0674558423785827,-0.0819330430808636,0.203582205010806
"778","(STRAT_mod0.09 - STRAT_mod2.15) - (STRAT_mod1.44 - STRAT_mod2.88)","Hornfels",0.0782063218431102,-0.0726491619034975,0.244757636244709
"779","(STRAT_mod0.09 - STRAT_mod2.15) - (STRAT_mod1.44 - STRAT_mod3.37)","Hornfels",0.0786052368633889,-0.076213732576961,0.240767346895522
"780","(STRAT_mod0.09 - STRAT_mod2.15) - (STRAT_mod2.15 - STRAT_mod2.88)","Hornfels",0.0873901350944191,-0.106247585739205,0.27572854689882
"781","(STRAT_mod0.09 - STRAT_mod2.15) - (STRAT_mod2.15 - STRAT_mod3.37)","Hornfels",0.0878291448949298,-0.10189746044432,0.281585408349711
"782","(STRAT_mod0.09 - STRAT_mod2.15) - (STRAT_mod2.88 - STRAT_mod3.37)","Hornfels",0.0764710290106587,-0.080422475687127,0.231210509856091
"783","(STRAT_mod0.09 - STRAT_mod2.88) - (STRAT_mod0.09 - STRAT_mod3.37)","Hornfels",0.000768004882043316,-0.0371706597497377,0.0370122957448356
"784","(STRAT_mod0.09 - STRAT_mod2.88) - (STRAT_mod0.1 - STRAT_mod0.2)","Hornfels",0.108741020686879,-0.0448408231645714,0.270767104828815
"785","(STRAT_mod0.09 - STRAT_mod2.88) - (STRAT_mod0.1 - STRAT_mod0.3)","Hornfels",0.125401099326859,-0.0276230737170273,0.277982836643426
"786","(STRAT_mod0.09 - STRAT_mod2.88) - (STRAT_mod0.1 - STRAT_mod0.82)","Hornfels",0.0481698040215897,-0.101089953738557,0.194502891771392
"787","(STRAT_mod0.09 - STRAT_mod2.88) - (STRAT_mod0.1 - STRAT_mod1.08)","Hornfels",0.0707361471651731,-0.0751392797735217,0.220438477358403
"788","(STRAT_mod0.09 - STRAT_mod2.88) - (STRAT_mod0.1 - STRAT_mod1.44)","Hornfels",0.0686291029062067,-0.0815325398621831,0.222567143737296
"789","(STRAT_mod0.09 - STRAT_mod2.88) - (STRAT_mod0.1 - STRAT_mod2.15)","Hornfels",0.0597021599612628,-0.0998307453887968,0.219825509916923
"790","(STRAT_mod0.09 - STRAT_mod2.88) - (STRAT_mod0.1 - STRAT_mod2.88)","Hornfels",0.0712845667092759,-0.0673204520279342,0.216439663102594
"791","(STRAT_mod0.09 - STRAT_mod2.88) - (STRAT_mod0.1 - STRAT_mod3.37)","Hornfels",0.0727515790865132,-0.0826951893268211,0.211551283506992
"792","(STRAT_mod0.09 - STRAT_mod2.88) - (STRAT_mod0.2 - STRAT_mod0.3)","Hornfels",0.081069690890325,-0.0837889088975992,0.234630504655924
"793","(STRAT_mod0.09 - STRAT_mod2.88) - (STRAT_mod0.2 - STRAT_mod0.82)","Hornfels",0.00160651658447053,-0.150505553731059,0.156957734603067
"794","(STRAT_mod0.09 - STRAT_mod2.88) - (STRAT_mod0.2 - STRAT_mod1.08)","Hornfels",0.0249084134935265,-0.132629261561554,0.176283581294865
"795","(STRAT_mod0.09 - STRAT_mod2.88) - (STRAT_mod0.2 - STRAT_mod1.44)","Hornfels",0.0243385557596183,-0.144778987890496,0.175854601877006
"796","(STRAT_mod0.09 - STRAT_mod2.88) - (STRAT_mod0.2 - STRAT_mod2.15)","Hornfels",0.0142767633884457,-0.152424354448471,0.177043840570128
"797","(STRAT_mod0.09 - STRAT_mod2.88) - (STRAT_mod0.2 - STRAT_mod2.88)","Hornfels",0.0265638554531376,-0.123780301726813,0.175206344849304
"798","(STRAT_mod0.09 - STRAT_mod2.88) - (STRAT_mod0.2 - STRAT_mod3.37)","Hornfels",0.0268004585778738,-0.124926713988574,0.181865991593245
"799","(STRAT_mod0.09 - STRAT_mod2.88) - (STRAT_mod0.3 - STRAT_mod0.82)","Hornfels",-0.0126849749551747,-0.163940213983213,0.136533993807574
"800","(STRAT_mod0.09 - STRAT_mod2.88) - (STRAT_mod0.3 - STRAT_mod1.08)","Hornfels",0.00921815098437562,-0.145307174985573,0.154137731740696
"801","(STRAT_mod0.09 - STRAT_mod2.88) - (STRAT_mod0.3 - STRAT_mod1.44)","Hornfels",0.0077084845425377,-0.150724346888442,0.159759058150544
"802","(STRAT_mod0.09 - STRAT_mod2.88) - (STRAT_mod0.3 - STRAT_mod2.15)","Hornfels",-0.000708452094179579,-0.169324493250201,0.153971704879391
"803","(STRAT_mod0.09 - STRAT_mod2.88) - (STRAT_mod0.3 - STRAT_mod2.88)","Hornfels",0.0118247635427902,-0.132043042381816,0.156305313536429
"804","(STRAT_mod0.09 - STRAT_mod2.88) - (STRAT_mod0.3 - STRAT_mod3.37)","Hornfels",0.0111055703700949,-0.141397311550333,0.156275713732163
"805","(STRAT_mod0.09 - STRAT_mod2.88) - (STRAT_mod0.82 - STRAT_mod1.08)","Hornfels",0.0874929818432157,-0.0589664070127482,0.230475331650526
"806","(STRAT_mod0.09 - STRAT_mod2.88) - (STRAT_mod0.82 - STRAT_mod1.44)","Hornfels",0.0860847856058604,-0.0615188764255392,0.241107227853468
"807","(STRAT_mod0.09 - STRAT_mod2.88) - (STRAT_mod0.82 - STRAT_mod2.15)","Hornfels",0.0766521739166786,-0.0764977872408883,0.237075441795017
"808","(STRAT_mod0.09 - STRAT_mod2.88) - (STRAT_mod0.82 - STRAT_mod2.88)","Hornfels",0.0886220476634074,-0.0506771286229122,0.226755054472322
"809","(STRAT_mod0.09 - STRAT_mod2.88) - (STRAT_mod0.82 - STRAT_mod3.37)","Hornfels",0.0899431848145762,-0.0609935340256302,0.229393022687363
"810","(STRAT_mod0.09 - STRAT_mod2.88) - (STRAT_mod1.08 - STRAT_mod1.44)","Hornfels",0.0632407691680044,-0.0865434601973276,0.214084408201674
"811","(STRAT_mod0.09 - STRAT_mod2.88) - (STRAT_mod1.08 - STRAT_mod2.15)","Hornfels",0.0538418457396326,-0.102683680142817,0.211194333490984
"812","(STRAT_mod0.09 - STRAT_mod2.88) - (STRAT_mod1.08 - STRAT_mod2.88)","Hornfels",0.0659119932676127,-0.0755356065500732,0.20265884727159
"813","(STRAT_mod0.09 - STRAT_mod2.88) - (STRAT_mod1.08 - STRAT_mod3.37)","Hornfels",0.0670909029005402,-0.078833723245971,0.20967294761505
"814","(STRAT_mod0.09 - STRAT_mod2.88) - (STRAT_mod1.44 - STRAT_mod2.15)","Hornfels",0.0554330847128697,-0.107915889170081,0.2124736592951
"815","(STRAT_mod0.09 - STRAT_mod2.88) - (STRAT_mod1.44 - STRAT_mod2.88)","Hornfels",0.0674558423785827,-0.0819330430808636,0.203582205010806
"816","(STRAT_mod0.09 - STRAT_mod2.88) - (STRAT_mod1.44 - STRAT_mod3.37)","Hornfels",0.0683346903244608,-0.0746844900909278,0.219913619331919
"817","(STRAT_mod0.09 - STRAT_mod2.88) - (STRAT_mod2.15 - STRAT_mod2.88)","Hornfels",0.0755591571296246,-0.0729223614088843,0.228101873781065
"818","(STRAT_mod0.09 - STRAT_mod2.88) - (STRAT_mod2.15 - STRAT_mod3.37)","Hornfels",0.0764710290106587,-0.080422475687127,0.231210509856091
"819","(STRAT_mod0.09 - STRAT_mod2.88) - (STRAT_mod2.88 - STRAT_mod3.37)","Hornfels",0.0654019410516651,-0.0927182596996103,0.213543028201864
"820","(STRAT_mod0.09 - STRAT_mod3.37) - (STRAT_mod0.1 - STRAT_mod0.2)","Hornfels",0.108453243878811,-0.0428901022744879,0.269474309029329
"821","(STRAT_mod0.09 - STRAT_mod3.37) - (STRAT_mod0.1 - STRAT_mod0.3)","Hornfels",0.124346209358433,-0.0211813014933138,0.280263036399181
"822","(STRAT_mod0.09 - STRAT_mod3.37) - (STRAT_mod0.1 - STRAT_mod0.82)","Hornfels",0.0468573053628203,-0.097274080178066,0.192496763780773
"823","(STRAT_mod0.09 - STRAT_mod3.37) - (STRAT_mod0.1 - STRAT_mod1.08)","Hornfels",0.0693152431519768,-0.0717768465363426,0.219965865538427
"824","(STRAT_mod0.09 - STRAT_mod3.37) - (STRAT_mod0.1 - STRAT_mod1.44)","Hornfels",0.0683931805223321,-0.0931131524943138,0.21060523020536
"825","(STRAT_mod0.09 - STRAT_mod3.37) - (STRAT_mod0.1 - STRAT_mod2.15)","Hornfels",0.0596273576574451,-0.0917588276029395,0.225791590167151
"826","(STRAT_mod0.09 - STRAT_mod3.37) - (STRAT_mod0.1 - STRAT_mod2.88)","Hornfels",0.0709357026589852,-0.074742026821593,0.216869450944177
"827","(STRAT_mod0.09 - STRAT_mod3.37) - (STRAT_mod0.1 - STRAT_mod3.37)","Hornfels",0.0712845667092759,-0.0673204520279342,0.216439663102594
"828","(STRAT_mod0.09 - STRAT_mod3.37) - (STRAT_mod0.2 - STRAT_mod0.3)","Hornfels",0.0795569209617357,-0.0820890640433776,0.230351811615757
"829","(STRAT_mod0.09 - STRAT_mod3.37) - (STRAT_mod0.2 - STRAT_mod0.82)","Hornfels",0.000396145489220734,-0.150599018120521,0.155342549823643
"830","(STRAT_mod0.09 - STRAT_mod3.37) - (STRAT_mod0.2 - STRAT_mod1.08)","Hornfels",0.0240733352146729,-0.122981024970287,0.183354600481137
"831","(STRAT_mod0.09 - STRAT_mod3.37) - (STRAT_mod0.2 - STRAT_mod1.44)","Hornfels",0.0234180028363125,-0.12631358097918,0.188625009746425
"832","(STRAT_mod0.09 - STRAT_mod3.37) - (STRAT_mod0.2 - STRAT_mod2.15)","Hornfels",0.0141341991441108,-0.144071331357793,0.182186288461696
"833","(STRAT_mod0.09 - STRAT_mod3.37) - (STRAT_mod0.2 - STRAT_mod2.88)","Hornfels",0.0259753370341145,-0.133034995358611,0.17374164614457
"834","(STRAT_mod0.09 - STRAT_mod3.37) - (STRAT_mod0.2 - STRAT_mod3.37)","Hornfels",0.0265638554531376,-0.123780301726813,0.175206344849304
"835","(STRAT_mod0.09 - STRAT_mod3.37) - (STRAT_mod0.3 - STRAT_mod0.82)","Hornfels",-0.0143307405954982,-0.168705481652872,0.128808217722557
"836","(STRAT_mod0.09 - STRAT_mod3.37) - (STRAT_mod0.3 - STRAT_mod1.08)","Hornfels",0.00920188408377975,-0.1387849873441,0.157238991798251
"837","(STRAT_mod0.09 - STRAT_mod3.37) - (STRAT_mod0.3 - STRAT_mod1.44)","Hornfels",0.00763762884080421,-0.147570653722771,0.159415501330826
"838","(STRAT_mod0.09 - STRAT_mod3.37) - (STRAT_mod0.3 - STRAT_mod2.15)","Hornfels",-0.00182769848284536,-0.153272117323522,0.166555282036563
"839","(STRAT_mod0.09 - STRAT_mod3.37) - (STRAT_mod0.3 - STRAT_mod2.88)","Hornfels",0.0106936132825952,-0.136982728116399,0.164696044676813
"840","(STRAT_mod0.09 - STRAT_mod3.37) - (STRAT_mod0.3 - STRAT_mod3.37)","Hornfels",0.0118247635427902,-0.132043042381816,0.156305313536429
"841","(STRAT_mod0.09 - STRAT_mod3.37) - (STRAT_mod0.82 - STRAT_mod1.08)","Hornfels",0.0866652558447949,-0.0496012857151462,0.234500775891563
"842","(STRAT_mod0.09 - STRAT_mod3.37) - (STRAT_mod0.82 - STRAT_mod1.44)","Hornfels",0.0853095785801727,-0.0649807966489142,0.232838103630306
"843","(STRAT_mod0.09 - STRAT_mod3.37) - (STRAT_mod0.82 - STRAT_mod2.15)","Hornfels",0.0764230370136652,-0.0745910532447915,0.234644603019717
"844","(STRAT_mod0.09 - STRAT_mod3.37) - (STRAT_mod0.82 - STRAT_mod2.88)","Hornfels",0.0877766990398814,-0.0534859575780193,0.232556872115251
"845","(STRAT_mod0.09 - STRAT_mod3.37) - (STRAT_mod0.82 - STRAT_mod3.37)","Hornfels",0.0886220476634074,-0.0506771286229122,0.226755054472322
"846","(STRAT_mod0.09 - STRAT_mod3.37) - (STRAT_mod1.08 - STRAT_mod1.44)","Hornfels",0.0630613000665545,-0.0852727985320114,0.211382957628927
"847","(STRAT_mod0.09 - STRAT_mod3.37) - (STRAT_mod1.08 - STRAT_mod2.15)","Hornfels",0.0538115080493364,-0.103328659496162,0.204894991551539
"848","(STRAT_mod0.09 - STRAT_mod3.37) - (STRAT_mod1.08 - STRAT_mod2.88)","Hornfels",0.0653451926393336,-0.0786708358796191,0.209065195849985
"849","(STRAT_mod0.09 - STRAT_mod3.37) - (STRAT_mod1.08 - STRAT_mod3.37)","Hornfels",0.0659119932676127,-0.0755356065500732,0.20265884727159
"850","(STRAT_mod0.09 - STRAT_mod3.37) - (STRAT_mod1.44 - STRAT_mod2.15)","Hornfels",0.0544747634713258,-0.104237019999241,0.21256771190644
"851","(STRAT_mod0.09 - STRAT_mod3.37) - (STRAT_mod1.44 - STRAT_mod2.88)","Hornfels",0.067186229246281,-0.0839594156964818,0.212105356449995
"852","(STRAT_mod0.09 - STRAT_mod3.37) - (STRAT_mod1.44 - STRAT_mod3.37)","Hornfels",0.0674558423785827,-0.0819330430808636,0.203582205010806
"853","(STRAT_mod0.09 - STRAT_mod3.37) - (STRAT_mod2.15 - STRAT_mod2.88)","Hornfels",0.0746329927069453,-0.087194445233393,0.225595397743639
"854","(STRAT_mod0.09 - STRAT_mod3.37) - (STRAT_mod2.15 - STRAT_mod3.37)","Hornfels",0.0755591571296246,-0.0729223614088843,0.228101873781065
"855","(STRAT_mod0.09 - STRAT_mod3.37) - (STRAT_mod2.88 - STRAT_mod3.37)","Hornfels",0.0649049320470318,-0.0718221608766734,0.209276623113839
"856","(STRAT_mod0.1 - STRAT_mod0.2) - (STRAT_mod0.1 - STRAT_mod0.3)","Hornfels",0.015831768966257,-0.0572070110581477,0.0927241096449478
"857","(STRAT_mod0.1 - STRAT_mod0.2) - (STRAT_mod0.1 - STRAT_mod0.82)","Hornfels",-0.0623295302120397,-0.124681642446732,0.00407846726144534
"858","(STRAT_mod0.1 - STRAT_mod0.2) - (STRAT_mod0.1 - STRAT_mod1.08)","Hornfels",-0.0400644185759085,-0.103942468623145,0.0256746331486211
"859","(STRAT_mod0.1 - STRAT_mod0.2) - (STRAT_mod0.1 - STRAT_mod1.44)","Hornfels",-0.0400861320523926,-0.113902692774036,0.0344478724107828
"860","(STRAT_mod0.1 - STRAT_mod0.2) - (STRAT_mod0.1 - STRAT_mod2.15)","Hornfels",-0.049133265457034,-0.137793394224654,0.0380876508654779
"861","(STRAT_mod0.1 - STRAT_mod0.2) - (STRAT_mod0.1 - STRAT_mod2.88)","Hornfels",-0.0378340303454949,-0.103635485053679,0.0287511433789169
"862","(STRAT_mod0.1 - STRAT_mod0.2) - (STRAT_mod0.1 - STRAT_mod3.37)","Hornfels",-0.037246272579794,-0.104918388197611,0.0237664711290617
"863","(STRAT_mod0.1 - STRAT_mod0.2) - (STRAT_mod0.2 - STRAT_mod0.3)","Hornfels",-0.0281298356067392,-0.160103806963982,0.103728136715253
"864","(STRAT_mod0.1 - STRAT_mod0.2) - (STRAT_mod0.2 - STRAT_mod0.82)","Hornfels",-0.106864620952731,-0.232262531860838,0.0238768754274754
"865","(STRAT_mod0.1 - STRAT_mod0.2) - (STRAT_mod0.2 - STRAT_mod1.08)","Hornfels",-0.0846389216904755,-0.214541435973799,0.0425977743265866
"866","(STRAT_mod0.1 - STRAT_mod0.2) - (STRAT_mod0.2 - STRAT_mod1.44)","Hornfels",-0.0847466970814312,-0.21650246380829,0.0515084003837347
"867","(STRAT_mod0.1 - STRAT_mod0.2) - (STRAT_mod0.2 - STRAT_mod2.15)","Hornfels",-0.0932401152123274,-0.236900456270976,0.0424520459889486
"868","(STRAT_mod0.1 - STRAT_mod0.2) - (STRAT_mod0.2 - STRAT_mod2.88)","Hornfels",-0.082570181345391,-0.211433909547202,0.0482396952504889
"869","(STRAT_mod0.1 - STRAT_mod0.2) - (STRAT_mod0.2 - STRAT_mod3.37)","Hornfels",-0.0815253487781489,-0.218213258456414,0.0374233197901712
"870","(STRAT_mod0.1 - STRAT_mod0.2) - (STRAT_mod0.3 - STRAT_mod0.82)","Hornfels",-0.123146276626095,-0.214659245041927,-0.03844646238836
"871","(STRAT_mod0.1 - STRAT_mod0.2) - (STRAT_mod0.3 - STRAT_mod1.08)","Hornfels",-0.100606909114595,-0.189252227566307,-0.0125695934547743
"872","(STRAT_mod0.1 - STRAT_mod0.2) - (STRAT_mod0.3 - STRAT_mod1.44)","Hornfels",-0.10150718405447,-0.201598816058919,-0.0107440300087118
"873","(STRAT_mod0.1 - STRAT_mod0.2) - (STRAT_mod0.3 - STRAT_mod2.15)","Hornfels",-0.109544281776472,-0.216049119185926,-0.0034159017432831
"874","(STRAT_mod0.1 - STRAT_mod0.2) - (STRAT_mod0.3 - STRAT_mod2.88)","Hornfels",-0.0980586020705043,-0.188117983866043,-0.00513476065744012
"875","(STRAT_mod0.1 - STRAT_mod0.2) - (STRAT_mod0.3 - STRAT_mod3.37)","Hornfels",-0.0968615502237504,-0.182907703876466,-0.00671440883604291
"876","(STRAT_mod0.1 - STRAT_mod0.2) - (STRAT_mod0.82 - STRAT_mod1.08)","Hornfels",-0.022032971189218,-0.101933055326358,0.0570082660804716
"877","(STRAT_mod0.1 - STRAT_mod0.2) - (STRAT_mod0.82 - STRAT_mod1.44)","Hornfels",-0.02346126173092,-0.107151738503061,0.0659512440094998
"878","(STRAT_mod0.1 - STRAT_mod0.2) - (STRAT_mod0.82 - STRAT_mod2.15)","Hornfels",-0.0310209357154139,-0.133992924110579,0.0616955926268719
"879","(STRAT_mod0.1 - STRAT_mod0.2) - (STRAT_mod0.82 - STRAT_mod2.88)","Hornfels",-0.019705815740926,-0.0996312247630988,0.0627359656537192
"880","(STRAT_mod0.1 - STRAT_mod0.2) - (STRAT_mod0.82 - STRAT_mod3.37)","Hornfels",-0.0200582140140149,-0.0974499073695538,0.060665653592805
"881","(STRAT_mod0.1 - STRAT_mod0.2) - (STRAT_mod1.08 - STRAT_mod1.44)","Hornfels",-0.0455790499542372,-0.135538163339415,0.0370488878687145
"882","(STRAT_mod0.1 - STRAT_mod0.2) - (STRAT_mod1.08 - STRAT_mod2.15)","Hornfels",-0.0539210706141842,-0.151954527453907,0.0439098746731128
"883","(STRAT_mod0.1 - STRAT_mod0.2) - (STRAT_mod1.08 - STRAT_mod2.88)","Hornfels",-0.0426842829565495,-0.122427730204952,0.0382879064503014
"884","(STRAT_mod0.1 - STRAT_mod0.2) - (STRAT_mod1.08 - STRAT_mod3.37)","Hornfels",-0.0423684938095845,-0.120055849540455,0.0349146402608409
"885","(STRAT_mod0.1 - STRAT_mod0.2) - (STRAT_mod1.44 - STRAT_mod2.15)","Hornfels",-0.0533307068017874,-0.158522233103335,0.052198246370927
"886","(STRAT_mod0.1 - STRAT_mod0.2) - (STRAT_mod1.44 - STRAT_mod2.88)","Hornfels",-0.0419079207426059,-0.124392627045677,0.0533554150184568
"887","(STRAT_mod0.1 - STRAT_mod0.2) - (STRAT_mod1.44 - STRAT_mod3.37)","Hornfels",-0.0418167241603775,-0.124521936309104,0.0489238832454939
"888","(STRAT_mod0.1 - STRAT_mod0.2) - (STRAT_mod2.15 - STRAT_mod2.88)","Hornfels",-0.0338565538904563,-0.136710106574677,0.0669193037223583
"889","(STRAT_mod0.1 - STRAT_mod0.2) - (STRAT_mod2.15 - STRAT_mod3.37)","Hornfels",-0.0325173587984773,-0.135700619930814,0.0660604964502332
"890","(STRAT_mod0.1 - STRAT_mod0.2) - (STRAT_mod2.88 - STRAT_mod3.37)","Hornfels",-0.0436177285565282,-0.124989514803638,0.0352018072157603
"891","(STRAT_mod0.1 - STRAT_mod0.3) - (STRAT_mod0.1 - STRAT_mod0.82)","Hornfels",-0.0786761105243139,-0.12896211014692,-0.0256902388456623
"892","(STRAT_mod0.1 - STRAT_mod0.3) - (STRAT_mod0.1 - STRAT_mod1.08)","Hornfels",-0.0550808003110201,-0.1067478474551,-0.00528889740722249
"893","(STRAT_mod0.1 - STRAT_mod0.3) - (STRAT_mod0.1 - STRAT_mod1.44)","Hornfels",-0.0563707221948049,-0.119607416772451,0.00590948928628965
"894","(STRAT_mod0.1 - STRAT_mod0.3) - (STRAT_mod0.1 - STRAT_mod2.15)","Hornfels",-0.0651875846767445,-0.147878622754091,0.0116674581385139
"895","(STRAT_mod0.1 - STRAT_mod0.3) - (STRAT_mod0.1 - STRAT_mod2.88)","Hornfels",-0.0538907217953264,-0.108456477619195,0.00226354886712565
"896","(STRAT_mod0.1 - STRAT_mod0.3) - (STRAT_mod0.1 - STRAT_mod3.37)","Hornfels",-0.0526768172066383,-0.104423054797721,-0.00366020470649397
"897","(STRAT_mod0.1 - STRAT_mod0.3) - (STRAT_mod0.2 - STRAT_mod0.3)","Hornfels",-0.0442008884975025,-0.115600401594105,0.0260961528688219
"898","(STRAT_mod0.1 - STRAT_mod0.3) - (STRAT_mod0.2 - STRAT_mod0.82)","Hornfels",-0.123146276626095,-0.214659245041927,-0.03844646238836
"899","(STRAT_mod0.1 - STRAT_mod0.3) - (STRAT_mod0.2 - STRAT_mod1.08)","Hornfels",-0.100606909114595,-0.189252227566307,-0.0125695934547743
"900","(STRAT_mod0.1 - STRAT_mod0.3) - (STRAT_mod0.2 - STRAT_mod1.44)","Hornfels",-0.10150718405447,-0.201598816058919,-0.0107440300087118
"901","(STRAT_mod0.1 - STRAT_mod0.3) - (STRAT_mod0.2 - STRAT_mod2.15)","Hornfels",-0.109544281776472,-0.216049119185926,-0.0034159017432831
"902","(STRAT_mod0.1 - STRAT_mod0.3) - (STRAT_mod0.2 - STRAT_mod2.88)","Hornfels",-0.0980586020705043,-0.188117983866043,-0.00513476065744012
"903","(STRAT_mod0.1 - STRAT_mod0.3) - (STRAT_mod0.2 - STRAT_mod3.37)","Hornfels",-0.0968615502237504,-0.182907703876466,-0.00671440883604291
"904","(STRAT_mod0.1 - STRAT_mod0.3) - (STRAT_mod0.3 - STRAT_mod0.82)","Hornfels",-0.139420569235489,-0.240845153955118,-0.0383911945771156
"905","(STRAT_mod0.1 - STRAT_mod0.3) - (STRAT_mod0.3 - STRAT_mod1.08)","Hornfels",-0.116041758964883,-0.214097282329017,-0.0111167630254809
"906","(STRAT_mod0.1 - STRAT_mod0.3) - (STRAT_mod0.3 - STRAT_mod1.44)","Hornfels",-0.116695797600147,-0.227531030433976,-0.0120983958685161
"907","(STRAT_mod0.1 - STRAT_mod0.3) - (STRAT_mod0.3 - STRAT_mod2.15)","Hornfels",-0.126107933389359,-0.250599820790359,-0.0145492438485162
"908","(STRAT_mod0.1 - STRAT_mod0.3) - (STRAT_mod0.3 - STRAT_mod2.88)","Hornfels",-0.114210863370386,-0.218664973871335,-0.0110611600552519
"909","(STRAT_mod0.1 - STRAT_mod0.3) - (STRAT_mod0.3 - STRAT_mod3.37)","Hornfels",-0.114176371891115,-0.218139450259071,-0.0171936582598247
"910","(STRAT_mod0.1 - STRAT_mod0.3) - (STRAT_mod0.82 - STRAT_mod1.08)","Hornfels",-0.0378606528029553,-0.108727596432851,0.0288191532902942
"911","(STRAT_mod0.1 - STRAT_mod0.3) - (STRAT_mod0.82 - STRAT_mod1.44)","Hornfels",-0.0391325425849358,-0.116962898911267,0.0395525709522806
"912","(STRAT_mod0.1 - STRAT_mod0.3) - (STRAT_mod0.82 - STRAT_mod2.15)","Hornfels",-0.0482386589153305,-0.138180906427947,0.0437986153877983
"913","(STRAT_mod0.1 - STRAT_mod0.3) - (STRAT_mod0.82 - STRAT_mod2.88)","Hornfels",-0.0363101769217762,-0.107552548941983,0.0357865032832381
"914","(STRAT_mod0.1 - STRAT_mod0.3) - (STRAT_mod0.82 - STRAT_mod3.37)","Hornfels",-0.0354378795820982,-0.104730898845803,0.0312520979530384
"915","(STRAT_mod0.1 - STRAT_mod0.3) - (STRAT_mod1.08 - STRAT_mod1.44)","Hornfels",-0.0616720624814278,-0.137459590370578,0.0180464634061024
"916","(STRAT_mod0.1 - STRAT_mod0.3) - (STRAT_mod1.08 - STRAT_mod2.15)","Hornfels",-0.0705356342273944,-0.166205257436987,0.0158413141813751
"917","(STRAT_mod0.1 - STRAT_mod0.3) - (STRAT_mod1.08 - STRAT_mod2.88)","Hornfels",-0.0591058336161956,-0.131631769571488,0.00992519293965088
"918","(STRAT_mod0.1 - STRAT_mod0.3) - (STRAT_mod1.08 - STRAT_mod3.37)","Hornfels",-0.0588238104820105,-0.123749980322498,0.00975894523094523
"919","(STRAT_mod0.1 - STRAT_mod0.3) - (STRAT_mod1.44 - STRAT_mod2.15)","Hornfels",-0.0696848704689412,-0.166603556708685,0.0294731188551172
"920","(STRAT_mod0.1 - STRAT_mod0.3) - (STRAT_mod1.44 - STRAT_mod2.88)","Hornfels",-0.0577451774972086,-0.139357863342802,0.0215782758671721
"921","(STRAT_mod0.1 - STRAT_mod0.3) - (STRAT_mod1.44 - STRAT_mod3.37)","Hornfels",-0.0578518487937316,-0.133932337369255,0.0197154122445919
"922","(STRAT_mod0.1 - STRAT_mod0.3) - (STRAT_mod2.15 - STRAT_mod2.88)","Hornfels",-0.0492804164241782,-0.143909839557841,0.0446048670431445
"923","(STRAT_mod0.1 - STRAT_mod0.3) - (STRAT_mod2.15 - STRAT_mod3.37)","Hornfels",-0.0483619191834823,-0.142192945746353,0.039812316145778
"924","(STRAT_mod0.1 - STRAT_mod0.3) - (STRAT_mod2.88 - STRAT_mod3.37)","Hornfels",-0.0602854936418127,-0.125869965564516,0.012605055261262
"925","(STRAT_mod0.1 - STRAT_mod0.82) - (STRAT_mod0.1 - STRAT_mod1.08)","Hornfels",0.0227150080368987,-0.0125294924368258,0.0569013748045561
"926","(STRAT_mod0.1 - STRAT_mod0.82) - (STRAT_mod0.1 - STRAT_mod1.44)","Hornfels",0.0219080748487015,-0.0308939673653863,0.0714419141972003
"927","(STRAT_mod0.1 - STRAT_mod0.82) - (STRAT_mod0.1 - STRAT_mod2.15)","Hornfels",0.0122279712580833,-0.0556058173604326,0.0845729513890654
"928","(STRAT_mod0.1 - STRAT_mod0.82) - (STRAT_mod0.1 - STRAT_mod2.88)","Hornfels",0.024606243269935,-0.0150723685916812,0.0636845766232308
"929","(STRAT_mod0.1 - STRAT_mod0.82) - (STRAT_mod0.1 - STRAT_mod3.37)","Hornfels",0.0249867492211422,-0.0096079786578529,0.0593884596449445
"930","(STRAT_mod0.1 - STRAT_mod0.82) - (STRAT_mod0.2 - STRAT_mod0.3)","Hornfels",0.0333327725068047,-0.05377733970482,0.120937675905834
"931","(STRAT_mod0.1 - STRAT_mod0.82) - (STRAT_mod0.2 - STRAT_mod0.82)","Hornfels",-0.0442008884975025,-0.115600401594105,0.0260961528688219
"932","(STRAT_mod0.1 - STRAT_mod0.82) - (STRAT_mod0.2 - STRAT_mod1.08)","Hornfels",-0.022032971189218,-0.101933055326358,0.0570082660804716
"933","(STRAT_mod0.1 - STRAT_mod0.82) - (STRAT_mod0.2 - STRAT_mod1.44)","Hornfels",-0.02346126173092,-0.107151738503061,0.0659512440094998
"934","(STRAT_mod0.1 - STRAT_mod0.82) - (STRAT_mod0.2 - STRAT_mod2.15)","Hornfels",-0.0310209357154139,-0.133992924110579,0.0616955926268719
"935","(STRAT_mod0.1 - STRAT_mod0.82) - (STRAT_mod0.2 - STRAT_mod2.88)","Hornfels",-0.019705815740926,-0.0996312247630988,0.0627359656537192
"936","(STRAT_mod0.1 - STRAT_mod0.82) - (STRAT_mod0.2 - STRAT_mod3.37)","Hornfels",-0.0200582140140149,-0.0974499073695538,0.060665653592805
"937","(STRAT_mod0.1 - STRAT_mod0.82) - (STRAT_mod0.3 - STRAT_mod0.82)","Hornfels",-0.0608531641177816,-0.119526937581821,-0.00206376367871286
"938","(STRAT_mod0.1 - STRAT_mod0.82) - (STRAT_mod0.3 - STRAT_mod1.08)","Hornfels",-0.0378606528029553,-0.108727596432851,0.0288191532902942
"939","(STRAT_mod0.1 - STRAT_mod0.82) - (STRAT_mod0.3 - STRAT_mod1.44)","Hornfels",-0.0391325425849358,-0.116962898911267,0.0395525709522806
"940","(STRAT_mod0.1 - STRAT_mod0.82) - (STRAT_mod0.3 - STRAT_mod2.15)","Hornfels",-0.0482386589153305,-0.138180906427947,0.0437986153877983
"941","(STRAT_mod0.1 - STRAT_mod0.82) - (STRAT_mod0.3 - STRAT_mod2.88)","Hornfels",-0.0363101769217762,-0.107552548941983,0.0357865032832381
"942","(STRAT_mod0.1 - STRAT_mod0.82) - (STRAT_mod0.3 - STRAT_mod3.37)","Hornfels",-0.0354378795820982,-0.104730898845803,0.0312520979530384
"943","(STRAT_mod0.1 - STRAT_mod0.82) - (STRAT_mod0.82 - STRAT_mod1.08)","Hornfels",0.0401783763464332,-0.025735213352466,0.108982345094788
"944","(STRAT_mod0.1 - STRAT_mod0.82) - (STRAT_mod0.82 - STRAT_mod1.44)","Hornfels",0.0384660458659549,-0.0378266078501364,0.116651997110331
"945","(STRAT_mod0.1 - STRAT_mod0.82) - (STRAT_mod0.82 - STRAT_mod2.15)","Hornfels",0.0294025571437653,-0.0593597782152138,0.121159414346129
"946","(STRAT_mod0.1 - STRAT_mod0.82) - (STRAT_mod0.82 - STRAT_mod2.88)","Hornfels",0.0419578076496401,-0.0276200924586334,0.110893660547422
"947","(STRAT_mod0.1 - STRAT_mod0.82) - (STRAT_mod0.82 - STRAT_mod3.37)","Hornfels",0.0422827217290385,-0.0264631374398552,0.108929222631399
"948","(STRAT_mod0.1 - STRAT_mod0.82) - (STRAT_mod1.08 - STRAT_mod1.44)","Hornfels",0.0160064161354814,-0.0486986334314863,0.0863222973887834
"949","(STRAT_mod0.1 - STRAT_mod0.82) - (STRAT_mod1.08 - STRAT_mod2.15)","Hornfels",0.00710927559878405,-0.0758858219738636,0.089084812319117
"950","(STRAT_mod0.1 - STRAT_mod0.82) - (STRAT_mod1.08 - STRAT_mod2.88)","Hornfels",0.0190801491219381,-0.0374653006908208,0.0805002512059589
"951","(STRAT_mod0.1 - STRAT_mod0.82) - (STRAT_mod1.08 - STRAT_mod3.37)","Hornfels",0.0190896766265931,-0.0346811830926512,0.0763953676336722
"952","(STRAT_mod0.1 - STRAT_mod0.82) - (STRAT_mod1.44 - STRAT_mod2.15)","Hornfels",0.00786932516167083,-0.0786151661878498,0.10005579751935
"953","(STRAT_mod0.1 - STRAT_mod0.82) - (STRAT_mod1.44 - STRAT_mod2.88)","Hornfels",0.0199811103471459,-0.0505059532418501,0.0893759996770727
"954","(STRAT_mod0.1 - STRAT_mod0.82) - (STRAT_mod1.44 - STRAT_mod3.37)","Hornfels",0.0203704927968933,-0.0457049509197041,0.0877870815139268
"955","(STRAT_mod0.1 - STRAT_mod0.82) - (STRAT_mod2.15 - STRAT_mod2.88)","Hornfels",0.0286565040343003,-0.0583332722477605,0.112288686875651
"956","(STRAT_mod0.1 - STRAT_mod0.82) - (STRAT_mod2.15 - STRAT_mod3.37)","Hornfels",0.029981084611951,-0.051446134888443,0.114578778700157
"957","(STRAT_mod0.1 - STRAT_mod0.82) - (STRAT_mod2.88 - STRAT_mod3.37)","Hornfels",0.0181622857530388,-0.0364916518474581,0.0834202407458866
"958","(STRAT_mod0.1 - STRAT_mod1.08) - (STRAT_mod0.1 - STRAT_mod1.44)","Hornfels",-0.000757222550246794,-0.0490750834484377,0.0508025386195698
"959","(STRAT_mod0.1 - STRAT_mod1.08) - (STRAT_mod0.1 - STRAT_mod2.15)","Hornfels",-0.0101171230393748,-0.0772088088931087,0.0620006233364498
"960","(STRAT_mod0.1 - STRAT_mod1.08) - (STRAT_mod0.1 - STRAT_mod2.88)","Hornfels",0.00164671972675134,-0.0347199214580565,0.0425411320925044
"961","(STRAT_mod0.1 - STRAT_mod1.08) - (STRAT_mod0.1 - STRAT_mod3.37)","Hornfels",0.00249910189424551,-0.0315517863250938,0.0331443834905247
"962","(STRAT_mod0.1 - STRAT_mod1.08) - (STRAT_mod0.2 - STRAT_mod0.3)","Hornfels",0.0113300703517769,-0.0773901057474018,0.0956662433893363
"963","(STRAT_mod0.1 - STRAT_mod1.08) - (STRAT_mod0.2 - STRAT_mod0.82)","Hornfels",-0.0679052815465231,-0.146977103764391,0.00874658208674406
"964","(STRAT_mod0.1 - STRAT_mod1.08) - (STRAT_mod0.2 - STRAT_mod1.08)","Hornfels",-0.0442008884975025,-0.115600401594105,0.0260961528688219
"965","(STRAT_mod0.1 - STRAT_mod1.08) - (STRAT_mod0.2 - STRAT_mod1.44)","Hornfels",-0.0455790499542372,-0.135538163339415,0.0370488878687145
"966","(STRAT_mod0.1 - STRAT_mod1.08) - (STRAT_mod0.2 - STRAT_mod2.15)","Hornfels",-0.0539210706141842,-0.151954527453907,0.0439098746731128
"967","(STRAT_mod0.1 - STRAT_mod1.08) - (STRAT_mod0.2 - STRAT_mod2.88)","Hornfels",-0.0426842829565495,-0.122427730204952,0.0382879064503014
"968","(STRAT_mod0.1 - STRAT_mod1.08) - (STRAT_mod0.2 - STRAT_mod3.37)","Hornfels",-0.0423684938095845,-0.120055849540455,0.0349146402608409
"969","(STRAT_mod0.1 - STRAT_mod1.08) - (STRAT_mod0.3 - STRAT_mod0.82)","Hornfels",-0.084204955069668,-0.152359216897636,-0.0169481285755366
"970","(STRAT_mod0.1 - STRAT_mod1.08) - (STRAT_mod0.3 - STRAT_mod1.08)","Hornfels",-0.0608531641177816,-0.119526937581821,-0.00206376367871286
"971","(STRAT_mod0.1 - STRAT_mod1.08) - (STRAT_mod0.3 - STRAT_mod1.44)","Hornfels",-0.0616720624814278,-0.137459590370578,0.0180464634061024
"972","(STRAT_mod0.1 - STRAT_mod1.08) - (STRAT_mod0.3 - STRAT_mod2.15)","Hornfels",-0.0705356342273944,-0.166205257436987,0.0158413141813751
"973","(STRAT_mod0.1 - STRAT_mod1.08) - (STRAT_mod0.3 - STRAT_mod2.88)","Hornfels",-0.0591058336161956,-0.131631769571488,0.00992519293965088
"974","(STRAT_mod0.1 - STRAT_mod1.08) - (STRAT_mod0.3 - STRAT_mod3.37)","Hornfels",-0.0588238104820105,-0.123749980322498,0.00975894523094523
"975","(STRAT_mod0.1 - STRAT_mod1.08) - (STRAT_mod0.82 - STRAT_mod1.08)","Hornfels",0.0171305958916581,-0.0300269624835785,0.0608168542537948
"976","(STRAT_mod0.1 - STRAT_mod1.08) - (STRAT_mod0.82 - STRAT_mod1.44)","Hornfels",0.0160064161354814,-0.0486986334314863,0.0863222973887834
"977","(STRAT_mod0.1 - STRAT_mod1.08) - (STRAT_mod0.82 - STRAT_mod2.15)","Hornfels",0.00710927559878405,-0.0758858219738636,0.089084812319117
"978","(STRAT_mod0.1 - STRAT_mod1.08) - (STRAT_mod0.82 - STRAT_mod2.88)","Hornfels",0.0190801491219381,-0.0374653006908208,0.0805002512059589
"979","(STRAT_mod0.1 - STRAT_mod1.08) - (STRAT_mod0.82 - STRAT_mod3.37)","Hornfels",0.0190896766265931,-0.0346811830926512,0.0763953676336722
"980","(STRAT_mod0.1 - STRAT_mod1.08) - (STRAT_mod1.08 - STRAT_mod1.44)","Hornfels",-0.00667636791609483,-0.0846577108236124,0.064554954331232
"981","(STRAT_mod0.1 - STRAT_mod1.08) - (STRAT_mod1.08 - STRAT_mod2.15)","Hornfels",-0.0156741371493705,-0.0980833583749527,0.0764164029464829
"982","(STRAT_mod0.1 - STRAT_mod1.08) - (STRAT_mod1.08 - STRAT_mod2.88)","Hornfels",-0.00429352041515019,-0.0683935129033539,0.0679544612717207
"983","(STRAT_mod0.1 - STRAT_mod1.08) - (STRAT_mod1.08 - STRAT_mod3.37)","Hornfels",-0.00373015723693193,-0.0661388551527722,0.0619067614490931
"984","(STRAT_mod0.1 - STRAT_mod1.08) - (STRAT_mod1.44 - STRAT_mod2.15)","Hornfels",-0.0154674739529455,-0.104464049724852,0.0740569862551901
"985","(STRAT_mod0.1 - STRAT_mod1.08) - (STRAT_mod1.44 - STRAT_mod2.88)","Hornfels",-0.00280170440959537,-0.0737761670250299,0.0657167219859507
"986","(STRAT_mod0.1 - STRAT_mod1.08) - (STRAT_mod1.44 - STRAT_mod3.37)","Hornfels",-0.00284672403403485,-0.0698495535290022,0.0617090310189492
"987","(STRAT_mod0.1 - STRAT_mod1.08) - (STRAT_mod2.15 - STRAT_mod2.88)","Hornfels",0.00606501184632746,-0.083261128553942,0.0872200864405754
"988","(STRAT_mod0.1 - STRAT_mod1.08) - (STRAT_mod2.15 - STRAT_mod3.37)","Hornfels",0.00643731299339256,-0.0777081612703463,0.0876355280257006
"989","(STRAT_mod0.1 - STRAT_mod1.08) - (STRAT_mod2.88 - STRAT_mod3.37)","Hornfels",-0.00489517105083848,-0.0618329010820178,0.0533139845654289
"990","(STRAT_mod0.1 - STRAT_mod1.44) - (STRAT_mod0.1 - STRAT_mod2.15)","Hornfels",-0.0090004871544298,-0.0839897256324278,0.0731212363318594
"991","(STRAT_mod0.1 - STRAT_mod1.44) - (STRAT_mod0.1 - STRAT_mod2.88)","Hornfels",0.00302333389671738,-0.0511238133621044,0.0562631105328801
"992","(STRAT_mod0.1 - STRAT_mod1.44) - (STRAT_mod0.1 - STRAT_mod3.37)","Hornfels",0.00318245838566145,-0.0461535187158799,0.0523522281572166
"993","(STRAT_mod0.1 - STRAT_mod1.44) - (STRAT_mod0.2 - STRAT_mod0.3)","Hornfels",0.0113905820434514,-0.0791930297896606,0.109710754553765
"994","(STRAT_mod0.1 - STRAT_mod1.44) - (STRAT_mod0.2 - STRAT_mod0.82)","Hornfels",-0.0664557255226323,-0.156751209636277,0.0178758335287883
"995","(STRAT_mod0.1 - STRAT_mod1.44) - (STRAT_mod0.2 - STRAT_mod1.08)","Hornfels",-0.0434513636413765,-0.128614658620557,0.045503503054233
"996","(STRAT_mod0.1 - STRAT_mod1.44) - (STRAT_mod0.2 - STRAT_mod1.44)","Hornfels",-0.0442008884975025,-0.115600401594105,0.0260961528688219
"997","(STRAT_mod0.1 - STRAT_mod1.44) - (STRAT_mod0.2 - STRAT_mod2.15)","Hornfels",-0.0533307068017874,-0.158522233103335,0.052198246370927
"998","(STRAT_mod0.1 - STRAT_mod1.44) - (STRAT_mod0.2 - STRAT_mod2.88)","Hornfels",-0.0419079207426059,-0.124392627045677,0.0533554150184568
"999","(STRAT_mod0.1 - STRAT_mod1.44) - (STRAT_mod0.2 - STRAT_mod3.37)","Hornfels",-0.0418167241603775,-0.124521936309104,0.0489238832454939
"1000","(STRAT_mod0.1 - STRAT_mod1.44) - (STRAT_mod0.3 - STRAT_mod0.82)","Hornfels",-0.0831418757087015,-0.165879501509888,-0.00942299507476063
"1001","(STRAT_mod0.1 - STRAT_mod1.44) - (STRAT_mod0.3 - STRAT_mod1.08)","Hornfels",-0.0596737506111891,-0.136186689540491,0.017975398082819
"1002","(STRAT_mod0.1 - STRAT_mod1.44) - (STRAT_mod0.3 - STRAT_mod1.44)","Hornfels",-0.0608531641177816,-0.119526937581821,-0.00206376367871286
"1003","(STRAT_mod0.1 - STRAT_mod1.44) - (STRAT_mod0.3 - STRAT_mod2.15)","Hornfels",-0.0696848704689412,-0.166603556708685,0.0294731188551172
"1004","(STRAT_mod0.1 - STRAT_mod1.44) - (STRAT_mod0.3 - STRAT_mod2.88)","Hornfels",-0.0577451774972086,-0.139357863342802,0.0215782758671721
"1005","(STRAT_mod0.1 - STRAT_mod1.44) - (STRAT_mod0.3 - STRAT_mod3.37)","Hornfels",-0.0578518487937316,-0.133932337369255,0.0197154122445919
"1006","(STRAT_mod0.1 - STRAT_mod1.44) - (STRAT_mod0.82 - STRAT_mod1.08)","Hornfels",0.0185688281859271,-0.0499257448494164,0.084133970188482
"1007","(STRAT_mod0.1 - STRAT_mod1.44) - (STRAT_mod0.82 - STRAT_mod1.44)","Hornfels",0.0171305958916581,-0.0300269624835785,0.0608168542537948
"1008","(STRAT_mod0.1 - STRAT_mod1.44) - (STRAT_mod0.82 - STRAT_mod2.15)","Hornfels",0.00786932516167083,-0.0786151661878498,0.10005579751935
"1009","(STRAT_mod0.1 - STRAT_mod1.44) - (STRAT_mod0.82 - STRAT_mod2.88)","Hornfels",0.0199811103471459,-0.0505059532418501,0.0893759996770727
"1010","(STRAT_mod0.1 - STRAT_mod1.44) - (STRAT_mod0.82 - STRAT_mod3.37)","Hornfels",0.0203704927968933,-0.0457049509197041,0.0877870815139268
"1011","(STRAT_mod0.1 - STRAT_mod1.44) - (STRAT_mod1.08 - STRAT_mod1.44)","Hornfels",-0.00578679362004775,-0.046921910750497,0.040606677764877
"1012","(STRAT_mod0.1 - STRAT_mod1.44) - (STRAT_mod1.08 - STRAT_mod2.15)","Hornfels",-0.0154674739529455,-0.104464049724852,0.0740569862551901
"1013","(STRAT_mod0.1 - STRAT_mod1.44) - (STRAT_mod1.08 - STRAT_mod2.88)","Hornfels",-0.00280170440959537,-0.0737761670250299,0.0657167219859507
"1014","(STRAT_mod0.1 - STRAT_mod1.44) - (STRAT_mod1.08 - STRAT_mod3.37)","Hornfels",-0.00284672403403485,-0.0698495535290022,0.0617090310189492
"1015","(STRAT_mod0.1 - STRAT_mod1.44) - (STRAT_mod1.44 - STRAT_mod2.15)","Hornfels",-0.0138630747388244,-0.126241281606139,0.102146497114423
"1016","(STRAT_mod0.1 - STRAT_mod1.44) - (STRAT_mod1.44 - STRAT_mod2.88)","Hornfels",-0.00241961261638668,-0.09761225497981,0.103853146394888
"1017","(STRAT_mod0.1 - STRAT_mod1.44) - (STRAT_mod1.44 - STRAT_mod3.37)","Hornfels",-0.00225605433120823,-0.0970479666687947,0.0999105596640351
"1018","(STRAT_mod0.1 - STRAT_mod1.44) - (STRAT_mod2.15 - STRAT_mod2.88)","Hornfels",0.00654336924024457,-0.0871074825278129,0.0992053260595953
"1019","(STRAT_mod0.1 - STRAT_mod1.44) - (STRAT_mod2.15 - STRAT_mod3.37)","Hornfels",0.00780714351404832,-0.0842380187485161,0.0963852664963456
"1020","(STRAT_mod0.1 - STRAT_mod1.44) - (STRAT_mod2.88 - STRAT_mod3.37)","Hornfels",-0.00409861333271344,-0.0706089289177219,0.0660524544732395
"1021","(STRAT_mod0.1 - STRAT_mod2.15) - (STRAT_mod0.1 - STRAT_mod2.88)","Hornfels",0.0118634172815322,-0.0630527637715796,0.0831589730048599
"1022","(STRAT_mod0.1 - STRAT_mod2.15) - (STRAT_mod0.1 - STRAT_mod3.37)","Hornfels",0.0127383201639859,-0.0604663436987551,0.0780770665831874
"1023","(STRAT_mod0.1 - STRAT_mod2.15) - (STRAT_mod0.2 - STRAT_mod0.3)","Hornfels",0.0203456728348812,-0.0835176873897217,0.131697473328492
"1024","(STRAT_mod0.1 - STRAT_mod2.15) - (STRAT_mod0.2 - STRAT_mod0.82)","Hornfels",-0.0575904657412092,-0.158081655671289,0.0431246431026704
"1025","(STRAT_mod0.1 - STRAT_mod2.15) - (STRAT_mod0.2 - STRAT_mod1.08)","Hornfels",-0.0349374718705926,-0.13750086880681,0.0640838557459253
"1026","(STRAT_mod0.1 - STRAT_mod2.15) - (STRAT_mod0.2 - STRAT_mod1.44)","Hornfels",-0.0355804753680971,-0.149170236270316,0.0660040024765962
"1027","(STRAT_mod0.1 - STRAT_mod2.15) - (STRAT_mod0.2 - STRAT_mod2.15)","Hornfels",-0.0442008884975025,-0.115600401594105,0.0260961528688219
"1028","(STRAT_mod0.1 - STRAT_mod2.15) - (STRAT_mod0.2 - STRAT_mod2.88)","Hornfels",-0.0338565538904563,-0.136710106574677,0.0669193037223583
"1029","(STRAT_mod0.1 - STRAT_mod2.15) - (STRAT_mod0.2 - STRAT_mod3.37)","Hornfels",-0.0325173587984773,-0.135700619930814,0.0660604964502332
"1030","(STRAT_mod0.1 - STRAT_mod2.15) - (STRAT_mod0.3 - STRAT_mod0.82)","Hornfels",-0.0735697479762745,-0.163354429293627,0.0211958867157396
"1031","(STRAT_mod0.1 - STRAT_mod2.15) - (STRAT_mod0.3 - STRAT_mod1.08)","Hornfels",-0.0509744879552712,-0.143754080045793,0.0394310975654122
"1032","(STRAT_mod0.1 - STRAT_mod2.15) - (STRAT_mod0.3 - STRAT_mod1.44)","Hornfels",-0.0520721710560004,-0.154150199333401,0.0443445826617626
"1033","(STRAT_mod0.1 - STRAT_mod2.15) - (STRAT_mod0.3 - STRAT_mod2.15)","Hornfels",-0.0608531641177816,-0.119526937581821,-0.00206376367871286
"1034","(STRAT_mod0.1 - STRAT_mod2.15) - (STRAT_mod0.3 - STRAT_mod2.88)","Hornfels",-0.0492804164241782,-0.143909839557841,0.0446048670431445
"1035","(STRAT_mod0.1 - STRAT_mod2.15) - (STRAT_mod0.3 - STRAT_mod3.37)","Hornfels",-0.0483619191834823,-0.142192945746353,0.039812316145778
"1036","(STRAT_mod0.1 - STRAT_mod2.15) - (STRAT_mod0.82 - STRAT_mod1.08)","Hornfels",0.0276656988486788,-0.0529234140250092,0.112902052289089
"1037","(STRAT_mod0.1 - STRAT_mod2.15) - (STRAT_mod0.82 - STRAT_mod1.44)","Hornfels",0.0262583822455089,-0.06606219771496,0.116531080736333
"1038","(STRAT_mod0.1 - STRAT_mod2.15) - (STRAT_mod0.82 - STRAT_mod2.15)","Hornfels",0.0171305958916581,-0.0300269624835785,0.0608168542537948
"1039","(STRAT_mod0.1 - STRAT_mod2.15) - (STRAT_mod0.82 - STRAT_mod2.88)","Hornfels",0.0286565040343003,-0.0583332722477605,0.112288686875651
"1040","(STRAT_mod0.1 - STRAT_mod2.15) - (STRAT_mod0.82 - STRAT_mod3.37)","Hornfels",0.029981084611951,-0.051446134888443,0.114578778700157
"1041","(STRAT_mod0.1 - STRAT_mod2.15) - (STRAT_mod1.08 - STRAT_mod1.44)","Hornfels",0.0030916233663385,-0.0926756982730681,0.0900197357946579
"1042","(STRAT_mod0.1 - STRAT_mod2.15) - (STRAT_mod1.08 - STRAT_mod2.15)","Hornfels",-0.00578679362004775,-0.046921910750497,0.040606677764877
"1043","(STRAT_mod0.1 - STRAT_mod2.15) - (STRAT_mod1.08 - STRAT_mod2.88)","Hornfels",0.00606501184632746,-0.083261128553942,0.0872200864405754
"1044","(STRAT_mod0.1 - STRAT_mod2.15) - (STRAT_mod1.08 - STRAT_mod3.37)","Hornfels",0.00643731299339256,-0.0777081612703463,0.0876355280257006
"1045","(STRAT_mod0.1 - STRAT_mod2.15) - (STRAT_mod1.44 - STRAT_mod2.15)","Hornfels",-0.00490873018012428,-0.0601597198059296,0.0545104809950425
"1046","(STRAT_mod0.1 - STRAT_mod2.15) - (STRAT_mod1.44 - STRAT_mod2.88)","Hornfels",0.00654336924024457,-0.0871074825278129,0.0992053260595953
"1047","(STRAT_mod0.1 - STRAT_mod2.15) - (STRAT_mod1.44 - STRAT_mod3.37)","Hornfels",0.00780714351404832,-0.0842380187485161,0.0963852664963456
"1048","(STRAT_mod0.1 - STRAT_mod2.15) - (STRAT_mod2.15 - STRAT_mod2.88)","Hornfels",0.0163847563954014,-0.129100136590155,0.151759030585377
"1049","(STRAT_mod0.1 - STRAT_mod2.15) - (STRAT_mod2.15 - STRAT_mod3.37)","Hornfels",0.017946635221713,-0.118366708934945,0.158835955871846
"1050","(STRAT_mod0.1 - STRAT_mod2.15) - (STRAT_mod2.88 - STRAT_mod3.37)","Hornfels",0.00503969917357261,-0.0763737047209996,0.0932199770639262
"1051","(STRAT_mod0.1 - STRAT_mod2.88) - (STRAT_mod0.1 - STRAT_mod3.37)","Hornfels",0.000768004882043316,-0.0371706597497377,0.0370122957448356
"1052","(STRAT_mod0.1 - STRAT_mod2.88) - (STRAT_mod0.2 - STRAT_mod0.3)","Hornfels",0.00872389880084623,-0.0804040886850701,0.10008686112338
"1053","(STRAT_mod0.1 - STRAT_mod2.88) - (STRAT_mod0.2 - STRAT_mod0.82)","Hornfels",-0.069029341519607,-0.148886367481362,0.0113993860098751
"1054","(STRAT_mod0.1 - STRAT_mod2.88) - (STRAT_mod0.2 - STRAT_mod1.08)","Hornfels",-0.046309231356489,-0.127842302082884,0.0326647379025706
"1055","(STRAT_mod0.1 - STRAT_mod2.88) - (STRAT_mod0.2 - STRAT_mod1.44)","Hornfels",-0.047353603392418,-0.134435616406609,0.0433120372302165
"1056","(STRAT_mod0.1 - STRAT_mod2.88) - (STRAT_mod0.2 - STRAT_mod2.15)","Hornfels",-0.0553789099339612,-0.159375466199691,0.0409245214571543
"1057","(STRAT_mod0.1 - STRAT_mod2.88) - (STRAT_mod0.2 - STRAT_mod2.88)","Hornfels",-0.0442008884975025,-0.115600401594105,0.0260961528688219
"1058","(STRAT_mod0.1 - STRAT_mod2.88) - (STRAT_mod0.2 - STRAT_mod3.37)","Hornfels",-0.0436177285565282,-0.124989514803638,0.0352018072157603
"1059","(STRAT_mod0.1 - STRAT_mod2.88) - (STRAT_mod0.3 - STRAT_mod0.82)","Hornfels",-0.0856589689490586,-0.154971131512508,-0.0136850088825007
"1060","(STRAT_mod0.1 - STRAT_mod2.88) - (STRAT_mod0.3 - STRAT_mod1.08)","Hornfels",-0.0625761215191467,-0.133978064883963,0.00645633619760311
"1061","(STRAT_mod0.1 - STRAT_mod2.88) - (STRAT_mod0.3 - STRAT_mod1.44)","Hornfels",-0.0629912264786747,-0.141617173359824,0.0167051876344075
"1062","(STRAT_mod0.1 - STRAT_mod2.88) - (STRAT_mod0.3 - STRAT_mod2.15)","Hornfels",-0.0725510887498022,-0.157212785909373,0.0286041272729176
"1063","(STRAT_mod0.1 - STRAT_mod2.88) - (STRAT_mod0.3 - STRAT_mod2.88)","Hornfels",-0.0608531641177816,-0.119526937581821,-0.00206376367871286
"1064","(STRAT_mod0.1 - STRAT_mod2.88) - (STRAT_mod0.3 - STRAT_mod3.37)","Hornfels",-0.0602854936418127,-0.125869965564516,0.012605055261262
"1065","(STRAT_mod0.1 - STRAT_mod2.88) - (STRAT_mod0.82 - STRAT_mod1.08)","Hornfels",0.0157095080796761,-0.0433726474548637,0.0752225248858918
"1066","(STRAT_mod0.1 - STRAT_mod2.88) - (STRAT_mod0.82 - STRAT_mod1.44)","Hornfels",0.0147624295938,-0.0563524113612575,0.0837806240321486
"1067","(STRAT_mod0.1 - STRAT_mod2.88) - (STRAT_mod0.82 - STRAT_mod2.15)","Hornfels",0.00528418774118022,-0.0821050544898427,0.0879477477112642
"1068","(STRAT_mod0.1 - STRAT_mod2.88) - (STRAT_mod0.82 - STRAT_mod2.88)","Hornfels",0.0171305958916581,-0.0300269624835785,0.0608168542537948
"1069","(STRAT_mod0.1 - STRAT_mod2.88) - (STRAT_mod0.82 - STRAT_mod3.37)","Hornfels",0.0181622857530388,-0.0364916518474581,0.0834202407458866
"1070","(STRAT_mod0.1 - STRAT_mod2.88) - (STRAT_mod1.08 - STRAT_mod1.44)","Hornfels",-0.00839942631709167,-0.0731166170648301,0.0656133142344681
"1071","(STRAT_mod0.1 - STRAT_mod2.88) - (STRAT_mod1.08 - STRAT_mod2.15)","Hornfels",-0.0168444253851434,-0.100728792094864,0.0682063468011389
"1072","(STRAT_mod0.1 - STRAT_mod2.88) - (STRAT_mod1.08 - STRAT_mod2.88)","Hornfels",-0.00578679362004775,-0.046921910750497,0.040606677764877
"1073","(STRAT_mod0.1 - STRAT_mod2.88) - (STRAT_mod1.08 - STRAT_mod3.37)","Hornfels",-0.00489517105083848,-0.0618329010820178,0.0533139845654289
"1074","(STRAT_mod0.1 - STRAT_mod2.88) - (STRAT_mod1.44 - STRAT_mod2.15)","Hornfels",-0.0164669058569724,-0.105494259870323,0.078630208512096
"1075","(STRAT_mod0.1 - STRAT_mod2.88) - (STRAT_mod1.44 - STRAT_mod2.88)","Hornfels",-0.00490873018012428,-0.0601597198059296,0.0545104809950425
"1076","(STRAT_mod0.1 - STRAT_mod2.88) - (STRAT_mod1.44 - STRAT_mod3.37)","Hornfels",-0.00409861333271344,-0.0706089289177219,0.0660524544732395
"1077","(STRAT_mod0.1 - STRAT_mod2.88) - (STRAT_mod2.15 - STRAT_mod2.88)","Hornfels",0.00492660203106943,-0.0731572801178979,0.078520464711568
"1078","(STRAT_mod0.1 - STRAT_mod2.88) - (STRAT_mod2.15 - STRAT_mod3.37)","Hornfels",0.00503969917357261,-0.0763737047209996,0.0932199770639262
"1079","(STRAT_mod0.1 - STRAT_mod2.88) - (STRAT_mod2.88 - STRAT_mod3.37)","Hornfels",-0.00635363377791487,-0.0795462923340997,0.0693315789543258
"1080","(STRAT_mod0.1 - STRAT_mod3.37) - (STRAT_mod0.2 - STRAT_mod0.3)","Hornfels",0.00824125478817428,-0.0757925746592223,0.0975428491126986
"1081","(STRAT_mod0.1 - STRAT_mod3.37) - (STRAT_mod0.2 - STRAT_mod0.82)","Hornfels",-0.0703204836206452,-0.146133711447413,0.00950950373004877
"1082","(STRAT_mod0.1 - STRAT_mod3.37) - (STRAT_mod0.2 - STRAT_mod1.08)","Hornfels",-0.0476807963969121,-0.124767352746292,0.0314766575251784
"1083","(STRAT_mod0.1 - STRAT_mod3.37) - (STRAT_mod0.2 - STRAT_mod1.44)","Hornfels",-0.0478431570570079,-0.137487462793986,0.0357868256631053
"1084","(STRAT_mod0.1 - STRAT_mod3.37) - (STRAT_mod0.2 - STRAT_mod2.15)","Hornfels",-0.0562361688815025,-0.157728697661595,0.0380655196677182
"1085","(STRAT_mod0.1 - STRAT_mod3.37) - (STRAT_mod0.2 - STRAT_mod2.88)","Hornfels",-0.0459807501522311,-0.129112791338133,0.0306844544335174
"1086","(STRAT_mod0.1 - STRAT_mod3.37) - (STRAT_mod0.2 - STRAT_mod3.37)","Hornfels",-0.0442008884975025,-0.115600401594105,0.0260961528688219
"1087","(STRAT_mod0.1 - STRAT_mod3.37) - (STRAT_mod0.3 - STRAT_mod0.82)","Hornfels",-0.0856852811497493,-0.151923955269147,-0.0156764591537235
"1088","(STRAT_mod0.1 - STRAT_mod3.37) - (STRAT_mod0.3 - STRAT_mod1.08)","Hornfels",-0.0633276700976757,-0.128203351711126,0.00471475189821113
"1089","(STRAT_mod0.1 - STRAT_mod3.37) - (STRAT_mod0.3 - STRAT_mod1.44)","Hornfels",-0.0642248204163602,-0.14173943879568,0.0128438835006657
"1090","(STRAT_mod0.1 - STRAT_mod3.37) - (STRAT_mod0.3 - STRAT_mod2.15)","Hornfels",-0.0732691580192721,-0.15913631283619,0.0220821669471452
"1091","(STRAT_mod0.1 - STRAT_mod3.37) - (STRAT_mod0.3 - STRAT_mod2.88)","Hornfels",-0.0612990042845898,-0.131594911975812,0.0086669032202269
"1092","(STRAT_mod0.1 - STRAT_mod3.37) - (STRAT_mod0.3 - STRAT_mod3.37)","Hornfels",-0.0608531641177816,-0.119526937581821,-0.00206376367871286
"1093","(STRAT_mod0.1 - STRAT_mod3.37) - (STRAT_mod0.82 - STRAT_mod1.08)","Hornfels",0.015487340973344,-0.0419499790786144,0.0686084598193912
"1094","(STRAT_mod0.1 - STRAT_mod3.37) - (STRAT_mod0.82 - STRAT_mod1.44)","Hornfels",0.0139599732272366,-0.0503823691605638,0.0836271967756881
"1095","(STRAT_mod0.1 - STRAT_mod3.37) - (STRAT_mod0.82 - STRAT_mod2.15)","Hornfels",0.00480912105422915,-0.0789207328474224,0.0852857536507066
"1096","(STRAT_mod0.1 - STRAT_mod3.37) - (STRAT_mod0.82 - STRAT_mod2.88)","Hornfels",0.0170657827151035,-0.0423708404870839,0.0740966368108449
"1097","(STRAT_mod0.1 - STRAT_mod3.37) - (STRAT_mod0.82 - STRAT_mod3.37)","Hornfels",0.0171305958916581,-0.0300269624835785,0.0608168542537948
"1098","(STRAT_mod0.1 - STRAT_mod3.37) - (STRAT_mod1.08 - STRAT_mod1.44)","Hornfels",-0.00872646533797083,-0.0749707634011716,0.0577703958760698
"1099","(STRAT_mod0.1 - STRAT_mod3.37) - (STRAT_mod1.08 - STRAT_mod2.15)","Hornfels",-0.0179347619084651,-0.0987691698588162,0.0622461758558441
"1100","(STRAT_mod0.1 - STRAT_mod3.37) - (STRAT_mod1.08 - STRAT_mod2.88)","Hornfels",-0.00617645995463945,-0.0645249899939691,0.0514643277333127
"1101","(STRAT_mod0.1 - STRAT_mod3.37) - (STRAT_mod1.08 - STRAT_mod3.37)","Hornfels",-0.00578679362004775,-0.046921910750497,0.040606677764877
"1102","(STRAT_mod0.1 - STRAT_mod3.37) - (STRAT_mod1.44 - STRAT_mod2.15)","Hornfels",-0.0170591780193954,-0.107365911103253,0.0703267331419748
"1103","(STRAT_mod0.1 - STRAT_mod3.37) - (STRAT_mod1.44 - STRAT_mod2.88)","Hornfels",-0.00474337754169785,-0.0761854353987745,0.0626101944304307
"1104","(STRAT_mod0.1 - STRAT_mod3.37) - (STRAT_mod1.44 - STRAT_mod3.37)","Hornfels",-0.00490873018012428,-0.0601597198059296,0.0545104809950425
"1105","(STRAT_mod0.1 - STRAT_mod3.37) - (STRAT_mod2.15 - STRAT_mod2.88)","Hornfels",0.00393638493509485,-0.0843908337837127,0.0858523719717814
"1106","(STRAT_mod0.1 - STRAT_mod3.37) - (STRAT_mod2.15 - STRAT_mod3.37)","Hornfels",0.00492660203106943,-0.0731572801178979,0.078520464711568
"1107","(STRAT_mod0.1 - STRAT_mod3.37) - (STRAT_mod2.88 - STRAT_mod3.37)","Hornfels",-0.00710699415527727,-0.0564597891723788,0.0397219025639011
"1108","(STRAT_mod0.2 - STRAT_mod0.3) - (STRAT_mod0.2 - STRAT_mod0.82)","Hornfels",-0.0786761105243139,-0.12896211014692,-0.0256902388456623
"1109","(STRAT_mod0.2 - STRAT_mod0.3) - (STRAT_mod0.2 - STRAT_mod1.08)","Hornfels",-0.0550808003110201,-0.1067478474551,-0.00528889740722249
"1110","(STRAT_mod0.2 - STRAT_mod0.3) - (STRAT_mod0.2 - STRAT_mod1.44)","Hornfels",-0.0563707221948049,-0.119607416772451,0.00590948928628965
"1111","(STRAT_mod0.2 - STRAT_mod0.3) - (STRAT_mod0.2 - STRAT_mod2.15)","Hornfels",-0.0651875846767445,-0.147878622754091,0.0116674581385139
"1112","(STRAT_mod0.2 - STRAT_mod0.3) - (STRAT_mod0.2 - STRAT_mod2.88)","Hornfels",-0.0538907217953264,-0.108456477619195,0.00226354886712565
"1113","(STRAT_mod0.2 - STRAT_mod0.3) - (STRAT_mod0.2 - STRAT_mod3.37)","Hornfels",-0.0526768172066383,-0.104423054797721,-0.00366020470649397
"1114","(STRAT_mod0.2 - STRAT_mod0.3) - (STRAT_mod0.3 - STRAT_mod0.82)","Hornfels",-0.0940965922763608,-0.206986795016749,0.0158493628993384
"1115","(STRAT_mod0.2 - STRAT_mod0.3) - (STRAT_mod0.3 - STRAT_mod1.08)","Hornfels",-0.0713577490233264,-0.184846511933,0.0371026304695858
"1116","(STRAT_mod0.2 - STRAT_mod0.3) - (STRAT_mod0.3 - STRAT_mod1.44)","Hornfels",-0.0721561892316376,-0.189095938180841,0.0444567458655705
"1117","(STRAT_mod0.2 - STRAT_mod0.3) - (STRAT_mod0.3 - STRAT_mod2.15)","Hornfels",-0.0819112094168108,-0.211246658521575,0.0429225628849901
"1118","(STRAT_mod0.2 - STRAT_mod0.3) - (STRAT_mod0.3 - STRAT_mod2.88)","Hornfels",-0.0695984446716926,-0.183141983053576,0.0445899335700903
"1119","(STRAT_mod0.2 - STRAT_mod0.3) - (STRAT_mod0.3 - STRAT_mod3.37)","Hornfels",-0.0685194402416887,-0.174404962559726,0.0464270010179613
"1120","(STRAT_mod0.2 - STRAT_mod0.3) - (STRAT_mod0.82 - STRAT_mod1.08)","Hornfels",0.00673692172625029,-0.0746563170810544,0.0901013860973667
"1121","(STRAT_mod0.2 - STRAT_mod0.3) - (STRAT_mod0.82 - STRAT_mod1.44)","Hornfels",0.00561130041645574,-0.0890166120273714,0.0929398230646896
"1122","(STRAT_mod0.2 - STRAT_mod0.3) - (STRAT_mod0.82 - STRAT_mod2.15)","Hornfels",-0.00333707243041004,-0.104540801157944,0.101001833037259
"1123","(STRAT_mod0.2 - STRAT_mod0.3) - (STRAT_mod0.82 - STRAT_mod2.88)","Hornfels",0.00885402263035862,-0.0775778776026224,0.0929823653161441
"1124","(STRAT_mod0.2 - STRAT_mod0.3) - (STRAT_mod0.82 - STRAT_mod3.37)","Hornfels",0.00904546289070773,-0.078326103298477,0.0844250034985148
"1125","(STRAT_mod0.2 - STRAT_mod0.3) - (STRAT_mod1.08 - STRAT_mod1.44)","Hornfels",-0.0166619009882429,-0.108496987681691,0.0734708506266593
"1126","(STRAT_mod0.2 - STRAT_mod0.3) - (STRAT_mod1.08 - STRAT_mod2.15)","Hornfels",-0.0265832275203521,-0.127700142092179,0.0797245311568413
"1127","(STRAT_mod0.2 - STRAT_mod0.3) - (STRAT_mod1.08 - STRAT_mod2.88)","Hornfels",-0.0138206647962473,-0.0989548159633835,0.0714752823308955
"1128","(STRAT_mod0.2 - STRAT_mod0.3) - (STRAT_mod1.08 - STRAT_mod3.37)","Hornfels",-0.0133845316528618,-0.0938383815116541,0.0711716944763441
"1129","(STRAT_mod0.2 - STRAT_mod0.3) - (STRAT_mod1.44 - STRAT_mod2.15)","Hornfels",-0.0248682803013756,-0.134353763679428,0.0844722185170887
"1130","(STRAT_mod0.2 - STRAT_mod0.3) - (STRAT_mod1.44 - STRAT_mod2.88)","Hornfels",-0.0129238504635765,-0.102622482349333,0.0814329851006308
"1131","(STRAT_mod0.2 - STRAT_mod0.3) - (STRAT_mod1.44 - STRAT_mod3.37)","Hornfels",-0.0122143924636715,-0.100561580334784,0.0768474073178838
"1132","(STRAT_mod0.2 - STRAT_mod0.3) - (STRAT_mod2.15 - STRAT_mod2.88)","Hornfels",-0.00358720610447083,-0.106845883388735,0.101592110615776
"1133","(STRAT_mod0.2 - STRAT_mod0.3) - (STRAT_mod2.15 - STRAT_mod3.37)","Hornfels",-0.00402124133344728,-0.103530748209887,0.0978795795850571
"1134","(STRAT_mod0.2 - STRAT_mod0.3) - (STRAT_mod2.88 - STRAT_mod3.37)","Hornfels",-0.0158017267903809,-0.100104760317369,0.0658447300285223
"1135","(STRAT_mod0.2 - STRAT_mod0.82) - (STRAT_mod0.2 - STRAT_mod1.08)","Hornfels",0.0227150080368987,-0.0125294924368258,0.0569013748045561
"1136","(STRAT_mod0.2 - STRAT_mod0.82) - (STRAT_mod0.2 - STRAT_mod1.44)","Hornfels",0.0219080748487015,-0.0308939673653863,0.0714419141972003
"1137","(STRAT_mod0.2 - STRAT_mod0.82) - (STRAT_mod0.2 - STRAT_mod2.15)","Hornfels",0.0122279712580833,-0.0556058173604326,0.0845729513890654
"1138","(STRAT_mod0.2 - STRAT_mod0.82) - (STRAT_mod0.2 - STRAT_mod2.88)","Hornfels",0.024606243269935,-0.0150723685916812,0.0636845766232308
"1139","(STRAT_mod0.2 - STRAT_mod0.82) - (STRAT_mod0.2 - STRAT_mod3.37)","Hornfels",0.0249867492211422,-0.0096079786578529,0.0593884596449445
"1140","(STRAT_mod0.2 - STRAT_mod0.82) - (STRAT_mod0.3 - STRAT_mod0.82)","Hornfels",-0.015831768966257,-0.0927241096449478,0.0572070110581477
"1141","(STRAT_mod0.2 - STRAT_mod0.82) - (STRAT_mod0.3 - STRAT_mod1.08)","Hornfels",0.00673692172625029,-0.0746563170810544,0.0901013860973667
"1142","(STRAT_mod0.2 - STRAT_mod0.82) - (STRAT_mod0.3 - STRAT_mod1.44)","Hornfels",0.00561130041645574,-0.0890166120273714,0.0929398230646896
"1143","(STRAT_mod0.2 - STRAT_mod0.82) - (STRAT_mod0.3 - STRAT_mod2.15)","Hornfels",-0.00333707243041004,-0.104540801157944,0.101001833037259
"1144","(STRAT_mod0.2 - STRAT_mod0.82) - (STRAT_mod0.3 - STRAT_mod2.88)","Hornfels",0.00885402263035862,-0.0775778776026224,0.0929823653161441
"1145","(STRAT_mod0.2 - STRAT_mod0.82) - (STRAT_mod0.3 - STRAT_mod3.37)","Hornfels",0.00904546289070773,-0.078326103298477,0.0844250034985148
"1146","(STRAT_mod0.2 - STRAT_mod0.82) - (STRAT_mod0.82 - STRAT_mod1.08)","Hornfels",0.0853312063556941,0.000885749422090853,0.161017433720647
"1147","(STRAT_mod0.2 - STRAT_mod0.82) - (STRAT_mod0.82 - STRAT_mod1.44)","Hornfels",0.0841353012251764,-0.00712351623376195,0.171752692709953
"1148","(STRAT_mod0.2 - STRAT_mod0.82) - (STRAT_mod0.82 - STRAT_mod2.15)","Hornfels",0.074964809432239,-0.0240834876661657,0.178624089241076
"1149","(STRAT_mod0.2 - STRAT_mod0.82) - (STRAT_mod0.82 - STRAT_mod2.88)","Hornfels",0.0867666857528142,0.00208224010537039,0.167354993303794
"1150","(STRAT_mod0.2 - STRAT_mod0.82) - (STRAT_mod0.82 - STRAT_mod3.37)","Hornfels",0.0875237927968413,0.00204747865533594,0.16297891098249
"1151","(STRAT_mod0.2 - STRAT_mod0.82) - (STRAT_mod1.08 - STRAT_mod1.44)","Hornfels",0.0619767809413072,-0.0241276857709196,0.141305082845432
"1152","(STRAT_mod0.2 - STRAT_mod0.82) - (STRAT_mod1.08 - STRAT_mod2.15)","Hornfels",0.0521347319888796,-0.0444595947630853,0.147023302398768
"1153","(STRAT_mod0.2 - STRAT_mod0.82) - (STRAT_mod1.08 - STRAT_mod2.88)","Hornfels",0.0639415460605375,-0.0103248590253879,0.138280166315448
"1154","(STRAT_mod0.2 - STRAT_mod0.82) - (STRAT_mod1.08 - STRAT_mod3.37)","Hornfels",0.0645676036541514,-0.00616825156724721,0.139541008123798
"1155","(STRAT_mod0.2 - STRAT_mod0.82) - (STRAT_mod1.44 - STRAT_mod2.15)","Hornfels",0.0527568074845266,-0.0526142414696777,0.152342176493184
"1156","(STRAT_mod0.2 - STRAT_mod0.82) - (STRAT_mod1.44 - STRAT_mod2.88)","Hornfels",0.0651524357588373,-0.0192445199982449,0.148450904648595
"1157","(STRAT_mod0.2 - STRAT_mod0.82) - (STRAT_mod1.44 - STRAT_mod3.37)","Hornfels",0.0658582437460085,-0.0213535276114811,0.141953767133106
"1158","(STRAT_mod0.2 - STRAT_mod0.82) - (STRAT_mod2.15 - STRAT_mod2.88)","Hornfels",0.0739750414219829,-0.0172855175711542,0.173937754631981
"1159","(STRAT_mod0.2 - STRAT_mod0.82) - (STRAT_mod2.15 - STRAT_mod3.37)","Hornfels",0.0745051216037897,-0.0247656842335218,0.164076962017622
"1160","(STRAT_mod0.2 - STRAT_mod0.82) - (STRAT_mod2.88 - STRAT_mod3.37)","Hornfels",0.0629492321375384,-0.0126473811769512,0.136992561673149
"1161","(STRAT_mod0.2 - STRAT_mod1.08) - (STRAT_mod0.2 - STRAT_mod1.44)","Hornfels",-0.000757222550246794,-0.0490750834484377,0.0508025386195698
"1162","(STRAT_mod0.2 - STRAT_mod1.08) - (STRAT_mod0.2 - STRAT_mod2.15)","Hornfels",-0.0101171230393748,-0.0772088088931087,0.0620006233364498
"1163","(STRAT_mod0.2 - STRAT_mod1.08) - (STRAT_mod0.2 - STRAT_mod2.88)","Hornfels",0.00164671972675134,-0.0347199214580565,0.0425411320925044
"1164","(STRAT_mod0.2 - STRAT_mod1.08) - (STRAT_mod0.2 - STRAT_mod3.37)","Hornfels",0.00249910189424551,-0.0315517863250938,0.0331443834905247
"1165","(STRAT_mod0.2 - STRAT_mod1.08) - (STRAT_mod0.3 - STRAT_mod0.82)","Hornfels",-0.0383860936112099,-0.121934626147505,0.044732703710725
"1166","(STRAT_mod0.2 - STRAT_mod1.08) - (STRAT_mod0.3 - STRAT_mod1.08)","Hornfels",-0.015831768966257,-0.0927241096449478,0.0572070110581477
"1167","(STRAT_mod0.2 - STRAT_mod1.08) - (STRAT_mod0.3 - STRAT_mod1.44)","Hornfels",-0.0166619009882429,-0.108496987681691,0.0734708506266593
"1168","(STRAT_mod0.2 - STRAT_mod1.08) - (STRAT_mod0.3 - STRAT_mod2.15)","Hornfels",-0.0265832275203521,-0.127700142092179,0.0797245311568413
"1169","(STRAT_mod0.2 - STRAT_mod1.08) - (STRAT_mod0.3 - STRAT_mod2.88)","Hornfels",-0.0138206647962473,-0.0989548159633835,0.0714752823308955
"1170","(STRAT_mod0.2 - STRAT_mod1.08) - (STRAT_mod0.3 - STRAT_mod3.37)","Hornfels",-0.0133845316528618,-0.0938383815116541,0.0711716944763441
"1171","(STRAT_mod0.2 - STRAT_mod1.08) - (STRAT_mod0.82 - STRAT_mod1.08)","Hornfels",0.0623295302120397,-0.00407846726144534,0.124681642446732
"1172","(STRAT_mod0.2 - STRAT_mod1.08) - (STRAT_mod0.82 - STRAT_mod1.44)","Hornfels",0.0619767809413072,-0.0241276857709196,0.141305082845432
"1173","(STRAT_mod0.2 - STRAT_mod1.08) - (STRAT_mod0.82 - STRAT_mod2.15)","Hornfels",0.0521347319888796,-0.0444595947630853,0.147023302398768
"1174","(STRAT_mod0.2 - STRAT_mod1.08) - (STRAT_mod0.82 - STRAT_mod2.88)","Hornfels",0.0639415460605375,-0.0103248590253879,0.138280166315448
"1175","(STRAT_mod0.2 - STRAT_mod1.08) - (STRAT_mod0.82 - STRAT_mod3.37)","Hornfels",0.0645676036541514,-0.00616825156724721,0.139541008123798
"1176","(STRAT_mod0.2 - STRAT_mod1.08) - (STRAT_mod1.08 - STRAT_mod1.44)","Hornfels",0.0383462277733728,-0.0509828456786807,0.127304774067291
"1177","(STRAT_mod0.2 - STRAT_mod1.08) - (STRAT_mod1.08 - STRAT_mod2.15)","Hornfels",0.0293180359487824,-0.0740966699918126,0.130879876007199
"1178","(STRAT_mod0.2 - STRAT_mod1.08) - (STRAT_mod1.08 - STRAT_mod2.88)","Hornfels",0.0413955450339636,-0.039584864328591,0.126778134553358
"1179","(STRAT_mod0.2 - STRAT_mod1.08) - (STRAT_mod1.08 - STRAT_mod3.37)","Hornfels",0.0420323195659225,-0.0424396845229005,0.118355060504468
"1180","(STRAT_mod0.2 - STRAT_mod1.08) - (STRAT_mod1.44 - STRAT_mod2.15)","Hornfels",0.0303590280451131,-0.0760837765567008,0.129484615571337
"1181","(STRAT_mod0.2 - STRAT_mod1.08) - (STRAT_mod1.44 - STRAT_mod2.88)","Hornfels",0.0424455238056611,-0.0402699575003309,0.127392121607485
"1182","(STRAT_mod0.2 - STRAT_mod1.08) - (STRAT_mod1.44 - STRAT_mod3.37)","Hornfels",0.0428397901238955,-0.0393742648355264,0.122953914471825
"1183","(STRAT_mod0.2 - STRAT_mod1.08) - (STRAT_mod2.15 - STRAT_mod2.88)","Hornfels",0.0510681641805293,-0.0449139595694237,0.14665597397254
"1184","(STRAT_mod0.2 - STRAT_mod1.08) - (STRAT_mod2.15 - STRAT_mod3.37)","Hornfels",0.0518639461565706,-0.0429201228732397,0.144433307885996
"1185","(STRAT_mod0.2 - STRAT_mod1.08) - (STRAT_mod2.88 - STRAT_mod3.37)","Hornfels",0.039913980315033,-0.0346976129709908,0.114427086326311
"1186","(STRAT_mod0.2 - STRAT_mod1.44) - (STRAT_mod0.2 - STRAT_mod2.15)","Hornfels",-0.0090004871544298,-0.0839897256324278,0.0731212363318594
"1187","(STRAT_mod0.2 - STRAT_mod1.44) - (STRAT_mod0.2 - STRAT_mod2.88)","Hornfels",0.00302333389671738,-0.0511238133621044,0.0562631105328801
"1188","(STRAT_mod0.2 - STRAT_mod1.44) - (STRAT_mod0.2 - STRAT_mod3.37)","Hornfels",0.00318245838566145,-0.0461535187158799,0.0523522281572166
"1189","(STRAT_mod0.2 - STRAT_mod1.44) - (STRAT_mod0.3 - STRAT_mod0.82)","Hornfels",-0.0379473064005329,-0.125095111389698,0.0565878449532247
"1190","(STRAT_mod0.2 - STRAT_mod1.44) - (STRAT_mod0.3 - STRAT_mod1.08)","Hornfels",-0.0145766713436124,-0.105213558030319,0.072050313633452
"1191","(STRAT_mod0.2 - STRAT_mod1.44) - (STRAT_mod0.3 - STRAT_mod1.44)","Hornfels",-0.015831768966257,-0.0927241096449478,0.0572070110581477
"1192","(STRAT_mod0.2 - STRAT_mod1.44) - (STRAT_mod0.3 - STRAT_mod2.15)","Hornfels",-0.0248682803013756,-0.134353763679428,0.0844722185170887
"1193","(STRAT_mod0.2 - STRAT_mod1.44) - (STRAT_mod0.3 - STRAT_mod2.88)","Hornfels",-0.0129238504635765,-0.102622482349333,0.0814329851006308
"1194","(STRAT_mod0.2 - STRAT_mod1.44) - (STRAT_mod0.3 - STRAT_mod3.37)","Hornfels",-0.0122143924636715,-0.100561580334784,0.0768474073178838
"1195","(STRAT_mod0.2 - STRAT_mod1.44) - (STRAT_mod0.82 - STRAT_mod1.08)","Hornfels",0.0632972244786276,-0.0179572950314943,0.14460988166398
"1196","(STRAT_mod0.2 - STRAT_mod1.44) - (STRAT_mod0.82 - STRAT_mod1.44)","Hornfels",0.0623295302120397,-0.00407846726144534,0.124681642446732
"1197","(STRAT_mod0.2 - STRAT_mod1.44) - (STRAT_mod0.82 - STRAT_mod2.15)","Hornfels",0.0527568074845266,-0.0526142414696777,0.152342176493184
"1198","(STRAT_mod0.2 - STRAT_mod1.44) - (STRAT_mod0.82 - STRAT_mod2.88)","Hornfels",0.0651524357588373,-0.0192445199982449,0.148450904648595
"1199","(STRAT_mod0.2 - STRAT_mod1.44) - (STRAT_mod0.82 - STRAT_mod3.37)","Hornfels",0.0658582437460085,-0.0213535276114811,0.141953767133106
"1200","(STRAT_mod0.2 - STRAT_mod1.44) - (STRAT_mod1.08 - STRAT_mod1.44)","Hornfels",0.0400644185759085,-0.0256746331486211,0.103942468623145
"1201","(STRAT_mod0.2 - STRAT_mod1.44) - (STRAT_mod1.08 - STRAT_mod2.15)","Hornfels",0.0303590280451131,-0.0760837765567008,0.129484615571337
"1202","(STRAT_mod0.2 - STRAT_mod1.44) - (STRAT_mod1.08 - STRAT_mod2.88)","Hornfels",0.0424455238056611,-0.0402699575003309,0.127392121607485
"1203","(STRAT_mod0.2 - STRAT_mod1.44) - (STRAT_mod1.08 - STRAT_mod3.37)","Hornfels",0.0428397901238955,-0.0393742648355264,0.122953914471825
"1204","(STRAT_mod0.2 - STRAT_mod1.44) - (STRAT_mod1.44 - STRAT_mod2.15)","Hornfels",0.032490863296015,-0.0967130555892304,0.157357535947612
"1205","(STRAT_mod0.2 - STRAT_mod1.44) - (STRAT_mod1.44 - STRAT_mod2.88)","Hornfels",0.0437283816215153,-0.0735009340262529,0.147293062545136
"1206","(STRAT_mod0.2 - STRAT_mod1.44) - (STRAT_mod1.44 - STRAT_mod3.37)","Hornfels",0.0435827012102199,-0.0639600343494906,0.154359276303612
"1207","(STRAT_mod0.2 - STRAT_mod1.44) - (STRAT_mod2.15 - STRAT_mod2.88)","Hornfels",0.0511977230619654,-0.0535465829134836,0.150852364460761
"1208","(STRAT_mod0.2 - STRAT_mod1.44) - (STRAT_mod2.15 - STRAT_mod3.37)","Hornfels",0.052534477757203,-0.0521516096499104,0.149195849365309
"1209","(STRAT_mod0.2 - STRAT_mod1.44) - (STRAT_mod2.88 - STRAT_mod3.37)","Hornfels",0.0410068626233044,-0.0416107320056502,0.124024161703536
"1210","(STRAT_mod0.2 - STRAT_mod2.15) - (STRAT_mod0.2 - STRAT_mod2.88)","Hornfels",0.0118634172815322,-0.0630527637715796,0.0831589730048599
"1211","(STRAT_mod0.2 - STRAT_mod2.15) - (STRAT_mod0.2 - STRAT_mod3.37)","Hornfels",0.0127383201639859,-0.0604663436987551,0.0780770665831874
"1212","(STRAT_mod0.2 - STRAT_mod2.15) - (STRAT_mod0.3 - STRAT_mod0.82)","Hornfels",-0.0287862097323206,-0.12889129730874,0.0757868963732662
"1213","(STRAT_mod0.2 - STRAT_mod2.15) - (STRAT_mod0.3 - STRAT_mod1.08)","Hornfels",-0.00637175643754206,-0.109280775262371,0.0923926587122104
"1214","(STRAT_mod0.2 - STRAT_mod2.15) - (STRAT_mod0.3 - STRAT_mod1.44)","Hornfels",-0.00709883553113744,-0.115399956843798,0.0996079204568279
"1215","(STRAT_mod0.2 - STRAT_mod2.15) - (STRAT_mod0.3 - STRAT_mod2.15)","Hornfels",-0.015831768966257,-0.0927241096449478,0.0572070110581477
"1216","(STRAT_mod0.2 - STRAT_mod2.15) - (STRAT_mod0.3 - STRAT_mod2.88)","Hornfels",-0.00358720610447083,-0.106845883388735,0.101592110615776
"1217","(STRAT_mod0.2 - STRAT_mod2.15) - (STRAT_mod0.3 - STRAT_mod3.37)","Hornfels",-0.00402124133344728,-0.103530748209887,0.0978795795850571
"1218","(STRAT_mod0.2 - STRAT_mod2.15) - (STRAT_mod0.82 - STRAT_mod1.08)","Hornfels",0.0719123864267095,-0.0233577452047835,0.164821640803825
"1219","(STRAT_mod0.2 - STRAT_mod2.15) - (STRAT_mod0.82 - STRAT_mod1.44)","Hornfels",0.0701791693161602,-0.0223130750731295,0.180961449428851
"1220","(STRAT_mod0.2 - STRAT_mod2.15) - (STRAT_mod0.82 - STRAT_mod2.15)","Hornfels",0.0623295302120397,-0.00407846726144534,0.124681642446732
"1221","(STRAT_mod0.2 - STRAT_mod2.15) - (STRAT_mod0.82 - STRAT_mod2.88)","Hornfels",0.0739750414219829,-0.0172855175711542,0.173937754631981
"1222","(STRAT_mod0.2 - STRAT_mod2.15) - (STRAT_mod0.82 - STRAT_mod3.37)","Hornfels",0.0745051216037897,-0.0247656842335218,0.164076962017622
"1223","(STRAT_mod0.2 - STRAT_mod2.15) - (STRAT_mod1.08 - STRAT_mod1.44)","Hornfels",0.048316285768099,-0.0531591913188016,0.148904318997492
"1224","(STRAT_mod0.2 - STRAT_mod2.15) - (STRAT_mod1.08 - STRAT_mod2.15)","Hornfels",0.0400644185759085,-0.0256746331486211,0.103942468623145
"1225","(STRAT_mod0.2 - STRAT_mod2.15) - (STRAT_mod1.08 - STRAT_mod2.88)","Hornfels",0.0510681641805293,-0.0449139595694237,0.14665597397254
"1226","(STRAT_mod0.2 - STRAT_mod2.15) - (STRAT_mod1.08 - STRAT_mod3.37)","Hornfels",0.0518639461565706,-0.0429201228732397,0.144433307885996
"1227","(STRAT_mod0.2 - STRAT_mod2.15) - (STRAT_mod1.44 - STRAT_mod2.15)","Hornfels",0.0400861320523926,-0.0344478724107828,0.113902692774036
"1228","(STRAT_mod0.2 - STRAT_mod2.15) - (STRAT_mod1.44 - STRAT_mod2.88)","Hornfels",0.0511977230619654,-0.0535465829134836,0.150852364460761
"1229","(STRAT_mod0.2 - STRAT_mod2.15) - (STRAT_mod1.44 - STRAT_mod3.37)","Hornfels",0.052534477757203,-0.0521516096499104,0.149195849365309
"1230","(STRAT_mod0.2 - STRAT_mod2.15) - (STRAT_mod2.15 - STRAT_mod2.88)","Hornfels",0.0609893475843326,-0.0903746935502006,0.201871023435478
"1231","(STRAT_mod0.2 - STRAT_mod2.15) - (STRAT_mod2.15 - STRAT_mod3.37)","Hornfels",0.0633493656195809,-0.0816942224496633,0.207257849895889
"1232","(STRAT_mod0.2 - STRAT_mod2.15) - (STRAT_mod2.88 - STRAT_mod3.37)","Hornfels",0.0501144256465753,-0.0470029856343985,0.144870414936687
"1233","(STRAT_mod0.2 - STRAT_mod2.88) - (STRAT_mod0.2 - STRAT_mod3.37)","Hornfels",0.000768004882043316,-0.0371706597497377,0.0370122957448356
"1234","(STRAT_mod0.2 - STRAT_mod2.88) - (STRAT_mod0.3 - STRAT_mod0.82)","Hornfels",-0.0408575479064492,-0.12698581672439,0.0401114173359978
"1235","(STRAT_mod0.2 - STRAT_mod2.88) - (STRAT_mod0.3 - STRAT_mod1.08)","Hornfels",-0.0181117426079231,-0.0984474327804903,0.0670919445553464
"1236","(STRAT_mod0.2 - STRAT_mod2.88) - (STRAT_mod0.3 - STRAT_mod1.44)","Hornfels",-0.0186611551721581,-0.111160467250949,0.0718478476487965
"1237","(STRAT_mod0.2 - STRAT_mod2.88) - (STRAT_mod0.3 - STRAT_mod2.15)","Hornfels",-0.0280054999872761,-0.13518058346191,0.0731560577332511
"1238","(STRAT_mod0.2 - STRAT_mod2.88) - (STRAT_mod0.3 - STRAT_mod2.88)","Hornfels",-0.015831768966257,-0.0927241096449478,0.0572070110581477
"1239","(STRAT_mod0.2 - STRAT_mod2.88) - (STRAT_mod0.3 - STRAT_mod3.37)","Hornfels",-0.0158017267903809,-0.100104760317369,0.0658447300285223
"1240","(STRAT_mod0.2 - STRAT_mod2.88) - (STRAT_mod0.82 - STRAT_mod1.08)","Hornfels",0.060607573286982,-0.013664650970056,0.136480534488003
"1241","(STRAT_mod0.2 - STRAT_mod2.88) - (STRAT_mod0.82 - STRAT_mod1.44)","Hornfels",0.0598363340466117,-0.0254305226339415,0.141997648548016
"1242","(STRAT_mod0.2 - STRAT_mod2.88) - (STRAT_mod0.82 - STRAT_mod2.15)","Hornfels",0.0502831711475094,-0.0449515289266094,0.148379812199988
"1243","(STRAT_mod0.2 - STRAT_mod2.88) - (STRAT_mod0.82 - STRAT_mod2.88)","Hornfels",0.0623295302120397,-0.00407846726144534,0.124681642446732
"1244","(STRAT_mod0.2 - STRAT_mod2.88) - (STRAT_mod0.82 - STRAT_mod3.37)","Hornfels",0.0629492321375384,-0.0126473811769512,0.136992561673149
"1245","(STRAT_mod0.2 - STRAT_mod2.88) - (STRAT_mod1.08 - STRAT_mod1.44)","Hornfels",0.0371774576178527,-0.0484561677249618,0.118996704798374
"1246","(STRAT_mod0.2 - STRAT_mod2.88) - (STRAT_mod1.08 - STRAT_mod2.15)","Hornfels",0.0282466444989371,-0.0675778439746564,0.127140761647498
"1247","(STRAT_mod0.2 - STRAT_mod2.88) - (STRAT_mod1.08 - STRAT_mod2.88)","Hornfels",0.0400644185759085,-0.0256746331486211,0.103942468623145
"1248","(STRAT_mod0.2 - STRAT_mod2.88) - (STRAT_mod1.08 - STRAT_mod3.37)","Hornfels",0.039913980315033,-0.0346976129709908,0.114427086326311
"1249","(STRAT_mod0.2 - STRAT_mod2.88) - (STRAT_mod1.44 - STRAT_mod2.15)","Hornfels",0.0285898091448074,-0.0769726238726287,0.130379442081971
"1250","(STRAT_mod0.2 - STRAT_mod2.88) - (STRAT_mod1.44 - STRAT_mod2.88)","Hornfels",0.0400861320523926,-0.0344478724107828,0.113902692774036
"1251","(STRAT_mod0.2 - STRAT_mod2.88) - (STRAT_mod1.44 - STRAT_mod3.37)","Hornfels",0.0410068626233044,-0.0416107320056502,0.124024161703536
"1252","(STRAT_mod0.2 - STRAT_mod2.88) - (STRAT_mod2.15 - STRAT_mod2.88)","Hornfels",0.049133265457034,-0.0380876508654779,0.137793394224654
"1253","(STRAT_mod0.2 - STRAT_mod2.88) - (STRAT_mod2.15 - STRAT_mod3.37)","Hornfels",0.0501144256465753,-0.0470029856343985,0.144870414936687
"1254","(STRAT_mod0.2 - STRAT_mod2.88) - (STRAT_mod2.88 - STRAT_mod3.37)","Hornfels",0.038279707187848,-0.052605891050471,0.122323344860489
"1255","(STRAT_mod0.2 - STRAT_mod3.37) - (STRAT_mod0.3 - STRAT_mod0.82)","Hornfels",-0.0413607167152563,-0.12528885696813,0.040783184862375
"1256","(STRAT_mod0.2 - STRAT_mod3.37) - (STRAT_mod0.3 - STRAT_mod1.08)","Hornfels",-0.0187360014905353,-0.0963022127503028,0.06879451324488
"1257","(STRAT_mod0.2 - STRAT_mod3.37) - (STRAT_mod0.3 - STRAT_mod1.44)","Hornfels",-0.019033662739524,-0.106981356831874,0.0737347431024888
"1258","(STRAT_mod0.2 - STRAT_mod3.37) - (STRAT_mod0.3 - STRAT_mod2.15)","Hornfels",-0.0291298133085538,-0.123014307047221,0.0838986826037478
"1259","(STRAT_mod0.2 - STRAT_mod3.37) - (STRAT_mod0.3 - STRAT_mod2.88)","Hornfels",-0.0162746654073136,-0.101593948956642,0.0672913102337533
"1260","(STRAT_mod0.2 - STRAT_mod3.37) - (STRAT_mod0.3 - STRAT_mod3.37)","Hornfels",-0.015831768966257,-0.0927241096449478,0.0572070110581477
"1261","(STRAT_mod0.2 - STRAT_mod3.37) - (STRAT_mod0.82 - STRAT_mod1.08)","Hornfels",0.0595234976518888,-0.0122077905065967,0.130877241085031
"1262","(STRAT_mod0.2 - STRAT_mod3.37) - (STRAT_mod0.82 - STRAT_mod1.44)","Hornfels",0.0587735780073813,-0.0236733888699363,0.138451506092383
"1263","(STRAT_mod0.2 - STRAT_mod3.37) - (STRAT_mod0.82 - STRAT_mod2.15)","Hornfels",0.0498778940812568,-0.0443401887688544,0.14675407081085
"1264","(STRAT_mod0.2 - STRAT_mod3.37) - (STRAT_mod0.82 - STRAT_mod2.88)","Hornfels",0.0617566955237239,-0.00958811445541752,0.13745419621295
"1265","(STRAT_mod0.2 - STRAT_mod3.37) - (STRAT_mod0.82 - STRAT_mod3.37)","Hornfels",0.0623295302120397,-0.00407846726144534,0.124681642446732
"1266","(STRAT_mod0.2 - STRAT_mod3.37) - (STRAT_mod1.08 - STRAT_mod1.44)","Hornfels",0.0361055442255305,-0.0462699750164282,0.117518317779781
"1267","(STRAT_mod0.2 - STRAT_mod3.37) - (STRAT_mod1.08 - STRAT_mod2.15)","Hornfels",0.0271868742952963,-0.0656397236268638,0.125530748903763
"1268","(STRAT_mod0.2 - STRAT_mod3.37) - (STRAT_mod1.08 - STRAT_mod2.88)","Hornfels",0.0389601836801299,-0.0341826669455911,0.116537579238766
"1269","(STRAT_mod0.2 - STRAT_mod3.37) - (STRAT_mod1.08 - STRAT_mod3.37)","Hornfels",0.0400644185759085,-0.0256746331486211,0.103942468623145
"1270","(STRAT_mod0.2 - STRAT_mod3.37) - (STRAT_mod1.44 - STRAT_mod2.15)","Hornfels",0.0280747831207353,-0.0752044571358552,0.130433401913467
"1271","(STRAT_mod0.2 - STRAT_mod3.37) - (STRAT_mod1.44 - STRAT_mod2.88)","Hornfels",0.039652891879596,-0.0411140429070458,0.125552103557136
"1272","(STRAT_mod0.2 - STRAT_mod3.37) - (STRAT_mod1.44 - STRAT_mod3.37)","Hornfels",0.0400861320523926,-0.0344478724107828,0.113902692774036
"1273","(STRAT_mod0.2 - STRAT_mod3.37) - (STRAT_mod2.15 - STRAT_mod2.88)","Hornfels",0.0487417909204189,-0.0499651308770397,0.140965061376632
"1274","(STRAT_mod0.2 - STRAT_mod3.37) - (STRAT_mod2.15 - STRAT_mod3.37)","Hornfels",0.049133265457034,-0.0380876508654779,0.137793394224654
"1275","(STRAT_mod0.2 - STRAT_mod3.37) - (STRAT_mod2.88 - STRAT_mod3.37)","Hornfels",0.0378340303454949,-0.0287511433789169,0.103635485053679
"1276","(STRAT_mod0.3 - STRAT_mod0.82) - (STRAT_mod0.3 - STRAT_mod1.08)","Hornfels",0.0227150080368987,-0.0125294924368258,0.0569013748045561
"1277","(STRAT_mod0.3 - STRAT_mod0.82) - (STRAT_mod0.3 - STRAT_mod1.44)","Hornfels",0.0219080748487015,-0.0308939673653863,0.0714419141972003
"1278","(STRAT_mod0.3 - STRAT_mod0.82) - (STRAT_mod0.3 - STRAT_mod2.15)","Hornfels",0.0122279712580833,-0.0556058173604326,0.0845729513890654
"1279","(STRAT_mod0.3 - STRAT_mod0.82) - (STRAT_mod0.3 - STRAT_mod2.88)","Hornfels",0.024606243269935,-0.0150723685916812,0.0636845766232308
"1280","(STRAT_mod0.3 - STRAT_mod0.82) - (STRAT_mod0.3 - STRAT_mod3.37)","Hornfels",0.0249867492211422,-0.0096079786578529,0.0593884596449445
"1281","(STRAT_mod0.3 - STRAT_mod0.82) - (STRAT_mod0.82 - STRAT_mod1.08)","Hornfels",0.101166133640937,0.0274215363491517,0.171831727486992
"1282","(STRAT_mod0.3 - STRAT_mod0.82) - (STRAT_mod0.82 - STRAT_mod1.44)","Hornfels",0.099743766362218,0.0223352957864473,0.184656849736895
"1283","(STRAT_mod0.3 - STRAT_mod0.82) - (STRAT_mod0.82 - STRAT_mod2.15)","Hornfels",0.0905578962663192,-0.00137966175131332,0.18839629027033
"1284","(STRAT_mod0.3 - STRAT_mod0.82) - (STRAT_mod0.82 - STRAT_mod2.88)","Hornfels",0.10295479879355,0.0289741896434821,0.175388453964315
"1285","(STRAT_mod0.3 - STRAT_mod0.82) - (STRAT_mod0.82 - STRAT_mod3.37)","Hornfels",0.102738006190442,0.032076030623331,0.17628090669925
"1286","(STRAT_mod0.3 - STRAT_mod0.82) - (STRAT_mod1.08 - STRAT_mod1.44)","Hornfels",0.076581094644901,0.00667489387493836,0.150248717289164
"1287","(STRAT_mod0.3 - STRAT_mod0.82) - (STRAT_mod1.08 - STRAT_mod2.15)","Hornfels",0.0674046331486455,-0.0190206389878145,0.154301780033645
"1288","(STRAT_mod0.3 - STRAT_mod0.82) - (STRAT_mod1.08 - STRAT_mod2.88)","Hornfels",0.0806554159417385,0.00944985177547952,0.136839382024916
"1289","(STRAT_mod0.3 - STRAT_mod0.82) - (STRAT_mod1.08 - STRAT_mod3.37)","Hornfels",0.0809674683720893,0.0209526031911795,0.143747030961914
"1290","(STRAT_mod0.3 - STRAT_mod0.82) - (STRAT_mod1.44 - STRAT_mod2.15)","Hornfels",0.0679711316666092,-0.0187472676464817,0.17033709323776
"1291","(STRAT_mod0.3 - STRAT_mod0.82) - (STRAT_mod1.44 - STRAT_mod2.88)","Hornfels",0.0808991051934547,0.00538050811580737,0.152460134371402
"1292","(STRAT_mod0.3 - STRAT_mod0.82) - (STRAT_mod1.44 - STRAT_mod3.37)","Hornfels",0.0811532226730778,0.0110103246279025,0.154876542829101
"1293","(STRAT_mod0.3 - STRAT_mod0.82) - (STRAT_mod2.15 - STRAT_mod2.88)","Hornfels",0.0901636181270875,0.00363774264897732,0.178725761944111
"1294","(STRAT_mod0.3 - STRAT_mod0.82) - (STRAT_mod2.15 - STRAT_mod3.37)","Hornfels",0.0907883714658164,-0.00193552174114275,0.172272932437434
"1295","(STRAT_mod0.3 - STRAT_mod0.82) - (STRAT_mod2.88 - STRAT_mod3.37)","Hornfels",0.0787288170820424,0.0116221437523958,0.142935278388912
"1296","(STRAT_mod0.3 - STRAT_mod1.08) - (STRAT_mod0.3 - STRAT_mod1.44)","Hornfels",-0.000757222550246794,-0.0490750834484377,0.0508025386195698
"1297","(STRAT_mod0.3 - STRAT_mod1.08) - (STRAT_mod0.3 - STRAT_mod2.15)","Hornfels",-0.0101171230393748,-0.0772088088931087,0.0620006233364498
"1298","(STRAT_mod0.3 - STRAT_mod1.08) - (STRAT_mod0.3 - STRAT_mod2.88)","Hornfels",0.00164671972675134,-0.0347199214580565,0.0425411320925044
"1299","(STRAT_mod0.3 - STRAT_mod1.08) - (STRAT_mod0.3 - STRAT_mod3.37)","Hornfels",0.00249910189424551,-0.0315517863250938,0.0331443834905247
"1300","(STRAT_mod0.3 - STRAT_mod1.08) - (STRAT_mod0.82 - STRAT_mod1.08)","Hornfels",0.0786761105243139,0.0256902388456623,0.12896211014692
"1301","(STRAT_mod0.3 - STRAT_mod1.08) - (STRAT_mod0.82 - STRAT_mod1.44)","Hornfels",0.076581094644901,0.00667489387493836,0.150248717289164
"1302","(STRAT_mod0.3 - STRAT_mod1.08) - (STRAT_mod0.82 - STRAT_mod2.15)","Hornfels",0.0674046331486455,-0.0190206389878145,0.154301780033645
"1303","(STRAT_mod0.3 - STRAT_mod1.08) - (STRAT_mod0.82 - STRAT_mod2.88)","Hornfels",0.0806554159417385,0.00944985177547952,0.136839382024916
"1304","(STRAT_mod0.3 - STRAT_mod1.08) - (STRAT_mod0.82 - STRAT_mod3.37)","Hornfels",0.0809674683720893,0.0209526031911795,0.143747030961914
"1305","(STRAT_mod0.3 - STRAT_mod1.08) - (STRAT_mod1.08 - STRAT_mod1.44)","Hornfels",0.0543565440062683,-0.0217614899711043,0.135829666045129
"1306","(STRAT_mod0.3 - STRAT_mod1.08) - (STRAT_mod1.08 - STRAT_mod2.15)","Hornfels",0.0457681722704666,-0.0459292786995493,0.138612903111778
"1307","(STRAT_mod0.3 - STRAT_mod1.08) - (STRAT_mod1.08 - STRAT_mod2.88)","Hornfels",0.0570116261914568,-0.0128448347186159,0.130007476321924
"1308","(STRAT_mod0.3 - STRAT_mod1.08) - (STRAT_mod1.08 - STRAT_mod3.37)","Hornfels",0.0579338499323712,-0.009239210314262,0.127519999942421
"1309","(STRAT_mod0.3 - STRAT_mod1.08) - (STRAT_mod1.44 - STRAT_mod2.15)","Hornfels",0.0460070521483369,-0.046230558276195,0.141624380706469
"1310","(STRAT_mod0.3 - STRAT_mod1.08) - (STRAT_mod1.44 - STRAT_mod2.88)","Hornfels",0.0581103050952783,-0.0184848187468916,0.127695285399688
"1311","(STRAT_mod0.3 - STRAT_mod1.08) - (STRAT_mod1.44 - STRAT_mod3.37)","Hornfels",0.0584647011042587,-0.012756309523597,0.127647211657133
"1312","(STRAT_mod0.3 - STRAT_mod1.08) - (STRAT_mod2.15 - STRAT_mod2.88)","Hornfels",0.0669368567829325,-0.0242323042049821,0.150256244640995
"1313","(STRAT_mod0.3 - STRAT_mod1.08) - (STRAT_mod2.15 - STRAT_mod3.37)","Hornfels",0.068091004961637,-0.0188043990789555,0.151277772578435
"1314","(STRAT_mod0.3 - STRAT_mod1.08) - (STRAT_mod2.88 - STRAT_mod3.37)","Hornfels",0.0559427884612844,-0.00832606040526507,0.119035940183713
"1315","(STRAT_mod0.3 - STRAT_mod1.44) - (STRAT_mod0.3 - STRAT_mod2.15)","Hornfels",-0.0090004871544298,-0.0839897256324278,0.0731212363318594
"1316","(STRAT_mod0.3 - STRAT_mod1.44) - (STRAT_mod0.3 - STRAT_mod2.88)","Hornfels",0.00302333389671738,-0.0511238133621044,0.0562631105328801
"1317","(STRAT_mod0.3 - STRAT_mod1.44) - (STRAT_mod0.3 - STRAT_mod3.37)","Hornfels",0.00318245838566145,-0.0461535187158799,0.0523522281572166
"1318","(STRAT_mod0.3 - STRAT_mod1.44) - (STRAT_mod0.82 - STRAT_mod1.08)","Hornfels",0.0784780677767154,0.00848851106262449,0.152230934262809
"1319","(STRAT_mod0.3 - STRAT_mod1.44) - (STRAT_mod0.82 - STRAT_mod1.44)","Hornfels",0.0786761105243139,0.0256902388456623,0.12896211014692
"1320","(STRAT_mod0.3 - STRAT_mod1.44) - (STRAT_mod0.82 - STRAT_mod2.15)","Hornfels",0.0679711316666092,-0.0187472676464817,0.17033709323776
"1321","(STRAT_mod0.3 - STRAT_mod1.44) - (STRAT_mod0.82 - STRAT_mod2.88)","Hornfels",0.0808991051934547,0.00538050811580737,0.152460134371402
"1322","(STRAT_mod0.3 - STRAT_mod1.44) - (STRAT_mod0.82 - STRAT_mod3.37)","Hornfels",0.0811532226730778,0.0110103246279025,0.154876542829101
"1323","(STRAT_mod0.3 - STRAT_mod1.44) - (STRAT_mod1.08 - STRAT_mod1.44)","Hornfels",0.0550808003110201,0.00528889740722249,0.1067478474551
"1324","(STRAT_mod0.3 - STRAT_mod1.44) - (STRAT_mod1.08 - STRAT_mod2.15)","Hornfels",0.0460070521483369,-0.046230558276195,0.141624380706469
"1325","(STRAT_mod0.3 - STRAT_mod1.44) - (STRAT_mod1.08 - STRAT_mod2.88)","Hornfels",0.0581103050952783,-0.0184848187468916,0.127695285399688
"1326","(STRAT_mod0.3 - STRAT_mod1.44) - (STRAT_mod1.08 - STRAT_mod3.37)","Hornfels",0.0584647011042587,-0.012756309523597,0.127647211657133
"1327","(STRAT_mod0.3 - STRAT_mod1.44) - (STRAT_mod1.44 - STRAT_mod2.15)","Hornfels",0.0472855092882349,-0.0710288571221569,0.165992737669029
"1328","(STRAT_mod0.3 - STRAT_mod1.44) - (STRAT_mod1.44 - STRAT_mod2.88)","Hornfels",0.0591658798425272,-0.0454924352279753,0.160676371212245
"1329","(STRAT_mod0.3 - STRAT_mod1.44) - (STRAT_mod1.44 - STRAT_mod3.37)","Hornfels",0.0586948881288958,-0.0379979145797469,0.163878032086278
"1330","(STRAT_mod0.3 - STRAT_mod1.44) - (STRAT_mod2.15 - STRAT_mod2.88)","Hornfels",0.0675833897218059,-0.0252811685552019,0.16625639033031
"1331","(STRAT_mod0.3 - STRAT_mod1.44) - (STRAT_mod2.15 - STRAT_mod3.37)","Hornfels",0.0689318877711669,-0.0285295220139141,0.159522220670709
"1332","(STRAT_mod0.3 - STRAT_mod1.44) - (STRAT_mod2.88 - STRAT_mod3.37)","Hornfels",0.0571256195771503,-0.0187922548129076,0.129113337013485
"1333","(STRAT_mod0.3 - STRAT_mod2.15) - (STRAT_mod0.3 - STRAT_mod2.88)","Hornfels",0.0118634172815322,-0.0630527637715796,0.0831589730048599
"1334","(STRAT_mod0.3 - STRAT_mod2.15) - (STRAT_mod0.3 - STRAT_mod3.37)","Hornfels",0.0127383201639859,-0.0604663436987551,0.0780770665831874
"1335","(STRAT_mod0.3 - STRAT_mod2.15) - (STRAT_mod0.82 - STRAT_mod1.08)","Hornfels",0.0882244123302334,0.00187140392874063,0.175538562008762
"1336","(STRAT_mod0.3 - STRAT_mod2.15) - (STRAT_mod0.82 - STRAT_mod1.44)","Hornfels",0.0868907174097575,-0.00777120052670455,0.181453626722105
"1337","(STRAT_mod0.3 - STRAT_mod2.15) - (STRAT_mod0.82 - STRAT_mod2.15)","Hornfels",0.0786761105243139,0.0256902388456623,0.12896211014692
"1338","(STRAT_mod0.3 - STRAT_mod2.15) - (STRAT_mod0.82 - STRAT_mod2.88)","Hornfels",0.0901636181270875,0.00363774264897732,0.178725761944111
"1339","(STRAT_mod0.3 - STRAT_mod2.15) - (STRAT_mod0.82 - STRAT_mod3.37)","Hornfels",0.0907883714658164,-0.00193552174114275,0.172272932437434
"1340","(STRAT_mod0.3 - STRAT_mod2.15) - (STRAT_mod1.08 - STRAT_mod1.44)","Hornfels",0.0639538264376049,-0.0273609751763848,0.159386388485231
"1341","(STRAT_mod0.3 - STRAT_mod2.15) - (STRAT_mod1.08 - STRAT_mod2.15)","Hornfels",0.0550808003110201,0.00528889740722249,0.1067478474551
"1342","(STRAT_mod0.3 - STRAT_mod2.15) - (STRAT_mod1.08 - STRAT_mod2.88)","Hornfels",0.0669368567829325,-0.0242323042049821,0.150256244640995
"1343","(STRAT_mod0.3 - STRAT_mod2.15) - (STRAT_mod1.08 - STRAT_mod3.37)","Hornfels",0.068091004961637,-0.0188043990789555,0.151277772578435
"1344","(STRAT_mod0.3 - STRAT_mod2.15) - (STRAT_mod1.44 - STRAT_mod2.15)","Hornfels",0.0563707221948049,-0.00590948928628965,0.119607416772451
"1345","(STRAT_mod0.3 - STRAT_mod2.15) - (STRAT_mod1.44 - STRAT_mod2.88)","Hornfels",0.0675833897218059,-0.0252811685552019,0.16625639033031
"1346","(STRAT_mod0.3 - STRAT_mod2.15) - (STRAT_mod1.44 - STRAT_mod3.37)","Hornfels",0.0689318877711669,-0.0285295220139141,0.159522220670709
"1347","(STRAT_mod0.3 - STRAT_mod2.15) - (STRAT_mod2.15 - STRAT_mod2.88)","Hornfels",0.0770366920385932,-0.0668044676143187,0.217133133858762
"1348","(STRAT_mod0.3 - STRAT_mod2.15) - (STRAT_mod2.15 - STRAT_mod3.37)","Hornfels",0.0790998072285527,-0.067719959770856,0.213156110600448
"1349","(STRAT_mod0.3 - STRAT_mod2.15) - (STRAT_mod2.88 - STRAT_mod3.37)","Hornfels",0.066585673879372,-0.0296005410092324,0.150487983888073
"1350","(STRAT_mod0.3 - STRAT_mod2.88) - (STRAT_mod0.3 - STRAT_mod3.37)","Hornfels",0.000768004882043316,-0.0371706597497377,0.0370122957448356
"1351","(STRAT_mod0.3 - STRAT_mod2.88) - (STRAT_mod0.82 - STRAT_mod1.08)","Hornfels",0.0762182131594558,0.0108691090636492,0.14184293314322
"1352","(STRAT_mod0.3 - STRAT_mod2.88) - (STRAT_mod0.82 - STRAT_mod1.44)","Hornfels",0.0749498377701565,-0.00124892595062986,0.149366863983863
"1353","(STRAT_mod0.3 - STRAT_mod2.88) - (STRAT_mod0.82 - STRAT_mod2.15)","Hornfels",0.0666697492010146,-0.0240005751254353,0.155031127504585
"1354","(STRAT_mod0.3 - STRAT_mod2.88) - (STRAT_mod0.82 - STRAT_mod2.88)","Hornfels",0.0786761105243139,0.0256902388456623,0.12896211014692
"1355","(STRAT_mod0.3 - STRAT_mod2.88) - (STRAT_mod0.82 - STRAT_mod3.37)","Hornfels",0.0787288170820424,0.0116221437523958,0.142935278388912
"1356","(STRAT_mod0.3 - STRAT_mod2.88) - (STRAT_mod1.08 - STRAT_mod1.44)","Hornfels",0.0528273008469724,-0.0218031552186333,0.126671755684265
"1357","(STRAT_mod0.3 - STRAT_mod2.88) - (STRAT_mod1.08 - STRAT_mod2.15)","Hornfels",0.0439206095128637,-0.0414088420504357,0.135912469925618
"1358","(STRAT_mod0.3 - STRAT_mod2.88) - (STRAT_mod1.08 - STRAT_mod2.88)","Hornfels",0.0550808003110201,0.00528889740722249,0.1067478474551
"1359","(STRAT_mod0.3 - STRAT_mod2.88) - (STRAT_mod1.08 - STRAT_mod3.37)","Hornfels",0.0559427884612844,-0.00832606040526507,0.119035940183713
"1360","(STRAT_mod0.3 - STRAT_mod2.88) - (STRAT_mod1.44 - STRAT_mod2.15)","Hornfels",0.044224773573549,-0.0482853975877497,0.145057972985492
"1361","(STRAT_mod0.3 - STRAT_mod2.88) - (STRAT_mod1.44 - STRAT_mod2.88)","Hornfels",0.0563707221948049,-0.00590948928628965,0.119607416772451
"1362","(STRAT_mod0.3 - STRAT_mod2.88) - (STRAT_mod1.44 - STRAT_mod3.37)","Hornfels",0.0571256195771503,-0.0187922548129076,0.129113337013485
"1363","(STRAT_mod0.3 - STRAT_mod2.88) - (STRAT_mod2.15 - STRAT_mod2.88)","Hornfels",0.0651875846767445,-0.0116674581385139,0.147878622754091
"1364","(STRAT_mod0.3 - STRAT_mod2.88) - (STRAT_mod2.15 - STRAT_mod3.37)","Hornfels",0.066585673879372,-0.0296005410092324,0.150487983888073
"1365","(STRAT_mod0.3 - STRAT_mod2.88) - (STRAT_mod2.88 - STRAT_mod3.37)","Hornfels",0.0544242468213854,-0.0263255421007731,0.133733247533226
"1366","(STRAT_mod0.3 - STRAT_mod3.37) - (STRAT_mod0.82 - STRAT_mod1.08)","Hornfels",0.0760750890258564,0.0179450870815763,0.139410204437185
"1367","(STRAT_mod0.3 - STRAT_mod3.37) - (STRAT_mod0.82 - STRAT_mod1.44)","Hornfels",0.0749008497225436,0.00388685682246592,0.145925368022902
"1368","(STRAT_mod0.3 - STRAT_mod3.37) - (STRAT_mod0.82 - STRAT_mod2.15)","Hornfels",0.065198907678949,-0.0177081309032143,0.153665125555878
"1369","(STRAT_mod0.3 - STRAT_mod3.37) - (STRAT_mod0.82 - STRAT_mod2.88)","Hornfels",0.0778906965320563,0.0169740665034603,0.14294945901734
"1370","(STRAT_mod0.3 - STRAT_mod3.37) - (STRAT_mod0.82 - STRAT_mod3.37)","Hornfels",0.0786761105243139,0.0256902388456623,0.12896211014692
"1371","(STRAT_mod0.3 - STRAT_mod3.37) - (STRAT_mod1.08 - STRAT_mod1.44)","Hornfels",0.0518250478867097,-0.0192452661049725,0.121443635891184
"1372","(STRAT_mod0.3 - STRAT_mod3.37) - (STRAT_mod1.08 - STRAT_mod2.15)","Hornfels",0.0426585962589474,-0.0435608579704292,0.127723069265151
"1373","(STRAT_mod0.3 - STRAT_mod3.37) - (STRAT_mod1.08 - STRAT_mod2.88)","Hornfels",0.0549219855818193,-0.0085664800742884,0.11688073661223
"1374","(STRAT_mod0.3 - STRAT_mod3.37) - (STRAT_mod1.08 - STRAT_mod3.37)","Hornfels",0.0550808003110201,0.00528889740722249,0.1067478474551
"1375","(STRAT_mod0.3 - STRAT_mod3.37) - (STRAT_mod1.44 - STRAT_mod2.15)","Hornfels",0.0435197195007855,-0.0464343072072801,0.139704107042241
"1376","(STRAT_mod0.3 - STRAT_mod3.37) - (STRAT_mod1.44 - STRAT_mod2.88)","Hornfels",0.0552541449007922,-0.0214576538126634,0.124648260061895
"1377","(STRAT_mod0.3 - STRAT_mod3.37) - (STRAT_mod1.44 - STRAT_mod3.37)","Hornfels",0.0563707221948049,-0.00590948928628965,0.119607416772451
"1378","(STRAT_mod0.3 - STRAT_mod3.37) - (STRAT_mod2.15 - STRAT_mod2.88)","Hornfels",0.0643517127051143,-0.0233970078587071,0.150740116180129
"1379","(STRAT_mod0.3 - STRAT_mod3.37) - (STRAT_mod2.15 - STRAT_mod3.37)","Hornfels",0.0651875846767445,-0.0116674581385139,0.147878622754091
"1380","(STRAT_mod0.3 - STRAT_mod3.37) - (STRAT_mod2.88 - STRAT_mod3.37)","Hornfels",0.0538907217953264,-0.00226354886712565,0.108456477619195
"1381","(STRAT_mod0.82 - STRAT_mod1.08) - (STRAT_mod0.82 - STRAT_mod1.44)","Hornfels",-0.000757222550246794,-0.0490750834484377,0.0508025386195698
"1382","(STRAT_mod0.82 - STRAT_mod1.08) - (STRAT_mod0.82 - STRAT_mod2.15)","Hornfels",-0.0101171230393748,-0.0772088088931087,0.0620006233364498
"1383","(STRAT_mod0.82 - STRAT_mod1.08) - (STRAT_mod0.82 - STRAT_mod2.88)","Hornfels",0.00164671972675134,-0.0347199214580565,0.0425411320925044
"1384","(STRAT_mod0.82 - STRAT_mod1.08) - (STRAT_mod0.82 - STRAT_mod3.37)","Hornfels",0.00249910189424551,-0.0315517863250938,0.0331443834905247
"1385","(STRAT_mod0.82 - STRAT_mod1.08) - (STRAT_mod1.08 - STRAT_mod1.44)","Hornfels",-0.023497053788186,-0.0916026099519969,0.0462881247117894
"1386","(STRAT_mod0.82 - STRAT_mod1.08) - (STRAT_mod1.08 - STRAT_mod2.15)","Hornfels",-0.0323226154287681,-0.113022158322148,0.0547999760566875
"1387","(STRAT_mod0.82 - STRAT_mod1.08) - (STRAT_mod1.08 - STRAT_mod2.88)","Hornfels",-0.0211849799731882,-0.0813266826324615,0.0422803277982764
"1388","(STRAT_mod0.82 - STRAT_mod1.08) - (STRAT_mod1.08 - STRAT_mod3.37)","Hornfels",-0.0207321942491241,-0.0752235116890128,0.0378982883367329
"1389","(STRAT_mod0.82 - STRAT_mod1.08) - (STRAT_mod1.44 - STRAT_mod2.15)","Hornfels",-0.03189483267542,-0.116488148897094,0.0564064260872854
"1390","(STRAT_mod0.82 - STRAT_mod1.08) - (STRAT_mod1.44 - STRAT_mod2.88)","Hornfels",-0.0199330009488177,-0.085315105066289,0.0430782508506553
"1391","(STRAT_mod0.82 - STRAT_mod1.08) - (STRAT_mod1.44 - STRAT_mod3.37)","Hornfels",-0.0201506972483125,-0.0809453352638942,0.038656929471252
"1392","(STRAT_mod0.82 - STRAT_mod1.08) - (STRAT_mod2.15 - STRAT_mod2.88)","Hornfels",-0.0111326449976774,-0.0957370673453624,0.0653004438393947
"1393","(STRAT_mod0.82 - STRAT_mod1.08) - (STRAT_mod2.15 - STRAT_mod3.37)","Hornfels",-0.0095358288288705,-0.0917857985699468,0.0628476943122944
"1394","(STRAT_mod0.82 - STRAT_mod1.08) - (STRAT_mod2.88 - STRAT_mod3.37)","Hornfels",-0.0220405359574751,-0.0723631805111236,0.0287141560423088
"1395","(STRAT_mod0.82 - STRAT_mod1.44) - (STRAT_mod0.82 - STRAT_mod2.15)","Hornfels",-0.0090004871544298,-0.0839897256324278,0.0731212363318594
"1396","(STRAT_mod0.82 - STRAT_mod1.44) - (STRAT_mod0.82 - STRAT_mod2.88)","Hornfels",0.00302333389671738,-0.0511238133621044,0.0562631105328801
"1397","(STRAT_mod0.82 - STRAT_mod1.44) - (STRAT_mod0.82 - STRAT_mod3.37)","Hornfels",0.00318245838566145,-0.0461535187158799,0.0523522281572166
"1398","(STRAT_mod0.82 - STRAT_mod1.44) - (STRAT_mod1.08 - STRAT_mod1.44)","Hornfels",-0.0227150080368987,-0.0569013748045561,0.0125294924368258
"1399","(STRAT_mod0.82 - STRAT_mod1.44) - (STRAT_mod1.08 - STRAT_mod2.15)","Hornfels",-0.03189483267542,-0.116488148897094,0.0564064260872854
"1400","(STRAT_mod0.82 - STRAT_mod1.44) - (STRAT_mod1.08 - STRAT_mod2.88)","Hornfels",-0.0199330009488177,-0.085315105066289,0.0430782508506553
"1401","(STRAT_mod0.82 - STRAT_mod1.44) - (STRAT_mod1.08 - STRAT_mod3.37)","Hornfels",-0.0201506972483125,-0.0809453352638942,0.038656929471252
"1402","(STRAT_mod0.82 - STRAT_mod1.44) - (STRAT_mod1.44 - STRAT_mod2.15)","Hornfels",-0.0303613971507894,-0.143114509696415,0.0815985012289526
"1403","(STRAT_mod0.82 - STRAT_mod1.44) - (STRAT_mod1.44 - STRAT_mod2.88)","Hornfels",-0.0183054703118057,-0.116591194403888,0.0779137234048872
"1404","(STRAT_mod0.82 - STRAT_mod1.44) - (STRAT_mod1.44 - STRAT_mod3.37)","Hornfels",-0.0190454986775745,-0.116020487668116,0.0727283647575474
"1405","(STRAT_mod0.82 - STRAT_mod1.44) - (STRAT_mod2.15 - STRAT_mod2.88)","Hornfels",-0.0106256500575999,-0.0975726212022727,0.0785940800784823
"1406","(STRAT_mod0.82 - STRAT_mod1.44) - (STRAT_mod2.15 - STRAT_mod3.37)","Hornfels",-0.00965646689727606,-0.094669423116903,0.0773383951317768
"1407","(STRAT_mod0.82 - STRAT_mod1.44) - (STRAT_mod2.88 - STRAT_mod3.37)","Hornfels",-0.0210847812481212,-0.0879878879029419,0.0374770852354329
"1408","(STRAT_mod0.82 - STRAT_mod2.15) - (STRAT_mod0.82 - STRAT_mod2.88)","Hornfels",0.0118634172815322,-0.0630527637715796,0.0831589730048599
"1409","(STRAT_mod0.82 - STRAT_mod2.15) - (STRAT_mod0.82 - STRAT_mod3.37)","Hornfels",0.0127383201639859,-0.0604663436987551,0.0780770665831874
"1410","(STRAT_mod0.82 - STRAT_mod2.15) - (STRAT_mod1.08 - STRAT_mod1.44)","Hornfels",-0.0136314849323358,-0.105629468268005,0.0652694392071873
"1411","(STRAT_mod0.82 - STRAT_mod2.15) - (STRAT_mod1.08 - STRAT_mod2.15)","Hornfels",-0.0227150080368987,-0.0569013748045561,0.0125294924368258
"1412","(STRAT_mod0.82 - STRAT_mod2.15) - (STRAT_mod1.08 - STRAT_mod2.88)","Hornfels",-0.0111326449976774,-0.0957370673453624,0.0653004438393947
"1413","(STRAT_mod0.82 - STRAT_mod2.15) - (STRAT_mod1.08 - STRAT_mod3.37)","Hornfels",-0.0095358288288705,-0.0917857985699468,0.0628476943122944
"1414","(STRAT_mod0.82 - STRAT_mod2.15) - (STRAT_mod1.44 - STRAT_mod2.15)","Hornfels",-0.0219080748487015,-0.0714419141972003,0.0308939673653863
"1415","(STRAT_mod0.82 - STRAT_mod2.15) - (STRAT_mod1.44 - STRAT_mod2.88)","Hornfels",-0.0106256500575999,-0.0975726212022727,0.0785940800784823
"1416","(STRAT_mod0.82 - STRAT_mod2.15) - (STRAT_mod1.44 - STRAT_mod3.37)","Hornfels",-0.00965646689727606,-0.094669423116903,0.0773383951317768
"1417","(STRAT_mod0.82 - STRAT_mod2.15) - (STRAT_mod2.15 - STRAT_mod2.88)","Hornfels",-0.000334702418334443,-0.140207453343598,0.133210830358339
"1418","(STRAT_mod0.82 - STRAT_mod2.15) - (STRAT_mod2.15 - STRAT_mod3.37)","Hornfels",0.00102706184899093,-0.139449957957505,0.130427040015468
"1419","(STRAT_mod0.82 - STRAT_mod2.15) - (STRAT_mod2.88 - STRAT_mod3.37)","Hornfels",-0.0120472249912142,-0.0936635911030201,0.0664165603619744
"1420","(STRAT_mod0.82 - STRAT_mod2.88) - (STRAT_mod0.82 - STRAT_mod3.37)","Hornfels",0.000768004882043316,-0.0371706597497377,0.0370122957448356
"1421","(STRAT_mod0.82 - STRAT_mod2.88) - (STRAT_mod1.08 - STRAT_mod1.44)","Hornfels",-0.0256888400997464,-0.0867598816751922,0.0392970521687768
"1422","(STRAT_mod0.82 - STRAT_mod2.88) - (STRAT_mod1.08 - STRAT_mod2.15)","Hornfels",-0.0347629694892817,-0.115872221504715,0.0441601324750081
"1423","(STRAT_mod0.82 - STRAT_mod2.88) - (STRAT_mod1.08 - STRAT_mod2.88)","Hornfels",-0.0227150080368987,-0.0569013748045561,0.0125294924368258
"1424","(STRAT_mod0.82 - STRAT_mod2.88) - (STRAT_mod1.08 - STRAT_mod3.37)","Hornfels",-0.0220405359574751,-0.0723631805111236,0.0287141560423088
"1425","(STRAT_mod0.82 - STRAT_mod2.88) - (STRAT_mod1.44 - STRAT_mod2.15)","Hornfels",-0.0338527951941807,-0.126072910676166,0.0524601860488745
"1426","(STRAT_mod0.82 - STRAT_mod2.88) - (STRAT_mod1.44 - STRAT_mod2.88)","Hornfels",-0.0219080748487015,-0.0714419141972003,0.0308939673653863
"1427","(STRAT_mod0.82 - STRAT_mod2.88) - (STRAT_mod1.44 - STRAT_mod3.37)","Hornfels",-0.0210847812481212,-0.0879878879029419,0.0374770852354329
"1428","(STRAT_mod0.82 - STRAT_mod2.88) - (STRAT_mod2.15 - STRAT_mod2.88)","Hornfels",-0.0122279712580833,-0.0845729513890654,0.0556058173604326
"1429","(STRAT_mod0.82 - STRAT_mod2.88) - (STRAT_mod2.15 - STRAT_mod3.37)","Hornfels",-0.0120472249912142,-0.0936635911030201,0.0664165603619744
"1430","(STRAT_mod0.82 - STRAT_mod2.88) - (STRAT_mod2.88 - STRAT_mod3.37)","Hornfels",-0.0234467278478103,-0.0919710873105974,0.0468792499811177
"1431","(STRAT_mod0.82 - STRAT_mod3.37) - (STRAT_mod1.08 - STRAT_mod1.44)","Hornfels",-0.0254778118589087,-0.0848288796817487,0.0362712761049475
"1432","(STRAT_mod0.82 - STRAT_mod3.37) - (STRAT_mod1.08 - STRAT_mod2.15)","Hornfels",-0.0354088010146303,-0.108787674341286,0.0461799171795398
"1433","(STRAT_mod0.82 - STRAT_mod3.37) - (STRAT_mod1.08 - STRAT_mod2.88)","Hornfels",-0.0232304948423183,-0.0777805956482078,0.0259404403954315
"1434","(STRAT_mod0.82 - STRAT_mod3.37) - (STRAT_mod1.08 - STRAT_mod3.37)","Hornfels",-0.0227150080368987,-0.0569013748045561,0.0125294924368258
"1435","(STRAT_mod0.82 - STRAT_mod3.37) - (STRAT_mod1.44 - STRAT_mod2.15)","Hornfels",-0.0337580763057135,-0.120080345742597,0.0527272792379265
"1436","(STRAT_mod0.82 - STRAT_mod3.37) - (STRAT_mod1.44 - STRAT_mod2.88)","Hornfels",-0.0215049728329877,-0.0878579117545812,0.0398247188375525
"1437","(STRAT_mod0.82 - STRAT_mod3.37) - (STRAT_mod1.44 - STRAT_mod3.37)","Hornfels",-0.0219080748487015,-0.0714419141972003,0.0308939673653863
"1438","(STRAT_mod0.82 - STRAT_mod3.37) - (STRAT_mod2.15 - STRAT_mod2.88)","Hornfels",-0.0131296798300189,-0.0942188091600684,0.0663159851658608
"1439","(STRAT_mod0.82 - STRAT_mod3.37) - (STRAT_mod2.15 - STRAT_mod3.37)","Hornfels",-0.0122279712580833,-0.0845729513890654,0.0556058173604326
"1440","(STRAT_mod0.82 - STRAT_mod3.37) - (STRAT_mod2.88 - STRAT_mod3.37)","Hornfels",-0.024606243269935,-0.0636845766232308,0.0150723685916812
"1441","(STRAT_mod1.08 - STRAT_mod1.44) - (STRAT_mod1.08 - STRAT_mod2.15)","Hornfels",-0.0090004871544298,-0.0839897256324278,0.0731212363318594
"1442","(STRAT_mod1.08 - STRAT_mod1.44) - (STRAT_mod1.08 - STRAT_mod2.88)","Hornfels",0.00302333389671738,-0.0511238133621044,0.0562631105328801
"1443","(STRAT_mod1.08 - STRAT_mod1.44) - (STRAT_mod1.08 - STRAT_mod3.37)","Hornfels",0.00318245838566145,-0.0461535187158799,0.0523522281572166
"1444","(STRAT_mod1.08 - STRAT_mod1.44) - (STRAT_mod1.44 - STRAT_mod2.15)","Hornfels",-0.00709068804313007,-0.115806696673677,0.105394522025104
"1445","(STRAT_mod1.08 - STRAT_mod1.44) - (STRAT_mod1.44 - STRAT_mod2.88)","Hornfels",0.00373474123757478,-0.093464357291249,0.0982527735446355
"1446","(STRAT_mod1.08 - STRAT_mod1.44) - (STRAT_mod1.44 - STRAT_mod3.37)","Hornfels",0.0038774287323402,-0.0962040953289414,0.0924397876298237
"1447","(STRAT_mod1.08 - STRAT_mod1.44) - (STRAT_mod2.15 - STRAT_mod2.88)","Hornfels",0.0124469578024931,-0.0749194058446356,0.100104634535277
"1448","(STRAT_mod1.08 - STRAT_mod1.44) - (STRAT_mod2.15 - STRAT_mod3.37)","Hornfels",0.0131572722919937,-0.0730531737045643,0.0970583659696449
"1449","(STRAT_mod1.08 - STRAT_mod1.44) - (STRAT_mod2.88 - STRAT_mod3.37)","Hornfels",0.00132904031523395,-0.0613017373759583,0.0651168762922865
"1450","(STRAT_mod1.08 - STRAT_mod2.15) - (STRAT_mod1.08 - STRAT_mod2.88)","Hornfels",0.0118634172815322,-0.0630527637715796,0.0831589730048599
"1451","(STRAT_mod1.08 - STRAT_mod2.15) - (STRAT_mod1.08 - STRAT_mod3.37)","Hornfels",0.0127383201639859,-0.0604663436987551,0.0780770665831874
"1452","(STRAT_mod1.08 - STRAT_mod2.15) - (STRAT_mod1.44 - STRAT_mod2.15)","Hornfels",0.000757222550246794,-0.0508025386195698,0.0490750834484377
"1453","(STRAT_mod1.08 - STRAT_mod2.15) - (STRAT_mod1.44 - STRAT_mod2.88)","Hornfels",0.0124469578024931,-0.0749194058446356,0.100104634535277
"1454","(STRAT_mod1.08 - STRAT_mod2.15) - (STRAT_mod1.44 - STRAT_mod3.37)","Hornfels",0.0131572722919937,-0.0730531737045643,0.0970583659696449
"1455","(STRAT_mod1.08 - STRAT_mod2.15) - (STRAT_mod2.15 - STRAT_mod2.88)","Hornfels",0.0225788010852042,-0.112308881590866,0.159619954033768
"1456","(STRAT_mod1.08 - STRAT_mod2.15) - (STRAT_mod2.15 - STRAT_mod3.37)","Hornfels",0.023244162038762,-0.114269283754318,0.155868116623738
"1457","(STRAT_mod1.08 - STRAT_mod2.15) - (STRAT_mod2.88 - STRAT_mod3.37)","Hornfels",0.0106090343443619,-0.0709871698202735,0.0889023983804145
"1458","(STRAT_mod1.08 - STRAT_mod2.88) - (STRAT_mod1.08 - STRAT_mod3.37)","Hornfels",0.000768004882043316,-0.0371706597497377,0.0370122957448356
"1459","(STRAT_mod1.08 - STRAT_mod2.88) - (STRAT_mod1.44 - STRAT_mod2.15)","Hornfels",-0.0105242087723263,-0.0982484374448278,0.077879600673842
"1460","(STRAT_mod1.08 - STRAT_mod2.88) - (STRAT_mod1.44 - STRAT_mod2.88)","Hornfels",0.000757222550246794,-0.0508025386195698,0.0490750834484377
"1461","(STRAT_mod1.08 - STRAT_mod2.88) - (STRAT_mod1.44 - STRAT_mod3.37)","Hornfels",0.00132904031523395,-0.0613017373759583,0.0651168762922865
"1462","(STRAT_mod1.08 - STRAT_mod2.88) - (STRAT_mod2.15 - STRAT_mod2.88)","Hornfels",0.0101171230393748,-0.0620006233364498,0.0772088088931087
"1463","(STRAT_mod1.08 - STRAT_mod2.88) - (STRAT_mod2.15 - STRAT_mod3.37)","Hornfels",0.0106090343443619,-0.0709871698202735,0.0889023983804145
"1464","(STRAT_mod1.08 - STRAT_mod2.88) - (STRAT_mod2.88 - STRAT_mod3.37)","Hornfels",-0.00116070445350869,-0.0714474355724604,0.0653310622864915
"1465","(STRAT_mod1.08 - STRAT_mod3.37) - (STRAT_mod1.44 - STRAT_mod2.15)","Hornfels",-0.0108178701631378,-0.0916245196823295,0.0791678361141939
"1466","(STRAT_mod1.08 - STRAT_mod3.37) - (STRAT_mod1.44 - STRAT_mod2.88)","Hornfels",0.000473679043110575,-0.0630830776199129,0.0623505601952843
"1467","(STRAT_mod1.08 - STRAT_mod3.37) - (STRAT_mod1.44 - STRAT_mod3.37)","Hornfels",0.000757222550246794,-0.0508025386195698,0.0490750834484377
"1468","(STRAT_mod1.08 - STRAT_mod3.37) - (STRAT_mod2.15 - STRAT_mod2.88)","Hornfels",0.00938127895995788,-0.0724355439436013,0.0859748002299048
"1469","(STRAT_mod1.08 - STRAT_mod3.37) - (STRAT_mod2.15 - STRAT_mod3.37)","Hornfels",0.0101171230393748,-0.0620006233364498,0.0772088088931087
"1470","(STRAT_mod1.08 - STRAT_mod3.37) - (STRAT_mod2.88 - STRAT_mod3.37)","Hornfels",-0.00164671972675134,-0.0425411320925044,0.0347199214580565
"1471","(STRAT_mod1.44 - STRAT_mod2.15) - (STRAT_mod1.44 - STRAT_mod2.88)","Hornfels",0.0118634172815322,-0.0630527637715796,0.0831589730048599
"1472","(STRAT_mod1.44 - STRAT_mod2.15) - (STRAT_mod1.44 - STRAT_mod3.37)","Hornfels",0.0127383201639859,-0.0604663436987551,0.0780770665831874
"1473","(STRAT_mod1.44 - STRAT_mod2.15) - (STRAT_mod2.15 - STRAT_mod2.88)","Hornfels",0.0209972522984319,-0.132004501818499,0.152695846477636
"1474","(STRAT_mod1.44 - STRAT_mod2.15) - (STRAT_mod2.15 - STRAT_mod3.37)","Hornfels",0.0225211008891109,-0.120162850836831,0.159356947649659
"1475","(STRAT_mod1.44 - STRAT_mod2.15) - (STRAT_mod2.88 - STRAT_mod3.37)","Hornfels",0.00922530049094394,-0.0800510675942938,0.0939412031268132
"1476","(STRAT_mod1.44 - STRAT_mod2.88) - (STRAT_mod1.44 - STRAT_mod3.37)","Hornfels",0.000768004882043316,-0.0371706597497377,0.0370122957448356
"1477","(STRAT_mod1.44 - STRAT_mod2.88) - (STRAT_mod2.15 - STRAT_mod2.88)","Hornfels",0.0090004871544298,-0.0731212363318594,0.0839897256324278
"1478","(STRAT_mod1.44 - STRAT_mod2.88) - (STRAT_mod2.15 - STRAT_mod3.37)","Hornfels",0.00922530049094394,-0.0800510675942938,0.0939412031268132
"1479","(STRAT_mod1.44 - STRAT_mod2.88) - (STRAT_mod2.88 - STRAT_mod3.37)","Hornfels",-0.00240007546492071,-0.0795281443200371,0.0773987687472588
"1480","(STRAT_mod1.44 - STRAT_mod3.37) - (STRAT_mod2.15 - STRAT_mod2.88)","Hornfels",0.00808788963733043,-0.0769736506015462,0.09894124151938
"1481","(STRAT_mod1.44 - STRAT_mod3.37) - (STRAT_mod2.15 - STRAT_mod3.37)","Hornfels",0.0090004871544298,-0.0731212363318594,0.0839897256324278
"1482","(STRAT_mod1.44 - STRAT_mod3.37) - (STRAT_mod2.88 - STRAT_mod3.37)","Hornfels",-0.00302333389671738,-0.0562631105328801,0.0511238133621044
"1483","(STRAT_mod2.15 - STRAT_mod2.88) - (STRAT_mod2.15 - STRAT_mod3.37)","Hornfels",0.000768004882043316,-0.0371706597497377,0.0370122957448356
"1484","(STRAT_mod2.15 - STRAT_mod2.88) - (STRAT_mod2.88 - STRAT_mod3.37)","Hornfels",-0.0107822963022002,-0.102006856307095,0.0843016866754662
"1485","(STRAT_mod2.15 - STRAT_mod3.37) - (STRAT_mod2.88 - STRAT_mod3.37)","Hornfels",-0.0118634172815322,-0.0831589730048599,0.0630527637715796
"1486","(STRAT_mod0.01 - STRAT_mod0.09) - (STRAT_mod0.01 - STRAT_mod0.1)","Opaline/CCS",-0.0607496816004147,-0.114168744189598,-0.003988899577271
"1487","(STRAT_mod0.01 - STRAT_mod0.09) - (STRAT_mod0.01 - STRAT_mod0.2)","Opaline/CCS",-0.0630683418168889,-0.115485902991812,-0.0105074408907733
"1488","(STRAT_mod0.01 - STRAT_mod0.09) - (STRAT_mod0.01 - STRAT_mod0.3)","Opaline/CCS",-0.0511114705097384,-0.101255891269821,0.00199280769847032
"1489","(STRAT_mod0.01 - STRAT_mod0.09) - (STRAT_mod0.01 - STRAT_mod0.82)","Opaline/CCS",-0.0875658012709284,-0.139958893129669,-0.0421781024055763
"1490","(STRAT_mod0.01 - STRAT_mod0.09) - (STRAT_mod0.01 - STRAT_mod1.08)","Opaline/CCS",-0.0388541937028575,-0.0877920299986963,0.00982858186246283
"1491","(STRAT_mod0.01 - STRAT_mod0.09) - (STRAT_mod0.01 - STRAT_mod1.44)","Opaline/CCS",-0.0875265784069998,-0.134592576945628,-0.0367101409675081
"1492","(STRAT_mod0.01 - STRAT_mod0.09) - (STRAT_mod0.01 - STRAT_mod2.15)","Opaline/CCS",-0.073280004968276,-0.131286529124199,-0.0133050985753211
"1493","(STRAT_mod0.01 - STRAT_mod0.09) - (STRAT_mod0.01 - STRAT_mod2.88)","Opaline/CCS",-0.0996220878037672,-0.149985857498422,-0.0509875388810066
"1494","(STRAT_mod0.01 - STRAT_mod0.09) - (STRAT_mod0.01 - STRAT_mod3.37)","Opaline/CCS",-0.0769257113392818,-0.124640836319323,-0.0262820796488392
"1495","(STRAT_mod0.01 - STRAT_mod0.09) - (STRAT_mod0.09 - STRAT_mod0.1)","Opaline/CCS",-0.106592999903579,-0.218099765403571,0.00119726801104747
"1496","(STRAT_mod0.01 - STRAT_mod0.09) - (STRAT_mod0.09 - STRAT_mod0.2)","Opaline/CCS",-0.107793986646244,-0.219819641374205,-0.00156074747860391
"1497","(STRAT_mod0.01 - STRAT_mod0.09) - (STRAT_mod0.09 - STRAT_mod0.3)","Opaline/CCS",-0.0957162071488704,-0.199865268870481,0.0164154920710802
"1498","(STRAT_mod0.01 - STRAT_mod0.09) - (STRAT_mod0.09 - STRAT_mod0.82)","Opaline/CCS",-0.132623647088848,-0.244830786711377,-0.0291558739573459
"1499","(STRAT_mod0.01 - STRAT_mod0.09) - (STRAT_mod0.09 - STRAT_mod1.08)","Opaline/CCS",-0.0846222872994131,-0.192451651125283,0.0218014696407849
"1500","(STRAT_mod0.01 - STRAT_mod0.09) - (STRAT_mod0.09 - STRAT_mod1.44)","Opaline/CCS",-0.132554436826386,-0.234510227509134,-0.0193324421301777
"1501","(STRAT_mod0.01 - STRAT_mod0.09) - (STRAT_mod0.09 - STRAT_mod2.15)","Opaline/CCS",-0.118493914693967,-0.228309549633865,-0.00365514895901242
"1502","(STRAT_mod0.01 - STRAT_mod0.09) - (STRAT_mod0.09 - STRAT_mod2.88)","Opaline/CCS",-0.144876783182536,-0.25702215283431,-0.0411462420064606
"1503","(STRAT_mod0.01 - STRAT_mod0.09) - (STRAT_mod0.09 - STRAT_mod3.37)","Opaline/CCS",-0.122427221503916,-0.227807144363374,-0.0138088527717484
"1504","(STRAT_mod0.01 - STRAT_mod0.09) - (STRAT_mod0.1 - STRAT_mod0.2)","Opaline/CCS",-0.0470640334818877,-0.127295079261721,0.035164236778698
"1505","(STRAT_mod0.01 - STRAT_mod0.09) - (STRAT_mod0.1 - STRAT_mod0.3)","Opaline/CCS",-0.0352098738229834,-0.119991837825363,0.0410525540224085
"1506","(STRAT_mod0.01 - STRAT_mod0.09) - (STRAT_mod0.1 - STRAT_mod0.82)","Opaline/CCS",-0.0723843306254808,-0.14753527979874,0.00990370191005496
"1507","(STRAT_mod0.01 - STRAT_mod0.09) - (STRAT_mod0.1 - STRAT_mod1.08)","Opaline/CCS",-0.0237376754601026,-0.103466630579787,0.0544658834269764
"1508","(STRAT_mod0.01 - STRAT_mod0.09) - (STRAT_mod0.1 - STRAT_mod1.44)","Opaline/CCS",-0.0719835542912686,-0.147263356176301,0.0103549851558484
"1509","(STRAT_mod0.01 - STRAT_mod0.09) - (STRAT_mod0.1 - STRAT_mod2.15)","Opaline/CCS",-0.0571140602350031,-0.141432215184005,0.0282279774224339
"1510","(STRAT_mod0.01 - STRAT_mod0.09) - (STRAT_mod0.1 - STRAT_mod2.88)","Opaline/CCS",-0.0844831344774166,-0.167523344540462,-0.00807401708607847
"1511","(STRAT_mod0.01 - STRAT_mod0.09) - (STRAT_mod0.1 - STRAT_mod3.37)","Opaline/CCS",-0.0615827346716047,-0.136370792103889,0.0213027108015948
"1512","(STRAT_mod0.01 - STRAT_mod0.09) - (STRAT_mod0.2 - STRAT_mod0.3)","Opaline/CCS",-0.033573552140806,-0.109077039160309,0.0474671146542871
"1513","(STRAT_mod0.01 - STRAT_mod0.09) - (STRAT_mod0.2 - STRAT_mod0.82)","Opaline/CCS",-0.0704913826520543,-0.147461450039147,0.00462945029708051
"1514","(STRAT_mod0.01 - STRAT_mod0.09) - (STRAT_mod0.2 - STRAT_mod1.08)","Opaline/CCS",-0.0213237212362523,-0.0969744639756343,0.055658477085494
"1515","(STRAT_mod0.01 - STRAT_mod0.09) - (STRAT_mod0.2 - STRAT_mod1.44)","Opaline/CCS",-0.0703087639686468,-0.145601201792834,0.00698958778537762
"1516","(STRAT_mod0.01 - STRAT_mod0.09) - (STRAT_mod0.2 - STRAT_mod2.15)","Opaline/CCS",-0.0555703771060962,-0.137362453133115,0.0270905960677434
"1517","(STRAT_mod0.01 - STRAT_mod0.09) - (STRAT_mod0.2 - STRAT_mod2.88)","Opaline/CCS",-0.0820939478476908,-0.155680792246032,-0.00284355949087889
"1518","(STRAT_mod0.01 - STRAT_mod0.09) - (STRAT_mod0.2 - STRAT_mod3.37)","Opaline/CCS",-0.0600137301033787,-0.138840242048365,0.0134505532699993
"1519","(STRAT_mod0.01 - STRAT_mod0.09) - (STRAT_mod0.3 - STRAT_mod0.82)","Opaline/CCS",-0.0822082793785777,-0.159360805191659,-0.00789836176293246
"1520","(STRAT_mod0.01 - STRAT_mod0.09) - (STRAT_mod0.3 - STRAT_mod1.08)","Opaline/CCS",-0.0338050318194836,-0.110442693583107,0.04088211599489
"1521","(STRAT_mod0.01 - STRAT_mod0.09) - (STRAT_mod0.3 - STRAT_mod1.44)","Opaline/CCS",-0.0819834542519051,-0.157091411759496,-0.00571850548981168
"1522","(STRAT_mod0.01 - STRAT_mod0.09) - (STRAT_mod0.3 - STRAT_mod2.15)","Opaline/CCS",-0.0678447598848551,-0.152845812199043,0.01292168935153
"1523","(STRAT_mod0.01 - STRAT_mod0.09) - (STRAT_mod0.3 - STRAT_mod2.88)","Opaline/CCS",-0.0942932280058242,-0.170857547872206,-0.0207150891221195
"1524","(STRAT_mod0.01 - STRAT_mod0.09) - (STRAT_mod0.3 - STRAT_mod3.37)","Opaline/CCS",-0.0718917862628781,-0.145984647598469,0.00431436237213356
"1525","(STRAT_mod0.01 - STRAT_mod0.09) - (STRAT_mod0.82 - STRAT_mod1.08)","Opaline/CCS",0.00347778536281496,-0.0711695314199767,0.0756071351513286
"1526","(STRAT_mod0.01 - STRAT_mod0.09) - (STRAT_mod0.82 - STRAT_mod1.44)","Opaline/CCS",-0.0452560795053736,-0.120782820602142,0.0268085016036186
"1527","(STRAT_mod0.01 - STRAT_mod0.09) - (STRAT_mod0.82 - STRAT_mod2.15)","Opaline/CCS",-0.0307750805235325,-0.115458602647394,0.0461114761063541
"1528","(STRAT_mod0.01 - STRAT_mod0.09) - (STRAT_mod0.82 - STRAT_mod2.88)","Opaline/CCS",-0.0572559487237956,-0.136399766112206,0.0127385704469116
"1529","(STRAT_mod0.01 - STRAT_mod0.09) - (STRAT_mod0.82 - STRAT_mod3.37)","Opaline/CCS",-0.0353647538057456,-0.112865762220935,0.0348096730846064
"1530","(STRAT_mod0.01 - STRAT_mod0.09) - (STRAT_mod1.08 - STRAT_mod1.44)","Opaline/CCS",-0.0939867744292497,-0.168485433940052,-0.0214151473090354
"1531","(STRAT_mod0.01 - STRAT_mod0.09) - (STRAT_mod1.08 - STRAT_mod2.15)","Opaline/CCS",-0.0792775380874398,-0.16334600227803,-0.00151357165676025
"1532","(STRAT_mod0.01 - STRAT_mod0.09) - (STRAT_mod1.08 - STRAT_mod2.88)","Opaline/CCS",-0.106200421238235,-0.181085903178023,-0.0324036673406045
"1533","(STRAT_mod0.01 - STRAT_mod0.09) - (STRAT_mod1.08 - STRAT_mod3.37)","Opaline/CCS",-0.0831891137080354,-0.154430683942392,-0.00809779692708057
"1534","(STRAT_mod0.01 - STRAT_mod0.09) - (STRAT_mod1.44 - STRAT_mod2.15)","Opaline/CCS",-0.0307388406204516,-0.116253027833767,0.0463378669297203
"1535","(STRAT_mod0.01 - STRAT_mod0.09) - (STRAT_mod1.44 - STRAT_mod2.88)","Opaline/CCS",-0.0575243235404335,-0.133157205121778,0.0145943305732974
"1536","(STRAT_mod0.01 - STRAT_mod0.09) - (STRAT_mod1.44 - STRAT_mod3.37)","Opaline/CCS",-0.0350885383629371,-0.109198101730014,0.0381160973966925
"1537","(STRAT_mod0.01 - STRAT_mod0.09) - (STRAT_mod2.15 - STRAT_mod2.88)","Opaline/CCS",-0.0717353922805595,-0.152411936276486,0.009641534580211
"1538","(STRAT_mod0.01 - STRAT_mod0.09) - (STRAT_mod2.15 - STRAT_mod3.37)","Opaline/CCS",-0.0497460382735548,-0.132810352926004,0.029467677730413
"1539","(STRAT_mod0.01 - STRAT_mod0.09) - (STRAT_mod2.88 - STRAT_mod3.37)","Opaline/CCS",-0.0229251043613892,-0.0969570478382162,0.0499462754290945
"1540","(STRAT_mod0.01 - STRAT_mod0.1) - (STRAT_mod0.01 - STRAT_mod0.2)","Opaline/CCS",-0.00184484679817265,-0.0394953549697297,0.0364572664605709
"1541","(STRAT_mod0.01 - STRAT_mod0.1) - (STRAT_mod0.01 - STRAT_mod0.3)","Opaline/CCS",0.0103421247930928,-0.0272121513334209,0.0465746118208461
"1542","(STRAT_mod0.01 - STRAT_mod0.1) - (STRAT_mod0.01 - STRAT_mod0.82)","Opaline/CCS",-0.0265074002167043,-0.0619278785444504,0.00472764885676291
"1543","(STRAT_mod0.01 - STRAT_mod0.1) - (STRAT_mod0.01 - STRAT_mod1.08)","Opaline/CCS",0.0221389040330355,-0.0140902015566953,0.0526140612235544
"1544","(STRAT_mod0.01 - STRAT_mod0.1) - (STRAT_mod0.01 - STRAT_mod1.44)","Opaline/CCS",-0.0261669429641438,-0.0603997587753886,0.00677480282411702
"1545","(STRAT_mod0.01 - STRAT_mod0.1) - (STRAT_mod0.01 - STRAT_mod2.15)","Opaline/CCS",-0.0125613740982273,-0.0584090405581996,0.035185912730602
"1546","(STRAT_mod0.01 - STRAT_mod0.1) - (STRAT_mod0.01 - STRAT_mod2.88)","Opaline/CCS",-0.0386475135532982,-0.0732338662768859,-0.00465450321205685
"1547","(STRAT_mod0.01 - STRAT_mod0.1) - (STRAT_mod0.01 - STRAT_mod3.37)","Opaline/CCS",-0.0158795630476711,-0.0497559265146417,0.0156827051886061
"1548","(STRAT_mod0.01 - STRAT_mod0.1) - (STRAT_mod0.09 - STRAT_mod0.1)","Opaline/CCS",-0.0454130651399316,-0.115359310350326,0.0248077908533428
"1549","(STRAT_mod0.01 - STRAT_mod0.1) - (STRAT_mod0.09 - STRAT_mod0.2)","Opaline/CCS",-0.0470640334818877,-0.127295079261721,0.035164236778698
"1550","(STRAT_mod0.01 - STRAT_mod0.1) - (STRAT_mod0.09 - STRAT_mod0.3)","Opaline/CCS",-0.0352098738229834,-0.119991837825363,0.0410525540224085
"1551","(STRAT_mod0.01 - STRAT_mod0.1) - (STRAT_mod0.09 - STRAT_mod0.82)","Opaline/CCS",-0.0723843306254808,-0.14753527979874,0.00990370191005496
"1552","(STRAT_mod0.01 - STRAT_mod0.1) - (STRAT_mod0.09 - STRAT_mod1.08)","Opaline/CCS",-0.0237376754601026,-0.103466630579787,0.0544658834269764
"1553","(STRAT_mod0.01 - STRAT_mod0.1) - (STRAT_mod0.09 - STRAT_mod1.44)","Opaline/CCS",-0.0719835542912686,-0.147263356176301,0.0103549851558484
"1554","(STRAT_mod0.01 - STRAT_mod0.1) - (STRAT_mod0.09 - STRAT_mod2.15)","Opaline/CCS",-0.0571140602350031,-0.141432215184005,0.0282279774224339
"1555","(STRAT_mod0.01 - STRAT_mod0.1) - (STRAT_mod0.09 - STRAT_mod2.88)","Opaline/CCS",-0.0844831344774166,-0.167523344540462,-0.00807401708607847
"1556","(STRAT_mod0.01 - STRAT_mod0.1) - (STRAT_mod0.09 - STRAT_mod3.37)","Opaline/CCS",-0.0615827346716047,-0.136370792103889,0.0213027108015948
"1557","(STRAT_mod0.01 - STRAT_mod0.1) - (STRAT_mod0.1 - STRAT_mod0.2)","Opaline/CCS",0.0138994779709416,-0.0656808547000307,0.100411597615173
"1558","(STRAT_mod0.01 - STRAT_mod0.1) - (STRAT_mod0.1 - STRAT_mod0.3)","Opaline/CCS",0.0257617852003915,-0.0564963120624791,0.109708290306074
"1559","(STRAT_mod0.01 - STRAT_mod0.1) - (STRAT_mod0.1 - STRAT_mod0.82)","Opaline/CCS",-0.0114827501497492,-0.0974947377376143,0.0661578553003772
"1560","(STRAT_mod0.01 - STRAT_mod0.1) - (STRAT_mod0.1 - STRAT_mod1.08)","Opaline/CCS",0.0373831396595632,-0.0386366483112255,0.124498474586774
"1561","(STRAT_mod0.01 - STRAT_mod0.1) - (STRAT_mod0.1 - STRAT_mod1.44)","Opaline/CCS",-0.0113546225224139,-0.0916783779739183,0.0722061290610028
"1562","(STRAT_mod0.01 - STRAT_mod0.1) - (STRAT_mod0.1 - STRAT_mod2.15)","Opaline/CCS",0.00265442312834674,-0.080782042803953,0.0969857790493158
"1563","(STRAT_mod0.01 - STRAT_mod0.1) - (STRAT_mod0.1 - STRAT_mod2.88)","Opaline/CCS",-0.0235884033838702,-0.105755885141063,0.0580924762160691
"1564","(STRAT_mod0.01 - STRAT_mod0.1) - (STRAT_mod0.1 - STRAT_mod3.37)","Opaline/CCS",-0.000702324696874923,-0.0857137358279285,0.077808961137805
"1565","(STRAT_mod0.01 - STRAT_mod0.1) - (STRAT_mod0.2 - STRAT_mod0.3)","Opaline/CCS",0.0275999179584989,-0.0443327751850511,0.0948988400637369
"1566","(STRAT_mod0.01 - STRAT_mod0.1) - (STRAT_mod0.2 - STRAT_mod0.82)","Opaline/CCS",-0.0093589574353099,-0.0765000208413351,0.0592903980727963
"1567","(STRAT_mod0.01 - STRAT_mod0.1) - (STRAT_mod0.2 - STRAT_mod1.08)","Opaline/CCS",0.0398696904765918,-0.0276664540436462,0.106545774838442
"1568","(STRAT_mod0.01 - STRAT_mod0.1) - (STRAT_mod0.2 - STRAT_mod1.44)","Opaline/CCS",-0.00918012208464214,-0.0725981598007146,0.062463347071442
"1569","(STRAT_mod0.01 - STRAT_mod0.1) - (STRAT_mod0.2 - STRAT_mod2.15)","Opaline/CCS",0.00463367372960288,-0.0712071515053396,0.0799018127266331
"1570","(STRAT_mod0.01 - STRAT_mod0.1) - (STRAT_mod0.2 - STRAT_mod2.88)","Opaline/CCS",-0.0213579811928379,-0.0896378581701636,0.0448590642555562
"1571","(STRAT_mod0.01 - STRAT_mod0.1) - (STRAT_mod0.2 - STRAT_mod3.37)","Opaline/CCS",0.00173441995710455,-0.0654320757370663,0.068703604610858
"1572","(STRAT_mod0.01 - STRAT_mod0.1) - (STRAT_mod0.3 - STRAT_mod0.82)","Opaline/CCS",-0.0221259398035214,-0.0882166021364461,0.0461549288963168
"1573","(STRAT_mod0.01 - STRAT_mod0.1) - (STRAT_mod0.3 - STRAT_mod1.08)","Opaline/CCS",0.0273593587925105,-0.0379243682205477,0.0958647664620984
"1574","(STRAT_mod0.01 - STRAT_mod0.1) - (STRAT_mod0.3 - STRAT_mod1.44)","Opaline/CCS",-0.0213285296996604,-0.0878081018274623,0.0460761714457987
"1575","(STRAT_mod0.01 - STRAT_mod0.1) - (STRAT_mod0.3 - STRAT_mod2.15)","Opaline/CCS",-0.0072411492667972,-0.0777349112415595,0.0725528639177999
"1576","(STRAT_mod0.01 - STRAT_mod0.1) - (STRAT_mod0.3 - STRAT_mod2.88)","Opaline/CCS",-0.0336262829411229,-0.0977102076326801,0.0367089711651127
"1577","(STRAT_mod0.01 - STRAT_mod0.1) - (STRAT_mod0.3 - STRAT_mod3.37)","Opaline/CCS",-0.0107844212098254,-0.0744292135543159,0.0598616201004405
"1578","(STRAT_mod0.01 - STRAT_mod0.1) - (STRAT_mod0.82 - STRAT_mod1.08)","Opaline/CCS",0.0646315034320808,0.000101067425871904,0.130094733262687
"1579","(STRAT_mod0.01 - STRAT_mod0.1) - (STRAT_mod0.82 - STRAT_mod1.44)","Opaline/CCS",0.0157821437515173,-0.0478846054264013,0.0827878737949899
"1580","(STRAT_mod0.01 - STRAT_mod0.1) - (STRAT_mod0.82 - STRAT_mod2.15)","Opaline/CCS",0.0297419515068054,-0.0421535709753509,0.105815487803566
"1581","(STRAT_mod0.01 - STRAT_mod0.1) - (STRAT_mod0.82 - STRAT_mod2.88)","Opaline/CCS",0.00396600001303016,-0.0604319419931829,0.0698136555428404
"1582","(STRAT_mod0.01 - STRAT_mod0.1) - (STRAT_mod0.82 - STRAT_mod3.37)","Opaline/CCS",0.026615269209403,-0.0379406244162723,0.0911679323039984
"1583","(STRAT_mod0.01 - STRAT_mod0.1) - (STRAT_mod1.08 - STRAT_mod1.44)","Opaline/CCS",-0.0330965098837495,-0.100643054884143,0.0287983768236821
"1584","(STRAT_mod0.01 - STRAT_mod0.1) - (STRAT_mod1.08 - STRAT_mod2.15)","Opaline/CCS",-0.0192028734001677,-0.0896519738793997,0.0568305208918223
"1585","(STRAT_mod0.01 - STRAT_mod0.1) - (STRAT_mod1.08 - STRAT_mod2.88)","Opaline/CCS",-0.0453868135606652,-0.110157430331541,0.0197691231675083
"1586","(STRAT_mod0.01 - STRAT_mod0.1) - (STRAT_mod1.08 - STRAT_mod3.37)","Opaline/CCS",-0.0224927172800069,-0.0887503012669741,0.040676653780495
"1587","(STRAT_mod0.01 - STRAT_mod0.1) - (STRAT_mod1.44 - STRAT_mod2.15)","Opaline/CCS",0.0297593914792122,-0.0451280840682253,0.10106094141943
"1588","(STRAT_mod0.01 - STRAT_mod0.1) - (STRAT_mod1.44 - STRAT_mod2.88)","Opaline/CCS",0.00374211539089075,-0.0631060366190708,0.0665082430208841
"1589","(STRAT_mod0.01 - STRAT_mod0.1) - (STRAT_mod1.44 - STRAT_mod3.37)","Opaline/CCS",0.0258669207616349,-0.0370436736301909,0.0921469062729403
"1590","(STRAT_mod0.01 - STRAT_mod0.1) - (STRAT_mod2.15 - STRAT_mod2.88)","Opaline/CCS",-0.0104593776924566,-0.0810448951668312,0.0639491332623758
"1591","(STRAT_mod0.01 - STRAT_mod0.1) - (STRAT_mod2.15 - STRAT_mod3.37)","Opaline/CCS",0.0126855711536873,-0.0588497000464621,0.085892247250781
"1592","(STRAT_mod0.01 - STRAT_mod0.1) - (STRAT_mod2.88 - STRAT_mod3.37)","Opaline/CCS",0.0379440245244014,-0.0301149037595971,0.100435182433224
"1593","(STRAT_mod0.01 - STRAT_mod0.2) - (STRAT_mod0.01 - STRAT_mod0.3)","Opaline/CCS",0.0116793292792645,-0.0219061305685275,0.0447278060463416
"1594","(STRAT_mod0.01 - STRAT_mod0.2) - (STRAT_mod0.01 - STRAT_mod0.82)","Opaline/CCS",-0.0250242832851844,-0.0537154253052399,0.00367664873889861
"1595","(STRAT_mod0.01 - STRAT_mod0.2) - (STRAT_mod0.01 - STRAT_mod1.08)","Opaline/CCS",0.0237406201872976,-0.00525320281031227,0.0516461724628412
"1596","(STRAT_mod0.01 - STRAT_mod0.2) - (STRAT_mod0.01 - STRAT_mod1.44)","Opaline/CCS",-0.0246721682486222,-0.0531908554597971,0.00456954581924407
"1597","(STRAT_mod0.01 - STRAT_mod0.2) - (STRAT_mod0.01 - STRAT_mod2.15)","Opaline/CCS",-0.0109203621518432,-0.0568862167275781,0.0318401478733765
"1598","(STRAT_mod0.01 - STRAT_mod0.2) - (STRAT_mod0.01 - STRAT_mod2.88)","Opaline/CCS",-0.0369827996426018,-0.0659039113638644,-0.00749243144317102
"1599","(STRAT_mod0.01 - STRAT_mod0.2) - (STRAT_mod0.01 - STRAT_mod3.37)","Opaline/CCS",-0.0141453850745497,-0.0426201131077311,0.0134856580289915
"1600","(STRAT_mod0.01 - STRAT_mod0.2) - (STRAT_mod0.09 - STRAT_mod0.1)","Opaline/CCS",-0.0435527480867843,-0.126127688471321,0.0327448100384435
"1601","(STRAT_mod0.01 - STRAT_mod0.2) - (STRAT_mod0.09 - STRAT_mod0.2)","Opaline/CCS",-0.0454130651399316,-0.115359310350326,0.0248077908533428
"1602","(STRAT_mod0.01 - STRAT_mod0.2) - (STRAT_mod0.09 - STRAT_mod0.3)","Opaline/CCS",-0.033573552140806,-0.109077039160309,0.0474671146542871
"1603","(STRAT_mod0.01 - STRAT_mod0.2) - (STRAT_mod0.09 - STRAT_mod0.82)","Opaline/CCS",-0.0704913826520543,-0.147461450039147,0.00462945029708051
"1604","(STRAT_mod0.01 - STRAT_mod0.2) - (STRAT_mod0.09 - STRAT_mod1.08)","Opaline/CCS",-0.0213237212362523,-0.0969744639756343,0.055658477085494
"1605","(STRAT_mod0.01 - STRAT_mod0.2) - (STRAT_mod0.09 - STRAT_mod1.44)","Opaline/CCS",-0.0703087639686468,-0.145601201792834,0.00698958778537762
"1606","(STRAT_mod0.01 - STRAT_mod0.2) - (STRAT_mod0.09 - STRAT_mod2.15)","Opaline/CCS",-0.0555703771060962,-0.137362453133115,0.0270905960677434
"1607","(STRAT_mod0.01 - STRAT_mod0.2) - (STRAT_mod0.09 - STRAT_mod2.88)","Opaline/CCS",-0.0820939478476908,-0.155680792246032,-0.00284355949087889
"1608","(STRAT_mod0.01 - STRAT_mod0.2) - (STRAT_mod0.09 - STRAT_mod3.37)","Opaline/CCS",-0.0600137301033787,-0.138840242048365,0.0134505532699993
"1609","(STRAT_mod0.01 - STRAT_mod0.2) - (STRAT_mod0.1 - STRAT_mod0.2)","Opaline/CCS",0.0154650802381191,-0.0439876699394492,0.0778111291220096
"1610","(STRAT_mod0.01 - STRAT_mod0.2) - (STRAT_mod0.1 - STRAT_mod0.3)","Opaline/CCS",0.0275999179584989,-0.0443327751850511,0.0948988400637369
"1611","(STRAT_mod0.01 - STRAT_mod0.2) - (STRAT_mod0.1 - STRAT_mod0.82)","Opaline/CCS",-0.0093589574353099,-0.0765000208413351,0.0592903980727963
"1612","(STRAT_mod0.01 - STRAT_mod0.2) - (STRAT_mod0.1 - STRAT_mod1.08)","Opaline/CCS",0.0398696904765918,-0.0276664540436462,0.106545774838442
"1613","(STRAT_mod0.01 - STRAT_mod0.2) - (STRAT_mod0.1 - STRAT_mod1.44)","Opaline/CCS",-0.00918012208464214,-0.0725981598007146,0.062463347071442
"1614","(STRAT_mod0.01 - STRAT_mod0.2) - (STRAT_mod0.1 - STRAT_mod2.15)","Opaline/CCS",0.00463367372960288,-0.0712071515053396,0.0799018127266331
"1615","(STRAT_mod0.01 - STRAT_mod0.2) - (STRAT_mod0.1 - STRAT_mod2.88)","Opaline/CCS",-0.0213579811928379,-0.0896378581701636,0.0448590642555562
"1616","(STRAT_mod0.01 - STRAT_mod0.2) - (STRAT_mod0.1 - STRAT_mod3.37)","Opaline/CCS",0.00173441995710455,-0.0654320757370663,0.068703604610858
"1617","(STRAT_mod0.01 - STRAT_mod0.2) - (STRAT_mod0.2 - STRAT_mod0.3)","Opaline/CCS",0.0296042929672731,-0.0441120220036693,0.105853723988741
"1618","(STRAT_mod0.01 - STRAT_mod0.2) - (STRAT_mod0.2 - STRAT_mod0.82)","Opaline/CCS",-0.00738578443164495,-0.0820181554489481,0.0647746479265177
"1619","(STRAT_mod0.01 - STRAT_mod0.2) - (STRAT_mod0.2 - STRAT_mod1.08)","Opaline/CCS",0.0410676561281265,-0.03531454864771,0.11032496182317
"1620","(STRAT_mod0.01 - STRAT_mod0.2) - (STRAT_mod0.2 - STRAT_mod1.44)","Opaline/CCS",-0.00748494017154977,-0.0825386436096447,0.0649619835050972
"1621","(STRAT_mod0.01 - STRAT_mod0.2) - (STRAT_mod0.2 - STRAT_mod2.15)","Opaline/CCS",0.00689844658626559,-0.0765035412081478,0.0862751114371001
"1622","(STRAT_mod0.01 - STRAT_mod0.2) - (STRAT_mod0.2 - STRAT_mod2.88)","Opaline/CCS",-0.0195362080594375,-0.0926427299424906,0.0533734541809348
"1623","(STRAT_mod0.01 - STRAT_mod0.2) - (STRAT_mod0.2 - STRAT_mod3.37)","Opaline/CCS",0.0032310515168279,-0.0736094570161687,0.073413137322758
"1624","(STRAT_mod0.01 - STRAT_mod0.2) - (STRAT_mod0.3 - STRAT_mod0.82)","Opaline/CCS",-0.0201624639606064,-0.0868432018726795,0.0410407749657851
"1625","(STRAT_mod0.01 - STRAT_mod0.2) - (STRAT_mod0.3 - STRAT_mod1.08)","Opaline/CCS",0.0293106355545527,-0.0349708529150954,0.0927006029820472
"1626","(STRAT_mod0.01 - STRAT_mod0.2) - (STRAT_mod0.3 - STRAT_mod1.44)","Opaline/CCS",-0.0202051514098087,-0.081880426526022,0.0470228600390592
"1627","(STRAT_mod0.01 - STRAT_mod0.2) - (STRAT_mod0.3 - STRAT_mod2.15)","Opaline/CCS",-0.00579855221081016,-0.0757696154695524,0.0692003751211825
"1628","(STRAT_mod0.01 - STRAT_mod0.2) - (STRAT_mod0.3 - STRAT_mod2.88)","Opaline/CCS",-0.0319499060372554,-0.0937621677057892,0.0344438508664173
"1629","(STRAT_mod0.01 - STRAT_mod0.2) - (STRAT_mod0.3 - STRAT_mod3.37)","Opaline/CCS",-0.00901005579675052,-0.0741242844987857,0.0542221412898751
"1630","(STRAT_mod0.01 - STRAT_mod0.2) - (STRAT_mod0.82 - STRAT_mod1.08)","Opaline/CCS",0.0662037262768982,0.00427548945647427,0.128094796796015
"1631","(STRAT_mod0.01 - STRAT_mod0.2) - (STRAT_mod0.82 - STRAT_mod1.44)","Opaline/CCS",0.0177285906858136,-0.0415396710992879,0.0840815021112347
"1632","(STRAT_mod0.01 - STRAT_mod0.2) - (STRAT_mod0.82 - STRAT_mod2.15)","Opaline/CCS",0.0315255328200446,-0.0426261338942329,0.100240815358531
"1633","(STRAT_mod0.01 - STRAT_mod0.2) - (STRAT_mod0.82 - STRAT_mod2.88)","Opaline/CCS",0.00529575551919148,-0.0535598055656625,0.0715794995657011
"1634","(STRAT_mod0.01 - STRAT_mod0.2) - (STRAT_mod0.82 - STRAT_mod3.37)","Opaline/CCS",0.0281598915247339,-0.0357634516425782,0.0884516332789453
"1635","(STRAT_mod0.01 - STRAT_mod0.2) - (STRAT_mod1.08 - STRAT_mod1.44)","Opaline/CCS",-0.031459576939965,-0.0942535936017577,0.0301194461401963
"1636","(STRAT_mod0.01 - STRAT_mod0.2) - (STRAT_mod1.08 - STRAT_mod2.15)","Opaline/CCS",-0.0174667296125177,-0.0916880811710561,0.0516056736093713
"1637","(STRAT_mod0.01 - STRAT_mod0.2) - (STRAT_mod1.08 - STRAT_mod2.88)","Opaline/CCS",-0.043776931744993,-0.103178607641165,0.0213442953783907
"1638","(STRAT_mod0.01 - STRAT_mod0.2) - (STRAT_mod1.08 - STRAT_mod3.37)","Opaline/CCS",-0.0211242646462717,-0.0834129142215767,0.041030965756506
"1639","(STRAT_mod0.01 - STRAT_mod0.2) - (STRAT_mod1.44 - STRAT_mod2.15)","Opaline/CCS",0.0315133256425619,-0.0416328975678284,0.10073246510148
"1640","(STRAT_mod0.01 - STRAT_mod0.2) - (STRAT_mod1.44 - STRAT_mod2.88)","Opaline/CCS",0.0042582202349013,-0.055871737143824,0.0675713020324942
"1641","(STRAT_mod0.01 - STRAT_mod0.2) - (STRAT_mod1.44 - STRAT_mod3.37)","Opaline/CCS",0.0280047001228858,-0.0340838202274654,0.0901840582273348
"1642","(STRAT_mod0.01 - STRAT_mod0.2) - (STRAT_mod2.15 - STRAT_mod2.88)","Opaline/CCS",-0.00913760589871959,-0.0776457394769423,0.0614898273585327
"1643","(STRAT_mod0.01 - STRAT_mod0.2) - (STRAT_mod2.15 - STRAT_mod3.37)","Opaline/CCS",0.0135703574615385,-0.0579790626803138,0.0810583649999628
"1644","(STRAT_mod0.01 - STRAT_mod0.2) - (STRAT_mod2.88 - STRAT_mod3.37)","Opaline/CCS",0.0399832276425205,-0.0270832767147797,0.0979588791413986
"1645","(STRAT_mod0.01 - STRAT_mod0.3) - (STRAT_mod0.01 - STRAT_mod0.82)","Opaline/CCS",-0.0372244313970356,-0.0646519556279634,-0.0101461520671187
"1646","(STRAT_mod0.01 - STRAT_mod0.3) - (STRAT_mod0.01 - STRAT_mod1.08)","Opaline/CCS",0.0115876207328465,-0.0163698784330863,0.0390917270037843
"1647","(STRAT_mod0.01 - STRAT_mod0.3) - (STRAT_mod0.01 - STRAT_mod1.44)","Opaline/CCS",-0.0366692683984968,-0.065506223212529,-0.00893812267621197
"1648","(STRAT_mod0.01 - STRAT_mod0.3) - (STRAT_mod0.01 - STRAT_mod2.15)","Opaline/CCS",-0.0225123955552005,-0.0664825673740257,0.0198851524213319
"1649","(STRAT_mod0.01 - STRAT_mod0.3) - (STRAT_mod0.01 - STRAT_mod2.88)","Opaline/CCS",-0.0490725799546519,-0.0780892576203773,-0.0205199874844153
"1650","(STRAT_mod0.01 - STRAT_mod0.3) - (STRAT_mod0.01 - STRAT_mod3.37)","Opaline/CCS",-0.0263222067776971,-0.0543824085816418,0.000331510166929228
"1651","(STRAT_mod0.01 - STRAT_mod0.3) - (STRAT_mod0.09 - STRAT_mod0.1)","Opaline/CCS",-0.0549071718343488,-0.134882929256352,0.0229168557328165
"1652","(STRAT_mod0.01 - STRAT_mod0.3) - (STRAT_mod0.09 - STRAT_mod0.2)","Opaline/CCS",-0.0567597848936203,-0.134358973229082,0.0198183649209982
"1653","(STRAT_mod0.01 - STRAT_mod0.3) - (STRAT_mod0.09 - STRAT_mod0.3)","Opaline/CCS",-0.0454130651399316,-0.115359310350326,0.0248077908533428
"1654","(STRAT_mod0.01 - STRAT_mod0.3) - (STRAT_mod0.09 - STRAT_mod0.82)","Opaline/CCS",-0.0822082793785777,-0.159360805191659,-0.00789836176293246
"1655","(STRAT_mod0.01 - STRAT_mod0.3) - (STRAT_mod0.09 - STRAT_mod1.08)","Opaline/CCS",-0.0338050318194836,-0.110442693583107,0.04088211599489
"1656","(STRAT_mod0.01 - STRAT_mod0.3) - (STRAT_mod0.09 - STRAT_mod1.44)","Opaline/CCS",-0.0819834542519051,-0.157091411759496,-0.00571850548981168
"1657","(STRAT_mod0.01 - STRAT_mod0.3) - (STRAT_mod0.09 - STRAT_mod2.15)","Opaline/CCS",-0.0678447598848551,-0.152845812199043,0.01292168935153
"1658","(STRAT_mod0.01 - STRAT_mod0.3) - (STRAT_mod0.09 - STRAT_mod2.88)","Opaline/CCS",-0.0942932280058242,-0.170857547872206,-0.0207150891221195
"1659","(STRAT_mod0.01 - STRAT_mod0.3) - (STRAT_mod0.09 - STRAT_mod3.37)","Opaline/CCS",-0.0718917862628781,-0.145984647598469,0.00431436237213356
"1660","(STRAT_mod0.01 - STRAT_mod0.3) - (STRAT_mod0.1 - STRAT_mod0.2)","Opaline/CCS",0.00319660095636864,-0.0684252946929345,0.0699577381351046
"1661","(STRAT_mod0.01 - STRAT_mod0.3) - (STRAT_mod0.1 - STRAT_mod0.3)","Opaline/CCS",0.0154650802381191,-0.0439876699394492,0.0778111291220096
"1662","(STRAT_mod0.01 - STRAT_mod0.3) - (STRAT_mod0.1 - STRAT_mod0.82)","Opaline/CCS",-0.0221259398035214,-0.0882166021364461,0.0461549288963168
"1663","(STRAT_mod0.01 - STRAT_mod0.3) - (STRAT_mod0.1 - STRAT_mod1.08)","Opaline/CCS",0.0273593587925105,-0.0379243682205477,0.0958647664620984
"1664","(STRAT_mod0.01 - STRAT_mod0.3) - (STRAT_mod0.1 - STRAT_mod1.44)","Opaline/CCS",-0.0213285296996604,-0.0878081018274623,0.0460761714457987
"1665","(STRAT_mod0.01 - STRAT_mod0.3) - (STRAT_mod0.1 - STRAT_mod2.15)","Opaline/CCS",-0.0072411492667972,-0.0777349112415595,0.0725528639177999
"1666","(STRAT_mod0.01 - STRAT_mod0.3) - (STRAT_mod0.1 - STRAT_mod2.88)","Opaline/CCS",-0.0336262829411229,-0.0977102076326801,0.0367089711651127
"1667","(STRAT_mod0.01 - STRAT_mod0.3) - (STRAT_mod0.1 - STRAT_mod3.37)","Opaline/CCS",-0.0107844212098254,-0.0744292135543159,0.0598616201004405
"1668","(STRAT_mod0.01 - STRAT_mod0.3) - (STRAT_mod0.2 - STRAT_mod0.3)","Opaline/CCS",0.0174177451618516,-0.0388165008155008,0.0770706815492588
"1669","(STRAT_mod0.01 - STRAT_mod0.3) - (STRAT_mod0.2 - STRAT_mod0.82)","Opaline/CCS",-0.0201624639606064,-0.0868432018726795,0.0410407749657851
"1670","(STRAT_mod0.01 - STRAT_mod0.3) - (STRAT_mod0.2 - STRAT_mod1.08)","Opaline/CCS",0.0293106355545527,-0.0349708529150954,0.0927006029820472
"1671","(STRAT_mod0.01 - STRAT_mod0.3) - (STRAT_mod0.2 - STRAT_mod1.44)","Opaline/CCS",-0.0202051514098087,-0.081880426526022,0.0470228600390592
"1672","(STRAT_mod0.01 - STRAT_mod0.3) - (STRAT_mod0.2 - STRAT_mod2.15)","Opaline/CCS",-0.00579855221081016,-0.0757696154695524,0.0692003751211825
"1673","(STRAT_mod0.01 - STRAT_mod0.3) - (STRAT_mod0.2 - STRAT_mod2.88)","Opaline/CCS",-0.0319499060372554,-0.0937621677057892,0.0344438508664173
"1674","(STRAT_mod0.01 - STRAT_mod0.3) - (STRAT_mod0.2 - STRAT_mod3.37)","Opaline/CCS",-0.00901005579675052,-0.0741242844987857,0.0542221412898751
"1675","(STRAT_mod0.01 - STRAT_mod0.3) - (STRAT_mod0.3 - STRAT_mod0.82)","Opaline/CCS",-0.0322448791171837,-0.103517907355275,0.039203140640236
"1676","(STRAT_mod0.01 - STRAT_mod0.3) - (STRAT_mod0.3 - STRAT_mod1.08)","Opaline/CCS",0.0172207708340095,-0.0559966297346914,0.0873415000289768
"1677","(STRAT_mod0.01 - STRAT_mod0.3) - (STRAT_mod0.3 - STRAT_mod1.44)","Opaline/CCS",-0.0319921802782983,-0.10184246965938,0.0411976642198715
"1678","(STRAT_mod0.01 - STRAT_mod0.3) - (STRAT_mod0.3 - STRAT_mod2.15)","Opaline/CCS",-0.0172267044950849,-0.0944093553077674,0.0636435069145742
"1679","(STRAT_mod0.01 - STRAT_mod0.3) - (STRAT_mod0.3 - STRAT_mod2.88)","Opaline/CCS",-0.0441031287929521,-0.112888915727101,0.0288800397712796
"1680","(STRAT_mod0.01 - STRAT_mod0.3) - (STRAT_mod0.3 - STRAT_mod3.37)","Opaline/CCS",-0.0217913116390023,-0.0886511471027318,0.0544331920360479
"1681","(STRAT_mod0.01 - STRAT_mod0.3) - (STRAT_mod0.82 - STRAT_mod1.08)","Opaline/CCS",0.0541380556105588,-0.00896328346627318,0.114797696020673
"1682","(STRAT_mod0.01 - STRAT_mod0.3) - (STRAT_mod0.82 - STRAT_mod1.44)","Opaline/CCS",0.00560366031868842,-0.0591119319231432,0.0657127378011246
"1683","(STRAT_mod0.01 - STRAT_mod0.3) - (STRAT_mod0.82 - STRAT_mod2.15)","Opaline/CCS",0.0192422487916739,-0.0509053266068609,0.0894024684332058
"1684","(STRAT_mod0.01 - STRAT_mod0.3) - (STRAT_mod0.82 - STRAT_mod2.88)","Opaline/CCS",-0.00668105890104642,-0.0692601195158491,0.054962382315114
"1685","(STRAT_mod0.01 - STRAT_mod0.3) - (STRAT_mod0.82 - STRAT_mod3.37)","Opaline/CCS",0.0156506105043444,-0.0465242497424709,0.0772490372779981
"1686","(STRAT_mod0.01 - STRAT_mod0.3) - (STRAT_mod1.08 - STRAT_mod1.44)","Opaline/CCS",-0.0435942551952566,-0.103189871589111,0.0190042655348228
"1687","(STRAT_mod0.01 - STRAT_mod0.3) - (STRAT_mod1.08 - STRAT_mod2.15)","Opaline/CCS",-0.0294962839748887,-0.0970783203346608,0.0432234907059099
"1688","(STRAT_mod0.01 - STRAT_mod0.3) - (STRAT_mod1.08 - STRAT_mod2.88)","Opaline/CCS",-0.0554115664752197,-0.118332137433261,0.00416141432584372
"1689","(STRAT_mod0.01 - STRAT_mod0.3) - (STRAT_mod1.08 - STRAT_mod3.37)","Opaline/CCS",-0.0331358285814507,-0.0926241971292647,0.0300507058664139
"1690","(STRAT_mod0.01 - STRAT_mod0.3) - (STRAT_mod1.44 - STRAT_mod2.15)","Opaline/CCS",0.0199555641465858,-0.0501807013431255,0.0898836421946023
"1691","(STRAT_mod0.01 - STRAT_mod0.3) - (STRAT_mod1.44 - STRAT_mod2.88)","Opaline/CCS",-0.0070019450686547,-0.0676180455424205,0.055650958307996
"1692","(STRAT_mod0.01 - STRAT_mod0.3) - (STRAT_mod1.44 - STRAT_mod3.37)","Opaline/CCS",0.0152737266230696,-0.0445097932347824,0.0785563083386354
"1693","(STRAT_mod0.01 - STRAT_mod0.3) - (STRAT_mod2.15 - STRAT_mod2.88)","Opaline/CCS",-0.0206107525355346,-0.090744149527473,0.0480353322788729
"1694","(STRAT_mod0.01 - STRAT_mod0.3) - (STRAT_mod2.15 - STRAT_mod3.37)","Opaline/CCS",0.00150698984432518,-0.0658899761770346,0.0730226484073389
"1695","(STRAT_mod0.01 - STRAT_mod0.3) - (STRAT_mod2.88 - STRAT_mod3.37)","Opaline/CCS",0.027969797381405,-0.0324008401560141,0.0910266754746476
"1696","(STRAT_mod0.01 - STRAT_mod0.82) - (STRAT_mod0.01 - STRAT_mod1.08)","Opaline/CCS",0.0486399011316245,0.0267901830349215,0.0702987232453594
"1697","(STRAT_mod0.01 - STRAT_mod0.82) - (STRAT_mod0.01 - STRAT_mod1.44)","Opaline/CCS",0.000210162060233721,-0.022046891963321,0.0228768082821502
"1698","(STRAT_mod0.01 - STRAT_mod0.82) - (STRAT_mod0.01 - STRAT_mod2.15)","Opaline/CCS",0.0145350543590965,-0.026381670081729,0.0528936318555981
"1699","(STRAT_mod0.01 - STRAT_mod0.82) - (STRAT_mod0.01 - STRAT_mod2.88)","Opaline/CCS",-0.0118200535556259,-0.0342708952131416,0.0117207861639734
"1700","(STRAT_mod0.01 - STRAT_mod0.82) - (STRAT_mod0.01 - STRAT_mod3.37)","Opaline/CCS",0.0107930199208488,-0.0115432072982151,0.0313685543006255
"1701","(STRAT_mod0.01 - STRAT_mod0.82) - (STRAT_mod0.09 - STRAT_mod0.1)","Opaline/CCS",-0.0182691975788796,-0.0943618075658157,0.0595236342828147
"1702","(STRAT_mod0.01 - STRAT_mod0.82) - (STRAT_mod0.09 - STRAT_mod0.2)","Opaline/CCS",-0.0202655983516435,-0.0969259569810395,0.0546649792395293
"1703","(STRAT_mod0.01 - STRAT_mod0.82) - (STRAT_mod0.09 - STRAT_mod0.3)","Opaline/CCS",-0.00850753150857297,-0.0836292124126139,0.0672029702523416
"1704","(STRAT_mod0.01 - STRAT_mod0.82) - (STRAT_mod0.09 - STRAT_mod0.82)","Opaline/CCS",-0.0454130651399316,-0.115359310350326,0.0248077908533428
"1705","(STRAT_mod0.01 - STRAT_mod0.82) - (STRAT_mod0.09 - STRAT_mod1.08)","Opaline/CCS",0.00347778536281496,-0.0711695314199767,0.0756071351513286
"1706","(STRAT_mod0.01 - STRAT_mod0.82) - (STRAT_mod0.09 - STRAT_mod1.44)","Opaline/CCS",-0.0452560795053736,-0.120782820602142,0.0268085016036186
"1707","(STRAT_mod0.01 - STRAT_mod0.82) - (STRAT_mod0.09 - STRAT_mod2.15)","Opaline/CCS",-0.0307750805235325,-0.115458602647394,0.0461114761063541
"1708","(STRAT_mod0.01 - STRAT_mod0.82) - (STRAT_mod0.09 - STRAT_mod2.88)","Opaline/CCS",-0.0572559487237956,-0.136399766112206,0.0127385704469116
"1709","(STRAT_mod0.01 - STRAT_mod0.82) - (STRAT_mod0.09 - STRAT_mod3.37)","Opaline/CCS",-0.0353647538057456,-0.112865762220935,0.0348096730846064
"1710","(STRAT_mod0.01 - STRAT_mod0.82) - (STRAT_mod0.1 - STRAT_mod0.2)","Opaline/CCS",0.0407481789541879,-0.0306685793335268,0.103870428714632
"1711","(STRAT_mod0.01 - STRAT_mod0.82) - (STRAT_mod0.1 - STRAT_mod0.3)","Opaline/CCS",0.0525265338742322,-0.0144065418034582,0.119602353938576
"1712","(STRAT_mod0.01 - STRAT_mod0.82) - (STRAT_mod0.1 - STRAT_mod0.82)","Opaline/CCS",0.0154650802381191,-0.0439876699394492,0.0778111291220096
"1713","(STRAT_mod0.01 - STRAT_mod0.82) - (STRAT_mod0.1 - STRAT_mod1.08)","Opaline/CCS",0.0646315034320808,0.000101067425871904,0.130094733262687
"1714","(STRAT_mod0.01 - STRAT_mod0.82) - (STRAT_mod0.1 - STRAT_mod1.44)","Opaline/CCS",0.0157821437515173,-0.0478846054264013,0.0827878737949899
"1715","(STRAT_mod0.01 - STRAT_mod0.82) - (STRAT_mod0.1 - STRAT_mod2.15)","Opaline/CCS",0.0297419515068054,-0.0421535709753509,0.105815487803566
"1716","(STRAT_mod0.01 - STRAT_mod0.82) - (STRAT_mod0.1 - STRAT_mod2.88)","Opaline/CCS",0.00396600001303016,-0.0604319419931829,0.0698136555428404
"1717","(STRAT_mod0.01 - STRAT_mod0.82) - (STRAT_mod0.1 - STRAT_mod3.37)","Opaline/CCS",0.026615269209403,-0.0379406244162723,0.0911679323039984
"1718","(STRAT_mod0.01 - STRAT_mod0.82) - (STRAT_mod0.2 - STRAT_mod0.3)","Opaline/CCS",0.0539171516383388,-0.00871659259377333,0.119447382994473
"1719","(STRAT_mod0.01 - STRAT_mod0.82) - (STRAT_mod0.2 - STRAT_mod0.82)","Opaline/CCS",0.0174177451618516,-0.0388165008155008,0.0770706815492588
"1720","(STRAT_mod0.01 - STRAT_mod0.82) - (STRAT_mod0.2 - STRAT_mod1.08)","Opaline/CCS",0.0662037262768982,0.00427548945647427,0.128094796796015
"1721","(STRAT_mod0.01 - STRAT_mod0.82) - (STRAT_mod0.2 - STRAT_mod1.44)","Opaline/CCS",0.0177285906858136,-0.0415396710992879,0.0840815021112347
"1722","(STRAT_mod0.01 - STRAT_mod0.82) - (STRAT_mod0.2 - STRAT_mod2.15)","Opaline/CCS",0.0315255328200446,-0.0426261338942329,0.100240815358531
"1723","(STRAT_mod0.01 - STRAT_mod0.82) - (STRAT_mod0.2 - STRAT_mod2.88)","Opaline/CCS",0.00529575551919148,-0.0535598055656625,0.0715794995657011
"1724","(STRAT_mod0.01 - STRAT_mod0.82) - (STRAT_mod0.2 - STRAT_mod3.37)","Opaline/CCS",0.0281598915247339,-0.0357634516425782,0.0884516332789453
"1725","(STRAT_mod0.01 - STRAT_mod0.82) - (STRAT_mod0.3 - STRAT_mod0.82)","Opaline/CCS",0.00502716735654252,-0.0518086851071451,0.0613966725409751
"1726","(STRAT_mod0.01 - STRAT_mod0.82) - (STRAT_mod0.3 - STRAT_mod1.08)","Opaline/CCS",0.0541380556105588,-0.00896328346627318,0.114797696020673
"1727","(STRAT_mod0.01 - STRAT_mod0.82) - (STRAT_mod0.3 - STRAT_mod1.44)","Opaline/CCS",0.00560366031868842,-0.0591119319231432,0.0657127378011246
"1728","(STRAT_mod0.01 - STRAT_mod0.82) - (STRAT_mod0.3 - STRAT_mod2.15)","Opaline/CCS",0.0192422487916739,-0.0509053266068609,0.0894024684332058
"1729","(STRAT_mod0.01 - STRAT_mod0.82) - (STRAT_mod0.3 - STRAT_mod2.88)","Opaline/CCS",-0.00668105890104642,-0.0692601195158491,0.054962382315114
"1730","(STRAT_mod0.01 - STRAT_mod0.82) - (STRAT_mod0.3 - STRAT_mod3.37)","Opaline/CCS",0.0156506105043444,-0.0465242497424709,0.0772490372779981
"1731","(STRAT_mod0.01 - STRAT_mod0.82) - (STRAT_mod0.82 - STRAT_mod1.08)","Opaline/CCS",0.091081106683029,0.0277768425212215,0.154074346465291
"1732","(STRAT_mod0.01 - STRAT_mod0.82) - (STRAT_mod0.82 - STRAT_mod1.44)","Opaline/CCS",0.042974413708474,-0.0233945718068975,0.104355049419545
"1733","(STRAT_mod0.01 - STRAT_mod0.82) - (STRAT_mod0.82 - STRAT_mod2.15)","Opaline/CCS",0.056459747174832,-0.0167087904266281,0.127741440741253
"1734","(STRAT_mod0.01 - STRAT_mod0.82) - (STRAT_mod0.82 - STRAT_mod2.88)","Opaline/CCS",0.0305815995752172,-0.029187902613371,0.0997105323293197
"1735","(STRAT_mod0.01 - STRAT_mod0.82) - (STRAT_mod0.82 - STRAT_mod3.37)","Opaline/CCS",0.0532808957237003,-0.0100185062354994,0.115327710882929
"1736","(STRAT_mod0.01 - STRAT_mod0.82) - (STRAT_mod1.08 - STRAT_mod1.44)","Opaline/CCS",-0.00596228970334622,-0.0655699747901326,0.054134071507336
"1737","(STRAT_mod0.01 - STRAT_mod0.82) - (STRAT_mod1.08 - STRAT_mod2.15)","Opaline/CCS",0.00719068351661467,-0.063155664520568,0.0747722502685138
"1738","(STRAT_mod0.01 - STRAT_mod0.82) - (STRAT_mod1.08 - STRAT_mod2.88)","Opaline/CCS",-0.0181484381389336,-0.0772984837627098,0.0411642954871323
"1739","(STRAT_mod0.01 - STRAT_mod0.82) - (STRAT_mod1.08 - STRAT_mod3.37)","Opaline/CCS",0.00433412812096723,-0.0547420951579118,0.0633068868652762
"1740","(STRAT_mod0.01 - STRAT_mod0.82) - (STRAT_mod1.44 - STRAT_mod2.15)","Opaline/CCS",0.0563299090914937,-0.00714899630263943,0.130365011511773
"1741","(STRAT_mod0.01 - STRAT_mod0.82) - (STRAT_mod1.44 - STRAT_mod2.88)","Opaline/CCS",0.0304792153974729,-0.0296349962004956,0.0899187220288638
"1742","(STRAT_mod0.01 - STRAT_mod0.82) - (STRAT_mod1.44 - STRAT_mod3.37)","Opaline/CCS",0.0529036233475562,-0.00552435083772007,0.111916860944327
"1743","(STRAT_mod0.01 - STRAT_mod0.82) - (STRAT_mod2.15 - STRAT_mod2.88)","Opaline/CCS",0.0171594763860468,-0.0503414647985454,0.0842585824540181
"1744","(STRAT_mod0.01 - STRAT_mod0.82) - (STRAT_mod2.15 - STRAT_mod3.37)","Opaline/CCS",0.0384399157918001,-0.0308339200599854,0.104025857255161
"1745","(STRAT_mod0.01 - STRAT_mod0.82) - (STRAT_mod2.88 - STRAT_mod3.37)","Opaline/CCS",0.0653210004016347,0.00273167597027868,0.122091284855448
"1746","(STRAT_mod0.01 - STRAT_mod1.08) - (STRAT_mod0.01 - STRAT_mod1.44)","Opaline/CCS",-0.0483616618454432,-0.0706288646112538,-0.0256024223945945
"1747","(STRAT_mod0.01 - STRAT_mod1.08) - (STRAT_mod0.01 - STRAT_mod2.15)","Opaline/CCS",-0.0342853047819207,-0.0735414248598647,0.00638509266011145
"1748","(STRAT_mod0.01 - STRAT_mod1.08) - (STRAT_mod0.01 - STRAT_mod2.88)","Opaline/CCS",-0.0605774717408372,-0.0836409948072312,-0.0380778295700743
"1749","(STRAT_mod0.01 - STRAT_mod1.08) - (STRAT_mod0.01 - STRAT_mod3.37)","Opaline/CCS",-0.0380457322779697,-0.0587388524954457,-0.0162775781708611
"1750","(STRAT_mod0.01 - STRAT_mod1.08) - (STRAT_mod0.09 - STRAT_mod0.1)","Opaline/CCS",-0.0672058238098363,-0.147229749346542,0.00542329362251426
"1751","(STRAT_mod0.01 - STRAT_mod1.08) - (STRAT_mod0.09 - STRAT_mod0.2)","Opaline/CCS",-0.0687798463374538,-0.142612587116185,0.0092500735826766
"1752","(STRAT_mod0.01 - STRAT_mod1.08) - (STRAT_mod0.09 - STRAT_mod0.3)","Opaline/CCS",-0.0568632544549623,-0.131749596139828,0.0191404110553233
"1753","(STRAT_mod0.01 - STRAT_mod1.08) - (STRAT_mod0.09 - STRAT_mod0.82)","Opaline/CCS",-0.0939130216055031,-0.168279934122634,-0.0222643626376349
"1754","(STRAT_mod0.01 - STRAT_mod1.08) - (STRAT_mod0.09 - STRAT_mod1.08)","Opaline/CCS",-0.0454130651399316,-0.115359310350326,0.0248077908533428
"1755","(STRAT_mod0.01 - STRAT_mod1.08) - (STRAT_mod0.09 - STRAT_mod1.44)","Opaline/CCS",-0.0939867744292497,-0.168485433940052,-0.0214151473090354
"1756","(STRAT_mod0.01 - STRAT_mod1.08) - (STRAT_mod0.09 - STRAT_mod2.15)","Opaline/CCS",-0.0792775380874398,-0.16334600227803,-0.00151357165676025
"1757","(STRAT_mod0.01 - STRAT_mod1.08) - (STRAT_mod0.09 - STRAT_mod2.88)","Opaline/CCS",-0.106200421238235,-0.181085903178023,-0.0324036673406045
"1758","(STRAT_mod0.01 - STRAT_mod1.08) - (STRAT_mod0.09 - STRAT_mod3.37)","Opaline/CCS",-0.0831891137080354,-0.154430683942392,-0.00809779692708057
"1759","(STRAT_mod0.01 - STRAT_mod1.08) - (STRAT_mod0.1 - STRAT_mod0.2)","Opaline/CCS",-0.00838806285415128,-0.078331009372794,0.0553519648785583
"1760","(STRAT_mod0.01 - STRAT_mod1.08) - (STRAT_mod0.1 - STRAT_mod0.3)","Opaline/CCS",0.00378762432293067,-0.0656425750847394,0.0682771287940263
"1761","(STRAT_mod0.01 - STRAT_mod1.08) - (STRAT_mod0.1 - STRAT_mod0.82)","Opaline/CCS",-0.0336148871923738,-0.0985195344240775,0.0324343115801273
"1762","(STRAT_mod0.01 - STRAT_mod1.08) - (STRAT_mod0.1 - STRAT_mod1.08)","Opaline/CCS",0.0154650802381191,-0.0439876699394492,0.0778111291220096
"1763","(STRAT_mod0.01 - STRAT_mod1.08) - (STRAT_mod0.1 - STRAT_mod1.44)","Opaline/CCS",-0.0330965098837495,-0.100643054884143,0.0287983768236821
"1764","(STRAT_mod0.01 - STRAT_mod1.08) - (STRAT_mod0.1 - STRAT_mod2.15)","Opaline/CCS",-0.0192028734001677,-0.0896519738793997,0.0568305208918223
"1765","(STRAT_mod0.01 - STRAT_mod1.08) - (STRAT_mod0.1 - STRAT_mod2.88)","Opaline/CCS",-0.0453868135606652,-0.110157430331541,0.0197691231675083
"1766","(STRAT_mod0.01 - STRAT_mod1.08) - (STRAT_mod0.1 - STRAT_mod3.37)","Opaline/CCS",-0.0224927172800069,-0.0887503012669741,0.040676653780495
"1767","(STRAT_mod0.01 - STRAT_mod1.08) - (STRAT_mod0.2 - STRAT_mod0.3)","Opaline/CCS",0.00552013217712366,-0.0584992392538908,0.0703017724488211
"1768","(STRAT_mod0.01 - STRAT_mod1.08) - (STRAT_mod0.2 - STRAT_mod0.82)","Opaline/CCS",-0.0315174285581377,-0.089695463587653,0.0345130813484253
"1769","(STRAT_mod0.01 - STRAT_mod1.08) - (STRAT_mod0.2 - STRAT_mod1.08)","Opaline/CCS",0.0174177451618516,-0.0388165008155008,0.0770706815492588
"1770","(STRAT_mod0.01 - STRAT_mod1.08) - (STRAT_mod0.2 - STRAT_mod1.44)","Opaline/CCS",-0.031459576939965,-0.0942535936017577,0.0301194461401963
"1771","(STRAT_mod0.01 - STRAT_mod1.08) - (STRAT_mod0.2 - STRAT_mod2.15)","Opaline/CCS",-0.0174667296125177,-0.0916880811710561,0.0516056736093713
"1772","(STRAT_mod0.01 - STRAT_mod1.08) - (STRAT_mod0.2 - STRAT_mod2.88)","Opaline/CCS",-0.043776931744993,-0.103178607641165,0.0213442953783907
"1773","(STRAT_mod0.01 - STRAT_mod1.08) - (STRAT_mod0.2 - STRAT_mod3.37)","Opaline/CCS",-0.0211242646462717,-0.0834129142215767,0.041030965756506
"1774","(STRAT_mod0.01 - STRAT_mod1.08) - (STRAT_mod0.3 - STRAT_mod0.82)","Opaline/CCS",-0.0437576037663716,-0.105467359731681,0.0158031486708126
"1775","(STRAT_mod0.01 - STRAT_mod1.08) - (STRAT_mod0.3 - STRAT_mod1.08)","Opaline/CCS",0.00502716735654252,-0.0518086851071451,0.0613966725409751
"1776","(STRAT_mod0.01 - STRAT_mod1.08) - (STRAT_mod0.3 - STRAT_mod1.44)","Opaline/CCS",-0.0435942551952566,-0.103189871589111,0.0190042655348228
"1777","(STRAT_mod0.01 - STRAT_mod1.08) - (STRAT_mod0.3 - STRAT_mod2.15)","Opaline/CCS",-0.0294962839748887,-0.0970783203346608,0.0432234907059099
"1778","(STRAT_mod0.01 - STRAT_mod1.08) - (STRAT_mod0.3 - STRAT_mod2.88)","Opaline/CCS",-0.0554115664752197,-0.118332137433261,0.00416141432584372
"1779","(STRAT_mod0.01 - STRAT_mod1.08) - (STRAT_mod0.3 - STRAT_mod3.37)","Opaline/CCS",-0.0331358285814507,-0.0926241971292647,0.0300507058664139
"1780","(STRAT_mod0.01 - STRAT_mod1.08) - (STRAT_mod0.82 - STRAT_mod1.08)","Opaline/CCS",0.0425431928964848,-0.012288425185377,0.0975461992300271
"1781","(STRAT_mod0.01 - STRAT_mod1.08) - (STRAT_mod0.82 - STRAT_mod1.44)","Opaline/CCS",-0.00596228970334622,-0.0655699747901326,0.054134071507336
"1782","(STRAT_mod0.01 - STRAT_mod1.08) - (STRAT_mod0.82 - STRAT_mod2.15)","Opaline/CCS",0.00719068351661467,-0.063155664520568,0.0747722502685138
"1783","(STRAT_mod0.01 - STRAT_mod1.08) - (STRAT_mod0.82 - STRAT_mod2.88)","Opaline/CCS",-0.0181484381389336,-0.0772984837627098,0.0411642954871323
"1784","(STRAT_mod0.01 - STRAT_mod1.08) - (STRAT_mod0.82 - STRAT_mod3.37)","Opaline/CCS",0.00433412812096723,-0.0547420951579118,0.0633068868652762
"1785","(STRAT_mod0.01 - STRAT_mod1.08) - (STRAT_mod1.08 - STRAT_mod1.44)","Opaline/CCS",-0.0553034558713656,-0.118518650481764,0.0079851377238116
"1786","(STRAT_mod0.01 - STRAT_mod1.08) - (STRAT_mod1.08 - STRAT_mod2.15)","Opaline/CCS",-0.0407843425276337,-0.114076622270354,0.029055121678621
"1787","(STRAT_mod0.01 - STRAT_mod1.08) - (STRAT_mod1.08 - STRAT_mod2.88)","Opaline/CCS",-0.0674524760252002,-0.129302959610951,-0.00443928862636556
"1788","(STRAT_mod0.01 - STRAT_mod1.08) - (STRAT_mod1.08 - STRAT_mod3.37)","Opaline/CCS",-0.0450444727022643,-0.108460022704601,0.0168241853060382
"1789","(STRAT_mod0.01 - STRAT_mod1.08) - (STRAT_mod1.44 - STRAT_mod2.15)","Opaline/CCS",0.00748607655645439,-0.0617316591099693,0.0762253629863459
"1790","(STRAT_mod0.01 - STRAT_mod1.08) - (STRAT_mod1.44 - STRAT_mod2.88)","Opaline/CCS",-0.0186136323748392,-0.0760848121695132,0.0409464341195984
"1791","(STRAT_mod0.01 - STRAT_mod1.08) - (STRAT_mod1.44 - STRAT_mod3.37)","Opaline/CCS",0.00394617717995382,-0.0521004315502278,0.0643235945916807
"1792","(STRAT_mod0.01 - STRAT_mod1.08) - (STRAT_mod2.15 - STRAT_mod2.88)","Opaline/CCS",-0.0326616902423262,-0.100284453734145,0.0335187915325887
"1793","(STRAT_mod0.01 - STRAT_mod1.08) - (STRAT_mod2.15 - STRAT_mod3.37)","Opaline/CCS",-0.0107270431065098,-0.07664613539459,0.0581290784512212
"1794","(STRAT_mod0.01 - STRAT_mod1.08) - (STRAT_mod2.88 - STRAT_mod3.37)","Opaline/CCS",0.0158493358980836,-0.0458172633342491,0.0736568972284681
"1795","(STRAT_mod0.01 - STRAT_mod1.44) - (STRAT_mod0.01 - STRAT_mod2.15)","Opaline/CCS",0.0141066438139399,-0.0291102298960904,0.0523260321562238
"1796","(STRAT_mod0.01 - STRAT_mod1.44) - (STRAT_mod0.01 - STRAT_mod2.88)","Opaline/CCS",-0.0122716237428664,-0.0352034986640932,0.0114080577637532
"1797","(STRAT_mod0.01 - STRAT_mod1.44) - (STRAT_mod0.01 - STRAT_mod3.37)","Opaline/CCS",0.0104868245622778,-0.0133393056909337,0.0305695806462851
"1798","(STRAT_mod0.01 - STRAT_mod1.44) - (STRAT_mod0.09 - STRAT_mod0.1)","Opaline/CCS",-0.0188011803833581,-0.095707577367913,0.0584816886771522
"1799","(STRAT_mod0.01 - STRAT_mod1.44) - (STRAT_mod0.09 - STRAT_mod0.2)","Opaline/CCS",-0.0203180505578999,-0.0960624497506348,0.0556826106212096
"1800","(STRAT_mod0.01 - STRAT_mod1.44) - (STRAT_mod0.09 - STRAT_mod0.3)","Opaline/CCS",-0.00846335652282004,-0.0858749134603793,0.0644591286076017
"1801","(STRAT_mod0.01 - STRAT_mod1.44) - (STRAT_mod0.09 - STRAT_mod0.82)","Opaline/CCS",-0.0457767420612196,-0.11925958195992,0.0278587866943862
"1802","(STRAT_mod0.01 - STRAT_mod1.44) - (STRAT_mod0.09 - STRAT_mod1.08)","Opaline/CCS",0.00310191092388235,-0.0703614046970364,0.0769906690922486
"1803","(STRAT_mod0.01 - STRAT_mod1.44) - (STRAT_mod0.09 - STRAT_mod1.44)","Opaline/CCS",-0.0454130651399316,-0.115359310350326,0.0248077908533428
"1804","(STRAT_mod0.01 - STRAT_mod1.44) - (STRAT_mod0.09 - STRAT_mod2.15)","Opaline/CCS",-0.0307388406204516,-0.116253027833767,0.0463378669297203
"1805","(STRAT_mod0.01 - STRAT_mod1.44) - (STRAT_mod0.09 - STRAT_mod2.88)","Opaline/CCS",-0.0575243235404335,-0.133157205121778,0.0145943305732974
"1806","(STRAT_mod0.01 - STRAT_mod1.44) - (STRAT_mod0.09 - STRAT_mod3.37)","Opaline/CCS",-0.0350885383629371,-0.109198101730014,0.0381160973966925
"1807","(STRAT_mod0.01 - STRAT_mod1.44) - (STRAT_mod0.1 - STRAT_mod0.2)","Opaline/CCS",0.0401907450124928,-0.0260594948014088,0.10894461071241
"1808","(STRAT_mod0.01 - STRAT_mod1.44) - (STRAT_mod0.1 - STRAT_mod0.3)","Opaline/CCS",0.0522781055534369,-0.0135065671963281,0.120142043528112
"1809","(STRAT_mod0.01 - STRAT_mod1.44) - (STRAT_mod0.1 - STRAT_mod0.82)","Opaline/CCS",0.0152202443960123,-0.047475663173739,0.0813937226236643
"1810","(STRAT_mod0.01 - STRAT_mod1.44) - (STRAT_mod0.1 - STRAT_mod1.08)","Opaline/CCS",0.064044936332694,-0.00186343492405028,0.127329365807753
"1811","(STRAT_mod0.01 - STRAT_mod1.44) - (STRAT_mod0.1 - STRAT_mod1.44)","Opaline/CCS",0.0154650802381191,-0.0439876699394492,0.0778111291220096
"1812","(STRAT_mod0.01 - STRAT_mod1.44) - (STRAT_mod0.1 - STRAT_mod2.15)","Opaline/CCS",0.0297593914792122,-0.0451280840682253,0.10106094141943
"1813","(STRAT_mod0.01 - STRAT_mod1.44) - (STRAT_mod0.1 - STRAT_mod2.88)","Opaline/CCS",0.00374211539089075,-0.0631060366190708,0.0665082430208841
"1814","(STRAT_mod0.01 - STRAT_mod1.44) - (STRAT_mod0.1 - STRAT_mod3.37)","Opaline/CCS",0.0258669207616349,-0.0370436736301909,0.0921469062729403
"1815","(STRAT_mod0.01 - STRAT_mod1.44) - (STRAT_mod0.2 - STRAT_mod0.3)","Opaline/CCS",0.0538095349917875,-0.00848885255838328,0.120410970525421
"1816","(STRAT_mod0.01 - STRAT_mod1.44) - (STRAT_mod0.2 - STRAT_mod0.82)","Opaline/CCS",0.0170080685666867,-0.0425597609636679,0.0805403057443281
"1817","(STRAT_mod0.01 - STRAT_mod1.44) - (STRAT_mod0.2 - STRAT_mod1.08)","Opaline/CCS",0.0658390485539331,0.00124862516119739,0.124045226721426
"1818","(STRAT_mod0.01 - STRAT_mod1.44) - (STRAT_mod0.2 - STRAT_mod1.44)","Opaline/CCS",0.0174177451618516,-0.0388165008155008,0.0770706815492588
"1819","(STRAT_mod0.01 - STRAT_mod1.44) - (STRAT_mod0.2 - STRAT_mod2.15)","Opaline/CCS",0.0315133256425619,-0.0416328975678284,0.10073246510148
"1820","(STRAT_mod0.01 - STRAT_mod1.44) - (STRAT_mod0.2 - STRAT_mod2.88)","Opaline/CCS",0.0042582202349013,-0.055871737143824,0.0675713020324942
"1821","(STRAT_mod0.01 - STRAT_mod1.44) - (STRAT_mod0.2 - STRAT_mod3.37)","Opaline/CCS",0.0280047001228858,-0.0340838202274654,0.0901840582273348
"1822","(STRAT_mod0.01 - STRAT_mod1.44) - (STRAT_mod0.3 - STRAT_mod0.82)","Opaline/CCS",0.00480155232967161,-0.0538120645280951,0.0684925424938467
"1823","(STRAT_mod0.01 - STRAT_mod1.44) - (STRAT_mod0.3 - STRAT_mod1.08)","Opaline/CCS",0.0540037295070186,-0.00832683688412139,0.113524631864135
"1824","(STRAT_mod0.01 - STRAT_mod1.44) - (STRAT_mod0.3 - STRAT_mod1.44)","Opaline/CCS",0.00502716735654252,-0.0518086851071451,0.0613966725409751
"1825","(STRAT_mod0.01 - STRAT_mod1.44) - (STRAT_mod0.3 - STRAT_mod2.15)","Opaline/CCS",0.0199555641465858,-0.0501807013431255,0.0898836421946023
"1826","(STRAT_mod0.01 - STRAT_mod1.44) - (STRAT_mod0.3 - STRAT_mod2.88)","Opaline/CCS",-0.0070019450686547,-0.0676180455424205,0.055650958307996
"1827","(STRAT_mod0.01 - STRAT_mod1.44) - (STRAT_mod0.3 - STRAT_mod3.37)","Opaline/CCS",0.0152737266230696,-0.0445097932347824,0.0785563083386354
"1828","(STRAT_mod0.01 - STRAT_mod1.44) - (STRAT_mod0.82 - STRAT_mod1.08)","Opaline/CCS",0.0910834953200281,0.0331651884549657,0.151066510323852
"1829","(STRAT_mod0.01 - STRAT_mod1.44) - (STRAT_mod0.82 - STRAT_mod1.44)","Opaline/CCS",0.0425431928964848,-0.012288425185377,0.0975461992300271
"1830","(STRAT_mod0.01 - STRAT_mod1.44) - (STRAT_mod0.82 - STRAT_mod2.15)","Opaline/CCS",0.0563299090914937,-0.00714899630263943,0.130365011511773
"1831","(STRAT_mod0.01 - STRAT_mod1.44) - (STRAT_mod0.82 - STRAT_mod2.88)","Opaline/CCS",0.0304792153974729,-0.0296349962004956,0.0899187220288638
"1832","(STRAT_mod0.01 - STRAT_mod1.44) - (STRAT_mod0.82 - STRAT_mod3.37)","Opaline/CCS",0.0529036233475562,-0.00552435083772007,0.111916860944327
"1833","(STRAT_mod0.01 - STRAT_mod1.44) - (STRAT_mod1.08 - STRAT_mod1.44)","Opaline/CCS",-0.00654305745579897,-0.0610921403270308,0.0467478937468497
"1834","(STRAT_mod0.01 - STRAT_mod1.44) - (STRAT_mod1.08 - STRAT_mod2.15)","Opaline/CCS",0.00748607655645439,-0.0617316591099693,0.0762253629863459
"1835","(STRAT_mod0.01 - STRAT_mod1.44) - (STRAT_mod1.08 - STRAT_mod2.88)","Opaline/CCS",-0.0186136323748392,-0.0760848121695132,0.0409464341195984
"1836","(STRAT_mod0.01 - STRAT_mod1.44) - (STRAT_mod1.08 - STRAT_mod3.37)","Opaline/CCS",0.00394617717995382,-0.0521004315502278,0.0643235945916807
"1837","(STRAT_mod0.01 - STRAT_mod1.44) - (STRAT_mod1.44 - STRAT_mod2.15)","Opaline/CCS",0.0562301623159103,-0.0181197208181962,0.127207440855025
"1838","(STRAT_mod0.01 - STRAT_mod1.44) - (STRAT_mod1.44 - STRAT_mod2.88)","Opaline/CCS",0.0299381190383698,-0.0336961866733008,0.0930764594150024
"1839","(STRAT_mod0.01 - STRAT_mod1.44) - (STRAT_mod1.44 - STRAT_mod3.37)","Opaline/CCS",0.052727886910217,-0.0123908263437387,0.1135152866957
"1840","(STRAT_mod0.01 - STRAT_mod1.44) - (STRAT_mod2.15 - STRAT_mod2.88)","Opaline/CCS",0.0158342772057798,-0.0532536766531102,0.0813216149919982
"1841","(STRAT_mod0.01 - STRAT_mod1.44) - (STRAT_mod2.15 - STRAT_mod3.37)","Opaline/CCS",0.0380253527641201,-0.0286283474358697,0.105364882695822
"1842","(STRAT_mod0.01 - STRAT_mod1.44) - (STRAT_mod2.88 - STRAT_mod3.37)","Opaline/CCS",0.0651494615400869,0.00380069374966086,0.12308970659682
"1843","(STRAT_mod0.01 - STRAT_mod2.15) - (STRAT_mod0.01 - STRAT_mod2.88)","Opaline/CCS",-0.0259308199505688,-0.0655271863576483,0.0149974953016749
"1844","(STRAT_mod0.01 - STRAT_mod2.15) - (STRAT_mod0.01 - STRAT_mod3.37)","Opaline/CCS",-0.00345499036861341,-0.0432199137155167,0.035581797033692
"1845","(STRAT_mod0.01 - STRAT_mod2.15) - (STRAT_mod0.09 - STRAT_mod0.1)","Opaline/CCS",-0.0329023882596715,-0.115800123992081,0.0517501168061458
"1846","(STRAT_mod0.01 - STRAT_mod2.15) - (STRAT_mod0.09 - STRAT_mod0.2)","Opaline/CCS",-0.0350149811521472,-0.113762412082156,0.051386723373219
"1847","(STRAT_mod0.01 - STRAT_mod2.15) - (STRAT_mod0.09 - STRAT_mod0.3)","Opaline/CCS",-0.0227376890986175,-0.102764940009934,0.0620287125996724
"1848","(STRAT_mod0.01 - STRAT_mod2.15) - (STRAT_mod0.09 - STRAT_mod0.82)","Opaline/CCS",-0.0600068668648541,-0.143876109157156,0.0182158834456727
"1849","(STRAT_mod0.01 - STRAT_mod2.15) - (STRAT_mod0.09 - STRAT_mod1.08)","Opaline/CCS",-0.010826013162754,-0.0931110962200181,0.067868760770649
"1850","(STRAT_mod0.01 - STRAT_mod2.15) - (STRAT_mod0.09 - STRAT_mod1.44)","Opaline/CCS",-0.0599212827295574,-0.135852520723923,0.0251184230155643
"1851","(STRAT_mod0.01 - STRAT_mod2.15) - (STRAT_mod0.09 - STRAT_mod2.15)","Opaline/CCS",-0.0454130651399316,-0.115359310350326,0.0248077908533428
"1852","(STRAT_mod0.01 - STRAT_mod2.15) - (STRAT_mod0.09 - STRAT_mod2.88)","Opaline/CCS",-0.0717353922805595,-0.152411936276486,0.009641534580211
"1853","(STRAT_mod0.01 - STRAT_mod2.15) - (STRAT_mod0.09 - STRAT_mod3.37)","Opaline/CCS",-0.0497460382735548,-0.132810352926004,0.029467677730413
"1854","(STRAT_mod0.01 - STRAT_mod2.15) - (STRAT_mod0.1 - STRAT_mod0.2)","Opaline/CCS",0.0268817921831437,-0.0459994712035314,0.102230906070294
"1855","(STRAT_mod0.01 - STRAT_mod2.15) - (STRAT_mod0.1 - STRAT_mod0.3)","Opaline/CCS",0.0387257337758686,-0.0340598645530781,0.114743446281513
"1856","(STRAT_mod0.01 - STRAT_mod2.15) - (STRAT_mod0.1 - STRAT_mod0.82)","Opaline/CCS",0.00102085651985662,-0.0704361976018668,0.0747528356810143
"1857","(STRAT_mod0.01 - STRAT_mod2.15) - (STRAT_mod0.1 - STRAT_mod1.08)","Opaline/CCS",0.0501427564298553,-0.0217382928320786,0.123954209609664
"1858","(STRAT_mod0.01 - STRAT_mod2.15) - (STRAT_mod0.1 - STRAT_mod1.44)","Opaline/CCS",0.00216747591128974,-0.0715992060722881,0.0726790861041016
"1859","(STRAT_mod0.01 - STRAT_mod2.15) - (STRAT_mod0.1 - STRAT_mod2.15)","Opaline/CCS",0.0154650802381191,-0.0439876699394492,0.0778111291220096
"1860","(STRAT_mod0.01 - STRAT_mod2.15) - (STRAT_mod0.1 - STRAT_mod2.88)","Opaline/CCS",-0.0104593776924566,-0.0810448951668312,0.0639491332623758
"1861","(STRAT_mod0.01 - STRAT_mod2.15) - (STRAT_mod0.1 - STRAT_mod3.37)","Opaline/CCS",0.0126855711536873,-0.0588497000464621,0.085892247250781
"1862","(STRAT_mod0.01 - STRAT_mod2.15) - (STRAT_mod0.2 - STRAT_mod0.3)","Opaline/CCS",0.0392255493080684,-0.0362473818191549,0.108399655127795
"1863","(STRAT_mod0.01 - STRAT_mod2.15) - (STRAT_mod0.2 - STRAT_mod0.82)","Opaline/CCS",0.00268153268757843,-0.0662346392502102,0.0724657952165213
"1864","(STRAT_mod0.01 - STRAT_mod2.15) - (STRAT_mod0.2 - STRAT_mod1.08)","Opaline/CCS",0.0516036817879908,-0.0148609380490194,0.123821391195848
"1865","(STRAT_mod0.01 - STRAT_mod2.15) - (STRAT_mod0.2 - STRAT_mod1.44)","Opaline/CCS",0.00311695690889402,-0.062510852212609,0.0779658551537987
"1866","(STRAT_mod0.01 - STRAT_mod2.15) - (STRAT_mod0.2 - STRAT_mod2.15)","Opaline/CCS",0.0174177451618516,-0.0388165008155008,0.0770706815492588
"1867","(STRAT_mod0.01 - STRAT_mod2.15) - (STRAT_mod0.2 - STRAT_mod2.88)","Opaline/CCS",-0.00913760589871959,-0.0776457394769423,0.0614898273585327
"1868","(STRAT_mod0.01 - STRAT_mod2.15) - (STRAT_mod0.2 - STRAT_mod3.37)","Opaline/CCS",0.0135703574615385,-0.0579790626803138,0.0810583649999628
"1869","(STRAT_mod0.01 - STRAT_mod2.15) - (STRAT_mod0.3 - STRAT_mod0.82)","Opaline/CCS",-0.00960558041522597,-0.0798048813849288,0.0582783302177887
"1870","(STRAT_mod0.01 - STRAT_mod2.15) - (STRAT_mod0.3 - STRAT_mod1.08)","Opaline/CCS",0.0401076412788797,-0.0317495541817916,0.107490784403069
"1871","(STRAT_mod0.01 - STRAT_mod2.15) - (STRAT_mod0.3 - STRAT_mod1.44)","Opaline/CCS",-0.00885585826975244,-0.0763773567306085,0.0623714289144859
"1872","(STRAT_mod0.01 - STRAT_mod2.15) - (STRAT_mod0.3 - STRAT_mod2.15)","Opaline/CCS",0.00502716735654252,-0.0518086851071451,0.0613966725409751
"1873","(STRAT_mod0.01 - STRAT_mod2.15) - (STRAT_mod0.3 - STRAT_mod2.88)","Opaline/CCS",-0.0206107525355346,-0.090744149527473,0.0480353322788729
"1874","(STRAT_mod0.01 - STRAT_mod2.15) - (STRAT_mod0.3 - STRAT_mod3.37)","Opaline/CCS",0.00150698984432518,-0.0658899761770346,0.0730226484073389
"1875","(STRAT_mod0.01 - STRAT_mod2.15) - (STRAT_mod0.82 - STRAT_mod1.08)","Opaline/CCS",0.0770811858475229,0.00986603702456668,0.145063184301646
"1876","(STRAT_mod0.01 - STRAT_mod2.15) - (STRAT_mod0.82 - STRAT_mod1.44)","Opaline/CCS",0.0285121765431884,-0.0403065529110815,0.0947823504945546
"1877","(STRAT_mod0.01 - STRAT_mod2.15) - (STRAT_mod0.82 - STRAT_mod2.15)","Opaline/CCS",0.0425431928964848,-0.012288425185377,0.0975461992300271
"1878","(STRAT_mod0.01 - STRAT_mod2.15) - (STRAT_mod0.82 - STRAT_mod2.88)","Opaline/CCS",0.0171594763860468,-0.0503414647985454,0.0842585824540181
"1879","(STRAT_mod0.01 - STRAT_mod2.15) - (STRAT_mod0.82 - STRAT_mod3.37)","Opaline/CCS",0.0384399157918001,-0.0308339200599854,0.104025857255161
"1880","(STRAT_mod0.01 - STRAT_mod2.15) - (STRAT_mod1.08 - STRAT_mod1.44)","Opaline/CCS",-0.0210257359253176,-0.0864592750692812,0.0464272007085782
"1881","(STRAT_mod0.01 - STRAT_mod2.15) - (STRAT_mod1.08 - STRAT_mod2.15)","Opaline/CCS",-0.00654305745579897,-0.0610921403270308,0.0467478937468497
"1882","(STRAT_mod0.01 - STRAT_mod2.15) - (STRAT_mod1.08 - STRAT_mod2.88)","Opaline/CCS",-0.0326616902423262,-0.100284453734145,0.0335187915325887
"1883","(STRAT_mod0.01 - STRAT_mod2.15) - (STRAT_mod1.08 - STRAT_mod3.37)","Opaline/CCS",-0.0107270431065098,-0.07664613539459,0.0581290784512212
"1884","(STRAT_mod0.01 - STRAT_mod2.15) - (STRAT_mod1.44 - STRAT_mod2.15)","Opaline/CCS",0.0419712893788553,-0.0156605710179316,0.0925146417798612
"1885","(STRAT_mod0.01 - STRAT_mod2.15) - (STRAT_mod1.44 - STRAT_mod2.88)","Opaline/CCS",0.0158342772057798,-0.0532536766531102,0.0813216149919982
"1886","(STRAT_mod0.01 - STRAT_mod2.15) - (STRAT_mod1.44 - STRAT_mod3.37)","Opaline/CCS",0.0380253527641201,-0.0286283474358697,0.105364882695822
"1887","(STRAT_mod0.01 - STRAT_mod2.15) - (STRAT_mod2.15 - STRAT_mod2.88)","Opaline/CCS",0.00157616227562496,-0.0888614280785101,0.0930726442816967
"1888","(STRAT_mod0.01 - STRAT_mod2.15) - (STRAT_mod2.15 - STRAT_mod3.37)","Opaline/CCS",0.0242106943209142,-0.0623053337372301,0.120246976554155
"1889","(STRAT_mod0.01 - STRAT_mod2.15) - (STRAT_mod2.88 - STRAT_mod3.37)","Opaline/CCS",0.0502751948661129,-0.0178094310503005,0.118094153063223
"1890","(STRAT_mod0.01 - STRAT_mod2.88) - (STRAT_mod0.01 - STRAT_mod3.37)","Opaline/CCS",0.0227143415361222,-0.000367124915024775,0.0449276980795617
"1891","(STRAT_mod0.01 - STRAT_mod2.88) - (STRAT_mod0.09 - STRAT_mod0.1)","Opaline/CCS",-0.00657566867298609,-0.0875600387559827,0.0681294431691506
"1892","(STRAT_mod0.01 - STRAT_mod2.88) - (STRAT_mod0.09 - STRAT_mod0.2)","Opaline/CCS",-0.00800221715031246,-0.0846279722770888,0.0671795638748778
"1893","(STRAT_mod0.01 - STRAT_mod2.88) - (STRAT_mod0.09 - STRAT_mod0.3)","Opaline/CCS",0.00365279080922543,-0.0732740613354936,0.0770742789407466
"1894","(STRAT_mod0.01 - STRAT_mod2.88) - (STRAT_mod0.09 - STRAT_mod0.82)","Opaline/CCS",-0.0333319404283585,-0.109213167060676,0.0381438317169325
"1895","(STRAT_mod0.01 - STRAT_mod2.88) - (STRAT_mod0.09 - STRAT_mod1.08)","Opaline/CCS",0.0154417495152412,-0.0606448837401072,0.0867593694761908
"1896","(STRAT_mod0.01 - STRAT_mod2.88) - (STRAT_mod0.09 - STRAT_mod1.44)","Opaline/CCS",-0.0329586109967128,-0.107303852114502,0.0398202414523068
"1897","(STRAT_mod0.01 - STRAT_mod2.88) - (STRAT_mod0.09 - STRAT_mod2.15)","Opaline/CCS",-0.0186945994046903,-0.101498187494387,0.0613234721460212
"1898","(STRAT_mod0.01 - STRAT_mod2.88) - (STRAT_mod0.09 - STRAT_mod2.88)","Opaline/CCS",-0.0454130651399316,-0.115359310350326,0.0248077908533428
"1899","(STRAT_mod0.01 - STRAT_mod2.88) - (STRAT_mod0.09 - STRAT_mod3.37)","Opaline/CCS",-0.0229251043613892,-0.0969570478382162,0.0499462754290945
"1900","(STRAT_mod0.01 - STRAT_mod2.88) - (STRAT_mod0.1 - STRAT_mod0.2)","Opaline/CCS",0.05221249106351,-0.0131035344885202,0.121666977480585
"1901","(STRAT_mod0.01 - STRAT_mod2.88) - (STRAT_mod0.1 - STRAT_mod0.3)","Opaline/CCS",0.0644523970880417,-0.000514084179670249,0.133801943646928
"1902","(STRAT_mod0.01 - STRAT_mod2.88) - (STRAT_mod0.1 - STRAT_mod0.82)","Opaline/CCS",0.0274154477576638,-0.0343430393104325,0.096245544486405
"1903","(STRAT_mod0.01 - STRAT_mod2.88) - (STRAT_mod0.1 - STRAT_mod1.08)","Opaline/CCS",0.0763631496901134,0.0118618154742665,0.142190426509452
"1904","(STRAT_mod0.01 - STRAT_mod2.88) - (STRAT_mod0.1 - STRAT_mod1.44)","Opaline/CCS",0.0278676866443823,-0.0345832306734009,0.0953872867431191
"1905","(STRAT_mod0.01 - STRAT_mod2.88) - (STRAT_mod0.1 - STRAT_mod2.15)","Opaline/CCS",0.0418228094610882,-0.0325505611174952,0.11541209180736
"1906","(STRAT_mod0.01 - STRAT_mod2.88) - (STRAT_mod0.1 - STRAT_mod2.88)","Opaline/CCS",0.0154650802381191,-0.0439876699394492,0.0778111291220096
"1907","(STRAT_mod0.01 - STRAT_mod2.88) - (STRAT_mod0.1 - STRAT_mod3.37)","Opaline/CCS",0.0379440245244014,-0.0301149037595971,0.100435182433224
"1908","(STRAT_mod0.01 - STRAT_mod2.88) - (STRAT_mod0.2 - STRAT_mod0.3)","Opaline/CCS",0.0662929909333179,0.00376281320515481,0.133004602335201
"1909","(STRAT_mod0.01 - STRAT_mod2.88) - (STRAT_mod0.2 - STRAT_mod0.82)","Opaline/CCS",0.0289464988050447,-0.0340015955709174,0.0911849970977174
"1910","(STRAT_mod0.01 - STRAT_mod2.88) - (STRAT_mod0.2 - STRAT_mod1.08)","Opaline/CCS",0.0782811340170591,0.0140831897075433,0.139062313035299
"1911","(STRAT_mod0.01 - STRAT_mod2.88) - (STRAT_mod0.2 - STRAT_mod1.44)","Opaline/CCS",0.0291750687865195,-0.0342074069116856,0.091749677658187
"1912","(STRAT_mod0.01 - STRAT_mod2.88) - (STRAT_mod0.2 - STRAT_mod2.15)","Opaline/CCS",0.0436882731884098,-0.0290654775533472,0.114128154779689
"1913","(STRAT_mod0.01 - STRAT_mod2.88) - (STRAT_mod0.2 - STRAT_mod2.88)","Opaline/CCS",0.0174177451618516,-0.0388165008155008,0.0770706815492588
"1914","(STRAT_mod0.01 - STRAT_mod2.88) - (STRAT_mod0.2 - STRAT_mod3.37)","Opaline/CCS",0.0399832276425205,-0.0270832767147797,0.0979588791413986
"1915","(STRAT_mod0.01 - STRAT_mod2.88) - (STRAT_mod0.3 - STRAT_mod0.82)","Opaline/CCS",0.0167420414590347,-0.0414325805444316,0.0825411056925422
"1916","(STRAT_mod0.01 - STRAT_mod2.88) - (STRAT_mod0.3 - STRAT_mod1.08)","Opaline/CCS",0.0661483704597272,0.0051245926336505,0.128699561698205
"1917","(STRAT_mod0.01 - STRAT_mod2.88) - (STRAT_mod0.3 - STRAT_mod1.44)","Opaline/CCS",0.0174270676661052,-0.0439414060456609,0.0808493073083856
"1918","(STRAT_mod0.01 - STRAT_mod2.88) - (STRAT_mod0.3 - STRAT_mod2.15)","Opaline/CCS",0.0314637048434427,-0.0369192751337777,0.103082584429947
"1919","(STRAT_mod0.01 - STRAT_mod2.88) - (STRAT_mod0.3 - STRAT_mod2.88)","Opaline/CCS",0.00502716735654252,-0.0518086851071451,0.0613966725409751
"1920","(STRAT_mod0.01 - STRAT_mod2.88) - (STRAT_mod0.3 - STRAT_mod3.37)","Opaline/CCS",0.027969797381405,-0.0324008401560141,0.0910266754746476
"1921","(STRAT_mod0.01 - STRAT_mod2.88) - (STRAT_mod0.82 - STRAT_mod1.08)","Opaline/CCS",0.10348275868552,0.0417546537755809,0.160506324598559
"1922","(STRAT_mod0.01 - STRAT_mod2.88) - (STRAT_mod0.82 - STRAT_mod1.44)","Opaline/CCS",0.0544966123230648,-0.00487061809376721,0.11479180565481
"1923","(STRAT_mod0.01 - STRAT_mod2.88) - (STRAT_mod0.82 - STRAT_mod2.15)","Opaline/CCS",0.0684090237095305,-0.00148623463803599,0.136945564539953
"1924","(STRAT_mod0.01 - STRAT_mod2.88) - (STRAT_mod0.82 - STRAT_mod2.88)","Opaline/CCS",0.0425431928964848,-0.012288425185377,0.0975461992300271
"1925","(STRAT_mod0.01 - STRAT_mod2.88) - (STRAT_mod0.82 - STRAT_mod3.37)","Opaline/CCS",0.0653210004016347,0.00273167597027868,0.122091284855448
"1926","(STRAT_mod0.01 - STRAT_mod2.88) - (STRAT_mod1.08 - STRAT_mod1.44)","Opaline/CCS",0.00546597401396731,-0.0539769562150134,0.0659581119284445
"1927","(STRAT_mod0.01 - STRAT_mod2.88) - (STRAT_mod1.08 - STRAT_mod2.15)","Opaline/CCS",0.0194326556665556,-0.053945258639025,0.0839994645362481
"1928","(STRAT_mod0.01 - STRAT_mod2.88) - (STRAT_mod1.08 - STRAT_mod2.88)","Opaline/CCS",-0.00654305745579897,-0.0610921403270308,0.0467478937468497
"1929","(STRAT_mod0.01 - STRAT_mod2.88) - (STRAT_mod1.08 - STRAT_mod3.37)","Opaline/CCS",0.0158493358980836,-0.0458172633342491,0.0736568972284681
"1930","(STRAT_mod0.01 - STRAT_mod2.88) - (STRAT_mod1.44 - STRAT_mod2.15)","Opaline/CCS",0.0685624029069716,0.000426255958786648,0.138920878269502
"1931","(STRAT_mod0.01 - STRAT_mod2.88) - (STRAT_mod1.44 - STRAT_mod2.88)","Opaline/CCS",0.0419712893788553,-0.0156605710179316,0.0925146417798612
"1932","(STRAT_mod0.01 - STRAT_mod2.88) - (STRAT_mod1.44 - STRAT_mod3.37)","Opaline/CCS",0.0651494615400869,0.00380069374966086,0.12308970659682
"1933","(STRAT_mod0.01 - STRAT_mod2.88) - (STRAT_mod2.15 - STRAT_mod2.88)","Opaline/CCS",0.0279126712399573,-0.0335619588641389,0.0923985796099998
"1934","(STRAT_mod0.01 - STRAT_mod2.88) - (STRAT_mod2.15 - STRAT_mod3.37)","Opaline/CCS",0.0502751948661129,-0.0178094310503005,0.118094153063223
"1935","(STRAT_mod0.01 - STRAT_mod2.88) - (STRAT_mod2.88 - STRAT_mod3.37)","Opaline/CCS",0.0767340955711895,0.0113248712856469,0.14130390160366
"1936","(STRAT_mod0.01 - STRAT_mod3.37) - (STRAT_mod0.09 - STRAT_mod0.1)","Opaline/CCS",-0.0286545180478925,-0.10920192639149,0.0443333242156605
"1937","(STRAT_mod0.01 - STRAT_mod3.37) - (STRAT_mod0.09 - STRAT_mod0.2)","Opaline/CCS",-0.0307942221632744,-0.108324132956426,0.0430846769884576
"1938","(STRAT_mod0.01 - STRAT_mod3.37) - (STRAT_mod0.09 - STRAT_mod0.3)","Opaline/CCS",-0.0195562523903758,-0.0947443614396284,0.0561926606623651
"1939","(STRAT_mod0.01 - STRAT_mod3.37) - (STRAT_mod0.09 - STRAT_mod0.82)","Opaline/CCS",-0.0558148130835858,-0.13077864438125,0.0153932235001557
"1940","(STRAT_mod0.01 - STRAT_mod3.37) - (STRAT_mod0.09 - STRAT_mod1.08)","Opaline/CCS",-0.00692462447393938,-0.0799463091104071,0.0673621348017353
"1941","(STRAT_mod0.01 - STRAT_mod3.37) - (STRAT_mod0.09 - STRAT_mod1.44)","Opaline/CCS",-0.0558304177339395,-0.128883630125374,0.0186185250418203
"1942","(STRAT_mod0.01 - STRAT_mod3.37) - (STRAT_mod0.09 - STRAT_mod2.15)","Opaline/CCS",-0.041728535799219,-0.124381923194198,0.0363813257787662
"1943","(STRAT_mod0.01 - STRAT_mod3.37) - (STRAT_mod0.09 - STRAT_mod2.88)","Opaline/CCS",-0.0680331575383439,-0.144026081139659,0.00334508599693439
"1944","(STRAT_mod0.01 - STRAT_mod3.37) - (STRAT_mod0.09 - STRAT_mod3.37)","Opaline/CCS",-0.0454130651399316,-0.115359310350326,0.0248077908533428
"1945","(STRAT_mod0.01 - STRAT_mod3.37) - (STRAT_mod0.1 - STRAT_mod0.2)","Opaline/CCS",0.0295244110234709,-0.0320970464670327,0.101024359766167
"1946","(STRAT_mod0.01 - STRAT_mod3.37) - (STRAT_mod0.1 - STRAT_mod0.3)","Opaline/CCS",0.0421758323013257,-0.0221747154031582,0.110045704856906
"1947","(STRAT_mod0.01 - STRAT_mod3.37) - (STRAT_mod0.1 - STRAT_mod0.82)","Opaline/CCS",0.00462796511732133,-0.0613027179904799,0.0680689156090128
"1948","(STRAT_mod0.01 - STRAT_mod3.37) - (STRAT_mod0.1 - STRAT_mod1.08)","Opaline/CCS",0.0535117354684127,-0.00871101716485789,0.119024498165994
"1949","(STRAT_mod0.01 - STRAT_mod3.37) - (STRAT_mod0.1 - STRAT_mod1.44)","Opaline/CCS",0.00507118922688865,-0.0562263592992038,0.0725720289232492
"1950","(STRAT_mod0.01 - STRAT_mod3.37) - (STRAT_mod0.1 - STRAT_mod2.15)","Opaline/CCS",0.0186848120699219,-0.0544729218976245,0.0921165875964642
"1951","(STRAT_mod0.01 - STRAT_mod3.37) - (STRAT_mod0.1 - STRAT_mod2.88)","Opaline/CCS",-0.00725687722161794,-0.0723878615489149,0.0557280545947472
"1952","(STRAT_mod0.01 - STRAT_mod3.37) - (STRAT_mod0.1 - STRAT_mod3.37)","Opaline/CCS",0.0154650802381191,-0.0439876699394492,0.0778111291220096
"1953","(STRAT_mod0.01 - STRAT_mod3.37) - (STRAT_mod0.2 - STRAT_mod0.3)","Opaline/CCS",0.0434078492565977,-0.0205930918844572,0.106901958328808
"1954","(STRAT_mod0.01 - STRAT_mod3.37) - (STRAT_mod0.2 - STRAT_mod0.82)","Opaline/CCS",0.00664365378266396,-0.0560194485974264,0.0666155142540648
"1955","(STRAT_mod0.01 - STRAT_mod3.37) - (STRAT_mod0.2 - STRAT_mod1.08)","Opaline/CCS",0.0550664481656065,-0.0108279988629927,0.112332078857043
"1956","(STRAT_mod0.01 - STRAT_mod3.37) - (STRAT_mod0.2 - STRAT_mod1.44)","Opaline/CCS",0.0064911670281842,-0.0558501166306247,0.0682319964799185
"1957","(STRAT_mod0.01 - STRAT_mod3.37) - (STRAT_mod0.2 - STRAT_mod2.15)","Opaline/CCS",0.0205911882705001,-0.0510799315579078,0.0899372636798876
"1958","(STRAT_mod0.01 - STRAT_mod3.37) - (STRAT_mod0.2 - STRAT_mod2.88)","Opaline/CCS",-0.00546766861694814,-0.0639627577708848,0.0589772867224672
"1959","(STRAT_mod0.01 - STRAT_mod3.37) - (STRAT_mod0.2 - STRAT_mod3.37)","Opaline/CCS",0.0174177451618516,-0.0388165008155008,0.0770706815492588
"1960","(STRAT_mod0.01 - STRAT_mod3.37) - (STRAT_mod0.3 - STRAT_mod0.82)","Opaline/CCS",-0.00584273084052733,-0.0687495562915617,0.0524997697557064
"1961","(STRAT_mod0.01 - STRAT_mod3.37) - (STRAT_mod0.3 - STRAT_mod1.08)","Opaline/CCS",0.0435151068918418,-0.0162239543615788,0.105312992694798
"1962","(STRAT_mod0.01 - STRAT_mod3.37) - (STRAT_mod0.3 - STRAT_mod1.44)","Opaline/CCS",-0.00565994172945583,-0.0647929938597258,0.0575503349425839
"1963","(STRAT_mod0.01 - STRAT_mod3.37) - (STRAT_mod0.3 - STRAT_mod2.15)","Opaline/CCS",0.0086694766548574,-0.0612699392890135,0.0777040753214231
"1964","(STRAT_mod0.01 - STRAT_mod3.37) - (STRAT_mod0.3 - STRAT_mod2.88)","Opaline/CCS",-0.0177300282937565,-0.0768799818490535,0.0451114544642643
"1965","(STRAT_mod0.01 - STRAT_mod3.37) - (STRAT_mod0.3 - STRAT_mod3.37)","Opaline/CCS",0.00502716735654252,-0.0518086851071451,0.0613966725409751
"1966","(STRAT_mod0.01 - STRAT_mod3.37) - (STRAT_mod0.82 - STRAT_mod1.08)","Opaline/CCS",0.0803888328332256,0.0204517303857639,0.138151738831439
"1967","(STRAT_mod0.01 - STRAT_mod3.37) - (STRAT_mod0.82 - STRAT_mod1.44)","Opaline/CCS",0.0320962424427038,-0.0283233234646536,0.0904651795872145
"1968","(STRAT_mod0.01 - STRAT_mod3.37) - (STRAT_mod0.82 - STRAT_mod2.15)","Opaline/CCS",0.0456072875820961,-0.026907653456246,0.110262154081102
"1969","(STRAT_mod0.01 - STRAT_mod3.37) - (STRAT_mod0.82 - STRAT_mod2.88)","Opaline/CCS",0.019949409680682,-0.0380219611290022,0.0813720084709106
"1970","(STRAT_mod0.01 - STRAT_mod3.37) - (STRAT_mod0.82 - STRAT_mod3.37)","Opaline/CCS",0.0425431928964848,-0.012288425185377,0.0975461992300271
"1971","(STRAT_mod0.01 - STRAT_mod3.37) - (STRAT_mod1.08 - STRAT_mod1.44)","Opaline/CCS",-0.0173669435394042,-0.0793479691482455,0.0384868362769355
"1972","(STRAT_mod0.01 - STRAT_mod3.37) - (STRAT_mod1.08 - STRAT_mod2.15)","Opaline/CCS",-0.00293953281809833,-0.0705032496051987,0.0661627641956684
"1973","(STRAT_mod0.01 - STRAT_mod3.37) - (STRAT_mod1.08 - STRAT_mod2.88)","Opaline/CCS",-0.0291948703200235,-0.0863405960126489,0.0304196369790843
"1974","(STRAT_mod0.01 - STRAT_mod3.37) - (STRAT_mod1.08 - STRAT_mod3.37)","Opaline/CCS",-0.00654305745579897,-0.0610921403270308,0.0467478937468497
"1975","(STRAT_mod0.01 - STRAT_mod3.37) - (STRAT_mod1.44 - STRAT_mod2.15)","Opaline/CCS",0.0453572316564723,-0.02123302115083,0.115729370770626
"1976","(STRAT_mod0.01 - STRAT_mod3.37) - (STRAT_mod1.44 - STRAT_mod2.88)","Opaline/CCS",0.0192993374388395,-0.0387937327616301,0.0785101622875994
"1977","(STRAT_mod0.01 - STRAT_mod3.37) - (STRAT_mod1.44 - STRAT_mod3.37)","Opaline/CCS",0.0419712893788553,-0.0156605710179316,0.0925146417798612
"1978","(STRAT_mod0.01 - STRAT_mod3.37) - (STRAT_mod2.15 - STRAT_mod2.88)","Opaline/CCS",0.00541171341555668,-0.0605949115437632,0.0723268225562288
"1979","(STRAT_mod0.01 - STRAT_mod3.37) - (STRAT_mod2.15 - STRAT_mod3.37)","Opaline/CCS",0.0279126712399573,-0.0335619588641389,0.0923985796099998
"1980","(STRAT_mod0.01 - STRAT_mod3.37) - (STRAT_mod2.88 - STRAT_mod3.37)","Opaline/CCS",0.05426809648972,-0.00304930919769797,0.107458193574419
"1981","(STRAT_mod0.09 - STRAT_mod0.1) - (STRAT_mod0.09 - STRAT_mod0.2)","Opaline/CCS",-0.00184484679817265,-0.0394953549697297,0.0364572664605709
"1982","(STRAT_mod0.09 - STRAT_mod0.1) - (STRAT_mod0.09 - STRAT_mod0.3)","Opaline/CCS",0.0103421247930928,-0.0272121513334209,0.0465746118208461
"1983","(STRAT_mod0.09 - STRAT_mod0.1) - (STRAT_mod0.09 - STRAT_mod0.82)","Opaline/CCS",-0.0265074002167043,-0.0619278785444504,0.00472764885676291
"1984","(STRAT_mod0.09 - STRAT_mod0.1) - (STRAT_mod0.09 - STRAT_mod1.08)","Opaline/CCS",0.0221389040330355,-0.0140902015566953,0.0526140612235544
"1985","(STRAT_mod0.09 - STRAT_mod0.1) - (STRAT_mod0.09 - STRAT_mod1.44)","Opaline/CCS",-0.0261669429641438,-0.0603997587753886,0.00677480282411702
"1986","(STRAT_mod0.09 - STRAT_mod0.1) - (STRAT_mod0.09 - STRAT_mod2.15)","Opaline/CCS",-0.0125613740982273,-0.0584090405581996,0.035185912730602
"1987","(STRAT_mod0.09 - STRAT_mod0.1) - (STRAT_mod0.09 - STRAT_mod2.88)","Opaline/CCS",-0.0386475135532982,-0.0732338662768859,-0.00465450321205685
"1988","(STRAT_mod0.09 - STRAT_mod0.1) - (STRAT_mod0.09 - STRAT_mod3.37)","Opaline/CCS",-0.0158795630476711,-0.0497559265146417,0.0156827051886061
"1989","(STRAT_mod0.09 - STRAT_mod0.1) - (STRAT_mod0.1 - STRAT_mod0.2)","Opaline/CCS",0.0593409696442067,-0.0211841313446612,0.135119071549137
"1990","(STRAT_mod0.09 - STRAT_mod0.1) - (STRAT_mod0.1 - STRAT_mod0.3)","Opaline/CCS",0.071576582919695,-0.00477636523352087,0.149814253147116
"1991","(STRAT_mod0.09 - STRAT_mod0.1) - (STRAT_mod0.1 - STRAT_mod0.82)","Opaline/CCS",0.0343917197770585,-0.0428680546592326,0.109634103555116
"1992","(STRAT_mod0.09 - STRAT_mod0.1) - (STRAT_mod0.1 - STRAT_mod1.08)","Opaline/CCS",0.0827602527087086,0.00414103044853409,0.156228034443094
"1993","(STRAT_mod0.09 - STRAT_mod0.1) - (STRAT_mod0.1 - STRAT_mod1.44)","Opaline/CCS",0.0341318044225627,-0.0459201164837353,0.107347440771634
"1994","(STRAT_mod0.09 - STRAT_mod0.1) - (STRAT_mod0.1 - STRAT_mod2.15)","Opaline/CCS",0.0484310996800577,-0.0373059079133244,0.128488956559554
"1995","(STRAT_mod0.09 - STRAT_mod0.1) - (STRAT_mod0.1 - STRAT_mod2.88)","Opaline/CCS",0.0225561565221641,-0.0557871998122943,0.097506020258634
"1996","(STRAT_mod0.09 - STRAT_mod0.1) - (STRAT_mod0.1 - STRAT_mod3.37)","Opaline/CCS",0.0447558015240397,-0.0308781715915236,0.120733452253106
"1997","(STRAT_mod0.09 - STRAT_mod0.1) - (STRAT_mod0.2 - STRAT_mod0.3)","Opaline/CCS",0.073184233429568,0.0112722091547126,0.14058139216087
"1998","(STRAT_mod0.09 - STRAT_mod0.1) - (STRAT_mod0.2 - STRAT_mod0.82)","Opaline/CCS",0.0357531124239963,-0.0253653828947025,0.0992315432553421
"1999","(STRAT_mod0.09 - STRAT_mod0.1) - (STRAT_mod0.2 - STRAT_mod1.08)","Opaline/CCS",0.0845065489749244,0.0224067445056653,0.146743002688707
"2000","(STRAT_mod0.09 - STRAT_mod0.1) - (STRAT_mod0.2 - STRAT_mod1.44)","Opaline/CCS",0.036073589368802,-0.0307158147382474,0.0945374319237833
"2001","(STRAT_mod0.09 - STRAT_mod0.1) - (STRAT_mod0.2 - STRAT_mod2.15)","Opaline/CCS",0.0498951283643161,-0.0261304778953524,0.116863641091313
"2002","(STRAT_mod0.09 - STRAT_mod0.1) - (STRAT_mod0.2 - STRAT_mod2.88)","Opaline/CCS",0.0238249655852505,-0.0360015881096585,0.087737692722277
"2003","(STRAT_mod0.09 - STRAT_mod0.1) - (STRAT_mod0.2 - STRAT_mod3.37)","Opaline/CCS",0.0464741687348731,-0.0146852332111385,0.108788726655914
"2004","(STRAT_mod0.09 - STRAT_mod0.1) - (STRAT_mod0.3 - STRAT_mod0.82)","Opaline/CCS",0.0237007487069116,-0.0362850387962848,0.0872633920663302
"2005","(STRAT_mod0.09 - STRAT_mod0.1) - (STRAT_mod0.3 - STRAT_mod1.08)","Opaline/CCS",0.072617631668547,0.0116714470206229,0.133774425397434
"2006","(STRAT_mod0.09 - STRAT_mod0.1) - (STRAT_mod0.3 - STRAT_mod1.44)","Opaline/CCS",0.0242346178613406,-0.0393501131203835,0.0853106257816068
"2007","(STRAT_mod0.09 - STRAT_mod0.1) - (STRAT_mod0.3 - STRAT_mod2.15)","Opaline/CCS",0.0378845485488828,-0.0329618352315286,0.108835502935311
"2008","(STRAT_mod0.09 - STRAT_mod0.1) - (STRAT_mod0.3 - STRAT_mod2.88)","Opaline/CCS",0.012280116567809,-0.0496295345656108,0.0745246965155624
"2009","(STRAT_mod0.09 - STRAT_mod0.1) - (STRAT_mod0.3 - STRAT_mod3.37)","Opaline/CCS",0.0348115892653083,-0.0247656886764198,0.0979825271676908
"2010","(STRAT_mod0.09 - STRAT_mod0.1) - (STRAT_mod0.82 - STRAT_mod1.08)","Opaline/CCS",0.109154461820071,0.0514087391892386,0.170637961948057
"2011","(STRAT_mod0.09 - STRAT_mod0.1) - (STRAT_mod0.82 - STRAT_mod1.44)","Opaline/CCS",0.0610293393653316,0.00181358827695943,0.12234276159898
"2012","(STRAT_mod0.09 - STRAT_mod0.1) - (STRAT_mod0.82 - STRAT_mod2.15)","Opaline/CCS",0.0752189253783131,0.00865538208029681,0.145483011969952
"2013","(STRAT_mod0.09 - STRAT_mod0.1) - (STRAT_mod0.82 - STRAT_mod2.88)","Opaline/CCS",0.0488245991466139,-0.00857729694197973,0.111004262446709
"2014","(STRAT_mod0.09 - STRAT_mod0.1) - (STRAT_mod0.82 - STRAT_mod3.37)","Opaline/CCS",0.071365155022219,0.0129873920750101,0.130720314346194
"2015","(STRAT_mod0.09 - STRAT_mod0.1) - (STRAT_mod1.08 - STRAT_mod1.44)","Opaline/CCS",0.0121677809864684,-0.0482448873519958,0.0715846522304679
"2016","(STRAT_mod0.09 - STRAT_mod0.1) - (STRAT_mod1.08 - STRAT_mod2.15)","Opaline/CCS",0.0262891429833254,-0.0448843333952906,0.0905585001181448
"2017","(STRAT_mod0.09 - STRAT_mod0.1) - (STRAT_mod1.08 - STRAT_mod2.88)","Opaline/CCS",0.000198569192488396,-0.0608764466137872,0.0573386796532831
"2018","(STRAT_mod0.09 - STRAT_mod0.1) - (STRAT_mod1.08 - STRAT_mod3.37)","Opaline/CCS",0.0224902944720242,-0.0326187958561359,0.084764557968569
"2019","(STRAT_mod0.09 - STRAT_mod0.1) - (STRAT_mod1.44 - STRAT_mod2.15)","Opaline/CCS",0.074587874920967,0.00893641768997178,0.144977799194781
"2020","(STRAT_mod0.09 - STRAT_mod0.1) - (STRAT_mod1.44 - STRAT_mod2.88)","Opaline/CCS",0.0488081559870521,-0.0112793502815789,0.106976726193636
"2021","(STRAT_mod0.09 - STRAT_mod0.1) - (STRAT_mod1.44 - STRAT_mod3.37)","Opaline/CCS",0.071377013633801,0.0120178637361783,0.129394904071537
"2022","(STRAT_mod0.09 - STRAT_mod0.1) - (STRAT_mod2.15 - STRAT_mod2.88)","Opaline/CCS",0.0350796609251429,-0.034468516342351,0.100825394432515
"2023","(STRAT_mod0.09 - STRAT_mod0.1) - (STRAT_mod2.15 - STRAT_mod3.37)","Opaline/CCS",0.0574906897780456,-0.0120791393231938,0.123711153273601
"2024","(STRAT_mod0.09 - STRAT_mod0.1) - (STRAT_mod2.88 - STRAT_mod3.37)","Opaline/CCS",0.0835965057989996,0.0216634162090648,0.140906464222685
"2025","(STRAT_mod0.09 - STRAT_mod0.2) - (STRAT_mod0.09 - STRAT_mod0.3)","Opaline/CCS",0.0116793292792645,-0.0219061305685275,0.0447278060463416
"2026","(STRAT_mod0.09 - STRAT_mod0.2) - (STRAT_mod0.09 - STRAT_mod0.82)","Opaline/CCS",-0.0250242832851844,-0.0537154253052399,0.00367664873889861
"2027","(STRAT_mod0.09 - STRAT_mod0.2) - (STRAT_mod0.09 - STRAT_mod1.08)","Opaline/CCS",0.0237406201872976,-0.00525320281031227,0.0516461724628412
"2028","(STRAT_mod0.09 - STRAT_mod0.2) - (STRAT_mod0.09 - STRAT_mod1.44)","Opaline/CCS",-0.0246721682486222,-0.0531908554597971,0.00456954581924407
"2029","(STRAT_mod0.09 - STRAT_mod0.2) - (STRAT_mod0.09 - STRAT_mod2.15)","Opaline/CCS",-0.0109203621518432,-0.0568862167275781,0.0318401478733765
"2030","(STRAT_mod0.09 - STRAT_mod0.2) - (STRAT_mod0.09 - STRAT_mod2.88)","Opaline/CCS",-0.0369827996426018,-0.0659039113638644,-0.00749243144317102
"2031","(STRAT_mod0.09 - STRAT_mod0.2) - (STRAT_mod0.09 - STRAT_mod3.37)","Opaline/CCS",-0.0141453850745497,-0.0426201131077311,0.0134856580289915
"2032","(STRAT_mod0.09 - STRAT_mod0.2) - (STRAT_mod0.1 - STRAT_mod0.2)","Opaline/CCS",0.0607496816004147,0.003988899577271,0.114168744189598
"2033","(STRAT_mod0.09 - STRAT_mod0.2) - (STRAT_mod0.1 - STRAT_mod0.3)","Opaline/CCS",0.073184233429568,0.0112722091547126,0.14058139216087
"2034","(STRAT_mod0.09 - STRAT_mod0.2) - (STRAT_mod0.1 - STRAT_mod0.82)","Opaline/CCS",0.0357531124239963,-0.0253653828947025,0.0992315432553421
"2035","(STRAT_mod0.09 - STRAT_mod0.2) - (STRAT_mod0.1 - STRAT_mod1.08)","Opaline/CCS",0.0845065489749244,0.0224067445056653,0.146743002688707
"2036","(STRAT_mod0.09 - STRAT_mod0.2) - (STRAT_mod0.1 - STRAT_mod1.44)","Opaline/CCS",0.036073589368802,-0.0307158147382474,0.0945374319237833
"2037","(STRAT_mod0.09 - STRAT_mod0.2) - (STRAT_mod0.1 - STRAT_mod2.15)","Opaline/CCS",0.0498951283643161,-0.0261304778953524,0.116863641091313
"2038","(STRAT_mod0.09 - STRAT_mod0.2) - (STRAT_mod0.1 - STRAT_mod2.88)","Opaline/CCS",0.0238249655852505,-0.0360015881096585,0.087737692722277
"2039","(STRAT_mod0.09 - STRAT_mod0.2) - (STRAT_mod0.1 - STRAT_mod3.37)","Opaline/CCS",0.0464741687348731,-0.0146852332111385,0.108788726655914
"2040","(STRAT_mod0.09 - STRAT_mod0.2) - (STRAT_mod0.2 - STRAT_mod0.3)","Opaline/CCS",0.074899855237625,0.00770266358823157,0.150396974661479
"2041","(STRAT_mod0.09 - STRAT_mod0.2) - (STRAT_mod0.2 - STRAT_mod0.82)","Opaline/CCS",0.0381502441372248,-0.0289147532352771,0.109995629853891
"2042","(STRAT_mod0.09 - STRAT_mod0.2) - (STRAT_mod0.2 - STRAT_mod1.08)","Opaline/CCS",0.0864810175248687,0.0159914855140846,0.154978198447012
"2043","(STRAT_mod0.09 - STRAT_mod0.2) - (STRAT_mod0.2 - STRAT_mod1.44)","Opaline/CCS",0.0384958027154279,-0.0305361173374687,0.107889800373922
"2044","(STRAT_mod0.09 - STRAT_mod0.2) - (STRAT_mod0.2 - STRAT_mod2.15)","Opaline/CCS",0.0518959261786103,-0.0246594231288193,0.130351289986983
"2045","(STRAT_mod0.09 - STRAT_mod0.2) - (STRAT_mod0.2 - STRAT_mod2.88)","Opaline/CCS",0.0264265053845811,-0.0441999952397985,0.0952695482317822
"2046","(STRAT_mod0.09 - STRAT_mod0.2) - (STRAT_mod0.2 - STRAT_mod3.37)","Opaline/CCS",0.0487680154609531,-0.0193891579352612,0.118541777248765
"2047","(STRAT_mod0.09 - STRAT_mod0.2) - (STRAT_mod0.3 - STRAT_mod0.82)","Opaline/CCS",0.0260260648348583,-0.033669114018628,0.0846316629060002
"2048","(STRAT_mod0.09 - STRAT_mod0.2) - (STRAT_mod0.3 - STRAT_mod1.08)","Opaline/CCS",0.074482722249241,0.0157816958894124,0.134931238722933
"2049","(STRAT_mod0.09 - STRAT_mod0.2) - (STRAT_mod0.3 - STRAT_mod1.44)","Opaline/CCS",0.0261947560611746,-0.0350283554884547,0.0837072510783772
"2050","(STRAT_mod0.09 - STRAT_mod0.2) - (STRAT_mod0.3 - STRAT_mod2.15)","Opaline/CCS",0.0403829500013089,-0.0335454048338524,0.103928677538808
"2051","(STRAT_mod0.09 - STRAT_mod0.2) - (STRAT_mod0.3 - STRAT_mod2.88)","Opaline/CCS",0.0137522986842369,-0.0449554499705171,0.0735402902731925
"2052","(STRAT_mod0.09 - STRAT_mod0.2) - (STRAT_mod0.3 - STRAT_mod3.37)","Opaline/CCS",0.0363647257214297,-0.0236424466441032,0.0942525489464741
"2053","(STRAT_mod0.09 - STRAT_mod0.2) - (STRAT_mod0.82 - STRAT_mod1.08)","Opaline/CCS",0.111554797630107,0.0554536729233392,0.169628528667802
"2054","(STRAT_mod0.09 - STRAT_mod0.2) - (STRAT_mod0.82 - STRAT_mod1.44)","Opaline/CCS",0.0631138293510429,0.00348322835942305,0.118098627345875
"2055","(STRAT_mod0.09 - STRAT_mod0.2) - (STRAT_mod0.82 - STRAT_mod2.15)","Opaline/CCS",0.076962549284302,0.0105356126328293,0.143775955060599
"2056","(STRAT_mod0.09 - STRAT_mod0.2) - (STRAT_mod0.82 - STRAT_mod2.88)","Opaline/CCS",0.0505758499716893,-0.00494205254882907,0.108930062698264
"2057","(STRAT_mod0.09 - STRAT_mod0.2) - (STRAT_mod0.82 - STRAT_mod3.37)","Opaline/CCS",0.0734108978217263,0.0147731014239518,0.12764267593429
"2058","(STRAT_mod0.09 - STRAT_mod0.2) - (STRAT_mod1.08 - STRAT_mod1.44)","Opaline/CCS",0.0146541357265106,-0.0448192054438503,0.0695237243411753
"2059","(STRAT_mod0.09 - STRAT_mod0.2) - (STRAT_mod1.08 - STRAT_mod2.15)","Opaline/CCS",0.0281411286742586,-0.0382942745071797,0.0940666438668418
"2060","(STRAT_mod0.09 - STRAT_mod0.2) - (STRAT_mod1.08 - STRAT_mod2.88)","Opaline/CCS",0.00220510244663186,-0.0563331407272578,0.0583307466515577
"2061","(STRAT_mod0.09 - STRAT_mod0.2) - (STRAT_mod1.08 - STRAT_mod3.37)","Opaline/CCS",0.0250565259783158,-0.0324664541314301,0.0805142189354928
"2062","(STRAT_mod0.09 - STRAT_mod0.2) - (STRAT_mod1.44 - STRAT_mod2.15)","Opaline/CCS",0.0764036524744351,0.00829834737934965,0.142831531646839
"2063","(STRAT_mod0.09 - STRAT_mod0.2) - (STRAT_mod1.44 - STRAT_mod2.88)","Opaline/CCS",0.0503589413891803,-0.00472920014950562,0.10789138326411
"2064","(STRAT_mod0.09 - STRAT_mod0.2) - (STRAT_mod1.44 - STRAT_mod3.37)","Opaline/CCS",0.0730996028282633,0.0178029569527931,0.130425549161944
"2065","(STRAT_mod0.09 - STRAT_mod0.2) - (STRAT_mod2.15 - STRAT_mod2.88)","Opaline/CCS",0.036885226137696,-0.0302138178604907,0.100070026616462
"2066","(STRAT_mod0.09 - STRAT_mod0.2) - (STRAT_mod2.15 - STRAT_mod3.37)","Opaline/CCS",0.0593335264593271,-0.00553424055152663,0.124436835827396
"2067","(STRAT_mod0.09 - STRAT_mod0.2) - (STRAT_mod2.88 - STRAT_mod3.37)","Opaline/CCS",0.0854804689096023,0.0259708555294176,0.139998771397568
"2068","(STRAT_mod0.09 - STRAT_mod0.3) - (STRAT_mod0.09 - STRAT_mod0.82)","Opaline/CCS",-0.0372244313970356,-0.0646519556279634,-0.0101461520671187
"2069","(STRAT_mod0.09 - STRAT_mod0.3) - (STRAT_mod0.09 - STRAT_mod1.08)","Opaline/CCS",0.0115876207328465,-0.0163698784330863,0.0390917270037843
"2070","(STRAT_mod0.09 - STRAT_mod0.3) - (STRAT_mod0.09 - STRAT_mod1.44)","Opaline/CCS",-0.0366692683984968,-0.065506223212529,-0.00893812267621197
"2071","(STRAT_mod0.09 - STRAT_mod0.3) - (STRAT_mod0.09 - STRAT_mod2.15)","Opaline/CCS",-0.0225123955552005,-0.0664825673740257,0.0198851524213319
"2072","(STRAT_mod0.09 - STRAT_mod0.3) - (STRAT_mod0.09 - STRAT_mod2.88)","Opaline/CCS",-0.0490725799546519,-0.0780892576203773,-0.0205199874844153
"2073","(STRAT_mod0.09 - STRAT_mod0.3) - (STRAT_mod0.09 - STRAT_mod3.37)","Opaline/CCS",-0.0263222067776971,-0.0543824085816418,0.000331510166929228
"2074","(STRAT_mod0.09 - STRAT_mod0.3) - (STRAT_mod0.1 - STRAT_mod0.2)","Opaline/CCS",0.0492781501411299,-0.0176352342475909,0.112476698354924
"2075","(STRAT_mod0.09 - STRAT_mod0.3) - (STRAT_mod0.1 - STRAT_mod0.3)","Opaline/CCS",0.0607496816004147,0.003988899577271,0.114168744189598
"2076","(STRAT_mod0.09 - STRAT_mod0.3) - (STRAT_mod0.1 - STRAT_mod0.82)","Opaline/CCS",0.0237007487069116,-0.0362850387962848,0.0872633920663302
"2077","(STRAT_mod0.09 - STRAT_mod0.3) - (STRAT_mod0.1 - STRAT_mod1.08)","Opaline/CCS",0.072617631668547,0.0116714470206229,0.133774425397434
"2078","(STRAT_mod0.09 - STRAT_mod0.3) - (STRAT_mod0.1 - STRAT_mod1.44)","Opaline/CCS",0.0242346178613406,-0.0393501131203835,0.0853106257816068
"2079","(STRAT_mod0.09 - STRAT_mod0.3) - (STRAT_mod0.1 - STRAT_mod2.15)","Opaline/CCS",0.0378845485488828,-0.0329618352315286,0.108835502935311
"2080","(STRAT_mod0.09 - STRAT_mod0.3) - (STRAT_mod0.1 - STRAT_mod2.88)","Opaline/CCS",0.012280116567809,-0.0496295345656108,0.0745246965155624
"2081","(STRAT_mod0.09 - STRAT_mod0.3) - (STRAT_mod0.1 - STRAT_mod3.37)","Opaline/CCS",0.0348115892653083,-0.0247656886764198,0.0979825271676908
"2082","(STRAT_mod0.09 - STRAT_mod0.3) - (STRAT_mod0.2 - STRAT_mod0.3)","Opaline/CCS",0.0630683418168889,0.0105074408907733,0.115485902991812
"2083","(STRAT_mod0.09 - STRAT_mod0.3) - (STRAT_mod0.2 - STRAT_mod0.82)","Opaline/CCS",0.0260260648348583,-0.033669114018628,0.0846316629060002
"2084","(STRAT_mod0.09 - STRAT_mod0.3) - (STRAT_mod0.2 - STRAT_mod1.08)","Opaline/CCS",0.074482722249241,0.0157816958894124,0.134931238722933
"2085","(STRAT_mod0.09 - STRAT_mod0.3) - (STRAT_mod0.2 - STRAT_mod1.44)","Opaline/CCS",0.0261947560611746,-0.0350283554884547,0.0837072510783772
"2086","(STRAT_mod0.09 - STRAT_mod0.3) - (STRAT_mod0.2 - STRAT_mod2.15)","Opaline/CCS",0.0403829500013089,-0.0335454048338524,0.103928677538808
"2087","(STRAT_mod0.09 - STRAT_mod0.3) - (STRAT_mod0.2 - STRAT_mod2.88)","Opaline/CCS",0.0137522986842369,-0.0449554499705171,0.0735402902731925
"2088","(STRAT_mod0.09 - STRAT_mod0.3) - (STRAT_mod0.2 - STRAT_mod3.37)","Opaline/CCS",0.0363647257214297,-0.0236424466441032,0.0942525489464741
"2089","(STRAT_mod0.09 - STRAT_mod0.3) - (STRAT_mod0.3 - STRAT_mod0.82)","Opaline/CCS",0.0136493263526118,-0.0514089397735411,0.0820013199539265
"2090","(STRAT_mod0.09 - STRAT_mod0.3) - (STRAT_mod0.3 - STRAT_mod1.08)","Opaline/CCS",0.0627950704484905,-0.00292440176159658,0.132124068080731
"2091","(STRAT_mod0.09 - STRAT_mod0.3) - (STRAT_mod0.3 - STRAT_mod1.44)","Opaline/CCS",0.0144481592565286,-0.0528687359741893,0.0815364442113644
"2092","(STRAT_mod0.09 - STRAT_mod0.3) - (STRAT_mod0.3 - STRAT_mod2.15)","Opaline/CCS",0.0281940872094819,-0.0489239102164887,0.100564178904316
"2093","(STRAT_mod0.09 - STRAT_mod0.3) - (STRAT_mod0.3 - STRAT_mod2.88)","Opaline/CCS",0.00196730676522594,-0.063234273833388,0.0717109417249842
"2094","(STRAT_mod0.09 - STRAT_mod0.3) - (STRAT_mod0.3 - STRAT_mod3.37)","Opaline/CCS",0.0244180025246628,-0.0406239577136072,0.0919835876297821
"2095","(STRAT_mod0.09 - STRAT_mod0.3) - (STRAT_mod0.82 - STRAT_mod1.08)","Opaline/CCS",0.0992964125771294,0.0441751524923957,0.156711518200467
"2096","(STRAT_mod0.09 - STRAT_mod0.3) - (STRAT_mod0.82 - STRAT_mod1.44)","Opaline/CCS",0.0512424159881855,-0.00588528789682652,0.107691741875194
"2097","(STRAT_mod0.09 - STRAT_mod0.3) - (STRAT_mod0.82 - STRAT_mod2.15)","Opaline/CCS",0.0656092969033975,-0.00287671317664406,0.129958193648771
"2098","(STRAT_mod0.09 - STRAT_mod0.3) - (STRAT_mod0.82 - STRAT_mod2.88)","Opaline/CCS",0.0389693221468765,-0.015983158381641,0.0966225133997685
"2099","(STRAT_mod0.09 - STRAT_mod0.3) - (STRAT_mod0.82 - STRAT_mod3.37)","Opaline/CCS",0.0611070011054353,0.00441246946219742,0.116143557079231
"2100","(STRAT_mod0.09 - STRAT_mod0.3) - (STRAT_mod1.08 - STRAT_mod1.44)","Opaline/CCS",0.00244875566324287,-0.0528165852905644,0.0605757068968202
"2101","(STRAT_mod0.09 - STRAT_mod0.3) - (STRAT_mod1.08 - STRAT_mod2.15)","Opaline/CCS",0.0161553868854136,-0.0512164369997206,0.0797625101948993
"2102","(STRAT_mod0.09 - STRAT_mod0.3) - (STRAT_mod1.08 - STRAT_mod2.88)","Opaline/CCS",-0.00974006214552414,-0.0658172900087606,0.0468398415364777
"2103","(STRAT_mod0.09 - STRAT_mod0.3) - (STRAT_mod1.08 - STRAT_mod3.37)","Opaline/CCS",0.0126582780023634,-0.0443459526869145,0.0673966504935626
"2104","(STRAT_mod0.09 - STRAT_mod0.3) - (STRAT_mod1.44 - STRAT_mod2.15)","Opaline/CCS",0.0650255537884195,-0.00159474448675834,0.12860458069418
"2105","(STRAT_mod0.09 - STRAT_mod0.3) - (STRAT_mod1.44 - STRAT_mod2.88)","Opaline/CCS",0.038254465159683,-0.0173647425209689,0.0941527841011691
"2106","(STRAT_mod0.09 - STRAT_mod0.3) - (STRAT_mod1.44 - STRAT_mod3.37)","Opaline/CCS",0.0611887518526353,0.00633959870846112,0.11705661433626
"2107","(STRAT_mod0.09 - STRAT_mod0.3) - (STRAT_mod2.15 - STRAT_mod2.88)","Opaline/CCS",0.0247844959595536,-0.0444027432616725,0.0864732056034536
"2108","(STRAT_mod0.09 - STRAT_mod0.3) - (STRAT_mod2.15 - STRAT_mod3.37)","Opaline/CCS",0.0467254914133735,-0.0163738440309054,0.113142292913964
"2109","(STRAT_mod0.09 - STRAT_mod0.3) - (STRAT_mod2.88 - STRAT_mod3.37)","Opaline/CCS",0.0733682044651709,0.0171792494076914,0.130372527313591
"2110","(STRAT_mod0.09 - STRAT_mod0.82) - (STRAT_mod0.09 - STRAT_mod1.08)","Opaline/CCS",0.0486399011316245,0.0267901830349215,0.0702987232453594
"2111","(STRAT_mod0.09 - STRAT_mod0.82) - (STRAT_mod0.09 - STRAT_mod1.44)","Opaline/CCS",0.000210162060233721,-0.022046891963321,0.0228768082821502
"2112","(STRAT_mod0.09 - STRAT_mod0.82) - (STRAT_mod0.09 - STRAT_mod2.15)","Opaline/CCS",0.0145350543590965,-0.026381670081729,0.0528936318555981
"2113","(STRAT_mod0.09 - STRAT_mod0.82) - (STRAT_mod0.09 - STRAT_mod2.88)","Opaline/CCS",-0.0118200535556259,-0.0342708952131416,0.0117207861639734
"2114","(STRAT_mod0.09 - STRAT_mod0.82) - (STRAT_mod0.09 - STRAT_mod3.37)","Opaline/CCS",0.0107930199208488,-0.0115432072982151,0.0313685543006255
"2115","(STRAT_mod0.09 - STRAT_mod0.82) - (STRAT_mod0.1 - STRAT_mod0.2)","Opaline/CCS",0.0858855997853853,0.0261092760821278,0.15043734785663
"2116","(STRAT_mod0.09 - STRAT_mod0.82) - (STRAT_mod0.1 - STRAT_mod0.3)","Opaline/CCS",0.0975878321002464,0.0378994450275316,0.161284498613004
"2117","(STRAT_mod0.09 - STRAT_mod0.82) - (STRAT_mod0.1 - STRAT_mod0.82)","Opaline/CCS",0.0607496816004147,0.003988899577271,0.114168744189598
"2118","(STRAT_mod0.09 - STRAT_mod0.82) - (STRAT_mod0.1 - STRAT_mod1.08)","Opaline/CCS",0.109154461820071,0.0514087391892386,0.170637961948057
"2119","(STRAT_mod0.09 - STRAT_mod0.82) - (STRAT_mod0.1 - STRAT_mod1.44)","Opaline/CCS",0.0610293393653316,0.00181358827695943,0.12234276159898
"2120","(STRAT_mod0.09 - STRAT_mod0.82) - (STRAT_mod0.1 - STRAT_mod2.15)","Opaline/CCS",0.0752189253783131,0.00865538208029681,0.145483011969952
"2121","(STRAT_mod0.09 - STRAT_mod0.82) - (STRAT_mod0.1 - STRAT_mod2.88)","Opaline/CCS",0.0488245991466139,-0.00857729694197973,0.111004262446709
"2122","(STRAT_mod0.09 - STRAT_mod0.82) - (STRAT_mod0.1 - STRAT_mod3.37)","Opaline/CCS",0.071365155022219,0.0129873920750101,0.130720314346194
"2123","(STRAT_mod0.09 - STRAT_mod0.82) - (STRAT_mod0.2 - STRAT_mod0.3)","Opaline/CCS",0.0993111068134065,0.0398446904440095,0.158779304087541
"2124","(STRAT_mod0.09 - STRAT_mod0.82) - (STRAT_mod0.2 - STRAT_mod0.82)","Opaline/CCS",0.0630683418168889,0.0105074408907733,0.115485902991812
"2125","(STRAT_mod0.09 - STRAT_mod0.82) - (STRAT_mod0.2 - STRAT_mod1.08)","Opaline/CCS",0.111554797630107,0.0554536729233392,0.169628528667802
"2126","(STRAT_mod0.09 - STRAT_mod0.82) - (STRAT_mod0.2 - STRAT_mod1.44)","Opaline/CCS",0.0631138293510429,0.00348322835942305,0.118098627345875
"2127","(STRAT_mod0.09 - STRAT_mod0.82) - (STRAT_mod0.2 - STRAT_mod2.15)","Opaline/CCS",0.076962549284302,0.0105356126328293,0.143775955060599
"2128","(STRAT_mod0.09 - STRAT_mod0.82) - (STRAT_mod0.2 - STRAT_mod2.88)","Opaline/CCS",0.0505758499716893,-0.00494205254882907,0.108930062698264
"2129","(STRAT_mod0.09 - STRAT_mod0.82) - (STRAT_mod0.2 - STRAT_mod3.37)","Opaline/CCS",0.0734108978217263,0.0147731014239518,0.12764267593429
"2130","(STRAT_mod0.09 - STRAT_mod0.82) - (STRAT_mod0.3 - STRAT_mod0.82)","Opaline/CCS",0.0511114705097384,-0.00199280769847032,0.101255891269821
"2131","(STRAT_mod0.09 - STRAT_mod0.82) - (STRAT_mod0.3 - STRAT_mod1.08)","Opaline/CCS",0.0992964125771294,0.0441751524923957,0.156711518200467
"2132","(STRAT_mod0.09 - STRAT_mod0.82) - (STRAT_mod0.3 - STRAT_mod1.44)","Opaline/CCS",0.0512424159881855,-0.00588528789682652,0.107691741875194
"2133","(STRAT_mod0.09 - STRAT_mod0.82) - (STRAT_mod0.3 - STRAT_mod2.15)","Opaline/CCS",0.0656092969033975,-0.00287671317664406,0.129958193648771
"2134","(STRAT_mod0.09 - STRAT_mod0.82) - (STRAT_mod0.3 - STRAT_mod2.88)","Opaline/CCS",0.0389693221468765,-0.015983158381641,0.0966225133997685
"2135","(STRAT_mod0.09 - STRAT_mod0.82) - (STRAT_mod0.3 - STRAT_mod3.37)","Opaline/CCS",0.0611070011054353,0.00441246946219742,0.116143557079231
"2136","(STRAT_mod0.09 - STRAT_mod0.82) - (STRAT_mod0.82 - STRAT_mod1.08)","Opaline/CCS",0.13646232556409,0.079344325260986,0.195808605634682
"2137","(STRAT_mod0.09 - STRAT_mod0.82) - (STRAT_mod0.82 - STRAT_mod1.44)","Opaline/CCS",0.0878865948480252,0.0324637579733231,0.148836089950386
"2138","(STRAT_mod0.09 - STRAT_mod0.82) - (STRAT_mod0.82 - STRAT_mod2.15)","Opaline/CCS",0.101921705247854,0.0364153176036695,0.170718975644117
"2139","(STRAT_mod0.09 - STRAT_mod0.82) - (STRAT_mod0.82 - STRAT_mod2.88)","Opaline/CCS",0.0755795747873254,0.0222624775107092,0.139158341850873
"2140","(STRAT_mod0.09 - STRAT_mod0.82) - (STRAT_mod0.82 - STRAT_mod3.37)","Opaline/CCS",0.0984944026249313,0.0404101567335124,0.155879138036933
"2141","(STRAT_mod0.09 - STRAT_mod0.82) - (STRAT_mod1.08 - STRAT_mod1.44)","Opaline/CCS",0.0389943533200117,-0.0135597672035161,0.0945041030644163
"2142","(STRAT_mod0.09 - STRAT_mod0.82) - (STRAT_mod1.08 - STRAT_mod2.15)","Opaline/CCS",0.0534158683592714,-0.00608826262853057,0.121485609966909
"2143","(STRAT_mod0.09 - STRAT_mod0.82) - (STRAT_mod1.08 - STRAT_mod2.88)","Opaline/CCS",0.0267639790177685,-0.0281656114813953,0.0793504838754453
"2144","(STRAT_mod0.09 - STRAT_mod0.82) - (STRAT_mod1.08 - STRAT_mod3.37)","Opaline/CCS",0.0495826370565029,-0.00646184596157307,0.100349617957104
"2145","(STRAT_mod0.09 - STRAT_mod0.82) - (STRAT_mod1.44 - STRAT_mod2.15)","Opaline/CCS",0.101485688096511,0.0344636716274058,0.162244534010281
"2146","(STRAT_mod0.09 - STRAT_mod0.82) - (STRAT_mod1.44 - STRAT_mod2.88)","Opaline/CCS",0.0753789104551001,0.0226957779179191,0.129344430595207
"2147","(STRAT_mod0.09 - STRAT_mod0.82) - (STRAT_mod1.44 - STRAT_mod3.37)","Opaline/CCS",0.0984856044006395,0.0416015724049288,0.148671960639753
"2148","(STRAT_mod0.09 - STRAT_mod0.82) - (STRAT_mod2.15 - STRAT_mod2.88)","Opaline/CCS",0.0616549441620078,-0.00193841374427262,0.123434858002761
"2149","(STRAT_mod0.09 - STRAT_mod0.82) - (STRAT_mod2.15 - STRAT_mod3.37)","Opaline/CCS",0.084031225304106,0.0197539918636669,0.145216801012868
"2150","(STRAT_mod0.09 - STRAT_mod0.82) - (STRAT_mod2.88 - STRAT_mod3.37)","Opaline/CCS",0.110690009976846,0.0566808501411713,0.165306869424837
"2151","(STRAT_mod0.09 - STRAT_mod1.08) - (STRAT_mod0.09 - STRAT_mod1.44)","Opaline/CCS",-0.0483616618454432,-0.0706288646112538,-0.0256024223945945
"2152","(STRAT_mod0.09 - STRAT_mod1.08) - (STRAT_mod0.09 - STRAT_mod2.15)","Opaline/CCS",-0.0342853047819207,-0.0735414248598647,0.00638509266011145
"2153","(STRAT_mod0.09 - STRAT_mod1.08) - (STRAT_mod0.09 - STRAT_mod2.88)","Opaline/CCS",-0.0605774717408372,-0.0836409948072312,-0.0380778295700743
"2154","(STRAT_mod0.09 - STRAT_mod1.08) - (STRAT_mod0.09 - STRAT_mod3.37)","Opaline/CCS",-0.0380457322779697,-0.0587388524954457,-0.0162775781708611
"2155","(STRAT_mod0.09 - STRAT_mod1.08) - (STRAT_mod0.1 - STRAT_mod0.2)","Opaline/CCS",0.0376636574378248,-0.0254816142268801,0.0978673152496414
"2156","(STRAT_mod0.09 - STRAT_mod1.08) - (STRAT_mod0.1 - STRAT_mod0.3)","Opaline/CCS",0.0491249219516279,-0.0137008135803125,0.108710831879998
"2157","(STRAT_mod0.09 - STRAT_mod1.08) - (STRAT_mod0.1 - STRAT_mod0.82)","Opaline/CCS",0.0121584955557128,-0.0469759230821385,0.0708255831958233
"2158","(STRAT_mod0.09 - STRAT_mod1.08) - (STRAT_mod0.1 - STRAT_mod1.08)","Opaline/CCS",0.0607496816004147,0.003988899577271,0.114168744189598
"2159","(STRAT_mod0.09 - STRAT_mod1.08) - (STRAT_mod0.1 - STRAT_mod1.44)","Opaline/CCS",0.0121677809864684,-0.0482448873519958,0.0715846522304679
"2160","(STRAT_mod0.09 - STRAT_mod1.08) - (STRAT_mod0.1 - STRAT_mod2.15)","Opaline/CCS",0.0262891429833254,-0.0448843333952906,0.0905585001181448
"2161","(STRAT_mod0.09 - STRAT_mod1.08) - (STRAT_mod0.1 - STRAT_mod2.88)","Opaline/CCS",0.000198569192488396,-0.0608764466137872,0.0573386796532831
"2162","(STRAT_mod0.09 - STRAT_mod1.08) - (STRAT_mod0.1 - STRAT_mod3.37)","Opaline/CCS",0.0224902944720242,-0.0326187958561359,0.084764557968569
"2163","(STRAT_mod0.09 - STRAT_mod1.08) - (STRAT_mod0.2 - STRAT_mod0.3)","Opaline/CCS",0.050994532071972,-0.00983936291353782,0.109996141074658
"2164","(STRAT_mod0.09 - STRAT_mod1.08) - (STRAT_mod0.2 - STRAT_mod0.82)","Opaline/CCS",0.0146006692035185,-0.043846156003756,0.06995351225852
"2165","(STRAT_mod0.09 - STRAT_mod1.08) - (STRAT_mod0.2 - STRAT_mod1.08)","Opaline/CCS",0.0630683418168889,0.0105074408907733,0.115485902991812
"2166","(STRAT_mod0.09 - STRAT_mod1.08) - (STRAT_mod0.2 - STRAT_mod1.44)","Opaline/CCS",0.0146541357265106,-0.0448192054438503,0.0695237243411753
"2167","(STRAT_mod0.09 - STRAT_mod1.08) - (STRAT_mod0.2 - STRAT_mod2.15)","Opaline/CCS",0.0281411286742586,-0.0382942745071797,0.0940666438668418
"2168","(STRAT_mod0.09 - STRAT_mod1.08) - (STRAT_mod0.2 - STRAT_mod2.88)","Opaline/CCS",0.00220510244663186,-0.0563331407272578,0.0583307466515577
"2169","(STRAT_mod0.09 - STRAT_mod1.08) - (STRAT_mod0.2 - STRAT_mod3.37)","Opaline/CCS",0.0250565259783158,-0.0324664541314301,0.0805142189354928
"2170","(STRAT_mod0.09 - STRAT_mod1.08) - (STRAT_mod0.3 - STRAT_mod0.82)","Opaline/CCS",0.00178997780308743,-0.0556605744538823,0.0554050245950677
"2171","(STRAT_mod0.09 - STRAT_mod1.08) - (STRAT_mod0.3 - STRAT_mod1.08)","Opaline/CCS",0.0511114705097384,-0.00199280769847032,0.101255891269821
"2172","(STRAT_mod0.09 - STRAT_mod1.08) - (STRAT_mod0.3 - STRAT_mod1.44)","Opaline/CCS",0.00244875566324287,-0.0528165852905644,0.0605757068968202
"2173","(STRAT_mod0.09 - STRAT_mod1.08) - (STRAT_mod0.3 - STRAT_mod2.15)","Opaline/CCS",0.0161553868854136,-0.0512164369997206,0.0797625101948993
"2174","(STRAT_mod0.09 - STRAT_mod1.08) - (STRAT_mod0.3 - STRAT_mod2.88)","Opaline/CCS",-0.00974006214552414,-0.0658172900087606,0.0468398415364777
"2175","(STRAT_mod0.09 - STRAT_mod1.08) - (STRAT_mod0.3 - STRAT_mod3.37)","Opaline/CCS",0.0126582780023634,-0.0443459526869145,0.0673966504935626
"2176","(STRAT_mod0.09 - STRAT_mod1.08) - (STRAT_mod0.82 - STRAT_mod1.08)","Opaline/CCS",0.0875658012709284,0.0421781024055763,0.139958893129669
"2177","(STRAT_mod0.09 - STRAT_mod1.08) - (STRAT_mod0.82 - STRAT_mod1.44)","Opaline/CCS",0.0389943533200117,-0.0135597672035161,0.0945041030644163
"2178","(STRAT_mod0.09 - STRAT_mod1.08) - (STRAT_mod0.82 - STRAT_mod2.15)","Opaline/CCS",0.0534158683592714,-0.00608826262853057,0.121485609966909
"2179","(STRAT_mod0.09 - STRAT_mod1.08) - (STRAT_mod0.82 - STRAT_mod2.88)","Opaline/CCS",0.0267639790177685,-0.0281656114813953,0.0793504838754453
"2180","(STRAT_mod0.09 - STRAT_mod1.08) - (STRAT_mod0.82 - STRAT_mod3.37)","Opaline/CCS",0.0495826370565029,-0.00646184596157307,0.100349617957104
"2181","(STRAT_mod0.09 - STRAT_mod1.08) - (STRAT_mod1.08 - STRAT_mod1.44)","Opaline/CCS",-0.00927156051707323,-0.0661750558700644,0.0503696464591581
"2182","(STRAT_mod0.09 - STRAT_mod1.08) - (STRAT_mod1.08 - STRAT_mod2.15)","Opaline/CCS",0.00443808987341043,-0.064556053910314,0.0691107438317582
"2183","(STRAT_mod0.09 - STRAT_mod1.08) - (STRAT_mod1.08 - STRAT_mod2.88)","Opaline/CCS",-0.0217189249842633,-0.0774875576744471,0.0374339187611858
"2184","(STRAT_mod0.09 - STRAT_mod1.08) - (STRAT_mod1.08 - STRAT_mod3.37)","Opaline/CCS",0.00101002264650973,-0.0580552160306427,0.056259528757483
"2185","(STRAT_mod0.09 - STRAT_mod1.08) - (STRAT_mod1.44 - STRAT_mod2.15)","Opaline/CCS",0.0529926702538133,-0.0120251973624077,0.115069180896346
"2186","(STRAT_mod0.09 - STRAT_mod1.08) - (STRAT_mod1.44 - STRAT_mod2.88)","Opaline/CCS",0.0270700150061178,-0.0284244476434172,0.0794618970249319
"2187","(STRAT_mod0.09 - STRAT_mod1.08) - (STRAT_mod1.44 - STRAT_mod3.37)","Opaline/CCS",0.049702875759466,-0.00654277180871121,0.0999318547377213
"2188","(STRAT_mod0.09 - STRAT_mod1.08) - (STRAT_mod2.15 - STRAT_mod2.88)","Opaline/CCS",0.0131559262216074,-0.0495285702745245,0.0765118863801524
"2189","(STRAT_mod0.09 - STRAT_mod1.08) - (STRAT_mod2.15 - STRAT_mod3.37)","Opaline/CCS",0.0349367470714479,-0.0254426249034641,0.099473030191481
"2190","(STRAT_mod0.09 - STRAT_mod1.08) - (STRAT_mod2.88 - STRAT_mod3.37)","Opaline/CCS",0.0617258432410812,0.00704572432565431,0.113847690241638
"2191","(STRAT_mod0.09 - STRAT_mod1.44) - (STRAT_mod0.09 - STRAT_mod2.15)","Opaline/CCS",0.0141066438139399,-0.0291102298960904,0.0523260321562238
"2192","(STRAT_mod0.09 - STRAT_mod1.44) - (STRAT_mod0.09 - STRAT_mod2.88)","Opaline/CCS",-0.0122716237428664,-0.0352034986640932,0.0114080577637532
"2193","(STRAT_mod0.09 - STRAT_mod1.44) - (STRAT_mod0.09 - STRAT_mod3.37)","Opaline/CCS",0.0104868245622778,-0.0133393056909337,0.0305695806462851
"2194","(STRAT_mod0.09 - STRAT_mod1.44) - (STRAT_mod0.1 - STRAT_mod0.2)","Opaline/CCS",0.0855805092462527,0.0247933186949543,0.148384960866064
"2195","(STRAT_mod0.09 - STRAT_mod1.44) - (STRAT_mod0.1 - STRAT_mod0.3)","Opaline/CCS",0.0980661352671997,0.0388197738819063,0.162063674827732
"2196","(STRAT_mod0.09 - STRAT_mod1.44) - (STRAT_mod0.1 - STRAT_mod0.82)","Opaline/CCS",0.0603880673140689,0.00256636045514247,0.12010349662992
"2197","(STRAT_mod0.09 - STRAT_mod1.44) - (STRAT_mod0.1 - STRAT_mod1.08)","Opaline/CCS",0.109171573912881,0.05283728011044,0.170546406688844
"2198","(STRAT_mod0.09 - STRAT_mod1.44) - (STRAT_mod0.1 - STRAT_mod1.44)","Opaline/CCS",0.0607496816004147,0.003988899577271,0.114168744189598
"2199","(STRAT_mod0.09 - STRAT_mod1.44) - (STRAT_mod0.1 - STRAT_mod2.15)","Opaline/CCS",0.074587874920967,0.00893641768997178,0.144977799194781
"2200","(STRAT_mod0.09 - STRAT_mod1.44) - (STRAT_mod0.1 - STRAT_mod2.88)","Opaline/CCS",0.0488081559870521,-0.0112793502815789,0.106976726193636
"2201","(STRAT_mod0.09 - STRAT_mod1.44) - (STRAT_mod0.1 - STRAT_mod3.37)","Opaline/CCS",0.071377013633801,0.0120178637361783,0.129394904071537
"2202","(STRAT_mod0.09 - STRAT_mod1.44) - (STRAT_mod0.2 - STRAT_mod0.3)","Opaline/CCS",0.0998394328209398,0.039309772347957,0.158765147075134
"2203","(STRAT_mod0.09 - STRAT_mod1.44) - (STRAT_mod0.2 - STRAT_mod0.82)","Opaline/CCS",0.0624268589767738,0.00328741790048737,0.117315882877276
"2204","(STRAT_mod0.09 - STRAT_mod1.44) - (STRAT_mod0.2 - STRAT_mod1.08)","Opaline/CCS",0.111089116773541,0.0524147020117156,0.167031429451609
"2205","(STRAT_mod0.09 - STRAT_mod1.44) - (STRAT_mod0.2 - STRAT_mod1.44)","Opaline/CCS",0.0630683418168889,0.0105074408907733,0.115485902991812
"2206","(STRAT_mod0.09 - STRAT_mod1.44) - (STRAT_mod0.2 - STRAT_mod2.15)","Opaline/CCS",0.0764036524744351,0.00829834737934965,0.142831531646839
"2207","(STRAT_mod0.09 - STRAT_mod1.44) - (STRAT_mod0.2 - STRAT_mod2.88)","Opaline/CCS",0.0503589413891803,-0.00472920014950562,0.10789138326411
"2208","(STRAT_mod0.09 - STRAT_mod1.44) - (STRAT_mod0.2 - STRAT_mod3.37)","Opaline/CCS",0.0730996028282633,0.0178029569527931,0.130425549161944
"2209","(STRAT_mod0.09 - STRAT_mod1.44) - (STRAT_mod0.3 - STRAT_mod0.82)","Opaline/CCS",0.0500079940647689,-0.00492162612676994,0.106531470084629
"2210","(STRAT_mod0.09 - STRAT_mod1.44) - (STRAT_mod0.3 - STRAT_mod1.08)","Opaline/CCS",0.099114552412477,0.0411247678690527,0.15338924264701
"2211","(STRAT_mod0.09 - STRAT_mod1.44) - (STRAT_mod0.3 - STRAT_mod1.44)","Opaline/CCS",0.0511114705097384,-0.00199280769847032,0.101255891269821
"2212","(STRAT_mod0.09 - STRAT_mod1.44) - (STRAT_mod0.3 - STRAT_mod2.15)","Opaline/CCS",0.0650255537884195,-0.00159474448675834,0.12860458069418
"2213","(STRAT_mod0.09 - STRAT_mod1.44) - (STRAT_mod0.3 - STRAT_mod2.88)","Opaline/CCS",0.038254465159683,-0.0173647425209689,0.0941527841011691
"2214","(STRAT_mod0.09 - STRAT_mod1.44) - (STRAT_mod0.3 - STRAT_mod3.37)","Opaline/CCS",0.0611887518526353,0.00633959870846112,0.11705661433626
"2215","(STRAT_mod0.09 - STRAT_mod1.44) - (STRAT_mod0.82 - STRAT_mod1.08)","Opaline/CCS",0.135997061125528,0.0810251958060348,0.187769016325926
"2216","(STRAT_mod0.09 - STRAT_mod1.44) - (STRAT_mod0.82 - STRAT_mod1.44)","Opaline/CCS",0.0875658012709284,0.0421781024055763,0.139958893129669
"2217","(STRAT_mod0.09 - STRAT_mod1.44) - (STRAT_mod0.82 - STRAT_mod2.15)","Opaline/CCS",0.101485688096511,0.0344636716274058,0.162244534010281
"2218","(STRAT_mod0.09 - STRAT_mod1.44) - (STRAT_mod0.82 - STRAT_mod2.88)","Opaline/CCS",0.0753789104551001,0.0226957779179191,0.129344430595207
"2219","(STRAT_mod0.09 - STRAT_mod1.44) - (STRAT_mod0.82 - STRAT_mod3.37)","Opaline/CCS",0.0984856044006395,0.0416015724049288,0.148671960639753
"2220","(STRAT_mod0.09 - STRAT_mod1.44) - (STRAT_mod1.08 - STRAT_mod1.44)","Opaline/CCS",0.0388541937028575,-0.00982858186246283,0.0877920299986963
"2221","(STRAT_mod0.09 - STRAT_mod1.44) - (STRAT_mod1.08 - STRAT_mod2.15)","Opaline/CCS",0.0529926702538133,-0.0120251973624077,0.115069180896346
"2222","(STRAT_mod0.09 - STRAT_mod1.44) - (STRAT_mod1.08 - STRAT_mod2.88)","Opaline/CCS",0.0270700150061178,-0.0284244476434172,0.0794618970249319
"2223","(STRAT_mod0.09 - STRAT_mod1.44) - (STRAT_mod1.08 - STRAT_mod3.37)","Opaline/CCS",0.049702875759466,-0.00654277180871121,0.0999318547377213
"2224","(STRAT_mod0.09 - STRAT_mod1.44) - (STRAT_mod1.44 - STRAT_mod2.15)","Opaline/CCS",0.101011043032898,0.0310552202389989,0.16651966651192
"2225","(STRAT_mod0.09 - STRAT_mod1.44) - (STRAT_mod1.44 - STRAT_mod2.88)","Opaline/CCS",0.0751771862770618,0.0145472221511413,0.131832968807392
"2226","(STRAT_mod0.09 - STRAT_mod1.44) - (STRAT_mod1.44 - STRAT_mod3.37)","Opaline/CCS",0.0976312657840899,0.0392599035527832,0.156031872052604
"2227","(STRAT_mod0.09 - STRAT_mod1.44) - (STRAT_mod2.15 - STRAT_mod2.88)","Opaline/CCS",0.0616186868646633,-0.00253051481736977,0.122043516264879
"2228","(STRAT_mod0.09 - STRAT_mod1.44) - (STRAT_mod2.15 - STRAT_mod3.37)","Opaline/CCS",0.0840684131145988,0.0216544309963789,0.146080422314435
"2229","(STRAT_mod0.09 - STRAT_mod1.44) - (STRAT_mod2.88 - STRAT_mod3.37)","Opaline/CCS",0.110308685515522,0.0573773768992023,0.164998465311635
"2230","(STRAT_mod0.09 - STRAT_mod2.15) - (STRAT_mod0.09 - STRAT_mod2.88)","Opaline/CCS",-0.0259308199505688,-0.0655271863576483,0.0149974953016749
"2231","(STRAT_mod0.09 - STRAT_mod2.15) - (STRAT_mod0.09 - STRAT_mod3.37)","Opaline/CCS",-0.00345499036861341,-0.0432199137155167,0.035581797033692
"2232","(STRAT_mod0.09 - STRAT_mod2.15) - (STRAT_mod0.1 - STRAT_mod0.2)","Opaline/CCS",0.0721799130125209,0.00338360275776495,0.142610868624439
"2233","(STRAT_mod0.09 - STRAT_mod2.15) - (STRAT_mod0.1 - STRAT_mod0.3)","Opaline/CCS",0.0837780517423616,0.0141471075607571,0.152831749906734
"2234","(STRAT_mod0.09 - STRAT_mod2.15) - (STRAT_mod0.1 - STRAT_mod0.82)","Opaline/CCS",0.0465668591153592,-0.0196861706287725,0.115702241529955
"2235","(STRAT_mod0.09 - STRAT_mod2.15) - (STRAT_mod0.1 - STRAT_mod1.08)","Opaline/CCS",0.0957343002285946,0.0272245949853529,0.162157452574407
"2236","(STRAT_mod0.09 - STRAT_mod2.15) - (STRAT_mod0.1 - STRAT_mod1.44)","Opaline/CCS",0.0472483123112535,-0.018680827767656,0.117921675191196
"2237","(STRAT_mod0.09 - STRAT_mod2.15) - (STRAT_mod0.1 - STRAT_mod2.15)","Opaline/CCS",0.0607496816004147,0.003988899577271,0.114168744189598
"2238","(STRAT_mod0.09 - STRAT_mod2.15) - (STRAT_mod0.1 - STRAT_mod2.88)","Opaline/CCS",0.0350796609251429,-0.034468516342351,0.100825394432515
"2239","(STRAT_mod0.09 - STRAT_mod2.15) - (STRAT_mod0.1 - STRAT_mod3.37)","Opaline/CCS",0.0574906897780456,-0.0120791393231938,0.123711153273601
"2240","(STRAT_mod0.09 - STRAT_mod2.15) - (STRAT_mod0.2 - STRAT_mod0.3)","Opaline/CCS",0.0855695005874995,0.0189682417858963,0.153087833846515
"2241","(STRAT_mod0.09 - STRAT_mod2.15) - (STRAT_mod0.2 - STRAT_mod0.82)","Opaline/CCS",0.0489191721513418,-0.0181846096736362,0.1124113326717
"2242","(STRAT_mod0.09 - STRAT_mod2.15) - (STRAT_mod0.2 - STRAT_mod1.08)","Opaline/CCS",0.0979312001028803,0.0303482076536499,0.161944099419628
"2243","(STRAT_mod0.09 - STRAT_mod2.15) - (STRAT_mod0.2 - STRAT_mod1.44)","Opaline/CCS",0.0490215973097778,-0.0166215595399195,0.11567384126203
"2244","(STRAT_mod0.09 - STRAT_mod2.15) - (STRAT_mod0.2 - STRAT_mod2.15)","Opaline/CCS",0.0630683418168889,0.0105074408907733,0.115485902991812
"2245","(STRAT_mod0.09 - STRAT_mod2.15) - (STRAT_mod0.2 - STRAT_mod2.88)","Opaline/CCS",0.036885226137696,-0.0302138178604907,0.100070026616462
"2246","(STRAT_mod0.09 - STRAT_mod2.15) - (STRAT_mod0.2 - STRAT_mod3.37)","Opaline/CCS",0.0593335264593271,-0.00553424055152663,0.124436835827396
"2247","(STRAT_mod0.09 - STRAT_mod2.15) - (STRAT_mod0.3 - STRAT_mod0.82)","Opaline/CCS",0.0359191638277503,-0.0265192653313289,0.10264665433391
"2248","(STRAT_mod0.09 - STRAT_mod2.15) - (STRAT_mod0.3 - STRAT_mod1.08)","Opaline/CCS",0.0849266377807121,0.0184883393760567,0.14838399359777
"2249","(STRAT_mod0.09 - STRAT_mod2.15) - (STRAT_mod0.3 - STRAT_mod1.44)","Opaline/CCS",0.036380644946115,-0.0289674208400923,0.101319012874969
"2250","(STRAT_mod0.09 - STRAT_mod2.15) - (STRAT_mod0.3 - STRAT_mod2.15)","Opaline/CCS",0.0511114705097384,-0.00199280769847032,0.101255891269821
"2251","(STRAT_mod0.09 - STRAT_mod2.15) - (STRAT_mod0.3 - STRAT_mod2.88)","Opaline/CCS",0.0247844959595536,-0.0444027432616725,0.0864732056034536
"2252","(STRAT_mod0.09 - STRAT_mod2.15) - (STRAT_mod0.3 - STRAT_mod3.37)","Opaline/CCS",0.0467254914133735,-0.0163738440309054,0.113142292913964
"2253","(STRAT_mod0.09 - STRAT_mod2.15) - (STRAT_mod0.82 - STRAT_mod1.08)","Opaline/CCS",0.121561428045509,0.0562628647242347,0.182564880350227
"2254","(STRAT_mod0.09 - STRAT_mod2.15) - (STRAT_mod0.82 - STRAT_mod1.44)","Opaline/CCS",0.0734512199738027,0.0125822544768415,0.140275278357696
"2255","(STRAT_mod0.09 - STRAT_mod2.15) - (STRAT_mod0.82 - STRAT_mod2.15)","Opaline/CCS",0.0875658012709284,0.0421781024055763,0.139958893129669
"2256","(STRAT_mod0.09 - STRAT_mod2.15) - (STRAT_mod0.82 - STRAT_mod2.88)","Opaline/CCS",0.0616549441620078,-0.00193841374427262,0.123434858002761
"2257","(STRAT_mod0.09 - STRAT_mod2.15) - (STRAT_mod0.82 - STRAT_mod3.37)","Opaline/CCS",0.084031225304106,0.0197539918636669,0.145216801012868
"2258","(STRAT_mod0.09 - STRAT_mod2.15) - (STRAT_mod1.08 - STRAT_mod1.44)","Opaline/CCS",0.025071061653509,-0.0366877821787766,0.0899935860047232
"2259","(STRAT_mod0.09 - STRAT_mod2.15) - (STRAT_mod1.08 - STRAT_mod2.15)","Opaline/CCS",0.0388541937028575,-0.00982858186246283,0.0877920299986963
"2260","(STRAT_mod0.09 - STRAT_mod2.15) - (STRAT_mod1.08 - STRAT_mod2.88)","Opaline/CCS",0.0131559262216074,-0.0495285702745245,0.0765118863801524
"2261","(STRAT_mod0.09 - STRAT_mod2.15) - (STRAT_mod1.08 - STRAT_mod3.37)","Opaline/CCS",0.0349367470714479,-0.0254426249034641,0.099473030191481
"2262","(STRAT_mod0.09 - STRAT_mod2.15) - (STRAT_mod1.44 - STRAT_mod2.15)","Opaline/CCS",0.0875265784069998,0.0367101409675081,0.134592576945628
"2263","(STRAT_mod0.09 - STRAT_mod2.15) - (STRAT_mod1.44 - STRAT_mod2.88)","Opaline/CCS",0.0616186868646633,-0.00253051481736977,0.122043516264879
"2264","(STRAT_mod0.09 - STRAT_mod2.15) - (STRAT_mod1.44 - STRAT_mod3.37)","Opaline/CCS",0.0840684131145988,0.0216544309963789,0.146080422314435
"2265","(STRAT_mod0.09 - STRAT_mod2.15) - (STRAT_mod2.15 - STRAT_mod2.88)","Opaline/CCS",0.0471000133421016,-0.0406676159077124,0.135880750810693
"2266","(STRAT_mod0.09 - STRAT_mod2.15) - (STRAT_mod2.15 - STRAT_mod3.37)","Opaline/CCS",0.0692385791408006,-0.0129270519767037,0.163349597516032
"2267","(STRAT_mod0.09 - STRAT_mod2.15) - (STRAT_mod2.88 - STRAT_mod3.37)","Opaline/CCS",0.0956420532831119,0.0347175955329213,0.161395034427543
"2268","(STRAT_mod0.09 - STRAT_mod2.88) - (STRAT_mod0.09 - STRAT_mod3.37)","Opaline/CCS",0.0227143415361222,-0.000367124915024775,0.0449276980795617
"2269","(STRAT_mod0.09 - STRAT_mod2.88) - (STRAT_mod0.1 - STRAT_mod0.2)","Opaline/CCS",0.0974837281408858,0.0344330035165452,0.158985294714864
"2270","(STRAT_mod0.09 - STRAT_mod2.88) - (STRAT_mod0.1 - STRAT_mod0.3)","Opaline/CCS",0.109527779974876,0.0489440166663533,0.171565726885738
"2271","(STRAT_mod0.09 - STRAT_mod2.88) - (STRAT_mod0.1 - STRAT_mod0.82)","Opaline/CCS",0.0726102325814504,0.0162168072786364,0.135081391950844
"2272","(STRAT_mod0.09 - STRAT_mod2.88) - (STRAT_mod0.1 - STRAT_mod1.08)","Opaline/CCS",0.121165314843243,0.0611729788187874,0.181137507863876
"2273","(STRAT_mod0.09 - STRAT_mod2.88) - (STRAT_mod0.1 - STRAT_mod1.44)","Opaline/CCS",0.0731185469977096,0.0103658172091681,0.130841398817583
"2274","(STRAT_mod0.09 - STRAT_mod2.88) - (STRAT_mod0.1 - STRAT_mod2.15)","Opaline/CCS",0.0862051985477068,0.0179258032240299,0.154295286460822
"2275","(STRAT_mod0.09 - STRAT_mod2.88) - (STRAT_mod0.1 - STRAT_mod2.88)","Opaline/CCS",0.0607496816004147,0.003988899577271,0.114168744189598
"2276","(STRAT_mod0.09 - STRAT_mod2.88) - (STRAT_mod0.1 - STRAT_mod3.37)","Opaline/CCS",0.0835965057989996,0.0216634162090648,0.140906464222685
"2277","(STRAT_mod0.09 - STRAT_mod2.88) - (STRAT_mod0.2 - STRAT_mod0.3)","Opaline/CCS",0.111443943903736,0.0492015163418618,0.169439344644283
"2278","(STRAT_mod0.09 - STRAT_mod2.88) - (STRAT_mod0.2 - STRAT_mod0.82)","Opaline/CCS",0.0750439860730412,0.0190315730878585,0.134560062478608
"2279","(STRAT_mod0.09 - STRAT_mod2.88) - (STRAT_mod0.2 - STRAT_mod1.08)","Opaline/CCS",0.123673488225231,0.0647340847072861,0.179978360742466
"2280","(STRAT_mod0.09 - STRAT_mod2.88) - (STRAT_mod0.2 - STRAT_mod1.44)","Opaline/CCS",0.0751179033649079,0.0142677959800626,0.129511261138861
"2281","(STRAT_mod0.09 - STRAT_mod2.88) - (STRAT_mod0.2 - STRAT_mod2.15)","Opaline/CCS",0.088735200434412,0.0229946996717314,0.155225239448083
"2282","(STRAT_mod0.09 - STRAT_mod2.88) - (STRAT_mod0.2 - STRAT_mod2.88)","Opaline/CCS",0.0630683418168889,0.0105074408907733,0.115485902991812
"2283","(STRAT_mod0.09 - STRAT_mod2.88) - (STRAT_mod0.2 - STRAT_mod3.37)","Opaline/CCS",0.0854804689096023,0.0259708555294176,0.139998771397568
"2284","(STRAT_mod0.09 - STRAT_mod2.88) - (STRAT_mod0.3 - STRAT_mod0.82)","Opaline/CCS",0.0627300195592984,0.00853633825284383,0.121665136412593
"2285","(STRAT_mod0.09 - STRAT_mod2.88) - (STRAT_mod0.3 - STRAT_mod1.08)","Opaline/CCS",0.111232468419994,0.0558655515026887,0.169217033468781
"2286","(STRAT_mod0.09 - STRAT_mod2.88) - (STRAT_mod0.3 - STRAT_mod1.44)","Opaline/CCS",0.0633209541297197,0.0030675150340409,0.117475199095902
"2287","(STRAT_mod0.09 - STRAT_mod2.88) - (STRAT_mod0.3 - STRAT_mod2.15)","Opaline/CCS",0.0767472941613305,0.0115531197329535,0.143891061043975
"2288","(STRAT_mod0.09 - STRAT_mod2.88) - (STRAT_mod0.3 - STRAT_mod2.88)","Opaline/CCS",0.0511114705097384,-0.00199280769847032,0.101255891269821
"2289","(STRAT_mod0.09 - STRAT_mod2.88) - (STRAT_mod0.3 - STRAT_mod3.37)","Opaline/CCS",0.0733682044651709,0.0171792494076914,0.130372527313591
"2290","(STRAT_mod0.09 - STRAT_mod2.88) - (STRAT_mod0.82 - STRAT_mod1.08)","Opaline/CCS",0.148599084290159,0.0939584954384851,0.20305627564706
"2291","(STRAT_mod0.09 - STRAT_mod2.88) - (STRAT_mod0.82 - STRAT_mod1.44)","Opaline/CCS",0.099548403743102,0.0453182555247715,0.154783584955372
"2292","(STRAT_mod0.09 - STRAT_mod2.88) - (STRAT_mod0.82 - STRAT_mod2.15)","Opaline/CCS",0.11450256994645,0.0519957593992579,0.180600171371992
"2293","(STRAT_mod0.09 - STRAT_mod2.88) - (STRAT_mod0.82 - STRAT_mod2.88)","Opaline/CCS",0.0875658012709284,0.0421781024055763,0.139958893129669
"2294","(STRAT_mod0.09 - STRAT_mod2.88) - (STRAT_mod0.82 - STRAT_mod3.37)","Opaline/CCS",0.110690009976846,0.0566808501411713,0.165306869424837
"2295","(STRAT_mod0.09 - STRAT_mod2.88) - (STRAT_mod1.08 - STRAT_mod1.44)","Opaline/CCS",0.0512640406682208,-0.00539324411316366,0.103546775725791
"2296","(STRAT_mod0.09 - STRAT_mod2.88) - (STRAT_mod1.08 - STRAT_mod2.15)","Opaline/CCS",0.065273783726542,0.00291874877696863,0.129378563093697
"2297","(STRAT_mod0.09 - STRAT_mod2.88) - (STRAT_mod1.08 - STRAT_mod2.88)","Opaline/CCS",0.0388541937028575,-0.00982858186246283,0.0877920299986963
"2298","(STRAT_mod0.09 - STRAT_mod2.88) - (STRAT_mod1.08 - STRAT_mod3.37)","Opaline/CCS",0.0617258432410812,0.00704572432565431,0.113847690241638
"2299","(STRAT_mod0.09 - STRAT_mod2.88) - (STRAT_mod1.44 - STRAT_mod2.15)","Opaline/CCS",0.113703562617434,0.0491723548557257,0.17782082441223
"2300","(STRAT_mod0.09 - STRAT_mod2.88) - (STRAT_mod1.44 - STRAT_mod2.88)","Opaline/CCS",0.0875265784069998,0.0367101409675081,0.134592576945628
"2301","(STRAT_mod0.09 - STRAT_mod2.88) - (STRAT_mod1.44 - STRAT_mod3.37)","Opaline/CCS",0.110308685515522,0.0573773768992023,0.164998465311635
"2302","(STRAT_mod0.09 - STRAT_mod2.88) - (STRAT_mod2.15 - STRAT_mod2.88)","Opaline/CCS",0.073280004968276,0.0133050985753211,0.131286529124199
"2303","(STRAT_mod0.09 - STRAT_mod2.88) - (STRAT_mod2.15 - STRAT_mod3.37)","Opaline/CCS",0.0956420532831119,0.0347175955329213,0.161395034427543
"2304","(STRAT_mod0.09 - STRAT_mod2.88) - (STRAT_mod2.88 - STRAT_mod3.37)","Opaline/CCS",0.122625663014555,0.0627236473153938,0.182241457883124
"2305","(STRAT_mod0.09 - STRAT_mod3.37) - (STRAT_mod0.1 - STRAT_mod0.2)","Opaline/CCS",0.0754583004689002,0.0119116068926486,0.135205436305114
"2306","(STRAT_mod0.09 - STRAT_mod3.37) - (STRAT_mod0.1 - STRAT_mod0.3)","Opaline/CCS",0.0871674175055366,0.026921280722799,0.150159207594402
"2307","(STRAT_mod0.09 - STRAT_mod3.37) - (STRAT_mod0.1 - STRAT_mod0.82)","Opaline/CCS",0.0501062561753469,-0.00925440843383241,0.107910695277924
"2308","(STRAT_mod0.09 - STRAT_mod3.37) - (STRAT_mod0.1 - STRAT_mod1.08)","Opaline/CCS",0.0991276322001275,0.0410818197884746,0.159570880927016
"2309","(STRAT_mod0.09 - STRAT_mod3.37) - (STRAT_mod0.1 - STRAT_mod1.44)","Opaline/CCS",0.0503629598900734,-0.0083630765651117,0.110716978783686
"2310","(STRAT_mod0.09 - STRAT_mod3.37) - (STRAT_mod0.1 - STRAT_mod2.15)","Opaline/CCS",0.0638708119504856,-0.00403477124945306,0.131016101728516
"2311","(STRAT_mod0.09 - STRAT_mod3.37) - (STRAT_mod0.1 - STRAT_mod2.88)","Opaline/CCS",0.038343729910616,-0.0189135394231719,0.0997847742221456
"2312","(STRAT_mod0.09 - STRAT_mod3.37) - (STRAT_mod0.1 - STRAT_mod3.37)","Opaline/CCS",0.0607496816004147,0.003988899577271,0.114168744189598
"2313","(STRAT_mod0.09 - STRAT_mod3.37) - (STRAT_mod0.2 - STRAT_mod0.3)","Opaline/CCS",0.0887568188270111,0.029340473352319,0.148187619088568
"2314","(STRAT_mod0.09 - STRAT_mod3.37) - (STRAT_mod0.2 - STRAT_mod0.82)","Opaline/CCS",0.052236431581788,-0.0070948272434106,0.106665387960213
"2315","(STRAT_mod0.09 - STRAT_mod3.37) - (STRAT_mod0.2 - STRAT_mod1.08)","Opaline/CCS",0.100627400951431,0.0438579140268214,0.157232100274777
"2316","(STRAT_mod0.09 - STRAT_mod3.37) - (STRAT_mod0.2 - STRAT_mod1.44)","Opaline/CCS",0.0523145412637154,-0.00365463445057035,0.109479970745408
"2317","(STRAT_mod0.09 - STRAT_mod3.37) - (STRAT_mod0.2 - STRAT_mod2.15)","Opaline/CCS",0.0661412731265743,-0.00507015948360801,0.128385417739079
"2318","(STRAT_mod0.09 - STRAT_mod3.37) - (STRAT_mod0.2 - STRAT_mod2.88)","Opaline/CCS",0.0398559013536779,-0.017897191597541,0.0967330256663099
"2319","(STRAT_mod0.09 - STRAT_mod3.37) - (STRAT_mod0.2 - STRAT_mod3.37)","Opaline/CCS",0.0630683418168889,0.0105074408907733,0.115485902991812
"2320","(STRAT_mod0.09 - STRAT_mod3.37) - (STRAT_mod0.3 - STRAT_mod0.82)","Opaline/CCS",0.0400393692543832,-0.0153533308727916,0.0961435453818966
"2321","(STRAT_mod0.09 - STRAT_mod3.37) - (STRAT_mod0.3 - STRAT_mod1.08)","Opaline/CCS",0.0888222168556079,0.0315495664799554,0.143958876112351
"2322","(STRAT_mod0.09 - STRAT_mod3.37) - (STRAT_mod0.3 - STRAT_mod1.44)","Opaline/CCS",0.0404461528970881,-0.0167067448727032,0.0963419839688191
"2323","(STRAT_mod0.09 - STRAT_mod3.37) - (STRAT_mod0.3 - STRAT_mod2.15)","Opaline/CCS",0.0543192506735715,-0.014504252095743,0.11722458044747
"2324","(STRAT_mod0.09 - STRAT_mod3.37) - (STRAT_mod0.3 - STRAT_mod2.88)","Opaline/CCS",0.0281598823552287,-0.030172759313174,0.0831869197156641
"2325","(STRAT_mod0.09 - STRAT_mod3.37) - (STRAT_mod0.3 - STRAT_mod3.37)","Opaline/CCS",0.0511114705097384,-0.00199280769847032,0.101255891269821
"2326","(STRAT_mod0.09 - STRAT_mod3.37) - (STRAT_mod0.82 - STRAT_mod1.08)","Opaline/CCS",0.125601599249224,0.0732200881341791,0.180216926649868
"2327","(STRAT_mod0.09 - STRAT_mod3.37) - (STRAT_mod0.82 - STRAT_mod1.44)","Opaline/CCS",0.0772454951170436,0.0235981689518105,0.132387956169262
"2328","(STRAT_mod0.09 - STRAT_mod3.37) - (STRAT_mod0.82 - STRAT_mod2.15)","Opaline/CCS",0.0913529564965505,0.0308956460483407,0.158272632613597
"2329","(STRAT_mod0.09 - STRAT_mod3.37) - (STRAT_mod0.82 - STRAT_mod2.88)","Opaline/CCS",0.0651313900075834,0.00999611926821276,0.118125133893571
"2330","(STRAT_mod0.09 - STRAT_mod3.37) - (STRAT_mod0.82 - STRAT_mod3.37)","Opaline/CCS",0.0875658012709284,0.0421781024055763,0.139958893129669
"2331","(STRAT_mod0.09 - STRAT_mod3.37) - (STRAT_mod1.08 - STRAT_mod1.44)","Opaline/CCS",0.0283850543289326,-0.0280914091574669,0.0808379182182866
"2332","(STRAT_mod0.09 - STRAT_mod3.37) - (STRAT_mod1.08 - STRAT_mod2.15)","Opaline/CCS",0.0424492509672689,-0.0179013509714787,0.108004349020907
"2333","(STRAT_mod0.09 - STRAT_mod3.37) - (STRAT_mod1.08 - STRAT_mod2.88)","Opaline/CCS",0.0165444315018277,-0.0363562134213065,0.0716309523856138
"2334","(STRAT_mod0.09 - STRAT_mod3.37) - (STRAT_mod1.08 - STRAT_mod3.37)","Opaline/CCS",0.0388541937028575,-0.00982858186246283,0.0877920299986963
"2335","(STRAT_mod0.09 - STRAT_mod3.37) - (STRAT_mod1.44 - STRAT_mod2.15)","Opaline/CCS",0.0908057829047029,0.0245457431784688,0.151995445636225
"2336","(STRAT_mod0.09 - STRAT_mod3.37) - (STRAT_mod1.44 - STRAT_mod2.88)","Opaline/CCS",0.0651171834708557,0.0114961631679447,0.119008501827339
"2337","(STRAT_mod0.09 - STRAT_mod3.37) - (STRAT_mod1.44 - STRAT_mod3.37)","Opaline/CCS",0.0875265784069998,0.0367101409675081,0.134592576945628
"2338","(STRAT_mod0.09 - STRAT_mod3.37) - (STRAT_mod2.15 - STRAT_mod2.88)","Opaline/CCS",0.0510547885455819,-0.0142022711884566,0.110472866394394
"2339","(STRAT_mod0.09 - STRAT_mod3.37) - (STRAT_mod2.15 - STRAT_mod3.37)","Opaline/CCS",0.073280004968276,0.0133050985753211,0.131286529124199
"2340","(STRAT_mod0.09 - STRAT_mod3.37) - (STRAT_mod2.88 - STRAT_mod3.37)","Opaline/CCS",0.0996220878037672,0.0509875388810066,0.149985857498422
"2341","(STRAT_mod0.1 - STRAT_mod0.2) - (STRAT_mod0.1 - STRAT_mod0.3)","Opaline/CCS",0.0116793292792645,-0.0219061305685275,0.0447278060463416
"2342","(STRAT_mod0.1 - STRAT_mod0.2) - (STRAT_mod0.1 - STRAT_mod0.82)","Opaline/CCS",-0.0250242832851844,-0.0537154253052399,0.00367664873889861
"2343","(STRAT_mod0.1 - STRAT_mod0.2) - (STRAT_mod0.1 - STRAT_mod1.08)","Opaline/CCS",0.0237406201872976,-0.00525320281031227,0.0516461724628412
"2344","(STRAT_mod0.1 - STRAT_mod0.2) - (STRAT_mod0.1 - STRAT_mod1.44)","Opaline/CCS",-0.0246721682486222,-0.0531908554597971,0.00456954581924407
"2345","(STRAT_mod0.1 - STRAT_mod0.2) - (STRAT_mod0.1 - STRAT_mod2.15)","Opaline/CCS",-0.0109203621518432,-0.0568862167275781,0.0318401478733765
"2346","(STRAT_mod0.1 - STRAT_mod0.2) - (STRAT_mod0.1 - STRAT_mod2.88)","Opaline/CCS",-0.0369827996426018,-0.0659039113638644,-0.00749243144317102
"2347","(STRAT_mod0.1 - STRAT_mod0.2) - (STRAT_mod0.1 - STRAT_mod3.37)","Opaline/CCS",-0.0141453850745497,-0.0426201131077311,0.0134856580289915
"2348","(STRAT_mod0.1 - STRAT_mod0.2) - (STRAT_mod0.2 - STRAT_mod0.3)","Opaline/CCS",0.0133552047634047,-0.0483848181970679,0.0741146683497087
"2349","(STRAT_mod0.1 - STRAT_mod0.2) - (STRAT_mod0.2 - STRAT_mod0.82)","Opaline/CCS",-0.0224236861557432,-0.0826988436809626,0.0337989709502158
"2350","(STRAT_mod0.1 - STRAT_mod0.2) - (STRAT_mod0.2 - STRAT_mod1.08)","Opaline/CCS",0.0256855476694695,-0.0317779986193667,0.0853046304964558
"2351","(STRAT_mod0.1 - STRAT_mod0.2) - (STRAT_mod0.2 - STRAT_mod1.44)","Opaline/CCS",-0.0229236221936431,-0.0865354775899436,0.0311733502444724
"2352","(STRAT_mod0.1 - STRAT_mod0.2) - (STRAT_mod0.2 - STRAT_mod2.15)","Opaline/CCS",-0.0092073848955796,-0.0783175797099727,0.0571276243052399
"2353","(STRAT_mod0.1 - STRAT_mod0.2) - (STRAT_mod0.2 - STRAT_mod2.88)","Opaline/CCS",-0.0347456247907627,-0.0973618970864107,0.0209444486997019
"2354","(STRAT_mod0.1 - STRAT_mod0.2) - (STRAT_mod0.2 - STRAT_mod3.37)","Opaline/CCS",-0.0120661227452503,-0.0708720951757398,0.0439132912033142
"2355","(STRAT_mod0.1 - STRAT_mod0.2) - (STRAT_mod0.3 - STRAT_mod0.82)","Opaline/CCS",-0.0351863169924287,-0.0830614732056767,0.0102348283661722
"2356","(STRAT_mod0.1 - STRAT_mod0.2) - (STRAT_mod0.3 - STRAT_mod1.08)","Opaline/CCS",0.0134980637711029,-0.032132395048829,0.0616098531229596
"2357","(STRAT_mod0.1 - STRAT_mod0.2) - (STRAT_mod0.3 - STRAT_mod1.44)","Opaline/CCS",-0.0349706729095367,-0.0809509565150011,0.0136329666158472
"2358","(STRAT_mod0.1 - STRAT_mod0.2) - (STRAT_mod0.3 - STRAT_mod2.15)","Opaline/CCS",-0.0212765359652005,-0.0783720205575662,0.0366652025516112
"2359","(STRAT_mod0.1 - STRAT_mod0.2) - (STRAT_mod0.3 - STRAT_mod2.88)","Opaline/CCS",-0.0472929474061214,-0.0933106484607173,0.0018768543403529
"2360","(STRAT_mod0.1 - STRAT_mod0.2) - (STRAT_mod0.3 - STRAT_mod3.37)","Opaline/CCS",-0.0246506299554294,-0.0725752858960864,0.0208263771341541
"2361","(STRAT_mod0.1 - STRAT_mod0.2) - (STRAT_mod0.82 - STRAT_mod1.08)","Opaline/CCS",0.0503206344833707,0.00752730552055692,0.0956592000068457
"2362","(STRAT_mod0.1 - STRAT_mod0.2) - (STRAT_mod0.82 - STRAT_mod1.44)","Opaline/CCS",0.00202618086360373,-0.04042602863476,0.048446785080472
"2363","(STRAT_mod0.1 - STRAT_mod0.2) - (STRAT_mod0.82 - STRAT_mod2.15)","Opaline/CCS",0.0157724041738749,-0.0398690871090177,0.0698045130253315
"2364","(STRAT_mod0.1 - STRAT_mod0.2) - (STRAT_mod0.82 - STRAT_mod2.88)","Opaline/CCS",-0.010181521497393,-0.0523105392835874,0.0357208022913196
"2365","(STRAT_mod0.1 - STRAT_mod0.2) - (STRAT_mod0.82 - STRAT_mod3.37)","Opaline/CCS",0.0123816238590813,-0.0296544160515144,0.0568131337455573
"2366","(STRAT_mod0.1 - STRAT_mod0.2) - (STRAT_mod1.08 - STRAT_mod1.44)","Opaline/CCS",-0.0467014326260995,-0.0911477014880955,-0.00313322683811945
"2367","(STRAT_mod0.1 - STRAT_mod0.2) - (STRAT_mod1.08 - STRAT_mod2.15)","Opaline/CCS",-0.0333632947537041,-0.0876931480233587,0.0214854116088627
"2368","(STRAT_mod0.1 - STRAT_mod0.2) - (STRAT_mod1.08 - STRAT_mod2.88)","Opaline/CCS",-0.0590329340367002,-0.10330786325854,-0.0150294497207981
"2369","(STRAT_mod0.1 - STRAT_mod0.2) - (STRAT_mod1.08 - STRAT_mod3.37)","Opaline/CCS",-0.0365600390606129,-0.0804495236201159,0.0062203464188082
"2370","(STRAT_mod0.1 - STRAT_mod0.2) - (STRAT_mod1.44 - STRAT_mod2.15)","Opaline/CCS",0.0155816913386391,-0.0374626639711115,0.0730746133665567
"2371","(STRAT_mod0.1 - STRAT_mod0.2) - (STRAT_mod1.44 - STRAT_mod2.88)","Opaline/CCS",-0.0105774152298856,-0.0526861098657627,0.0365017730708925
"2372","(STRAT_mod0.1 - STRAT_mod0.2) - (STRAT_mod1.44 - STRAT_mod3.37)","Opaline/CCS",0.012167033007634,-0.0299052423130104,0.0569238309734308
"2373","(STRAT_mod0.1 - STRAT_mod0.2) - (STRAT_mod2.15 - STRAT_mod2.88)","Opaline/CCS",-0.0244132231126972,-0.0807836425298887,0.0292974313544261
"2374","(STRAT_mod0.1 - STRAT_mod0.2) - (STRAT_mod2.15 - STRAT_mod3.37)","Opaline/CCS",-0.00157859448481124,-0.0571090546928401,0.0510625924841124
"2375","(STRAT_mod0.1 - STRAT_mod0.2) - (STRAT_mod2.88 - STRAT_mod3.37)","Opaline/CCS",0.024457755946522,-0.0193880807777953,0.0685377526192412
"2376","(STRAT_mod0.1 - STRAT_mod0.3) - (STRAT_mod0.1 - STRAT_mod0.82)","Opaline/CCS",-0.0372244313970356,-0.0646519556279634,-0.0101461520671187
"2377","(STRAT_mod0.1 - STRAT_mod0.3) - (STRAT_mod0.1 - STRAT_mod1.08)","Opaline/CCS",0.0115876207328465,-0.0163698784330863,0.0390917270037843
"2378","(STRAT_mod0.1 - STRAT_mod0.3) - (STRAT_mod0.1 - STRAT_mod1.44)","Opaline/CCS",-0.0366692683984968,-0.065506223212529,-0.00893812267621197
"2379","(STRAT_mod0.1 - STRAT_mod0.3) - (STRAT_mod0.1 - STRAT_mod2.15)","Opaline/CCS",-0.0225123955552005,-0.0664825673740257,0.0198851524213319
"2380","(STRAT_mod0.1 - STRAT_mod0.3) - (STRAT_mod0.1 - STRAT_mod2.88)","Opaline/CCS",-0.0490725799546519,-0.0780892576203773,-0.0205199874844153
"2381","(STRAT_mod0.1 - STRAT_mod0.3) - (STRAT_mod0.1 - STRAT_mod3.37)","Opaline/CCS",-0.0263222067776971,-0.0543824085816418,0.000331510166929228
"2382","(STRAT_mod0.1 - STRAT_mod0.3) - (STRAT_mod0.2 - STRAT_mod0.3)","Opaline/CCS",0.00184484679817265,-0.0364572664605709,0.0394953549697297
"2383","(STRAT_mod0.1 - STRAT_mod0.3) - (STRAT_mod0.2 - STRAT_mod0.82)","Opaline/CCS",-0.0351863169924287,-0.0830614732056767,0.0102348283661722
"2384","(STRAT_mod0.1 - STRAT_mod0.3) - (STRAT_mod0.2 - STRAT_mod1.08)","Opaline/CCS",0.0134980637711029,-0.032132395048829,0.0616098531229596
"2385","(STRAT_mod0.1 - STRAT_mod0.3) - (STRAT_mod0.2 - STRAT_mod1.44)","Opaline/CCS",-0.0349706729095367,-0.0809509565150011,0.0136329666158472
"2386","(STRAT_mod0.1 - STRAT_mod0.3) - (STRAT_mod0.2 - STRAT_mod2.15)","Opaline/CCS",-0.0212765359652005,-0.0783720205575662,0.0366652025516112
"2387","(STRAT_mod0.1 - STRAT_mod0.3) - (STRAT_mod0.2 - STRAT_mod2.88)","Opaline/CCS",-0.0472929474061214,-0.0933106484607173,0.0018768543403529
"2388","(STRAT_mod0.1 - STRAT_mod0.3) - (STRAT_mod0.2 - STRAT_mod3.37)","Opaline/CCS",-0.0246506299554294,-0.0725752858960864,0.0208263771341541
"2389","(STRAT_mod0.1 - STRAT_mod0.3) - (STRAT_mod0.3 - STRAT_mod0.82)","Opaline/CCS",-0.0476279086562084,-0.102177197954267,0.00992144879913059
"2390","(STRAT_mod0.1 - STRAT_mod0.3) - (STRAT_mod0.3 - STRAT_mod1.08)","Opaline/CCS",0.00147535347756955,-0.054623100399728,0.0575107688798404
"2391","(STRAT_mod0.1 - STRAT_mod0.3) - (STRAT_mod0.3 - STRAT_mod1.44)","Opaline/CCS",-0.0472536906419401,-0.103863678268467,0.00792677644481676
"2392","(STRAT_mod0.1 - STRAT_mod0.3) - (STRAT_mod0.3 - STRAT_mod2.15)","Opaline/CCS",-0.0329763882858245,-0.0998457765510268,0.0311104168824219
"2393","(STRAT_mod0.1 - STRAT_mod0.3) - (STRAT_mod0.3 - STRAT_mod2.88)","Opaline/CCS",-0.059265648522052,-0.115912865767655,-0.00297656773937227
"2394","(STRAT_mod0.1 - STRAT_mod0.3) - (STRAT_mod0.3 - STRAT_mod3.37)","Opaline/CCS",-0.036601758366914,-0.0925396702587777,0.0192723191948687
"2395","(STRAT_mod0.1 - STRAT_mod0.3) - (STRAT_mod0.82 - STRAT_mod1.08)","Opaline/CCS",0.0384841615933713,-0.00708037058125299,0.0795651252413747
"2396","(STRAT_mod0.1 - STRAT_mod0.3) - (STRAT_mod0.82 - STRAT_mod1.44)","Opaline/CCS",-0.0100616176221395,-0.053050767258954,0.0333407794935274
"2397","(STRAT_mod0.1 - STRAT_mod0.3) - (STRAT_mod0.82 - STRAT_mod2.15)","Opaline/CCS",0.00383315244221527,-0.0478983058080922,0.0615061524072322
"2398","(STRAT_mod0.1 - STRAT_mod0.3) - (STRAT_mod0.82 - STRAT_mod2.88)","Opaline/CCS",-0.0223498921831702,-0.0662136605744013,0.0207704734374277
"2399","(STRAT_mod0.1 - STRAT_mod0.3) - (STRAT_mod0.82 - STRAT_mod3.37)","Opaline/CCS",0.000378564565908457,-0.0418037185106468,0.0434450157628814
"2400","(STRAT_mod0.1 - STRAT_mod0.3) - (STRAT_mod1.08 - STRAT_mod1.44)","Opaline/CCS",-0.0588259315509521,-0.100733097744336,-0.0147665506460863
"2401","(STRAT_mod0.1 - STRAT_mod0.3) - (STRAT_mod1.08 - STRAT_mod2.15)","Opaline/CCS",-0.0451465968602238,-0.0965927714779906,0.0111350100560612
"2402","(STRAT_mod0.1 - STRAT_mod0.3) - (STRAT_mod1.08 - STRAT_mod2.88)","Opaline/CCS",-0.0710815448898243,-0.114854047784688,-0.0277534318715191
"2403","(STRAT_mod0.1 - STRAT_mod0.3) - (STRAT_mod1.08 - STRAT_mod3.37)","Opaline/CCS",-0.0485885844518008,-0.0898587433017322,-0.00458284344198434
"2404","(STRAT_mod0.1 - STRAT_mod0.3) - (STRAT_mod1.44 - STRAT_mod2.15)","Opaline/CCS",0.0038111104048244,-0.0530205127195975,0.0574613416383856
"2405","(STRAT_mod0.1 - STRAT_mod0.3) - (STRAT_mod1.44 - STRAT_mod2.88)","Opaline/CCS",-0.0227234343731033,-0.0663555604355786,0.0215583971565834
"2406","(STRAT_mod0.1 - STRAT_mod0.3) - (STRAT_mod1.44 - STRAT_mod3.37)","Opaline/CCS",-0.000160275224651008,-0.0422344645361239,0.0439672731397587
"2407","(STRAT_mod0.1 - STRAT_mod0.3) - (STRAT_mod2.15 - STRAT_mod2.88)","Opaline/CCS",-0.0365117701506921,-0.090638962686286,0.0185576456414966
"2408","(STRAT_mod0.1 - STRAT_mod0.3) - (STRAT_mod2.15 - STRAT_mod3.37)","Opaline/CCS",-0.0138334260331889,-0.0670192983118314,0.0408751076751463
"2409","(STRAT_mod0.1 - STRAT_mod0.3) - (STRAT_mod2.88 - STRAT_mod3.37)","Opaline/CCS",0.0125511212747982,-0.0315419802629608,0.0549079728448065
"2410","(STRAT_mod0.1 - STRAT_mod0.82) - (STRAT_mod0.1 - STRAT_mod1.08)","Opaline/CCS",0.0486399011316245,0.0267901830349215,0.0702987232453594
"2411","(STRAT_mod0.1 - STRAT_mod0.82) - (STRAT_mod0.1 - STRAT_mod1.44)","Opaline/CCS",0.000210162060233721,-0.022046891963321,0.0228768082821502
"2412","(STRAT_mod0.1 - STRAT_mod0.82) - (STRAT_mod0.1 - STRAT_mod2.15)","Opaline/CCS",0.0145350543590965,-0.026381670081729,0.0528936318555981
"2413","(STRAT_mod0.1 - STRAT_mod0.82) - (STRAT_mod0.1 - STRAT_mod2.88)","Opaline/CCS",-0.0118200535556259,-0.0342708952131416,0.0117207861639734
"2414","(STRAT_mod0.1 - STRAT_mod0.82) - (STRAT_mod0.1 - STRAT_mod3.37)","Opaline/CCS",0.0107930199208488,-0.0115432072982151,0.0313685543006255
"2415","(STRAT_mod0.1 - STRAT_mod0.82) - (STRAT_mod0.2 - STRAT_mod0.3)","Opaline/CCS",0.0387756815986435,-0.00819255677340269,0.0861467852701563
"2416","(STRAT_mod0.1 - STRAT_mod0.82) - (STRAT_mod0.2 - STRAT_mod0.82)","Opaline/CCS",0.00184484679817265,-0.0364572664605709,0.0394953549697297
"2417","(STRAT_mod0.1 - STRAT_mod0.82) - (STRAT_mod0.2 - STRAT_mod1.08)","Opaline/CCS",0.0503206344833707,0.00752730552055692,0.0956592000068457
"2418","(STRAT_mod0.1 - STRAT_mod0.82) - (STRAT_mod0.2 - STRAT_mod1.44)","Opaline/CCS",0.00202618086360373,-0.04042602863476,0.048446785080472
"2419","(STRAT_mod0.1 - STRAT_mod0.82) - (STRAT_mod0.2 - STRAT_mod2.15)","Opaline/CCS",0.0157724041738749,-0.0398690871090177,0.0698045130253315
"2420","(STRAT_mod0.1 - STRAT_mod0.82) - (STRAT_mod0.2 - STRAT_mod2.88)","Opaline/CCS",-0.010181521497393,-0.0523105392835874,0.0357208022913196
"2421","(STRAT_mod0.1 - STRAT_mod0.82) - (STRAT_mod0.2 - STRAT_mod3.37)","Opaline/CCS",0.0123816238590813,-0.0296544160515144,0.0568131337455573
"2422","(STRAT_mod0.1 - STRAT_mod0.82) - (STRAT_mod0.3 - STRAT_mod0.82)","Opaline/CCS",-0.0103421247930928,-0.0465746118208461,0.0272121513334209
"2423","(STRAT_mod0.1 - STRAT_mod0.82) - (STRAT_mod0.3 - STRAT_mod1.08)","Opaline/CCS",0.0384841615933713,-0.00708037058125299,0.0795651252413747
"2424","(STRAT_mod0.1 - STRAT_mod0.82) - (STRAT_mod0.3 - STRAT_mod1.44)","Opaline/CCS",-0.0100616176221395,-0.053050767258954,0.0333407794935274
"2425","(STRAT_mod0.1 - STRAT_mod0.82) - (STRAT_mod0.3 - STRAT_mod2.15)","Opaline/CCS",0.00383315244221527,-0.0478983058080922,0.0615061524072322
"2426","(STRAT_mod0.1 - STRAT_mod0.82) - (STRAT_mod0.3 - STRAT_mod2.88)","Opaline/CCS",-0.0223498921831702,-0.0662136605744013,0.0207704734374277
"2427","(STRAT_mod0.1 - STRAT_mod0.82) - (STRAT_mod0.3 - STRAT_mod3.37)","Opaline/CCS",0.000378564565908457,-0.0418037185106468,0.0434450157628814
"2428","(STRAT_mod0.1 - STRAT_mod0.82) - (STRAT_mod0.82 - STRAT_mod1.08)","Opaline/CCS",0.0754566625445092,0.0282279455134553,0.11971060384227
"2429","(STRAT_mod0.1 - STRAT_mod0.82) - (STRAT_mod0.82 - STRAT_mod1.44)","Opaline/CCS",0.0268935840432725,-0.0198243110760861,0.0716354983993601
"2430","(STRAT_mod0.1 - STRAT_mod0.82) - (STRAT_mod0.82 - STRAT_mod2.15)","Opaline/CCS",0.0411161511122557,-0.0130306354137026,0.0995470861232306
"2431","(STRAT_mod0.1 - STRAT_mod0.82) - (STRAT_mod0.82 - STRAT_mod2.88)","Opaline/CCS",0.0148704581082053,-0.0300097386867542,0.0616117776568599
"2432","(STRAT_mod0.1 - STRAT_mod0.82) - (STRAT_mod0.82 - STRAT_mod3.37)","Opaline/CCS",0.0375713811233314,-0.00627578627003178,0.0839987133631861
"2433","(STRAT_mod0.1 - STRAT_mod0.82) - (STRAT_mod1.08 - STRAT_mod1.44)","Opaline/CCS",-0.0218384179477269,-0.0640893257267572,0.01652985050637
"2434","(STRAT_mod0.1 - STRAT_mod0.82) - (STRAT_mod1.08 - STRAT_mod2.15)","Opaline/CCS",-0.00763654104253497,-0.0604810645261615,0.0429040748038623
"2435","(STRAT_mod0.1 - STRAT_mod0.82) - (STRAT_mod1.08 - STRAT_mod2.88)","Opaline/CCS",-0.0339452139015919,-0.0722838587522161,0.00882989552760716
"2436","(STRAT_mod0.1 - STRAT_mod0.82) - (STRAT_mod1.08 - STRAT_mod3.37)","Opaline/CCS",-0.0113341859188314,-0.0507427924862078,0.0273819939439837
"2437","(STRAT_mod0.1 - STRAT_mod0.82) - (STRAT_mod1.44 - STRAT_mod2.15)","Opaline/CCS",0.0407814068529357,-0.0107864258351578,0.0935964716290094
"2438","(STRAT_mod0.1 - STRAT_mod0.82) - (STRAT_mod1.44 - STRAT_mod2.88)","Opaline/CCS",0.0147060359493476,-0.0280244519112913,0.0530661038084639
"2439","(STRAT_mod0.1 - STRAT_mod0.82) - (STRAT_mod1.44 - STRAT_mod3.37)","Opaline/CCS",0.0369594662197101,-0.00069213014993208,0.0777530344615762
"2440","(STRAT_mod0.1 - STRAT_mod0.82) - (STRAT_mod2.15 - STRAT_mod2.88)","Opaline/CCS",0.000766146260762213,-0.0524374373843992,0.0518265413930949
"2441","(STRAT_mod0.1 - STRAT_mod0.82) - (STRAT_mod2.15 - STRAT_mod3.37)","Opaline/CCS",0.0238710311635473,-0.0270639951617198,0.0755261013701172
"2442","(STRAT_mod0.1 - STRAT_mod0.82) - (STRAT_mod2.88 - STRAT_mod3.37)","Opaline/CCS",0.049399790629886,0.0107528367990639,0.0917217450322299
"2443","(STRAT_mod0.1 - STRAT_mod1.08) - (STRAT_mod0.1 - STRAT_mod1.44)","Opaline/CCS",-0.0483616618454432,-0.0706288646112538,-0.0256024223945945
"2444","(STRAT_mod0.1 - STRAT_mod1.08) - (STRAT_mod0.1 - STRAT_mod2.15)","Opaline/CCS",-0.0342853047819207,-0.0735414248598647,0.00638509266011145
"2445","(STRAT_mod0.1 - STRAT_mod1.08) - (STRAT_mod0.1 - STRAT_mod2.88)","Opaline/CCS",-0.0605774717408372,-0.0836409948072312,-0.0380778295700743
"2446","(STRAT_mod0.1 - STRAT_mod1.08) - (STRAT_mod0.1 - STRAT_mod3.37)","Opaline/CCS",-0.0380457322779697,-0.0587388524954457,-0.0162775781708611
"2447","(STRAT_mod0.1 - STRAT_mod1.08) - (STRAT_mod0.2 - STRAT_mod0.3)","Opaline/CCS",-0.0103102114370479,-0.0577119369322086,0.0371211106089451
"2448","(STRAT_mod0.1 - STRAT_mod1.08) - (STRAT_mod0.2 - STRAT_mod0.82)","Opaline/CCS",-0.0471122540554194,-0.0898357539454091,-0.00280292132581561
"2449","(STRAT_mod0.1 - STRAT_mod1.08) - (STRAT_mod0.2 - STRAT_mod1.08)","Opaline/CCS",0.00184484679817265,-0.0364572664605709,0.0394953549697297
"2450","(STRAT_mod0.1 - STRAT_mod1.08) - (STRAT_mod0.2 - STRAT_mod1.44)","Opaline/CCS",-0.0467014326260995,-0.0911477014880955,-0.00313322683811945
"2451","(STRAT_mod0.1 - STRAT_mod1.08) - (STRAT_mod0.2 - STRAT_mod2.15)","Opaline/CCS",-0.0333632947537041,-0.0876931480233587,0.0214854116088627
"2452","(STRAT_mod0.1 - STRAT_mod1.08) - (STRAT_mod0.2 - STRAT_mod2.88)","Opaline/CCS",-0.0590329340367002,-0.10330786325854,-0.0150294497207981
"2453","(STRAT_mod0.1 - STRAT_mod1.08) - (STRAT_mod0.2 - STRAT_mod3.37)","Opaline/CCS",-0.0365600390606129,-0.0804495236201159,0.0062203464188082
"2454","(STRAT_mod0.1 - STRAT_mod1.08) - (STRAT_mod0.3 - STRAT_mod0.82)","Opaline/CCS",-0.0591259164961475,-0.10226582874993,-0.0167966522081322
"2455","(STRAT_mod0.1 - STRAT_mod1.08) - (STRAT_mod0.3 - STRAT_mod1.08)","Opaline/CCS",-0.0103421247930928,-0.0465746118208461,0.0272121513334209
"2456","(STRAT_mod0.1 - STRAT_mod1.08) - (STRAT_mod0.3 - STRAT_mod1.44)","Opaline/CCS",-0.0588259315509521,-0.100733097744336,-0.0147665506460863
"2457","(STRAT_mod0.1 - STRAT_mod1.08) - (STRAT_mod0.3 - STRAT_mod2.15)","Opaline/CCS",-0.0451465968602238,-0.0965927714779906,0.0111350100560612
"2458","(STRAT_mod0.1 - STRAT_mod1.08) - (STRAT_mod0.3 - STRAT_mod2.88)","Opaline/CCS",-0.0710815448898243,-0.114854047784688,-0.0277534318715191
"2459","(STRAT_mod0.1 - STRAT_mod1.08) - (STRAT_mod0.3 - STRAT_mod3.37)","Opaline/CCS",-0.0485885844518008,-0.0898587433017322,-0.00458284344198434
"2460","(STRAT_mod0.1 - STRAT_mod1.08) - (STRAT_mod0.82 - STRAT_mod1.08)","Opaline/CCS",0.0265074002167043,-0.00472764885676291,0.0619278785444504
"2461","(STRAT_mod0.1 - STRAT_mod1.08) - (STRAT_mod0.82 - STRAT_mod1.44)","Opaline/CCS",-0.0218384179477269,-0.0640893257267572,0.01652985050637
"2462","(STRAT_mod0.1 - STRAT_mod1.08) - (STRAT_mod0.82 - STRAT_mod2.15)","Opaline/CCS",-0.00763654104253497,-0.0604810645261615,0.0429040748038623
"2463","(STRAT_mod0.1 - STRAT_mod1.08) - (STRAT_mod0.82 - STRAT_mod2.88)","Opaline/CCS",-0.0339452139015919,-0.0722838587522161,0.00882989552760716
"2464","(STRAT_mod0.1 - STRAT_mod1.08) - (STRAT_mod0.82 - STRAT_mod3.37)","Opaline/CCS",-0.0113341859188314,-0.0507427924862078,0.0273819939439837
"2465","(STRAT_mod0.1 - STRAT_mod1.08) - (STRAT_mod1.08 - STRAT_mod1.44)","Opaline/CCS",-0.0710049314800665,-0.118488252732051,-0.026889327218405
"2466","(STRAT_mod0.1 - STRAT_mod1.08) - (STRAT_mod1.08 - STRAT_mod2.15)","Opaline/CCS",-0.0562783783086536,-0.114145449011566,-0.000534768337875136
"2467","(STRAT_mod0.1 - STRAT_mod1.08) - (STRAT_mod1.08 - STRAT_mod2.88)","Opaline/CCS",-0.0828171420160118,-0.127947995255441,-0.0360390885879678
"2468","(STRAT_mod0.1 - STRAT_mod1.08) - (STRAT_mod1.08 - STRAT_mod3.37)","Opaline/CCS",-0.0601374266453609,-0.104656648673632,-0.0151067320236771
"2469","(STRAT_mod0.1 - STRAT_mod1.08) - (STRAT_mod1.44 - STRAT_mod2.15)","Opaline/CCS",-0.0076495431730772,-0.0587624603009926,0.0455045426459217
"2470","(STRAT_mod0.1 - STRAT_mod1.08) - (STRAT_mod1.44 - STRAT_mod2.88)","Opaline/CCS",-0.0342347150120004,-0.0767905190662894,0.00461893231032162
"2471","(STRAT_mod0.1 - STRAT_mod1.08) - (STRAT_mod1.44 - STRAT_mod3.37)","Opaline/CCS",-0.012039200897541,-0.053063825402893,0.0264362331982926
"2472","(STRAT_mod0.1 - STRAT_mod1.08) - (STRAT_mod2.15 - STRAT_mod2.88)","Opaline/CCS",-0.0479558301456853,-0.100949506280567,0.0037047336600704
"2473","(STRAT_mod0.1 - STRAT_mod1.08) - (STRAT_mod2.15 - STRAT_mod3.37)","Opaline/CCS",-0.0250946800190004,-0.077621113575602,0.0244701786885533
"2474","(STRAT_mod0.1 - STRAT_mod1.08) - (STRAT_mod2.88 - STRAT_mod3.37)","Opaline/CCS",0.000588852298553766,-0.0395773198505496,0.0405683968102419
"2475","(STRAT_mod0.1 - STRAT_mod1.44) - (STRAT_mod0.1 - STRAT_mod2.15)","Opaline/CCS",0.0141066438139399,-0.0291102298960904,0.0523260321562238
"2476","(STRAT_mod0.1 - STRAT_mod1.44) - (STRAT_mod0.1 - STRAT_mod2.88)","Opaline/CCS",-0.0122716237428664,-0.0352034986640932,0.0114080577637532
"2477","(STRAT_mod0.1 - STRAT_mod1.44) - (STRAT_mod0.1 - STRAT_mod3.37)","Opaline/CCS",0.0104868245622778,-0.0133393056909337,0.0305695806462851
"2478","(STRAT_mod0.1 - STRAT_mod1.44) - (STRAT_mod0.2 - STRAT_mod0.3)","Opaline/CCS",0.0386496181838636,-0.00861426178623104,0.0858564748473136
"2479","(STRAT_mod0.1 - STRAT_mod1.44) - (STRAT_mod0.2 - STRAT_mod0.82)","Opaline/CCS",0.0010012556265071,-0.0412549134031805,0.0463689513870009
"2480","(STRAT_mod0.1 - STRAT_mod1.44) - (STRAT_mod0.2 - STRAT_mod1.08)","Opaline/CCS",0.0501895062185831,0.00625557185883219,0.0944071947963097
"2481","(STRAT_mod0.1 - STRAT_mod1.44) - (STRAT_mod0.2 - STRAT_mod1.44)","Opaline/CCS",0.00184484679817265,-0.0364572664605709,0.0394953549697297
"2482","(STRAT_mod0.1 - STRAT_mod1.44) - (STRAT_mod0.2 - STRAT_mod2.15)","Opaline/CCS",0.0155816913386391,-0.0374626639711115,0.0730746133665567
"2483","(STRAT_mod0.1 - STRAT_mod1.44) - (STRAT_mod0.2 - STRAT_mod2.88)","Opaline/CCS",-0.0105774152298856,-0.0526861098657627,0.0365017730708925
"2484","(STRAT_mod0.1 - STRAT_mod1.44) - (STRAT_mod0.2 - STRAT_mod3.37)","Opaline/CCS",0.012167033007634,-0.0299052423130104,0.0569238309734308
"2485","(STRAT_mod0.1 - STRAT_mod1.44) - (STRAT_mod0.3 - STRAT_mod0.82)","Opaline/CCS",-0.0109215591747676,-0.05321474981139,0.0337359769680861
"2486","(STRAT_mod0.1 - STRAT_mod1.44) - (STRAT_mod0.3 - STRAT_mod1.08)","Opaline/CCS",0.0381307998602181,-0.00723220629317911,0.0801900112319753
"2487","(STRAT_mod0.1 - STRAT_mod1.44) - (STRAT_mod0.3 - STRAT_mod1.44)","Opaline/CCS",-0.0103421247930928,-0.0465746118208461,0.0272121513334209
"2488","(STRAT_mod0.1 - STRAT_mod1.44) - (STRAT_mod0.3 - STRAT_mod2.15)","Opaline/CCS",0.0038111104048244,-0.0530205127195975,0.0574613416383856
"2489","(STRAT_mod0.1 - STRAT_mod1.44) - (STRAT_mod0.3 - STRAT_mod2.88)","Opaline/CCS",-0.0227234343731033,-0.0663555604355786,0.0215583971565834
"2490","(STRAT_mod0.1 - STRAT_mod1.44) - (STRAT_mod0.3 - STRAT_mod3.37)","Opaline/CCS",-0.000160275224651008,-0.0422344645361239,0.0439672731397587
"2491","(STRAT_mod0.1 - STRAT_mod1.44) - (STRAT_mod0.82 - STRAT_mod1.08)","Opaline/CCS",0.0750609635465955,0.0359271487560524,0.11536400120728
"2492","(STRAT_mod0.1 - STRAT_mod1.44) - (STRAT_mod0.82 - STRAT_mod1.44)","Opaline/CCS",0.0265074002167043,-0.00472764885676291,0.0619278785444504
"2493","(STRAT_mod0.1 - STRAT_mod1.44) - (STRAT_mod0.82 - STRAT_mod2.15)","Opaline/CCS",0.0407814068529357,-0.0107864258351578,0.0935964716290094
"2494","(STRAT_mod0.1 - STRAT_mod1.44) - (STRAT_mod0.82 - STRAT_mod2.88)","Opaline/CCS",0.0147060359493476,-0.0280244519112913,0.0530661038084639
"2495","(STRAT_mod0.1 - STRAT_mod1.44) - (STRAT_mod0.82 - STRAT_mod3.37)","Opaline/CCS",0.0369594662197101,-0.00069213014993208,0.0777530344615762
"2496","(STRAT_mod0.1 - STRAT_mod1.44) - (STRAT_mod1.08 - STRAT_mod1.44)","Opaline/CCS",-0.0221389040330355,-0.0526140612235544,0.0140902015566953
"2497","(STRAT_mod0.1 - STRAT_mod1.44) - (STRAT_mod1.08 - STRAT_mod2.15)","Opaline/CCS",-0.0076495431730772,-0.0587624603009926,0.0455045426459217
"2498","(STRAT_mod0.1 - STRAT_mod1.44) - (STRAT_mod1.08 - STRAT_mod2.88)","Opaline/CCS",-0.0342347150120004,-0.0767905190662894,0.00461893231032162
"2499","(STRAT_mod0.1 - STRAT_mod1.44) - (STRAT_mod1.08 - STRAT_mod3.37)","Opaline/CCS",-0.012039200897541,-0.053063825402893,0.0264362331982926
"2500","(STRAT_mod0.1 - STRAT_mod1.44) - (STRAT_mod1.44 - STRAT_mod2.15)","Opaline/CCS",0.0406557148350712,-0.0158290763194882,0.0998147035878443
"2501","(STRAT_mod0.1 - STRAT_mod1.44) - (STRAT_mod1.44 - STRAT_mod2.88)","Opaline/CCS",0.0141907177940679,-0.0317810307029092,0.0626581462510236
"2502","(STRAT_mod0.1 - STRAT_mod1.44) - (STRAT_mod1.44 - STRAT_mod3.37)","Opaline/CCS",0.036903129491092,-0.00849173012864979,0.0847813647063242
"2503","(STRAT_mod0.1 - STRAT_mod1.44) - (STRAT_mod2.15 - STRAT_mod2.88)","Opaline/CCS",0.000396620958280192,-0.0516337264319136,0.0529646017217873
"2504","(STRAT_mod0.1 - STRAT_mod1.44) - (STRAT_mod2.15 - STRAT_mod3.37)","Opaline/CCS",0.0231356930792366,-0.0268388886456927,0.0759484751215003
"2505","(STRAT_mod0.1 - STRAT_mod1.44) - (STRAT_mod2.88 - STRAT_mod3.37)","Opaline/CCS",0.0493211235010613,0.00872824842410846,0.0898201650914769
"2506","(STRAT_mod0.1 - STRAT_mod2.15) - (STRAT_mod0.1 - STRAT_mod2.88)","Opaline/CCS",-0.0259308199505688,-0.0655271863576483,0.0149974953016749
"2507","(STRAT_mod0.1 - STRAT_mod2.15) - (STRAT_mod0.1 - STRAT_mod3.37)","Opaline/CCS",-0.00345499036861341,-0.0432199137155167,0.035581797033692
"2508","(STRAT_mod0.1 - STRAT_mod2.15) - (STRAT_mod0.2 - STRAT_mod0.3)","Opaline/CCS",0.0242435881422038,-0.0333759430732989,0.0810163414938105
"2509","(STRAT_mod0.1 - STRAT_mod2.15) - (STRAT_mod0.2 - STRAT_mod0.82)","Opaline/CCS",-0.0129015327912607,-0.0644622439330402,0.0448400492343355
"2510","(STRAT_mod0.1 - STRAT_mod2.15) - (STRAT_mod0.2 - STRAT_mod1.08)","Opaline/CCS",0.0361900623766187,-0.0190900506980585,0.0897110943368107
"2511","(STRAT_mod0.1 - STRAT_mod2.15) - (STRAT_mod0.2 - STRAT_mod1.44)","Opaline/CCS",-0.0121990578412967,-0.0643493150263725,0.0459424408960674
"2512","(STRAT_mod0.1 - STRAT_mod2.15) - (STRAT_mod0.2 - STRAT_mod2.15)","Opaline/CCS",0.00184484679817265,-0.0364572664605709,0.0394953549697297
"2513","(STRAT_mod0.1 - STRAT_mod2.15) - (STRAT_mod0.2 - STRAT_mod2.88)","Opaline/CCS",-0.0244132231126972,-0.0807836425298887,0.0292974313544261
"2514","(STRAT_mod0.1 - STRAT_mod2.15) - (STRAT_mod0.2 - STRAT_mod3.37)","Opaline/CCS",-0.00157859448481124,-0.0571090546928401,0.0510625924841124
"2515","(STRAT_mod0.1 - STRAT_mod2.15) - (STRAT_mod0.3 - STRAT_mod0.82)","Opaline/CCS",-0.0250415431026676,-0.0783151853589881,0.0286122736928962
"2516","(STRAT_mod0.1 - STRAT_mod2.15) - (STRAT_mod0.3 - STRAT_mod1.08)","Opaline/CCS",0.0243179104530058,-0.0300084727458181,0.0772165709985564
"2517","(STRAT_mod0.1 - STRAT_mod2.15) - (STRAT_mod0.3 - STRAT_mod1.44)","Opaline/CCS",-0.0244299071070904,-0.0776149964399022,0.0314606469331009
"2518","(STRAT_mod0.1 - STRAT_mod2.15) - (STRAT_mod0.3 - STRAT_mod2.15)","Opaline/CCS",-0.0103421247930928,-0.0465746118208461,0.0272121513334209
"2519","(STRAT_mod0.1 - STRAT_mod2.15) - (STRAT_mod0.3 - STRAT_mod2.88)","Opaline/CCS",-0.0365117701506921,-0.090638962686286,0.0185576456414966
"2520","(STRAT_mod0.1 - STRAT_mod2.15) - (STRAT_mod0.3 - STRAT_mod3.37)","Opaline/CCS",-0.0138334260331889,-0.0670192983118314,0.0408751076751463
"2521","(STRAT_mod0.1 - STRAT_mod2.15) - (STRAT_mod0.82 - STRAT_mod1.08)","Opaline/CCS",0.0615028046225852,0.00780246765472725,0.110901817811484
"2522","(STRAT_mod0.1 - STRAT_mod2.15) - (STRAT_mod0.82 - STRAT_mod1.44)","Opaline/CCS",0.0130228012624423,-0.0403726620928686,0.0636947614969618
"2523","(STRAT_mod0.1 - STRAT_mod2.15) - (STRAT_mod0.82 - STRAT_mod2.15)","Opaline/CCS",0.0265074002167043,-0.00472764885676291,0.0619278785444504
"2524","(STRAT_mod0.1 - STRAT_mod2.15) - (STRAT_mod0.82 - STRAT_mod2.88)","Opaline/CCS",0.000766146260762213,-0.0524374373843992,0.0518265413930949
"2525","(STRAT_mod0.1 - STRAT_mod2.15) - (STRAT_mod0.82 - STRAT_mod3.37)","Opaline/CCS",0.0238710311635473,-0.0270639951617198,0.0755261013701172
"2526","(STRAT_mod0.1 - STRAT_mod2.15) - (STRAT_mod1.08 - STRAT_mod1.44)","Opaline/CCS",-0.0360123707391264,-0.0870722188397188,0.0166023808009039
"2527","(STRAT_mod0.1 - STRAT_mod2.15) - (STRAT_mod1.08 - STRAT_mod2.15)","Opaline/CCS",-0.0221389040330355,-0.0526140612235544,0.0140902015566953
"2528","(STRAT_mod0.1 - STRAT_mod2.15) - (STRAT_mod1.08 - STRAT_mod2.88)","Opaline/CCS",-0.0479558301456853,-0.100949506280567,0.0037047336600704
"2529","(STRAT_mod0.1 - STRAT_mod2.15) - (STRAT_mod1.08 - STRAT_mod3.37)","Opaline/CCS",-0.0250946800190004,-0.077621113575602,0.0244701786885533
"2530","(STRAT_mod0.1 - STRAT_mod2.15) - (STRAT_mod1.44 - STRAT_mod2.15)","Opaline/CCS",0.0261669429641438,-0.00677480282411702,0.0603997587753886
"2531","(STRAT_mod0.1 - STRAT_mod2.15) - (STRAT_mod1.44 - STRAT_mod2.88)","Opaline/CCS",0.000396620958280192,-0.0516337264319136,0.0529646017217873
"2532","(STRAT_mod0.1 - STRAT_mod2.15) - (STRAT_mod1.44 - STRAT_mod3.37)","Opaline/CCS",0.0231356930792366,-0.0268388886456927,0.0759484751215003
"2533","(STRAT_mod0.1 - STRAT_mod2.15) - (STRAT_mod2.15 - STRAT_mod2.88)","Opaline/CCS",-0.0132617902717143,-0.0968331726157858,0.0647656372953063
"2534","(STRAT_mod0.1 - STRAT_mod2.15) - (STRAT_mod2.15 - STRAT_mod3.37)","Opaline/CCS",0.00956755534047304,-0.0716055419949289,0.0894257686376347
"2535","(STRAT_mod0.1 - STRAT_mod2.15) - (STRAT_mod2.88 - STRAT_mod3.37)","Opaline/CCS",0.0351313988742019,-0.0150068429601147,0.0892698246133854
"2536","(STRAT_mod0.1 - STRAT_mod2.88) - (STRAT_mod0.1 - STRAT_mod3.37)","Opaline/CCS",0.0227143415361222,-0.000367124915024775,0.0449276980795617
"2537","(STRAT_mod0.1 - STRAT_mod2.88) - (STRAT_mod0.2 - STRAT_mod0.3)","Opaline/CCS",0.0505935312069374,0.00127298489473171,0.0975767735559772
"2538","(STRAT_mod0.1 - STRAT_mod2.88) - (STRAT_mod0.2 - STRAT_mod0.82)","Opaline/CCS",0.0136622324889735,-0.0306068938143644,0.0572106178543801
"2539","(STRAT_mod0.1 - STRAT_mod2.88) - (STRAT_mod0.2 - STRAT_mod1.08)","Opaline/CCS",0.0624610714665981,0.0172278636131238,0.105202552168993
"2540","(STRAT_mod0.1 - STRAT_mod2.88) - (STRAT_mod0.2 - STRAT_mod1.44)","Opaline/CCS",0.014183261325835,-0.0329080608625962,0.0561422114758021
"2541","(STRAT_mod0.1 - STRAT_mod2.88) - (STRAT_mod0.2 - STRAT_mod2.15)","Opaline/CCS",0.0276653119602168,-0.0310205542063944,0.0804235390168206
"2542","(STRAT_mod0.1 - STRAT_mod2.88) - (STRAT_mod0.2 - STRAT_mod2.88)","Opaline/CCS",0.00184484679817265,-0.0364572664605709,0.0394953549697297
"2543","(STRAT_mod0.1 - STRAT_mod2.88) - (STRAT_mod0.2 - STRAT_mod3.37)","Opaline/CCS",0.024457755946522,-0.0193880807777953,0.0685377526192412
"2544","(STRAT_mod0.1 - STRAT_mod2.88) - (STRAT_mod0.3 - STRAT_mod0.82)","Opaline/CCS",0.00163898164094634,-0.040869411936661,0.0450383266437666
"2545","(STRAT_mod0.1 - STRAT_mod2.88) - (STRAT_mod0.3 - STRAT_mod1.08)","Opaline/CCS",0.0503217731044603,0.00668032145304265,0.0929236109422913
"2546","(STRAT_mod0.1 - STRAT_mod2.88) - (STRAT_mod0.3 - STRAT_mod1.44)","Opaline/CCS",0.00198263604064786,-0.0409740088489876,0.0455859804583785
"2547","(STRAT_mod0.1 - STRAT_mod2.88) - (STRAT_mod0.3 - STRAT_mod2.15)","Opaline/CCS",0.0153803930775938,-0.0377553891660987,0.0715224427106289
"2548","(STRAT_mod0.1 - STRAT_mod2.88) - (STRAT_mod0.3 - STRAT_mod2.88)","Opaline/CCS",-0.0103421247930928,-0.0465746118208461,0.0272121513334209
"2549","(STRAT_mod0.1 - STRAT_mod2.88) - (STRAT_mod0.3 - STRAT_mod3.37)","Opaline/CCS",0.0125511212747982,-0.0315419802629608,0.0549079728448065
"2550","(STRAT_mod0.1 - STRAT_mod2.88) - (STRAT_mod0.82 - STRAT_mod1.08)","Opaline/CCS",0.0873091518324767,0.0458444180124369,0.126772113306403
"2551","(STRAT_mod0.1 - STRAT_mod2.88) - (STRAT_mod0.82 - STRAT_mod1.44)","Opaline/CCS",0.0388729217265995,0.000270321174308918,0.0814728025802722
"2552","(STRAT_mod0.1 - STRAT_mod2.88) - (STRAT_mod0.82 - STRAT_mod2.15)","Opaline/CCS",0.0528821120139522,0.00144886400401223,0.106447820272678
"2553","(STRAT_mod0.1 - STRAT_mod2.88) - (STRAT_mod0.82 - STRAT_mod2.88)","Opaline/CCS",0.0265074002167043,-0.00472764885676291,0.0619278785444504
"2554","(STRAT_mod0.1 - STRAT_mod2.88) - (STRAT_mod0.82 - STRAT_mod3.37)","Opaline/CCS",0.049399790629886,0.0107528367990639,0.0917217450322299
"2555","(STRAT_mod0.1 - STRAT_mod2.88) - (STRAT_mod1.08 - STRAT_mod1.44)","Opaline/CCS",-0.00999836744240246,-0.0501527136355051,0.0317337902098469
"2556","(STRAT_mod0.1 - STRAT_mod2.88) - (STRAT_mod1.08 - STRAT_mod2.15)","Opaline/CCS",0.00435688360202691,-0.0470074169439259,0.0566226418493683
"2557","(STRAT_mod0.1 - STRAT_mod2.88) - (STRAT_mod1.08 - STRAT_mod2.88)","Opaline/CCS",-0.0221389040330355,-0.0526140612235544,0.0140902015566953
"2558","(STRAT_mod0.1 - STRAT_mod2.88) - (STRAT_mod1.08 - STRAT_mod3.37)","Opaline/CCS",0.000588852298553766,-0.0395773198505496,0.0405683968102419
"2559","(STRAT_mod0.1 - STRAT_mod2.88) - (STRAT_mod1.44 - STRAT_mod2.15)","Opaline/CCS",0.0529504001209222,-0.000683392538470606,0.105065213302669
"2560","(STRAT_mod0.1 - STRAT_mod2.88) - (STRAT_mod1.44 - STRAT_mod2.88)","Opaline/CCS",0.0261669429641438,-0.00677480282411702,0.0603997587753886
"2561","(STRAT_mod0.1 - STRAT_mod2.88) - (STRAT_mod1.44 - STRAT_mod3.37)","Opaline/CCS",0.0493211235010613,0.00872824842410846,0.0898201650914769
"2562","(STRAT_mod0.1 - STRAT_mod2.88) - (STRAT_mod2.15 - STRAT_mod2.88)","Opaline/CCS",0.0125613740982273,-0.035185912730602,0.0584090405581996
"2563","(STRAT_mod0.1 - STRAT_mod2.88) - (STRAT_mod2.15 - STRAT_mod3.37)","Opaline/CCS",0.0351313988742019,-0.0150068429601147,0.0892698246133854
"2564","(STRAT_mod0.1 - STRAT_mod2.88) - (STRAT_mod2.88 - STRAT_mod3.37)","Opaline/CCS",0.0615471467982844,0.0137905054462912,0.109035034340227
"2565","(STRAT_mod0.1 - STRAT_mod3.37) - (STRAT_mod0.2 - STRAT_mod0.3)","Opaline/CCS",0.0279069778833816,-0.0186641582516649,0.0757132466588475
"2566","(STRAT_mod0.1 - STRAT_mod3.37) - (STRAT_mod0.2 - STRAT_mod0.82)","Opaline/CCS",-0.00888525411675145,-0.0529029781142145,0.0346788048379545
"2567","(STRAT_mod0.1 - STRAT_mod3.37) - (STRAT_mod0.2 - STRAT_mod1.08)","Opaline/CCS",0.0398789430333901,-0.00291778110128638,0.0843785662607237
"2568","(STRAT_mod0.1 - STRAT_mod3.37) - (STRAT_mod0.2 - STRAT_mod1.44)","Opaline/CCS",-0.00871301141300962,-0.052724587644021,0.0347940811291312
"2569","(STRAT_mod0.1 - STRAT_mod3.37) - (STRAT_mod0.2 - STRAT_mod2.15)","Opaline/CCS",0.00523439366054634,-0.0526041863235402,0.0581867857030494
"2570","(STRAT_mod0.1 - STRAT_mod3.37) - (STRAT_mod0.2 - STRAT_mod2.88)","Opaline/CCS",-0.0209900865495971,-0.0642360642213764,0.0250126809882865
"2571","(STRAT_mod0.1 - STRAT_mod3.37) - (STRAT_mod0.2 - STRAT_mod3.37)","Opaline/CCS",0.00184484679817265,-0.0364572664605709,0.0394953549697297
"2572","(STRAT_mod0.1 - STRAT_mod3.37) - (STRAT_mod0.3 - STRAT_mod0.82)","Opaline/CCS",-0.0212619932634635,-0.065365233582559,0.0203476793971689
"2573","(STRAT_mod0.1 - STRAT_mod3.37) - (STRAT_mod0.3 - STRAT_mod1.08)","Opaline/CCS",0.0276220265431844,-0.0143758379430925,0.0715634259679887
"2574","(STRAT_mod0.1 - STRAT_mod3.37) - (STRAT_mod0.3 - STRAT_mod1.44)","Opaline/CCS",-0.0209047544465304,-0.0627035190108791,0.0225251649151104
"2575","(STRAT_mod0.1 - STRAT_mod3.37) - (STRAT_mod0.3 - STRAT_mod2.15)","Opaline/CCS",-0.00675739328726266,-0.0631300676922617,0.0448845350675517
"2576","(STRAT_mod0.1 - STRAT_mod3.37) - (STRAT_mod0.3 - STRAT_mod2.88)","Opaline/CCS",-0.0332996880105836,-0.0775239725705315,0.00905976356641602
"2577","(STRAT_mod0.1 - STRAT_mod3.37) - (STRAT_mod0.3 - STRAT_mod3.37)","Opaline/CCS",-0.0103421247930928,-0.0465746118208461,0.0272121513334209
"2578","(STRAT_mod0.1 - STRAT_mod3.37) - (STRAT_mod0.82 - STRAT_mod1.08)","Opaline/CCS",0.0649451876415961,0.0270994472056674,0.106171336898397
"2579","(STRAT_mod0.1 - STRAT_mod3.37) - (STRAT_mod0.82 - STRAT_mod1.44)","Opaline/CCS",0.0164726010427729,-0.0247875065740399,0.054971923634453
"2580","(STRAT_mod0.1 - STRAT_mod3.37) - (STRAT_mod0.82 - STRAT_mod2.15)","Opaline/CCS",0.0300708580689621,-0.0241502972978136,0.0787397876900453
"2581","(STRAT_mod0.1 - STRAT_mod3.37) - (STRAT_mod0.82 - STRAT_mod2.88)","Opaline/CCS",0.00405487320180087,-0.0357303221833791,0.0443086341307599
"2582","(STRAT_mod0.1 - STRAT_mod3.37) - (STRAT_mod0.82 - STRAT_mod3.37)","Opaline/CCS",0.0265074002167043,-0.00472764885676291,0.0619278785444504
"2583","(STRAT_mod0.1 - STRAT_mod3.37) - (STRAT_mod1.08 - STRAT_mod1.44)","Opaline/CCS",-0.0326171881812312,-0.073211582150988,0.00661368773054205
"2584","(STRAT_mod0.1 - STRAT_mod3.37) - (STRAT_mod1.08 - STRAT_mod2.15)","Opaline/CCS",-0.0189999670723509,-0.0727809164581972,0.0304524203467444
"2585","(STRAT_mod0.1 - STRAT_mod3.37) - (STRAT_mod1.08 - STRAT_mod2.88)","Opaline/CCS",-0.0447814530973611,-0.0844361735290118,-0.00394855785898374
"2586","(STRAT_mod0.1 - STRAT_mod3.37) - (STRAT_mod1.08 - STRAT_mod3.37)","Opaline/CCS",-0.0221389040330355,-0.0526140612235544,0.0140902015566953
"2587","(STRAT_mod0.1 - STRAT_mod3.37) - (STRAT_mod1.44 - STRAT_mod2.15)","Opaline/CCS",0.0300684524738728,-0.0220295970498845,0.0822708987214673
"2588","(STRAT_mod0.1 - STRAT_mod3.37) - (STRAT_mod1.44 - STRAT_mod2.88)","Opaline/CCS",0.00372395673753179,-0.0365857006305754,0.0442177198671385
"2589","(STRAT_mod0.1 - STRAT_mod3.37) - (STRAT_mod1.44 - STRAT_mod3.37)","Opaline/CCS",0.0261669429641438,-0.00677480282411702,0.0603997587753886
"2590","(STRAT_mod0.1 - STRAT_mod3.37) - (STRAT_mod2.15 - STRAT_mod2.88)","Opaline/CCS",-0.0100860854960516,-0.0603277966619951,0.0436170998566525
"2591","(STRAT_mod0.1 - STRAT_mod3.37) - (STRAT_mod2.15 - STRAT_mod3.37)","Opaline/CCS",0.0125613740982273,-0.035185912730602,0.0584090405581996
"2592","(STRAT_mod0.1 - STRAT_mod3.37) - (STRAT_mod2.88 - STRAT_mod3.37)","Opaline/CCS",0.0386475135532982,0.00465450321205685,0.0732338662768859
"2593","(STRAT_mod0.2 - STRAT_mod0.3) - (STRAT_mod0.2 - STRAT_mod0.82)","Opaline/CCS",-0.0372244313970356,-0.0646519556279634,-0.0101461520671187
"2594","(STRAT_mod0.2 - STRAT_mod0.3) - (STRAT_mod0.2 - STRAT_mod1.08)","Opaline/CCS",0.0115876207328465,-0.0163698784330863,0.0390917270037843
"2595","(STRAT_mod0.2 - STRAT_mod0.3) - (STRAT_mod0.2 - STRAT_mod1.44)","Opaline/CCS",-0.0366692683984968,-0.065506223212529,-0.00893812267621197
"2596","(STRAT_mod0.2 - STRAT_mod0.3) - (STRAT_mod0.2 - STRAT_mod2.15)","Opaline/CCS",-0.0225123955552005,-0.0664825673740257,0.0198851524213319
"2597","(STRAT_mod0.2 - STRAT_mod0.3) - (STRAT_mod0.2 - STRAT_mod2.88)","Opaline/CCS",-0.0490725799546519,-0.0780892576203773,-0.0205199874844153
"2598","(STRAT_mod0.2 - STRAT_mod0.3) - (STRAT_mod0.2 - STRAT_mod3.37)","Opaline/CCS",-0.0263222067776971,-0.0543824085816418,0.000331510166929228
"2599","(STRAT_mod0.2 - STRAT_mod0.3) - (STRAT_mod0.3 - STRAT_mod0.82)","Opaline/CCS",-0.0490667333173034,-0.105055498935342,0.00238083485961393
"2600","(STRAT_mod0.2 - STRAT_mod0.3) - (STRAT_mod0.3 - STRAT_mod1.08)","Opaline/CCS",-9.70921970453453e-05,-0.0523464826848032,0.0566504702512214
"2601","(STRAT_mod0.2 - STRAT_mod0.3) - (STRAT_mod0.3 - STRAT_mod1.44)","Opaline/CCS",-0.048506041117836,-0.103686881761705,0.00555824072147315
"2602","(STRAT_mod0.2 - STRAT_mod0.3) - (STRAT_mod0.3 - STRAT_mod2.15)","Opaline/CCS",-0.0342883757654586,-0.0988960392580682,0.028265126453392
"2603","(STRAT_mod0.2 - STRAT_mod0.3) - (STRAT_mod0.3 - STRAT_mod2.88)","Opaline/CCS",-0.0605968376196437,-0.113445411819169,-0.00312211270581342
"2604","(STRAT_mod0.2 - STRAT_mod0.3) - (STRAT_mod0.3 - STRAT_mod3.37)","Opaline/CCS",-0.0378249090013674,-0.0921558178653115,0.0162868702097492
"2605","(STRAT_mod0.2 - STRAT_mod0.3) - (STRAT_mod0.82 - STRAT_mod1.08)","Opaline/CCS",0.0368888559842426,-0.00104270306901455,0.0798115241554047
"2606","(STRAT_mod0.2 - STRAT_mod0.3) - (STRAT_mod0.82 - STRAT_mod1.44)","Opaline/CCS",-0.0116924210537537,-0.0504548984553854,0.0304863216845832
"2607","(STRAT_mod0.2 - STRAT_mod0.3) - (STRAT_mod0.82 - STRAT_mod2.15)","Opaline/CCS",0.00274481224891043,-0.052820127546453,0.0509010709421207
"2608","(STRAT_mod0.2 - STRAT_mod0.3) - (STRAT_mod0.82 - STRAT_mod2.88)","Opaline/CCS",-0.0237298319952475,-0.0644689979564927,0.0170928229777316
"2609","(STRAT_mod0.2 - STRAT_mod0.3) - (STRAT_mod0.82 - STRAT_mod3.37)","Opaline/CCS",-0.000836899585525019,-0.039484791674071,0.0405697029910077
"2610","(STRAT_mod0.2 - STRAT_mod0.3) - (STRAT_mod1.08 - STRAT_mod1.44)","Opaline/CCS",-0.0602513560950955,-0.100208120107256,-0.0210541043910331
"2611","(STRAT_mod0.2 - STRAT_mod0.3) - (STRAT_mod1.08 - STRAT_mod2.15)","Opaline/CCS",-0.0459622969232227,-0.0979650875973799,0.00539504366528298
"2612","(STRAT_mod0.2 - STRAT_mod0.3) - (STRAT_mod1.08 - STRAT_mod2.88)","Opaline/CCS",-0.0721911124215981,-0.117231252340024,-0.0358183696894034
"2613","(STRAT_mod0.2 - STRAT_mod0.3) - (STRAT_mod1.08 - STRAT_mod3.37)","Opaline/CCS",-0.0497550463746095,-0.0909803061267231,-0.0126365956228871
"2614","(STRAT_mod0.2 - STRAT_mod0.3) - (STRAT_mod1.44 - STRAT_mod2.15)","Opaline/CCS",0.002708066509572,-0.0512136925187323,0.0539751664588239
"2615","(STRAT_mod0.2 - STRAT_mod0.3) - (STRAT_mod1.44 - STRAT_mod2.88)","Opaline/CCS",-0.023987619751022,-0.0655957386642205,0.0166753523327068
"2616","(STRAT_mod0.2 - STRAT_mod0.3) - (STRAT_mod1.44 - STRAT_mod3.37)","Opaline/CCS",-0.00134442821395231,-0.0436307496916153,0.03647937603853
"2617","(STRAT_mod0.2 - STRAT_mod0.3) - (STRAT_mod2.15 - STRAT_mod2.88)","Opaline/CCS",-0.0381988470199448,-0.0891184853526532,0.0155067269998823
"2618","(STRAT_mod0.2 - STRAT_mod0.3) - (STRAT_mod2.15 - STRAT_mod3.37)","Opaline/CCS",-0.0151463855857872,-0.0679760994172098,0.0362168142102735
"2619","(STRAT_mod0.2 - STRAT_mod0.3) - (STRAT_mod2.88 - STRAT_mod3.37)","Opaline/CCS",0.0107077261158253,-0.0307704034532934,0.0501927208709829
"2620","(STRAT_mod0.2 - STRAT_mod0.82) - (STRAT_mod0.2 - STRAT_mod1.08)","Opaline/CCS",0.0486399011316245,0.0267901830349215,0.0702987232453594
"2621","(STRAT_mod0.2 - STRAT_mod0.82) - (STRAT_mod0.2 - STRAT_mod1.44)","Opaline/CCS",0.000210162060233721,-0.022046891963321,0.0228768082821502
"2622","(STRAT_mod0.2 - STRAT_mod0.82) - (STRAT_mod0.2 - STRAT_mod2.15)","Opaline/CCS",0.0145350543590965,-0.026381670081729,0.0528936318555981
"2623","(STRAT_mod0.2 - STRAT_mod0.82) - (STRAT_mod0.2 - STRAT_mod2.88)","Opaline/CCS",-0.0118200535556259,-0.0342708952131416,0.0117207861639734
"2624","(STRAT_mod0.2 - STRAT_mod0.82) - (STRAT_mod0.2 - STRAT_mod3.37)","Opaline/CCS",0.0107930199208488,-0.0115432072982151,0.0313685543006255
"2625","(STRAT_mod0.2 - STRAT_mod0.82) - (STRAT_mod0.3 - STRAT_mod0.82)","Opaline/CCS",-0.0116793292792645,-0.0447278060463416,0.0219061305685275
"2626","(STRAT_mod0.2 - STRAT_mod0.82) - (STRAT_mod0.3 - STRAT_mod1.08)","Opaline/CCS",0.0368888559842426,-0.00104270306901455,0.0798115241554047
"2627","(STRAT_mod0.2 - STRAT_mod0.82) - (STRAT_mod0.3 - STRAT_mod1.44)","Opaline/CCS",-0.0116924210537537,-0.0504548984553854,0.0304863216845832
"2628","(STRAT_mod0.2 - STRAT_mod0.82) - (STRAT_mod0.3 - STRAT_mod2.15)","Opaline/CCS",0.00274481224891043,-0.052820127546453,0.0509010709421207
"2629","(STRAT_mod0.2 - STRAT_mod0.82) - (STRAT_mod0.3 - STRAT_mod2.88)","Opaline/CCS",-0.0237298319952475,-0.0644689979564927,0.0170928229777316
"2630","(STRAT_mod0.2 - STRAT_mod0.82) - (STRAT_mod0.3 - STRAT_mod3.37)","Opaline/CCS",-0.000836899585525019,-0.039484791674071,0.0405697029910077
"2631","(STRAT_mod0.2 - STRAT_mod0.82) - (STRAT_mod0.82 - STRAT_mod1.08)","Opaline/CCS",0.0735794110752865,0.0314397398885817,0.116300481329774
"2632","(STRAT_mod0.2 - STRAT_mod0.82) - (STRAT_mod0.82 - STRAT_mod1.44)","Opaline/CCS",0.0252939248410917,-0.015267565366921,0.0696156058412374
"2633","(STRAT_mod0.2 - STRAT_mod0.82) - (STRAT_mod0.82 - STRAT_mod2.15)","Opaline/CCS",0.0396657362869393,-0.0116314861093696,0.095353342968151
"2634","(STRAT_mod0.2 - STRAT_mod0.82) - (STRAT_mod0.82 - STRAT_mod2.88)","Opaline/CCS",0.0132456978111548,-0.030459405411432,0.0551309401224462
"2635","(STRAT_mod0.2 - STRAT_mod0.82) - (STRAT_mod0.82 - STRAT_mod3.37)","Opaline/CCS",0.0358613930345628,-0.00661592155701118,0.0770374584883502
"2636","(STRAT_mod0.2 - STRAT_mod0.82) - (STRAT_mod1.08 - STRAT_mod1.44)","Opaline/CCS",-0.0235361928416902,-0.0592592118529502,0.0131821115864326
"2637","(STRAT_mod0.2 - STRAT_mod0.82) - (STRAT_mod1.08 - STRAT_mod2.15)","Opaline/CCS",-0.00897000426781491,-0.0583639544357402,0.0394974234063024
"2638","(STRAT_mod0.2 - STRAT_mod0.82) - (STRAT_mod1.08 - STRAT_mod2.88)","Opaline/CCS",-0.0355760737642108,-0.0736153470225118,0.000477842504146064
"2639","(STRAT_mod0.2 - STRAT_mod0.82) - (STRAT_mod1.08 - STRAT_mod3.37)","Opaline/CCS",-0.0128866860961316,-0.0477507298533073,0.0236037641843936
"2640","(STRAT_mod0.2 - STRAT_mod0.82) - (STRAT_mod1.44 - STRAT_mod2.15)","Opaline/CCS",0.0392555274490809,-0.00889961763196556,0.0897820721720706
"2641","(STRAT_mod0.2 - STRAT_mod0.82) - (STRAT_mod1.44 - STRAT_mod2.88)","Opaline/CCS",0.0133092251436329,-0.0272129123465676,0.0474325244160232
"2642","(STRAT_mod0.2 - STRAT_mod0.82) - (STRAT_mod1.44 - STRAT_mod3.37)","Opaline/CCS",0.0359463322271296,-0.000119682014083633,0.0723224844799959
"2643","(STRAT_mod0.2 - STRAT_mod0.82) - (STRAT_mod2.15 - STRAT_mod2.88)","Opaline/CCS",-0.000926290841708477,-0.0492296912205465,0.0504387974102789
"2644","(STRAT_mod0.2 - STRAT_mod0.82) - (STRAT_mod2.15 - STRAT_mod3.37)","Opaline/CCS",0.0218160039317705,-0.0288133736499505,0.069871022115684
"2645","(STRAT_mod0.2 - STRAT_mod0.82) - (STRAT_mod2.88 - STRAT_mod3.37)","Opaline/CCS",0.0479496832135584,0.00921219886553137,0.082690030777012
"2646","(STRAT_mod0.2 - STRAT_mod1.08) - (STRAT_mod0.2 - STRAT_mod1.44)","Opaline/CCS",-0.0483616618454432,-0.0706288646112538,-0.0256024223945945
"2647","(STRAT_mod0.2 - STRAT_mod1.08) - (STRAT_mod0.2 - STRAT_mod2.15)","Opaline/CCS",-0.0342853047819207,-0.0735414248598647,0.00638509266011145
"2648","(STRAT_mod0.2 - STRAT_mod1.08) - (STRAT_mod0.2 - STRAT_mod2.88)","Opaline/CCS",-0.0605774717408372,-0.0836409948072312,-0.0380778295700743
"2649","(STRAT_mod0.2 - STRAT_mod1.08) - (STRAT_mod0.2 - STRAT_mod3.37)","Opaline/CCS",-0.0380457322779697,-0.0587388524954457,-0.0162775781708611
"2650","(STRAT_mod0.2 - STRAT_mod1.08) - (STRAT_mod0.3 - STRAT_mod0.82)","Opaline/CCS",-0.060698578071317,-0.101781620136298,-0.0230228390621079
"2651","(STRAT_mod0.2 - STRAT_mod1.08) - (STRAT_mod0.3 - STRAT_mod1.08)","Opaline/CCS",-0.0116793292792645,-0.0447278060463416,0.0219061305685275
"2652","(STRAT_mod0.2 - STRAT_mod1.08) - (STRAT_mod0.3 - STRAT_mod1.44)","Opaline/CCS",-0.0602513560950955,-0.100208120107256,-0.0210541043910331
"2653","(STRAT_mod0.2 - STRAT_mod1.08) - (STRAT_mod0.3 - STRAT_mod2.15)","Opaline/CCS",-0.0459622969232227,-0.0979650875973799,0.00539504366528298
"2654","(STRAT_mod0.2 - STRAT_mod1.08) - (STRAT_mod0.3 - STRAT_mod2.88)","Opaline/CCS",-0.0721911124215981,-0.117231252340024,-0.0358183696894034
"2655","(STRAT_mod0.2 - STRAT_mod1.08) - (STRAT_mod0.3 - STRAT_mod3.37)","Opaline/CCS",-0.0497550463746095,-0.0909803061267231,-0.0126365956228871
"2656","(STRAT_mod0.2 - STRAT_mod1.08) - (STRAT_mod0.82 - STRAT_mod1.08)","Opaline/CCS",0.0250242832851844,-0.00367664873889861,0.0537154253052399
"2657","(STRAT_mod0.2 - STRAT_mod1.08) - (STRAT_mod0.82 - STRAT_mod1.44)","Opaline/CCS",-0.0235361928416902,-0.0592592118529502,0.0131821115864326
"2658","(STRAT_mod0.2 - STRAT_mod1.08) - (STRAT_mod0.82 - STRAT_mod2.15)","Opaline/CCS",-0.00897000426781491,-0.0583639544357402,0.0394974234063024
"2659","(STRAT_mod0.2 - STRAT_mod1.08) - (STRAT_mod0.82 - STRAT_mod2.88)","Opaline/CCS",-0.0355760737642108,-0.0736153470225118,0.000477842504146064
"2660","(STRAT_mod0.2 - STRAT_mod1.08) - (STRAT_mod0.82 - STRAT_mod3.37)","Opaline/CCS",-0.0128866860961316,-0.0477507298533073,0.0236037641843936
"2661","(STRAT_mod0.2 - STRAT_mod1.08) - (STRAT_mod1.08 - STRAT_mod1.44)","Opaline/CCS",-0.0725511107474099,-0.113692512388349,-0.0291362656305791
"2662","(STRAT_mod0.2 - STRAT_mod1.08) - (STRAT_mod1.08 - STRAT_mod2.15)","Opaline/CCS",-0.0580480735820559,-0.112787872253825,-0.00592924662284045
"2663","(STRAT_mod0.2 - STRAT_mod1.08) - (STRAT_mod1.08 - STRAT_mod2.88)","Opaline/CCS",-0.0846486708734608,-0.127128728510936,-0.0417345595980652
"2664","(STRAT_mod0.2 - STRAT_mod1.08) - (STRAT_mod1.08 - STRAT_mod3.37)","Opaline/CCS",-0.061372992423439,-0.102089552961867,-0.0187141975900973
"2665","(STRAT_mod0.2 - STRAT_mod1.08) - (STRAT_mod1.44 - STRAT_mod2.15)","Opaline/CCS",-0.00936876733058489,-0.0599049319072318,0.0395673598706461
"2666","(STRAT_mod0.2 - STRAT_mod1.08) - (STRAT_mod1.44 - STRAT_mod2.88)","Opaline/CCS",-0.035740335043605,-0.0728300790133174,0.00103592222205329
"2667","(STRAT_mod0.2 - STRAT_mod1.08) - (STRAT_mod1.44 - STRAT_mod3.37)","Opaline/CCS",-0.0132768387348301,-0.0498623014681652,0.023032494744335
"2668","(STRAT_mod0.2 - STRAT_mod1.08) - (STRAT_mod2.15 - STRAT_mod2.88)","Opaline/CCS",-0.0500544932311713,-0.100865601017049,-0.00243415280922443
"2669","(STRAT_mod0.2 - STRAT_mod1.08) - (STRAT_mod2.15 - STRAT_mod3.37)","Opaline/CCS",-0.0273500060599636,-0.0787221228634634,0.0190070224339984
"2670","(STRAT_mod0.2 - STRAT_mod1.08) - (STRAT_mod2.88 - STRAT_mod3.37)","Opaline/CCS",-0.000762191881506613,-0.040151541080081,0.0329486930384619
"2671","(STRAT_mod0.2 - STRAT_mod1.44) - (STRAT_mod0.2 - STRAT_mod2.15)","Opaline/CCS",0.0141066438139399,-0.0291102298960904,0.0523260321562238
"2672","(STRAT_mod0.2 - STRAT_mod1.44) - (STRAT_mod0.2 - STRAT_mod2.88)","Opaline/CCS",-0.0122716237428664,-0.0352034986640932,0.0114080577637532
"2673","(STRAT_mod0.2 - STRAT_mod1.44) - (STRAT_mod0.2 - STRAT_mod3.37)","Opaline/CCS",0.0104868245622778,-0.0133393056909337,0.0305695806462851
"2674","(STRAT_mod0.2 - STRAT_mod1.44) - (STRAT_mod0.3 - STRAT_mod0.82)","Opaline/CCS",-0.0123041670241493,-0.0550833420629639,0.0256075457092138
"2675","(STRAT_mod0.2 - STRAT_mod1.44) - (STRAT_mod0.3 - STRAT_mod1.08)","Opaline/CCS",0.0364954625772502,-0.0030192200471495,0.0774914846282089
"2676","(STRAT_mod0.2 - STRAT_mod1.44) - (STRAT_mod0.3 - STRAT_mod1.44)","Opaline/CCS",-0.0116793292792645,-0.0447278060463416,0.0219061305685275
"2677","(STRAT_mod0.2 - STRAT_mod1.44) - (STRAT_mod0.3 - STRAT_mod2.15)","Opaline/CCS",0.002708066509572,-0.0512136925187323,0.0539751664588239
"2678","(STRAT_mod0.2 - STRAT_mod1.44) - (STRAT_mod0.3 - STRAT_mod2.88)","Opaline/CCS",-0.023987619751022,-0.0655957386642205,0.0166753523327068
"2679","(STRAT_mod0.2 - STRAT_mod1.44) - (STRAT_mod0.3 - STRAT_mod3.37)","Opaline/CCS",-0.00134442821395231,-0.0436307496916153,0.03647937603853
"2680","(STRAT_mod0.2 - STRAT_mod1.44) - (STRAT_mod0.82 - STRAT_mod1.08)","Opaline/CCS",0.0737806267797207,0.0397292656447057,0.113050885333833
"2681","(STRAT_mod0.2 - STRAT_mod1.44) - (STRAT_mod0.82 - STRAT_mod1.44)","Opaline/CCS",0.0250242832851844,-0.00367664873889861,0.0537154253052399
"2682","(STRAT_mod0.2 - STRAT_mod1.44) - (STRAT_mod0.82 - STRAT_mod2.15)","Opaline/CCS",0.0392555274490809,-0.00889961763196556,0.0897820721720706
"2683","(STRAT_mod0.2 - STRAT_mod1.44) - (STRAT_mod0.82 - STRAT_mod2.88)","Opaline/CCS",0.0133092251436329,-0.0272129123465676,0.0474325244160232
"2684","(STRAT_mod0.2 - STRAT_mod1.44) - (STRAT_mod0.82 - STRAT_mod3.37)","Opaline/CCS",0.0359463322271296,-0.000119682014083633,0.0723224844799959
"2685","(STRAT_mod0.2 - STRAT_mod1.44) - (STRAT_mod1.08 - STRAT_mod1.44)","Opaline/CCS",-0.0237406201872976,-0.0516461724628412,0.00525320281031227
"2686","(STRAT_mod0.2 - STRAT_mod1.44) - (STRAT_mod1.08 - STRAT_mod2.15)","Opaline/CCS",-0.00936876733058489,-0.0599049319072318,0.0395673598706461
"2687","(STRAT_mod0.2 - STRAT_mod1.44) - (STRAT_mod1.08 - STRAT_mod2.88)","Opaline/CCS",-0.035740335043605,-0.0728300790133174,0.00103592222205329
"2688","(STRAT_mod0.2 - STRAT_mod1.44) - (STRAT_mod1.08 - STRAT_mod3.37)","Opaline/CCS",-0.0132768387348301,-0.0498623014681652,0.023032494744335
"2689","(STRAT_mod0.2 - STRAT_mod1.44) - (STRAT_mod1.44 - STRAT_mod2.15)","Opaline/CCS",0.0392285478390304,-0.0161268361356579,0.0941835977547427
"2690","(STRAT_mod0.2 - STRAT_mod1.44) - (STRAT_mod1.44 - STRAT_mod2.88)","Opaline/CCS",0.0129903528316688,-0.0320684983597186,0.0553734145187486
"2691","(STRAT_mod0.2 - STRAT_mod1.44) - (STRAT_mod1.44 - STRAT_mod3.37)","Opaline/CCS",0.0358689322537977,-0.0055952228791889,0.0813873562051244
"2692","(STRAT_mod0.2 - STRAT_mod1.44) - (STRAT_mod2.15 - STRAT_mod2.88)","Opaline/CCS",-0.00126348145116295,-0.0497581440631176,0.0502591986930652
"2693","(STRAT_mod0.2 - STRAT_mod1.44) - (STRAT_mod2.15 - STRAT_mod3.37)","Opaline/CCS",0.0218104644074879,-0.0288005122984405,0.0696701861590232
"2694","(STRAT_mod0.2 - STRAT_mod1.44) - (STRAT_mod2.88 - STRAT_mod3.37)","Opaline/CCS",0.0476996605236293,0.00997422135345882,0.0837782872678305
"2695","(STRAT_mod0.2 - STRAT_mod2.15) - (STRAT_mod0.2 - STRAT_mod2.88)","Opaline/CCS",-0.0259308199505688,-0.0655271863576483,0.0149974953016749
"2696","(STRAT_mod0.2 - STRAT_mod2.15) - (STRAT_mod0.2 - STRAT_mod3.37)","Opaline/CCS",-0.00345499036861341,-0.0432199137155167,0.035581797033692
"2697","(STRAT_mod0.2 - STRAT_mod2.15) - (STRAT_mod0.3 - STRAT_mod0.82)","Opaline/CCS",-0.0259861369787155,-0.0769890194351075,0.0260465595109891
"2698","(STRAT_mod0.2 - STRAT_mod2.15) - (STRAT_mod0.3 - STRAT_mod1.08)","Opaline/CCS",0.0225868800215039,-0.0283362205233639,0.0759364288126902
"2699","(STRAT_mod0.2 - STRAT_mod2.15) - (STRAT_mod0.3 - STRAT_mod1.44)","Opaline/CCS",-0.0257635877444886,-0.0802576879909429,0.024220848648882
"2700","(STRAT_mod0.2 - STRAT_mod2.15) - (STRAT_mod0.3 - STRAT_mod2.15)","Opaline/CCS",-0.0116793292792645,-0.0447278060463416,0.0219061305685275
"2701","(STRAT_mod0.2 - STRAT_mod2.15) - (STRAT_mod0.3 - STRAT_mod2.88)","Opaline/CCS",-0.0381988470199448,-0.0891184853526532,0.0155067269998823
"2702","(STRAT_mod0.2 - STRAT_mod2.15) - (STRAT_mod0.3 - STRAT_mod3.37)","Opaline/CCS",-0.0151463855857872,-0.0679760994172098,0.0362168142102735
"2703","(STRAT_mod0.2 - STRAT_mod2.15) - (STRAT_mod0.82 - STRAT_mod1.08)","Opaline/CCS",0.0594930909164473,0.0123118669222997,0.11021041124692
"2704","(STRAT_mod0.2 - STRAT_mod2.15) - (STRAT_mod0.82 - STRAT_mod1.44)","Opaline/CCS",0.0112740897785972,-0.0388684425521917,0.0606402285144592
"2705","(STRAT_mod0.2 - STRAT_mod2.15) - (STRAT_mod0.82 - STRAT_mod2.15)","Opaline/CCS",0.0250242832851844,-0.00367664873889861,0.0537154253052399
"2706","(STRAT_mod0.2 - STRAT_mod2.15) - (STRAT_mod0.82 - STRAT_mod2.88)","Opaline/CCS",-0.000926290841708477,-0.0492296912205465,0.0504387974102789
"2707","(STRAT_mod0.2 - STRAT_mod2.15) - (STRAT_mod0.82 - STRAT_mod3.37)","Opaline/CCS",0.0218160039317705,-0.0288133736499505,0.069871022115684
"2708","(STRAT_mod0.2 - STRAT_mod2.15) - (STRAT_mod1.08 - STRAT_mod1.44)","Opaline/CCS",-0.0380964220464333,-0.08887835208813,0.0102848591053193
"2709","(STRAT_mod0.2 - STRAT_mod2.15) - (STRAT_mod1.08 - STRAT_mod2.15)","Opaline/CCS",-0.0237406201872976,-0.0516461724628412,0.00525320281031227
"2710","(STRAT_mod0.2 - STRAT_mod2.15) - (STRAT_mod1.08 - STRAT_mod2.88)","Opaline/CCS",-0.0500544932311713,-0.100865601017049,-0.00243415280922443
"2711","(STRAT_mod0.2 - STRAT_mod2.15) - (STRAT_mod1.08 - STRAT_mod3.37)","Opaline/CCS",-0.0273500060599636,-0.0787221228634634,0.0190070224339984
"2712","(STRAT_mod0.2 - STRAT_mod2.15) - (STRAT_mod1.44 - STRAT_mod2.15)","Opaline/CCS",0.0246721682486222,-0.00456954581924407,0.0531908554597971
"2713","(STRAT_mod0.2 - STRAT_mod2.15) - (STRAT_mod1.44 - STRAT_mod2.88)","Opaline/CCS",-0.00126348145116295,-0.0497581440631176,0.0502591986930652
"2714","(STRAT_mod0.2 - STRAT_mod2.15) - (STRAT_mod1.44 - STRAT_mod3.37)","Opaline/CCS",0.0218104644074879,-0.0288005122984405,0.0696701861590232
"2715","(STRAT_mod0.2 - STRAT_mod2.15) - (STRAT_mod2.15 - STRAT_mod2.88)","Opaline/CCS",-0.015537720818261,-0.0928560109505212,0.0661121506078093
"2716","(STRAT_mod0.2 - STRAT_mod2.15) - (STRAT_mod2.15 - STRAT_mod3.37)","Opaline/CCS",0.00746268994696053,-0.0693802257341147,0.0891839671820192
"2717","(STRAT_mod0.2 - STRAT_mod2.15) - (STRAT_mod2.88 - STRAT_mod3.37)","Opaline/CCS",0.0333372374084664,-0.0142123295548138,0.0852113789059401
"2718","(STRAT_mod0.2 - STRAT_mod2.88) - (STRAT_mod0.2 - STRAT_mod3.37)","Opaline/CCS",0.0227143415361222,-0.000367124915024775,0.0449276980795617
"2719","(STRAT_mod0.2 - STRAT_mod2.88) - (STRAT_mod0.3 - STRAT_mod0.82)","Opaline/CCS",0.000153479587074346,-0.0407564722789107,0.0399200789979774
"2720","(STRAT_mod0.2 - STRAT_mod2.88) - (STRAT_mod0.3 - STRAT_mod1.08)","Opaline/CCS",0.0489795026529216,0.00836206300675313,0.08959981957033
"2721","(STRAT_mod0.2 - STRAT_mod2.88) - (STRAT_mod0.3 - STRAT_mod1.44)","Opaline/CCS",0.00064327620879534,-0.0402360037604907,0.0410923145009834
"2722","(STRAT_mod0.2 - STRAT_mod2.88) - (STRAT_mod0.3 - STRAT_mod2.15)","Opaline/CCS",0.0145129949545351,-0.0346545662765956,0.0692571786151648
"2723","(STRAT_mod0.2 - STRAT_mod2.88) - (STRAT_mod0.3 - STRAT_mod2.88)","Opaline/CCS",-0.0116793292792645,-0.0447278060463416,0.0219061305685275
"2724","(STRAT_mod0.2 - STRAT_mod2.88) - (STRAT_mod0.3 - STRAT_mod3.37)","Opaline/CCS",0.0107077261158253,-0.0307704034532934,0.0501927208709829
"2725","(STRAT_mod0.2 - STRAT_mod2.88) - (STRAT_mod0.82 - STRAT_mod1.08)","Opaline/CCS",0.0860175920315771,0.0481859588949014,0.121527034772111
"2726","(STRAT_mod0.2 - STRAT_mod2.88) - (STRAT_mod0.82 - STRAT_mod1.44)","Opaline/CCS",0.0374124667282487,0.00197036943912154,0.0763246764434329
"2727","(STRAT_mod0.2 - STRAT_mod2.88) - (STRAT_mod0.82 - STRAT_mod2.15)","Opaline/CCS",0.0510342772547738,0.004354577454738,0.103272767327758
"2728","(STRAT_mod0.2 - STRAT_mod2.88) - (STRAT_mod0.82 - STRAT_mod2.88)","Opaline/CCS",0.0250242832851844,-0.00367664873889861,0.0537154253052399
"2729","(STRAT_mod0.2 - STRAT_mod2.88) - (STRAT_mod0.82 - STRAT_mod3.37)","Opaline/CCS",0.0479496832135584,0.00921219886553137,0.082690030777012
"2730","(STRAT_mod0.2 - STRAT_mod2.88) - (STRAT_mod1.08 - STRAT_mod1.44)","Opaline/CCS",-0.011476869240524,-0.047555901419948,0.0263520755349362
"2731","(STRAT_mod0.2 - STRAT_mod2.88) - (STRAT_mod1.08 - STRAT_mod2.15)","Opaline/CCS",0.0023835244998569,-0.046277068577071,0.0523668654033762
"2732","(STRAT_mod0.2 - STRAT_mod2.88) - (STRAT_mod1.08 - STRAT_mod2.88)","Opaline/CCS",-0.0237406201872976,-0.0516461724628412,0.00525320281031227
"2733","(STRAT_mod0.2 - STRAT_mod2.88) - (STRAT_mod1.08 - STRAT_mod3.37)","Opaline/CCS",-0.000762191881506613,-0.040151541080081,0.0329486930384619
"2734","(STRAT_mod0.2 - STRAT_mod2.88) - (STRAT_mod1.44 - STRAT_mod2.15)","Opaline/CCS",0.0512898816023759,0.0030690206376458,0.103142298130196
"2735","(STRAT_mod0.2 - STRAT_mod2.88) - (STRAT_mod1.44 - STRAT_mod2.88)","Opaline/CCS",0.0246721682486222,-0.00456954581924407,0.0531908554597971
"2736","(STRAT_mod0.2 - STRAT_mod2.88) - (STRAT_mod1.44 - STRAT_mod3.37)","Opaline/CCS",0.0476996605236293,0.00997422135345882,0.0837782872678305
"2737","(STRAT_mod0.2 - STRAT_mod2.88) - (STRAT_mod2.15 - STRAT_mod2.88)","Opaline/CCS",0.0109203621518432,-0.0318401478733765,0.0568862167275781
"2738","(STRAT_mod0.2 - STRAT_mod2.88) - (STRAT_mod2.15 - STRAT_mod3.37)","Opaline/CCS",0.0333372374084664,-0.0142123295548138,0.0852113789059401
"2739","(STRAT_mod0.2 - STRAT_mod2.88) - (STRAT_mod2.88 - STRAT_mod3.37)","Opaline/CCS",0.0601859929442319,0.0168639159387074,0.104920444429704
"2740","(STRAT_mod0.2 - STRAT_mod3.37) - (STRAT_mod0.3 - STRAT_mod0.82)","Opaline/CCS",-0.0228075153283829,-0.0630839767236311,0.0147420650143628
"2741","(STRAT_mod0.2 - STRAT_mod3.37) - (STRAT_mod0.3 - STRAT_mod1.08)","Opaline/CCS",0.0260514873694053,-0.0120201171429333,0.0662273894379579
"2742","(STRAT_mod0.2 - STRAT_mod3.37) - (STRAT_mod0.3 - STRAT_mod1.44)","Opaline/CCS",-0.0222453723582945,-0.0615972556391036,0.0174058716632444
"2743","(STRAT_mod0.2 - STRAT_mod3.37) - (STRAT_mod0.3 - STRAT_mod2.15)","Opaline/CCS",-0.00792944518179906,-0.0569689878532023,0.0449697379446459
"2744","(STRAT_mod0.2 - STRAT_mod3.37) - (STRAT_mod0.3 - STRAT_mod2.88)","Opaline/CCS",-0.0345954403183915,-0.077157737616103,0.00326397629883024
"2745","(STRAT_mod0.2 - STRAT_mod3.37) - (STRAT_mod0.3 - STRAT_mod3.37)","Opaline/CCS",-0.0116793292792645,-0.0447278060463416,0.0219061305685275
"2746","(STRAT_mod0.2 - STRAT_mod3.37) - (STRAT_mod0.82 - STRAT_mod1.08)","Opaline/CCS",0.0629017268897876,0.0276737592120133,0.0990786284526251
"2747","(STRAT_mod0.2 - STRAT_mod3.37) - (STRAT_mod0.82 - STRAT_mod1.44)","Opaline/CCS",0.0144855721418584,-0.0207364904569314,0.0515949517038528
"2748","(STRAT_mod0.2 - STRAT_mod3.37) - (STRAT_mod0.82 - STRAT_mod2.15)","Opaline/CCS",0.0285840237134092,-0.0174258894667152,0.0793031574077574
"2749","(STRAT_mod0.2 - STRAT_mod3.37) - (STRAT_mod0.82 - STRAT_mod2.88)","Opaline/CCS",0.00252525139809534,-0.0350353343851086,0.0376901695396561
"2750","(STRAT_mod0.2 - STRAT_mod3.37) - (STRAT_mod0.82 - STRAT_mod3.37)","Opaline/CCS",0.0250242832851844,-0.00367664873889861,0.0537154253052399
"2751","(STRAT_mod0.2 - STRAT_mod3.37) - (STRAT_mod1.08 - STRAT_mod1.44)","Opaline/CCS",-0.0342737177396033,-0.0707297142448668,0.000700305317324013
"2752","(STRAT_mod0.2 - STRAT_mod3.37) - (STRAT_mod1.08 - STRAT_mod2.15)","Opaline/CCS",-0.0198546530426091,-0.0702499436710919,0.0271333882398479
"2753","(STRAT_mod0.2 - STRAT_mod3.37) - (STRAT_mod1.08 - STRAT_mod2.88)","Opaline/CCS",-0.0464981100533539,-0.0841564344584209,-0.0116769730072734
"2754","(STRAT_mod0.2 - STRAT_mod3.37) - (STRAT_mod1.08 - STRAT_mod3.37)","Opaline/CCS",-0.0237406201872976,-0.0516461724628412,0.00525320281031227
"2755","(STRAT_mod0.2 - STRAT_mod3.37) - (STRAT_mod1.44 - STRAT_mod2.15)","Opaline/CCS",0.0285841620365661,-0.0211766766548349,0.0768302334875841
"2756","(STRAT_mod0.2 - STRAT_mod3.37) - (STRAT_mod1.44 - STRAT_mod2.88)","Opaline/CCS",0.00231671139918888,-0.0327749635922729,0.0403931823644852
"2757","(STRAT_mod0.2 - STRAT_mod3.37) - (STRAT_mod1.44 - STRAT_mod3.37)","Opaline/CCS",0.0246721682486222,-0.00456954581924407,0.0531908554597971
"2758","(STRAT_mod0.2 - STRAT_mod3.37) - (STRAT_mod2.15 - STRAT_mod2.88)","Opaline/CCS",-0.0119083249434091,-0.0622940083705643,0.0358592909019779
"2759","(STRAT_mod0.2 - STRAT_mod3.37) - (STRAT_mod2.15 - STRAT_mod3.37)","Opaline/CCS",0.0109203621518432,-0.0318401478733765,0.0568862167275781
"2760","(STRAT_mod0.2 - STRAT_mod3.37) - (STRAT_mod2.88 - STRAT_mod3.37)","Opaline/CCS",0.0369827996426018,0.00749243144317102,0.0659039113638644
"2761","(STRAT_mod0.3 - STRAT_mod0.82) - (STRAT_mod0.3 - STRAT_mod1.08)","Opaline/CCS",0.0486399011316245,0.0267901830349215,0.0702987232453594
"2762","(STRAT_mod0.3 - STRAT_mod0.82) - (STRAT_mod0.3 - STRAT_mod1.44)","Opaline/CCS",0.000210162060233721,-0.022046891963321,0.0228768082821502
"2763","(STRAT_mod0.3 - STRAT_mod0.82) - (STRAT_mod0.3 - STRAT_mod2.15)","Opaline/CCS",0.0145350543590965,-0.026381670081729,0.0528936318555981
"2764","(STRAT_mod0.3 - STRAT_mod0.82) - (STRAT_mod0.3 - STRAT_mod2.88)","Opaline/CCS",-0.0118200535556259,-0.0342708952131416,0.0117207861639734
"2765","(STRAT_mod0.3 - STRAT_mod0.82) - (STRAT_mod0.3 - STRAT_mod3.37)","Opaline/CCS",0.0107930199208488,-0.0115432072982151,0.0313685543006255
"2766","(STRAT_mod0.3 - STRAT_mod0.82) - (STRAT_mod0.82 - STRAT_mod1.08)","Opaline/CCS",0.0858250095069533,0.0452447038175467,0.127603711999823
"2767","(STRAT_mod0.3 - STRAT_mod0.82) - (STRAT_mod0.82 - STRAT_mod1.44)","Opaline/CCS",0.0377756294063589,-0.00729349665915047,0.0767983958296727
"2768","(STRAT_mod0.3 - STRAT_mod0.82) - (STRAT_mod0.82 - STRAT_mod2.15)","Opaline/CCS",0.051655391130119,-0.00176575138695112,0.104254352646181
"2769","(STRAT_mod0.3 - STRAT_mod0.82) - (STRAT_mod0.82 - STRAT_mod2.88)","Opaline/CCS",0.0252239055607615,-0.0173670366874319,0.0664472093087305
"2770","(STRAT_mod0.3 - STRAT_mod0.82) - (STRAT_mod0.82 - STRAT_mod3.37)","Opaline/CCS",0.0478050814832394,0.00872784249841985,0.0902180566273136
"2771","(STRAT_mod0.3 - STRAT_mod0.82) - (STRAT_mod1.08 - STRAT_mod1.44)","Opaline/CCS",-0.0111666956076111,-0.0457765354716448,0.0257432934393398
"2772","(STRAT_mod0.3 - STRAT_mod0.82) - (STRAT_mod1.08 - STRAT_mod2.15)","Opaline/CCS",0.00291611413303006,-0.0457541153765422,0.0512172279471912
"2773","(STRAT_mod0.3 - STRAT_mod0.82) - (STRAT_mod1.08 - STRAT_mod2.88)","Opaline/CCS",-0.0238358785666535,-0.0602677299680074,0.0120729048126171
"2774","(STRAT_mod0.3 - STRAT_mod0.82) - (STRAT_mod1.08 - STRAT_mod3.37)","Opaline/CCS",-0.000793669665775765,-0.0346037192144797,0.0354762449291961
"2775","(STRAT_mod0.3 - STRAT_mod0.82) - (STRAT_mod1.44 - STRAT_mod2.15)","Opaline/CCS",0.0514351381367852,0.00189627327403219,0.0990286822562818
"2776","(STRAT_mod0.3 - STRAT_mod0.82) - (STRAT_mod1.44 - STRAT_mod2.88)","Opaline/CCS",0.024882948101342,-0.0114411293431407,0.0608981120572096
"2777","(STRAT_mod0.3 - STRAT_mod0.82) - (STRAT_mod1.44 - STRAT_mod3.37)","Opaline/CCS",0.0477768630707185,0.0118203821468823,0.0819513034569264
"2778","(STRAT_mod0.3 - STRAT_mod0.82) - (STRAT_mod2.15 - STRAT_mod2.88)","Opaline/CCS",0.0110111706066811,-0.0347316948057572,0.0620817320392457
"2779","(STRAT_mod0.3 - STRAT_mod0.82) - (STRAT_mod2.15 - STRAT_mod3.37)","Opaline/CCS",0.0335805185206097,-0.0137032981239176,0.0826105638089203
"2780","(STRAT_mod0.3 - STRAT_mod0.82) - (STRAT_mod2.88 - STRAT_mod3.37)","Opaline/CCS",0.059900229309336,0.0240454257810612,0.0953783650707014
"2781","(STRAT_mod0.3 - STRAT_mod1.08) - (STRAT_mod0.3 - STRAT_mod1.44)","Opaline/CCS",-0.0483616618454432,-0.0706288646112538,-0.0256024223945945
"2782","(STRAT_mod0.3 - STRAT_mod1.08) - (STRAT_mod0.3 - STRAT_mod2.15)","Opaline/CCS",-0.0342853047819207,-0.0735414248598647,0.00638509266011145
"2783","(STRAT_mod0.3 - STRAT_mod1.08) - (STRAT_mod0.3 - STRAT_mod2.88)","Opaline/CCS",-0.0605774717408372,-0.0836409948072312,-0.0380778295700743
"2784","(STRAT_mod0.3 - STRAT_mod1.08) - (STRAT_mod0.3 - STRAT_mod3.37)","Opaline/CCS",-0.0380457322779697,-0.0587388524954457,-0.0162775781708611
"2785","(STRAT_mod0.3 - STRAT_mod1.08) - (STRAT_mod0.82 - STRAT_mod1.08)","Opaline/CCS",0.0372244313970356,0.0101461520671187,0.0646519556279634
"2786","(STRAT_mod0.3 - STRAT_mod1.08) - (STRAT_mod0.82 - STRAT_mod1.44)","Opaline/CCS",-0.0111666956076111,-0.0457765354716448,0.0257432934393398
"2787","(STRAT_mod0.3 - STRAT_mod1.08) - (STRAT_mod0.82 - STRAT_mod2.15)","Opaline/CCS",0.00291611413303006,-0.0457541153765422,0.0512172279471912
"2788","(STRAT_mod0.3 - STRAT_mod1.08) - (STRAT_mod0.82 - STRAT_mod2.88)","Opaline/CCS",-0.0238358785666535,-0.0602677299680074,0.0120729048126171
"2789","(STRAT_mod0.3 - STRAT_mod1.08) - (STRAT_mod0.82 - STRAT_mod3.37)","Opaline/CCS",-0.000793669665775765,-0.0346037192144797,0.0354762449291961
"2790","(STRAT_mod0.3 - STRAT_mod1.08) - (STRAT_mod1.08 - STRAT_mod1.44)","Opaline/CCS",-0.0597980046681736,-0.102710613748555,-0.0183983135782908
"2791","(STRAT_mod0.3 - STRAT_mod1.08) - (STRAT_mod1.08 - STRAT_mod2.15)","Opaline/CCS",-0.0462472788052737,-0.0988439784356125,0.00734157515045286
"2792","(STRAT_mod0.3 - STRAT_mod1.08) - (STRAT_mod1.08 - STRAT_mod2.88)","Opaline/CCS",-0.0724300092055454,-0.116881088404257,-0.0325369123528163
"2793","(STRAT_mod0.3 - STRAT_mod1.08) - (STRAT_mod1.08 - STRAT_mod3.37)","Opaline/CCS",-0.0498099673546688,-0.0936344761578338,-0.0110920037472271
"2794","(STRAT_mod0.3 - STRAT_mod1.08) - (STRAT_mod1.44 - STRAT_mod2.15)","Opaline/CCS",0.0020228039350183,-0.0465125941306432,0.0504577630789202
"2795","(STRAT_mod0.3 - STRAT_mod1.08) - (STRAT_mod1.44 - STRAT_mod2.88)","Opaline/CCS",-0.0241317841452189,-0.0591200883653755,0.0127215721125493
"2796","(STRAT_mod0.3 - STRAT_mod1.08) - (STRAT_mod1.44 - STRAT_mod3.37)","Opaline/CCS",-0.00131117399839309,-0.0376339912734545,0.033009864174534
"2797","(STRAT_mod0.3 - STRAT_mod1.08) - (STRAT_mod2.15 - STRAT_mod2.88)","Opaline/CCS",-0.0383093545480424,-0.0881114208169351,0.0100195210148208
"2798","(STRAT_mod0.3 - STRAT_mod1.08) - (STRAT_mod2.15 - STRAT_mod3.37)","Opaline/CCS",-0.0154541002072568,-0.0646095101837787,0.0316578059047061
"2799","(STRAT_mod0.3 - STRAT_mod1.08) - (STRAT_mod2.88 - STRAT_mod3.37)","Opaline/CCS",0.0109581308324782,-0.0257308709552473,0.0458136465039423
"2800","(STRAT_mod0.3 - STRAT_mod1.44) - (STRAT_mod0.3 - STRAT_mod2.15)","Opaline/CCS",0.0141066438139399,-0.0291102298960904,0.0523260321562238
"2801","(STRAT_mod0.3 - STRAT_mod1.44) - (STRAT_mod0.3 - STRAT_mod2.88)","Opaline/CCS",-0.0122716237428664,-0.0352034986640932,0.0114080577637532
"2802","(STRAT_mod0.3 - STRAT_mod1.44) - (STRAT_mod0.3 - STRAT_mod3.37)","Opaline/CCS",0.0104868245622778,-0.0133393056909337,0.0305695806462851
"2803","(STRAT_mod0.3 - STRAT_mod1.44) - (STRAT_mod0.82 - STRAT_mod1.08)","Opaline/CCS",0.0855001543982961,0.0499818951391977,0.120115148856693
"2804","(STRAT_mod0.3 - STRAT_mod1.44) - (STRAT_mod0.82 - STRAT_mod1.44)","Opaline/CCS",0.0372244313970356,0.0101461520671187,0.0646519556279634
"2805","(STRAT_mod0.3 - STRAT_mod1.44) - (STRAT_mod0.82 - STRAT_mod2.15)","Opaline/CCS",0.0514351381367852,0.00189627327403219,0.0990286822562818
"2806","(STRAT_mod0.3 - STRAT_mod1.44) - (STRAT_mod0.82 - STRAT_mod2.88)","Opaline/CCS",0.024882948101342,-0.0114411293431407,0.0608981120572096
"2807","(STRAT_mod0.3 - STRAT_mod1.44) - (STRAT_mod0.82 - STRAT_mod3.37)","Opaline/CCS",0.0477768630707185,0.0118203821468823,0.0819513034569264
"2808","(STRAT_mod0.3 - STRAT_mod1.44) - (STRAT_mod1.08 - STRAT_mod1.44)","Opaline/CCS",-0.0115876207328465,-0.0390917270037843,0.0163698784330863
"2809","(STRAT_mod0.3 - STRAT_mod1.44) - (STRAT_mod1.08 - STRAT_mod2.15)","Opaline/CCS",0.0020228039350183,-0.0465125941306432,0.0504577630789202
"2810","(STRAT_mod0.3 - STRAT_mod1.44) - (STRAT_mod1.08 - STRAT_mod2.88)","Opaline/CCS",-0.0241317841452189,-0.0591200883653755,0.0127215721125493
"2811","(STRAT_mod0.3 - STRAT_mod1.44) - (STRAT_mod1.08 - STRAT_mod3.37)","Opaline/CCS",-0.00131117399839309,-0.0376339912734545,0.033009864174534
"2812","(STRAT_mod0.3 - STRAT_mod1.44) - (STRAT_mod1.44 - STRAT_mod2.15)","Opaline/CCS",0.0504562346026356,-0.00367395325415965,0.10503492032628
"2813","(STRAT_mod0.3 - STRAT_mod1.44) - (STRAT_mod1.44 - STRAT_mod2.88)","Opaline/CCS",0.0246980560252548,-0.0204673518107348,0.0659778102122193
"2814","(STRAT_mod0.3 - STRAT_mod1.44) - (STRAT_mod1.44 - STRAT_mod3.37)","Opaline/CCS",0.0471355216501705,0.00318838715917558,0.0876005085519473
"2815","(STRAT_mod0.3 - STRAT_mod1.44) - (STRAT_mod2.15 - STRAT_mod2.88)","Opaline/CCS",0.0108102405168766,-0.0369907997659351,0.0596822798173982
"2816","(STRAT_mod0.3 - STRAT_mod1.44) - (STRAT_mod2.15 - STRAT_mod3.37)","Opaline/CCS",0.0332880530613473,-0.0166455647762138,0.0791808112198358
"2817","(STRAT_mod0.3 - STRAT_mod1.44) - (STRAT_mod2.88 - STRAT_mod3.37)","Opaline/CCS",0.0594642861700212,0.0221555473066224,0.0948564492297406
"2818","(STRAT_mod0.3 - STRAT_mod2.15) - (STRAT_mod0.3 - STRAT_mod2.88)","Opaline/CCS",-0.0259308199505688,-0.0655271863576483,0.0149974953016749
"2819","(STRAT_mod0.3 - STRAT_mod2.15) - (STRAT_mod0.3 - STRAT_mod3.37)","Opaline/CCS",-0.00345499036861341,-0.0432199137155167,0.035581797033692
"2820","(STRAT_mod0.3 - STRAT_mod2.15) - (STRAT_mod0.82 - STRAT_mod1.08)","Opaline/CCS",0.0716336449827,0.0249186702991802,0.120927099493054
"2821","(STRAT_mod0.3 - STRAT_mod2.15) - (STRAT_mod0.82 - STRAT_mod1.44)","Opaline/CCS",0.0231045403528087,-0.0244299074914545,0.0728397099411233
"2822","(STRAT_mod0.3 - STRAT_mod2.15) - (STRAT_mod0.82 - STRAT_mod2.15)","Opaline/CCS",0.0372244313970356,0.0101461520671187,0.0646519556279634
"2823","(STRAT_mod0.3 - STRAT_mod2.15) - (STRAT_mod0.82 - STRAT_mod2.88)","Opaline/CCS",0.0110111706066811,-0.0347316948057572,0.0620817320392457
"2824","(STRAT_mod0.3 - STRAT_mod2.15) - (STRAT_mod0.82 - STRAT_mod3.37)","Opaline/CCS",0.0335805185206097,-0.0137032981239176,0.0826105638089203
"2825","(STRAT_mod0.3 - STRAT_mod2.15) - (STRAT_mod1.08 - STRAT_mod1.44)","Opaline/CCS",-0.0262130450899407,-0.0782050860530648,0.0203779065075573
"2826","(STRAT_mod0.3 - STRAT_mod2.15) - (STRAT_mod1.08 - STRAT_mod2.15)","Opaline/CCS",-0.0115876207328465,-0.0390917270037843,0.0163698784330863
"2827","(STRAT_mod0.3 - STRAT_mod2.15) - (STRAT_mod1.08 - STRAT_mod2.88)","Opaline/CCS",-0.0383093545480424,-0.0881114208169351,0.0100195210148208
"2828","(STRAT_mod0.3 - STRAT_mod2.15) - (STRAT_mod1.08 - STRAT_mod3.37)","Opaline/CCS",-0.0154541002072568,-0.0646095101837787,0.0316578059047061
"2829","(STRAT_mod0.3 - STRAT_mod2.15) - (STRAT_mod1.44 - STRAT_mod2.15)","Opaline/CCS",0.0366692683984968,0.00893812267621197,0.065506223212529
"2830","(STRAT_mod0.3 - STRAT_mod2.15) - (STRAT_mod1.44 - STRAT_mod2.88)","Opaline/CCS",0.0108102405168766,-0.0369907997659351,0.0596822798173982
"2831","(STRAT_mod0.3 - STRAT_mod2.15) - (STRAT_mod1.44 - STRAT_mod3.37)","Opaline/CCS",0.0332880530613473,-0.0166455647762138,0.0791808112198358
"2832","(STRAT_mod0.3 - STRAT_mod2.15) - (STRAT_mod2.15 - STRAT_mod2.88)","Opaline/CCS",-0.00331915427462359,-0.0826961186736725,0.0747439531517848
"2833","(STRAT_mod0.3 - STRAT_mod2.15) - (STRAT_mod2.15 - STRAT_mod3.37)","Opaline/CCS",0.0190827466366983,-0.0617921050765364,0.0955033702787
"2834","(STRAT_mod0.3 - STRAT_mod2.15) - (STRAT_mod2.88 - STRAT_mod3.37)","Opaline/CCS",0.0451990785679486,-0.00287244270793918,0.0950057315009456
"2835","(STRAT_mod0.3 - STRAT_mod2.88) - (STRAT_mod0.3 - STRAT_mod3.37)","Opaline/CCS",0.0227143415361222,-0.000367124915024775,0.0449276980795617
"2836","(STRAT_mod0.3 - STRAT_mod2.88) - (STRAT_mod0.82 - STRAT_mod1.08)","Opaline/CCS",0.0980615554381119,0.0619978294442047,0.132775447092763
"2837","(STRAT_mod0.3 - STRAT_mod2.88) - (STRAT_mod0.82 - STRAT_mod1.44)","Opaline/CCS",0.0493927603564612,0.014802591571307,0.0875218616809019
"2838","(STRAT_mod0.3 - STRAT_mod2.88) - (STRAT_mod0.82 - STRAT_mod2.15)","Opaline/CCS",0.0635269699832728,0.0110100860232287,0.108985717112606
"2839","(STRAT_mod0.3 - STRAT_mod2.88) - (STRAT_mod0.82 - STRAT_mod2.88)","Opaline/CCS",0.0372244313970356,0.0101461520671187,0.0646519556279634
"2840","(STRAT_mod0.3 - STRAT_mod2.88) - (STRAT_mod0.82 - STRAT_mod3.37)","Opaline/CCS",0.059900229309336,0.0240454257810612,0.0953783650707014
"2841","(STRAT_mod0.3 - STRAT_mod2.88) - (STRAT_mod1.08 - STRAT_mod1.44)","Opaline/CCS",0.000187621055254716,-0.0370006313498399,0.0363320247339014
"2842","(STRAT_mod0.3 - STRAT_mod2.88) - (STRAT_mod1.08 - STRAT_mod2.15)","Opaline/CCS",0.014445551644426,-0.031806181348383,0.0670522914053437
"2843","(STRAT_mod0.3 - STRAT_mod2.88) - (STRAT_mod1.08 - STRAT_mod2.88)","Opaline/CCS",-0.0115876207328465,-0.0390917270037843,0.0163698784330863
"2844","(STRAT_mod0.3 - STRAT_mod2.88) - (STRAT_mod1.08 - STRAT_mod3.37)","Opaline/CCS",0.0109581308324782,-0.0257308709552473,0.0458136465039423
"2845","(STRAT_mod0.3 - STRAT_mod2.88) - (STRAT_mod1.44 - STRAT_mod2.15)","Opaline/CCS",0.0628964415776017,0.0144285205380648,0.114190993281825
"2846","(STRAT_mod0.3 - STRAT_mod2.88) - (STRAT_mod1.44 - STRAT_mod2.88)","Opaline/CCS",0.0366692683984968,0.00893812267621197,0.065506223212529
"2847","(STRAT_mod0.3 - STRAT_mod2.88) - (STRAT_mod1.44 - STRAT_mod3.37)","Opaline/CCS",0.0594642861700212,0.0221555473066224,0.0948564492297406
"2848","(STRAT_mod0.3 - STRAT_mod2.88) - (STRAT_mod2.15 - STRAT_mod2.88)","Opaline/CCS",0.0225123955552005,-0.0198851524213319,0.0664825673740257
"2849","(STRAT_mod0.3 - STRAT_mod2.88) - (STRAT_mod2.15 - STRAT_mod3.37)","Opaline/CCS",0.0451990785679486,-0.00287244270793918,0.0950057315009456
"2850","(STRAT_mod0.3 - STRAT_mod2.88) - (STRAT_mod2.88 - STRAT_mod3.37)","Opaline/CCS",0.0718863612100473,0.0270433228895004,0.115228333669762
"2851","(STRAT_mod0.3 - STRAT_mod3.37) - (STRAT_mod0.82 - STRAT_mod1.08)","Opaline/CCS",0.0752687632438733,0.0406348022931251,0.109599551608341
"2852","(STRAT_mod0.3 - STRAT_mod3.37) - (STRAT_mod0.82 - STRAT_mod1.44)","Opaline/CCS",0.0268659779739573,-0.00842609945308315,0.0623780735905841
"2853","(STRAT_mod0.3 - STRAT_mod3.37) - (STRAT_mod0.82 - STRAT_mod2.15)","Opaline/CCS",0.0407912401889519,-0.00899648811018849,0.0869613652874026
"2854","(STRAT_mod0.3 - STRAT_mod3.37) - (STRAT_mod0.82 - STRAT_mod2.88)","Opaline/CCS",0.0143091873881376,-0.0200961367467789,0.0508767448091088
"2855","(STRAT_mod0.3 - STRAT_mod3.37) - (STRAT_mod0.82 - STRAT_mod3.37)","Opaline/CCS",0.0372244313970356,0.0101461520671187,0.0646519556279634
"2856","(STRAT_mod0.3 - STRAT_mod3.37) - (STRAT_mod1.08 - STRAT_mod1.44)","Opaline/CCS",-0.0222591994822041,-0.0578761440232864,0.0131156177952394
"2857","(STRAT_mod0.3 - STRAT_mod3.37) - (STRAT_mod1.08 - STRAT_mod2.15)","Opaline/CCS",-0.00845002539842943,-0.059182851610311,0.0377064062207548
"2858","(STRAT_mod0.3 - STRAT_mod3.37) - (STRAT_mod1.08 - STRAT_mod2.88)","Opaline/CCS",-0.0346568358375314,-0.0695743794114225,0.00190542829211893
"2859","(STRAT_mod0.3 - STRAT_mod3.37) - (STRAT_mod1.08 - STRAT_mod3.37)","Opaline/CCS",-0.0115876207328465,-0.0390917270037843,0.0163698784330863
"2860","(STRAT_mod0.3 - STRAT_mod3.37) - (STRAT_mod1.44 - STRAT_mod2.15)","Opaline/CCS",0.0403641621092377,-0.00953762279060344,0.088122394655231
"2861","(STRAT_mod0.3 - STRAT_mod3.37) - (STRAT_mod1.44 - STRAT_mod2.88)","Opaline/CCS",0.0138421733932559,-0.0228595649262027,0.0488125415984384
"2862","(STRAT_mod0.3 - STRAT_mod3.37) - (STRAT_mod1.44 - STRAT_mod3.37)","Opaline/CCS",0.0366692683984968,0.00893812267621197,0.065506223212529
"2863","(STRAT_mod0.3 - STRAT_mod3.37) - (STRAT_mod2.15 - STRAT_mod2.88)","Opaline/CCS",0.000239330279352856,-0.0489036390138438,0.0477422615149368
"2864","(STRAT_mod0.3 - STRAT_mod3.37) - (STRAT_mod2.15 - STRAT_mod3.37)","Opaline/CCS",0.0225123955552005,-0.0198851524213319,0.0664825673740257
"2865","(STRAT_mod0.3 - STRAT_mod3.37) - (STRAT_mod2.88 - STRAT_mod3.37)","Opaline/CCS",0.0490725799546519,0.0205199874844153,0.0780892576203773
"2866","(STRAT_mod0.82 - STRAT_mod1.08) - (STRAT_mod0.82 - STRAT_mod1.44)","Opaline/CCS",-0.0483616618454432,-0.0706288646112538,-0.0256024223945945
"2867","(STRAT_mod0.82 - STRAT_mod1.08) - (STRAT_mod0.82 - STRAT_mod2.15)","Opaline/CCS",-0.0342853047819207,-0.0735414248598647,0.00638509266011145
"2868","(STRAT_mod0.82 - STRAT_mod1.08) - (STRAT_mod0.82 - STRAT_mod2.88)","Opaline/CCS",-0.0605774717408372,-0.0836409948072312,-0.0380778295700743
"2869","(STRAT_mod0.82 - STRAT_mod1.08) - (STRAT_mod0.82 - STRAT_mod3.37)","Opaline/CCS",-0.0380457322779697,-0.0587388524954457,-0.0162775781708611
"2870","(STRAT_mod0.82 - STRAT_mod1.08) - (STRAT_mod1.08 - STRAT_mod1.44)","Opaline/CCS",-0.0972513111306486,-0.135083528274451,-0.0585811789757513
"2871","(STRAT_mod0.82 - STRAT_mod1.08) - (STRAT_mod1.08 - STRAT_mod2.15)","Opaline/CCS",-0.0831413691416438,-0.136850802213146,-0.0361806646114697
"2872","(STRAT_mod0.82 - STRAT_mod1.08) - (STRAT_mod1.08 - STRAT_mod2.88)","Opaline/CCS",-0.109506944244051,-0.146944403288617,-0.0697604400472054
"2873","(STRAT_mod0.82 - STRAT_mod1.08) - (STRAT_mod1.08 - STRAT_mod3.37)","Opaline/CCS",-0.0870319174620193,-0.12391589755733,-0.0488307255366616
"2874","(STRAT_mod0.82 - STRAT_mod1.08) - (STRAT_mod1.44 - STRAT_mod2.15)","Opaline/CCS",-0.0348742928444687,-0.0817368284198885,0.00961199750310371
"2875","(STRAT_mod0.82 - STRAT_mod1.08) - (STRAT_mod1.44 - STRAT_mod2.88)","Opaline/CCS",-0.0610623555828109,-0.0927892266171759,-0.0292477546389658
"2876","(STRAT_mod0.82 - STRAT_mod1.08) - (STRAT_mod1.44 - STRAT_mod3.37)","Opaline/CCS",-0.0382899341198639,-0.0697142992744846,-0.00715654951303657
"2877","(STRAT_mod0.82 - STRAT_mod1.08) - (STRAT_mod2.15 - STRAT_mod2.88)","Opaline/CCS",-0.0747923826597519,-0.119453207310641,-0.0282358446760944
"2878","(STRAT_mod0.82 - STRAT_mod1.08) - (STRAT_mod2.15 - STRAT_mod3.37)","Opaline/CCS",-0.052375648292118,-0.0972250274961266,-0.00748832838038149
"2879","(STRAT_mod0.82 - STRAT_mod1.08) - (STRAT_mod2.88 - STRAT_mod3.37)","Opaline/CCS",-0.026300921943702,-0.0583033946335063,0.00406943614709565
"2880","(STRAT_mod0.82 - STRAT_mod1.44) - (STRAT_mod0.82 - STRAT_mod2.15)","Opaline/CCS",0.0141066438139399,-0.0291102298960904,0.0523260321562238
"2881","(STRAT_mod0.82 - STRAT_mod1.44) - (STRAT_mod0.82 - STRAT_mod2.88)","Opaline/CCS",-0.0122716237428664,-0.0352034986640932,0.0114080577637532
"2882","(STRAT_mod0.82 - STRAT_mod1.44) - (STRAT_mod0.82 - STRAT_mod3.37)","Opaline/CCS",0.0104868245622778,-0.0133393056909337,0.0305695806462851
"2883","(STRAT_mod0.82 - STRAT_mod1.44) - (STRAT_mod1.08 - STRAT_mod1.44)","Opaline/CCS",-0.0486399011316245,-0.0702987232453594,-0.0267901830349215
"2884","(STRAT_mod0.82 - STRAT_mod1.44) - (STRAT_mod1.08 - STRAT_mod2.15)","Opaline/CCS",-0.0348742928444687,-0.0817368284198885,0.00961199750310371
"2885","(STRAT_mod0.82 - STRAT_mod1.44) - (STRAT_mod1.08 - STRAT_mod2.88)","Opaline/CCS",-0.0610623555828109,-0.0927892266171759,-0.0292477546389658
"2886","(STRAT_mod0.82 - STRAT_mod1.44) - (STRAT_mod1.08 - STRAT_mod3.37)","Opaline/CCS",-0.0382899341198639,-0.0697142992744846,-0.00715654951303657
"2887","(STRAT_mod0.82 - STRAT_mod1.44) - (STRAT_mod1.44 - STRAT_mod2.15)","Opaline/CCS",0.0136262569702492,-0.0387683450882781,0.0645077514410857
"2888","(STRAT_mod0.82 - STRAT_mod1.44) - (STRAT_mod1.44 - STRAT_mod2.88)","Opaline/CCS",-0.0124974384614187,-0.0519193003934229,0.0274748672006071
"2889","(STRAT_mod0.82 - STRAT_mod1.44) - (STRAT_mod1.44 - STRAT_mod3.37)","Opaline/CCS",0.01012483716531,-0.0297935787179391,0.0484666768618931
"2890","(STRAT_mod0.82 - STRAT_mod1.44) - (STRAT_mod2.15 - STRAT_mod2.88)","Opaline/CCS",-0.0263536121391901,-0.072194774600475,0.0200584467459528
"2891","(STRAT_mod0.82 - STRAT_mod1.44) - (STRAT_mod2.15 - STRAT_mod3.37)","Opaline/CCS",-0.0040333208383061,-0.0513900555796529,0.040142075549745
"2892","(STRAT_mod0.82 - STRAT_mod1.44) - (STRAT_mod2.88 - STRAT_mod3.37)","Opaline/CCS",0.0226634103516052,-0.0109567269821715,0.0532608464204527
"2893","(STRAT_mod0.82 - STRAT_mod2.15) - (STRAT_mod0.82 - STRAT_mod2.88)","Opaline/CCS",-0.0259308199505688,-0.0655271863576483,0.0149974953016749
"2894","(STRAT_mod0.82 - STRAT_mod2.15) - (STRAT_mod0.82 - STRAT_mod3.37)","Opaline/CCS",-0.00345499036861341,-0.0432199137155167,0.035581797033692
"2895","(STRAT_mod0.82 - STRAT_mod2.15) - (STRAT_mod1.08 - STRAT_mod1.44)","Opaline/CCS",-0.0632448195315345,-0.110386894841665,-0.0187069914211868
"2896","(STRAT_mod0.82 - STRAT_mod2.15) - (STRAT_mod1.08 - STRAT_mod2.15)","Opaline/CCS",-0.0486399011316245,-0.0702987232453594,-0.0267901830349215
"2897","(STRAT_mod0.82 - STRAT_mod2.15) - (STRAT_mod1.08 - STRAT_mod2.88)","Opaline/CCS",-0.0747923826597519,-0.119453207310641,-0.0282358446760944
"2898","(STRAT_mod0.82 - STRAT_mod2.15) - (STRAT_mod1.08 - STRAT_mod3.37)","Opaline/CCS",-0.052375648292118,-0.0972250274961266,-0.00748832838038149
"2899","(STRAT_mod0.82 - STRAT_mod2.15) - (STRAT_mod1.44 - STRAT_mod2.15)","Opaline/CCS",-0.000210162060233721,-0.0228768082821502,0.022046891963321
"2900","(STRAT_mod0.82 - STRAT_mod2.15) - (STRAT_mod1.44 - STRAT_mod2.88)","Opaline/CCS",-0.0263536121391901,-0.072194774600475,0.0200584467459528
"2901","(STRAT_mod0.82 - STRAT_mod2.15) - (STRAT_mod1.44 - STRAT_mod3.37)","Opaline/CCS",-0.0040333208383061,-0.0513900555796529,0.040142075549745
"2902","(STRAT_mod0.82 - STRAT_mod2.15) - (STRAT_mod2.15 - STRAT_mod2.88)","Opaline/CCS",-0.0407282100425788,-0.115768635792218,0.0379499072932132
"2903","(STRAT_mod0.82 - STRAT_mod2.15) - (STRAT_mod2.15 - STRAT_mod3.37)","Opaline/CCS",-0.018189287063628,-0.0999094073917668,0.0536929265761721
"2904","(STRAT_mod0.82 - STRAT_mod2.15) - (STRAT_mod2.88 - STRAT_mod3.37)","Opaline/CCS",0.00795068395921006,-0.0405245250718558,0.0516634645095233
"2905","(STRAT_mod0.82 - STRAT_mod2.88) - (STRAT_mod0.82 - STRAT_mod3.37)","Opaline/CCS",0.0227143415361222,-0.000367124915024775,0.0449276980795617
"2906","(STRAT_mod0.82 - STRAT_mod2.88) - (STRAT_mod1.08 - STRAT_mod1.44)","Opaline/CCS",-0.0367074523393378,-0.0694239724421393,-0.00536312499737468
"2907","(STRAT_mod0.82 - STRAT_mod2.88) - (STRAT_mod1.08 - STRAT_mod2.15)","Opaline/CCS",-0.0226104288273221,-0.0684069870254542,0.0238714064818111
"2908","(STRAT_mod0.82 - STRAT_mod2.88) - (STRAT_mod1.08 - STRAT_mod2.88)","Opaline/CCS",-0.0486399011316245,-0.0702987232453594,-0.0267901830349215
"2909","(STRAT_mod0.82 - STRAT_mod2.88) - (STRAT_mod1.08 - STRAT_mod3.37)","Opaline/CCS",-0.026300921943702,-0.0583033946335063,0.00406943614709565
"2910","(STRAT_mod0.82 - STRAT_mod2.88) - (STRAT_mod1.44 - STRAT_mod2.15)","Opaline/CCS",0.0258206336389868,-0.0219200398240282,0.0707995903490906
"2911","(STRAT_mod0.82 - STRAT_mod2.88) - (STRAT_mod1.44 - STRAT_mod2.88)","Opaline/CCS",-0.000210162060233721,-0.0228768082821502,0.022046891963321
"2912","(STRAT_mod0.82 - STRAT_mod2.88) - (STRAT_mod1.44 - STRAT_mod3.37)","Opaline/CCS",0.0226634103516052,-0.0109567269821715,0.0532608464204527
"2913","(STRAT_mod0.82 - STRAT_mod2.88) - (STRAT_mod2.15 - STRAT_mod2.88)","Opaline/CCS",-0.0145350543590965,-0.0528936318555981,0.026381670081729
"2914","(STRAT_mod0.82 - STRAT_mod2.88) - (STRAT_mod2.15 - STRAT_mod3.37)","Opaline/CCS",0.00795068395921006,-0.0405245250718558,0.0516634645095233
"2915","(STRAT_mod0.82 - STRAT_mod2.88) - (STRAT_mod2.88 - STRAT_mod3.37)","Opaline/CCS",0.0346583466338353,-0.00574577358093142,0.0750786482861838
"2916","(STRAT_mod0.82 - STRAT_mod3.37) - (STRAT_mod1.08 - STRAT_mod1.44)","Opaline/CCS",-0.0593033848440476,-0.0922163389334485,-0.030023297392864
"2917","(STRAT_mod0.82 - STRAT_mod3.37) - (STRAT_mod1.08 - STRAT_mod2.15)","Opaline/CCS",-0.0455114679197488,-0.0902619375219871,-0.000820138995376141
"2918","(STRAT_mod0.82 - STRAT_mod3.37) - (STRAT_mod1.08 - STRAT_mod2.88)","Opaline/CCS",-0.0714265337011613,-0.103409122592841,-0.0404691171359497
"2919","(STRAT_mod0.82 - STRAT_mod3.37) - (STRAT_mod1.08 - STRAT_mod3.37)","Opaline/CCS",-0.0486399011316245,-0.0702987232453594,-0.0267901830349215
"2920","(STRAT_mod0.82 - STRAT_mod3.37) - (STRAT_mod1.44 - STRAT_mod2.15)","Opaline/CCS",0.00314973461562573,-0.0419923178749584,0.0492422879818855
"2921","(STRAT_mod0.82 - STRAT_mod3.37) - (STRAT_mod1.44 - STRAT_mod2.88)","Opaline/CCS",-0.0230895683383223,-0.0554236248856688,0.00868392320700329
"2922","(STRAT_mod0.82 - STRAT_mod3.37) - (STRAT_mod1.44 - STRAT_mod3.37)","Opaline/CCS",-0.000210162060233721,-0.0228768082821502,0.022046891963321
"2923","(STRAT_mod0.82 - STRAT_mod3.37) - (STRAT_mod2.15 - STRAT_mod2.88)","Opaline/CCS",-0.0368151184725451,-0.0829400616237672,0.00876062591686333
"2924","(STRAT_mod0.82 - STRAT_mod3.37) - (STRAT_mod2.15 - STRAT_mod3.37)","Opaline/CCS",-0.0145350543590965,-0.0528936318555981,0.026381670081729
"2925","(STRAT_mod0.82 - STRAT_mod3.37) - (STRAT_mod2.88 - STRAT_mod3.37)","Opaline/CCS",0.0118200535556259,-0.0117207861639734,0.0342708952131416
"2926","(STRAT_mod1.08 - STRAT_mod1.44) - (STRAT_mod1.08 - STRAT_mod2.15)","Opaline/CCS",0.0141066438139399,-0.0291102298960904,0.0523260321562238
"2927","(STRAT_mod1.08 - STRAT_mod1.44) - (STRAT_mod1.08 - STRAT_mod2.88)","Opaline/CCS",-0.0122716237428664,-0.0352034986640932,0.0114080577637532
"2928","(STRAT_mod1.08 - STRAT_mod1.44) - (STRAT_mod1.08 - STRAT_mod3.37)","Opaline/CCS",0.0104868245622778,-0.0133393056909337,0.0305695806462851
"2929","(STRAT_mod1.08 - STRAT_mod1.44) - (STRAT_mod1.44 - STRAT_mod2.15)","Opaline/CCS",0.0627764776063131,0.0113939466356898,0.115423037486932
"2930","(STRAT_mod1.08 - STRAT_mod1.44) - (STRAT_mod1.44 - STRAT_mod2.88)","Opaline/CCS",0.0363768380165626,-0.00343768628938657,0.075295335231945
"2931","(STRAT_mod1.08 - STRAT_mod1.44) - (STRAT_mod1.44 - STRAT_mod3.37)","Opaline/CCS",0.0589110621740214,0.0201364906114434,0.0989309254503148
"2932","(STRAT_mod1.08 - STRAT_mod1.44) - (STRAT_mod2.15 - STRAT_mod2.88)","Opaline/CCS",0.022148713479887,-0.0253141615822403,0.0674031018002643
"2933","(STRAT_mod1.08 - STRAT_mod1.44) - (STRAT_mod2.15 - STRAT_mod3.37)","Opaline/CCS",0.0449275269273159,-2.13871345140504e-05,0.0909841486353438
"2934","(STRAT_mod1.08 - STRAT_mod1.44) - (STRAT_mod2.88 - STRAT_mod3.37)","Opaline/CCS",0.071317570902159,0.0386780489530865,0.103243185311444
"2935","(STRAT_mod1.08 - STRAT_mod2.15) - (STRAT_mod1.08 - STRAT_mod2.88)","Opaline/CCS",-0.0259308199505688,-0.0655271863576483,0.0149974953016749
"2936","(STRAT_mod1.08 - STRAT_mod2.15) - (STRAT_mod1.08 - STRAT_mod3.37)","Opaline/CCS",-0.00345499036861341,-0.0432199137155167,0.035581797033692
"2937","(STRAT_mod1.08 - STRAT_mod2.15) - (STRAT_mod1.44 - STRAT_mod2.15)","Opaline/CCS",0.0483616618454432,0.0256024223945945,0.0706288646112538
"2938","(STRAT_mod1.08 - STRAT_mod2.15) - (STRAT_mod1.44 - STRAT_mod2.88)","Opaline/CCS",0.022148713479887,-0.0253141615822403,0.0674031018002643
"2939","(STRAT_mod1.08 - STRAT_mod2.15) - (STRAT_mod1.44 - STRAT_mod3.37)","Opaline/CCS",0.0449275269273159,-2.13871345140504e-05,0.0909841486353438
"2940","(STRAT_mod1.08 - STRAT_mod2.15) - (STRAT_mod2.15 - STRAT_mod2.88)","Opaline/CCS",0.00787238841650817,-0.0693983518076324,0.0844207277439173
"2941","(STRAT_mod1.08 - STRAT_mod2.15) - (STRAT_mod2.15 - STRAT_mod3.37)","Opaline/CCS",0.0310296448045402,-0.0414326996219558,0.112416266430864
"2942","(STRAT_mod1.08 - STRAT_mod2.15) - (STRAT_mod2.88 - STRAT_mod3.37)","Opaline/CCS",0.0570804049096409,0.0100548193352501,0.101784963523748
"2943","(STRAT_mod1.08 - STRAT_mod2.88) - (STRAT_mod1.08 - STRAT_mod3.37)","Opaline/CCS",0.0227143415361222,-0.000367124915024775,0.0449276980795617
"2944","(STRAT_mod1.08 - STRAT_mod2.88) - (STRAT_mod1.44 - STRAT_mod2.15)","Opaline/CCS",0.0750473736267081,0.0293290179904928,0.12224924448438
"2945","(STRAT_mod1.08 - STRAT_mod2.88) - (STRAT_mod1.44 - STRAT_mod2.88)","Opaline/CCS",0.0483616618454432,0.0256024223945945,0.0706288646112538
"2946","(STRAT_mod1.08 - STRAT_mod2.88) - (STRAT_mod1.44 - STRAT_mod3.37)","Opaline/CCS",0.071317570902159,0.0386780489530865,0.103243185311444
"2947","(STRAT_mod1.08 - STRAT_mod2.88) - (STRAT_mod2.15 - STRAT_mod2.88)","Opaline/CCS",0.0342853047819207,-0.00638509266011145,0.0735414248598647
"2948","(STRAT_mod1.08 - STRAT_mod2.88) - (STRAT_mod2.15 - STRAT_mod3.37)","Opaline/CCS",0.0570804049096409,0.0100548193352501,0.101784963523748
"2949","(STRAT_mod1.08 - STRAT_mod2.88) - (STRAT_mod2.88 - STRAT_mod3.37)","Opaline/CCS",0.0832924686512879,0.0434634185439742,0.124664341441302
"2950","(STRAT_mod1.08 - STRAT_mod3.37) - (STRAT_mod1.44 - STRAT_mod2.15)","Opaline/CCS",0.0521892042913974,0.00654898424267536,0.098084978047372
"2951","(STRAT_mod1.08 - STRAT_mod3.37) - (STRAT_mod1.44 - STRAT_mod2.88)","Opaline/CCS",0.0260321544534625,-0.00476082243081954,0.0581882395800388
"2952","(STRAT_mod1.08 - STRAT_mod3.37) - (STRAT_mod1.44 - STRAT_mod3.37)","Opaline/CCS",0.0483616618454432,0.0256024223945945,0.0706288646112538
"2953","(STRAT_mod1.08 - STRAT_mod3.37) - (STRAT_mod2.15 - STRAT_mod2.88)","Opaline/CCS",0.0121296172461749,-0.0353283350263891,0.0553012744780963
"2954","(STRAT_mod1.08 - STRAT_mod3.37) - (STRAT_mod2.15 - STRAT_mod3.37)","Opaline/CCS",0.0342853047819207,-0.00638509266011145,0.0735414248598647
"2955","(STRAT_mod1.08 - STRAT_mod3.37) - (STRAT_mod2.88 - STRAT_mod3.37)","Opaline/CCS",0.0605774717408372,0.0380778295700743,0.0836409948072312
"2956","(STRAT_mod1.44 - STRAT_mod2.15) - (STRAT_mod1.44 - STRAT_mod2.88)","Opaline/CCS",-0.0259308199505688,-0.0655271863576483,0.0149974953016749
"2957","(STRAT_mod1.44 - STRAT_mod2.15) - (STRAT_mod1.44 - STRAT_mod3.37)","Opaline/CCS",-0.00345499036861341,-0.0432199137155167,0.035581797033692
"2958","(STRAT_mod1.44 - STRAT_mod2.15) - (STRAT_mod2.15 - STRAT_mod2.88)","Opaline/CCS",-0.0404505142963403,-0.119497734956628,0.0352817747141221
"2959","(STRAT_mod1.44 - STRAT_mod2.15) - (STRAT_mod2.15 - STRAT_mod3.37)","Opaline/CCS",-0.0172415304444413,-0.0911534083500669,0.0625947115144707
"2960","(STRAT_mod1.44 - STRAT_mod2.15) - (STRAT_mod2.88 - STRAT_mod3.37)","Opaline/CCS",0.00867576453254726,-0.0399918269737336,0.0525064173906906
"2961","(STRAT_mod1.44 - STRAT_mod2.88) - (STRAT_mod1.44 - STRAT_mod3.37)","Opaline/CCS",0.0227143415361222,-0.000367124915024775,0.0449276980795617
"2962","(STRAT_mod1.44 - STRAT_mod2.88) - (STRAT_mod2.15 - STRAT_mod2.88)","Opaline/CCS",-0.0141066438139399,-0.0523260321562238,0.0291102298960904
"2963","(STRAT_mod1.44 - STRAT_mod2.88) - (STRAT_mod2.15 - STRAT_mod3.37)","Opaline/CCS",0.00867576453254726,-0.0399918269737336,0.0525064173906906
"2964","(STRAT_mod1.44 - STRAT_mod2.88) - (STRAT_mod2.88 - STRAT_mod3.37)","Opaline/CCS",0.0347006803084788,-0.00590780052847606,0.0747673238235995
"2965","(STRAT_mod1.44 - STRAT_mod3.37) - (STRAT_mod2.15 - STRAT_mod2.88)","Opaline/CCS",-0.0366999250711324,-0.0833046180204402,0.00845373715274178
"2966","(STRAT_mod1.44 - STRAT_mod3.37) - (STRAT_mod2.15 - STRAT_mod3.37)","Opaline/CCS",-0.0141066438139399,-0.0523260321562238,0.0291102298960904
"2967","(STRAT_mod1.44 - STRAT_mod3.37) - (STRAT_mod2.88 - STRAT_mod3.37)","Opaline/CCS",0.0122716237428664,-0.0114080577637532,0.0352034986640932
"2968","(STRAT_mod2.15 - STRAT_mod2.88) - (STRAT_mod2.15 - STRAT_mod3.37)","Opaline/CCS",0.0227143415361222,-0.000367124915024775,0.0449276980795617
"2969","(STRAT_mod2.15 - STRAT_mod2.88) - (STRAT_mod2.88 - STRAT_mod3.37)","Opaline/CCS",0.0488000929184598,-0.00387886515815783,0.0991087740992453
"2970","(STRAT_mod2.15 - STRAT_mod3.37) - (STRAT_mod2.88 - STRAT_mod3.37)","Opaline/CCS",0.0259308199505688,-0.0149974953016749,0.0655271863576483
