"","contrast","RAWMATERIAL","estimate","lower.HPD","upper.HPD"
"1","(STRAT_mod0.01 - STRAT_mod0.09) - (STRAT_mod0.01 - STRAT_mod0.1)","Hornfels",0.0659793468874059,-0.273145242822243,0.40760075071131
"2","(STRAT_mod0.01 - STRAT_mod0.09) - (STRAT_mod0.01 - STRAT_mod0.2)","Hornfels",0.459978243970588,0.11722214800574,0.819833605348677
"3","(STRAT_mod0.01 - STRAT_mod0.09) - (STRAT_mod0.01 - STRAT_mod0.3)","Hornfels",0.142140096968775,-0.209260623574678,0.47720096798143
"4","(STRAT_mod0.01 - STRAT_mod0.09) - (STRAT_mod0.01 - STRAT_mod0.82)","Hornfels",0.178362666278799,-0.149181569912884,0.511930647088585
"5","(STRAT_mod0.01 - STRAT_mod0.09) - (STRAT_mod0.01 - STRAT_mod1.08)","Hornfels",0.196433378171966,-0.124252159919185,0.530158768069444
"6","(STRAT_mod0.01 - STRAT_mod0.09) - (STRAT_mod0.01 - STRAT_mod1.44)","Hornfels",0.400096930695867,0.0560645206142602,0.737820553024568
"7","(STRAT_mod0.01 - STRAT_mod0.09) - (STRAT_mod0.01 - STRAT_mod2.15)","Hornfels",0.22911595766827,-0.143693260758418,0.584360834303957
"8","(STRAT_mod0.01 - STRAT_mod0.09) - (STRAT_mod0.01 - STRAT_mod2.88)","Hornfels",0.183349709950739,-0.132707032371598,0.531577090138995
"9","(STRAT_mod0.01 - STRAT_mod0.09) - (STRAT_mod0.01 - STRAT_mod3.37)","Hornfels",0.139704387009722,-0.178241618533197,0.475085674608372
"10","(STRAT_mod0.01 - STRAT_mod0.09) - (STRAT_mod0.09 - STRAT_mod0.1)","Hornfels",0.420371307265572,-0.272283275101016,1.06707723441047
"11","(STRAT_mod0.01 - STRAT_mod0.09) - (STRAT_mod0.09 - STRAT_mod0.2)","Hornfels",0.808744992410704,0.150292872812325,1.49857485756516
"12","(STRAT_mod0.01 - STRAT_mod0.09) - (STRAT_mod0.09 - STRAT_mod0.3)","Hornfels",0.496387127123532,-0.190077117828379,1.14477302786392
"13","(STRAT_mod0.01 - STRAT_mod0.09) - (STRAT_mod0.09 - STRAT_mod0.82)","Hornfels",0.528266629565927,-0.137997136741288,1.18643288903861
"14","(STRAT_mod0.01 - STRAT_mod0.09) - (STRAT_mod0.09 - STRAT_mod1.08)","Hornfels",0.548099488951312,-0.141420211056786,1.18391418098296
"15","(STRAT_mod0.01 - STRAT_mod0.09) - (STRAT_mod0.09 - STRAT_mod1.44)","Hornfels",0.753615861952439,0.0809757309975722,1.42020087740666
"16","(STRAT_mod0.01 - STRAT_mod0.09) - (STRAT_mod0.09 - STRAT_mod2.15)","Hornfels",0.579972167855806,-0.0726254908736455,1.28925631321418
"17","(STRAT_mod0.01 - STRAT_mod0.09) - (STRAT_mod0.09 - STRAT_mod2.88)","Hornfels",0.535046650519004,-0.13209211452733,1.20117619668396
"18","(STRAT_mod0.01 - STRAT_mod0.09) - (STRAT_mod0.09 - STRAT_mod3.37)","Hornfels",0.491488310631901,-0.158165003209133,1.16420370800917
"19","(STRAT_mod0.01 - STRAT_mod0.09) - (STRAT_mod0.1 - STRAT_mod0.2)","Hornfels",0.744898674550419,0.340787585871908,1.18593749014713
"20","(STRAT_mod0.01 - STRAT_mod0.09) - (STRAT_mod0.1 - STRAT_mod0.3)","Hornfels",0.433879948052089,0.0229322392707266,0.848934880125222
"21","(STRAT_mod0.01 - STRAT_mod0.09) - (STRAT_mod0.1 - STRAT_mod0.82)","Hornfels",0.463095965717785,0.0723343870052803,0.868173205844591
"22","(STRAT_mod0.01 - STRAT_mod0.09) - (STRAT_mod0.1 - STRAT_mod1.08)","Hornfels",0.485055771986102,0.084159616839201,0.874738140016556
"23","(STRAT_mod0.01 - STRAT_mod0.09) - (STRAT_mod0.1 - STRAT_mod1.44)","Hornfels",0.68914563486853,0.275397731474912,1.09327766230182
"24","(STRAT_mod0.01 - STRAT_mod0.09) - (STRAT_mod0.1 - STRAT_mod2.15)","Hornfels",0.51452858184233,0.089198606700826,0.949348218594865
"25","(STRAT_mod0.01 - STRAT_mod0.09) - (STRAT_mod0.1 - STRAT_mod2.88)","Hornfels",0.468184545249391,0.085909503352745,0.890918774028954
"26","(STRAT_mod0.01 - STRAT_mod0.09) - (STRAT_mod0.1 - STRAT_mod3.37)","Hornfels",0.425575911921396,0.0397643038203224,0.829103148853026
"27","(STRAT_mod0.01 - STRAT_mod0.09) - (STRAT_mod0.2 - STRAT_mod0.3)","Hornfels",0.0397088935763207,-0.384692825653142,0.468647093587503
"28","(STRAT_mod0.01 - STRAT_mod0.09) - (STRAT_mod0.2 - STRAT_mod0.82)","Hornfels",0.0682650840488438,-0.323371470881799,0.49936836102646
"29","(STRAT_mod0.01 - STRAT_mod0.09) - (STRAT_mod0.2 - STRAT_mod1.08)","Hornfels",0.0903260372128475,-0.331719594440693,0.492944506739399
"30","(STRAT_mod0.01 - STRAT_mod0.09) - (STRAT_mod0.2 - STRAT_mod1.44)","Hornfels",0.29074361918707,-0.135649397758141,0.704989704932859
"31","(STRAT_mod0.01 - STRAT_mod0.09) - (STRAT_mod0.2 - STRAT_mod2.15)","Hornfels",0.12256872820181,-0.341570884650995,0.543858158443755
"32","(STRAT_mod0.01 - STRAT_mod0.09) - (STRAT_mod0.2 - STRAT_mod2.88)","Hornfels",0.0737779761099574,-0.338490635998657,0.497840895897351
"33","(STRAT_mod0.01 - STRAT_mod0.09) - (STRAT_mod0.2 - STRAT_mod3.37)","Hornfels",0.0319920965647411,-0.395914937939658,0.422537067705732
"34","(STRAT_mod0.01 - STRAT_mod0.09) - (STRAT_mod0.3 - STRAT_mod0.82)","Hornfels",0.38271580640351,-0.00732000006289357,0.785714671502419
"35","(STRAT_mod0.01 - STRAT_mod0.09) - (STRAT_mod0.3 - STRAT_mod1.08)","Hornfels",0.403666956359503,0.0129735802352268,0.808206785381966
"36","(STRAT_mod0.01 - STRAT_mod0.09) - (STRAT_mod0.3 - STRAT_mod1.44)","Hornfels",0.604049988352842,0.192140323283357,1.0193309135591
"37","(STRAT_mod0.01 - STRAT_mod0.09) - (STRAT_mod0.3 - STRAT_mod2.15)","Hornfels",0.434016908992277,-0.0238750710632858,0.841322898049454
"38","(STRAT_mod0.01 - STRAT_mod0.09) - (STRAT_mod0.3 - STRAT_mod2.88)","Hornfels",0.387717908760073,-0.0164110565712168,0.786863849044826
"39","(STRAT_mod0.01 - STRAT_mod0.09) - (STRAT_mod0.3 - STRAT_mod3.37)","Hornfels",0.343126417191167,-0.0476346642662779,0.748181343777055
"40","(STRAT_mod0.01 - STRAT_mod0.09) - (STRAT_mod0.82 - STRAT_mod1.08)","Hornfels",0.374461478064587,-0.0199635097964395,0.76480193385471
"41","(STRAT_mod0.01 - STRAT_mod0.09) - (STRAT_mod0.82 - STRAT_mod1.44)","Hornfels",0.578721531585472,0.160132427203646,0.97300142694783
"42","(STRAT_mod0.01 - STRAT_mod0.09) - (STRAT_mod0.82 - STRAT_mod2.15)","Hornfels",0.404566350982057,-0.0113512238004158,0.840317871904591
"43","(STRAT_mod0.01 - STRAT_mod0.09) - (STRAT_mod0.82 - STRAT_mod2.88)","Hornfels",0.358472451010103,-0.0568269263552878,0.739389381929039
"44","(STRAT_mod0.01 - STRAT_mod0.09) - (STRAT_mod0.82 - STRAT_mod3.37)","Hornfels",0.314915068617907,-0.044453651415769,0.739884981744954
"45","(STRAT_mod0.01 - STRAT_mod0.09) - (STRAT_mod1.08 - STRAT_mod1.44)","Hornfels",0.557574754206589,0.148933463266649,0.954322258635759
"46","(STRAT_mod0.01 - STRAT_mod0.09) - (STRAT_mod1.08 - STRAT_mod2.15)","Hornfels",0.383707111097073,-0.0471956332621792,0.797632478055581
"47","(STRAT_mod0.01 - STRAT_mod0.09) - (STRAT_mod1.08 - STRAT_mod2.88)","Hornfels",0.338205065286724,-0.0570944357947537,0.738451673458099
"48","(STRAT_mod0.01 - STRAT_mod0.09) - (STRAT_mod1.08 - STRAT_mod3.37)","Hornfels",0.295439808149573,-0.0802529087445054,0.701066352953271
"49","(STRAT_mod0.01 - STRAT_mod0.09) - (STRAT_mod1.44 - STRAT_mod2.15)","Hornfels",0.181156065149647,-0.253114591001865,0.614959673333145
"50","(STRAT_mod0.01 - STRAT_mod0.09) - (STRAT_mod1.44 - STRAT_mod2.88)","Hornfels",0.133194444018438,-0.293091505820845,0.524106404019835
"51","(STRAT_mod0.01 - STRAT_mod0.09) - (STRAT_mod1.44 - STRAT_mod3.37)","Hornfels",0.0899479892710161,-0.306415201814576,0.494932512696552
"52","(STRAT_mod0.01 - STRAT_mod0.09) - (STRAT_mod2.15 - STRAT_mod2.88)","Hornfels",0.309620456509039,-0.150885880386234,0.706515632043853
"53","(STRAT_mod0.01 - STRAT_mod0.09) - (STRAT_mod2.15 - STRAT_mod3.37)","Hornfels",0.264888916419795,-0.178990486814924,0.667998200266047
"54","(STRAT_mod0.01 - STRAT_mod0.09) - (STRAT_mod2.88 - STRAT_mod3.37)","Hornfels",0.31297121676958,-0.0939171422711909,0.692009474455681
"55","(STRAT_mod0.01 - STRAT_mod0.1) - (STRAT_mod0.01 - STRAT_mod0.2)","Hornfels",0.394724198757109,0.214596896046627,0.579852077105344
"56","(STRAT_mod0.01 - STRAT_mod0.1) - (STRAT_mod0.01 - STRAT_mod0.3)","Hornfels",0.0793128489345214,-0.0695478816365307,0.235008512719566
"57","(STRAT_mod0.01 - STRAT_mod0.1) - (STRAT_mod0.01 - STRAT_mod0.82)","Hornfels",0.110843934616787,-0.0104071433624852,0.232265578287571
"58","(STRAT_mod0.01 - STRAT_mod0.1) - (STRAT_mod0.01 - STRAT_mod1.08)","Hornfels",0.132213080793997,0.0118801587341414,0.244877480110058
"59","(STRAT_mod0.01 - STRAT_mod0.1) - (STRAT_mod0.01 - STRAT_mod1.44)","Hornfels",0.3333264364556,0.177818372473394,0.485835673865234
"60","(STRAT_mod0.01 - STRAT_mod0.1) - (STRAT_mod0.01 - STRAT_mod2.15)","Hornfels",0.161295060376236,-0.0388500904558372,0.355850265926133
"61","(STRAT_mod0.01 - STRAT_mod0.1) - (STRAT_mod0.01 - STRAT_mod2.88)","Hornfels",0.116310230759499,-0.00757537060590818,0.250292184232541
"62","(STRAT_mod0.01 - STRAT_mod0.1) - (STRAT_mod0.01 - STRAT_mod3.37)","Hornfels",0.0745513614502414,-0.0391031620288576,0.189455287518841
"63","(STRAT_mod0.01 - STRAT_mod0.1) - (STRAT_mod0.09 - STRAT_mod0.1)","Hornfels",0.353954231731577,-0.0146823897966318,0.748896009981603
"64","(STRAT_mod0.01 - STRAT_mod0.1) - (STRAT_mod0.09 - STRAT_mod0.2)","Hornfels",0.744898674550419,0.340787585871908,1.18593749014713
"65","(STRAT_mod0.01 - STRAT_mod0.1) - (STRAT_mod0.09 - STRAT_mod0.3)","Hornfels",0.433879948052089,0.0229322392707266,0.848934880125222
"66","(STRAT_mod0.01 - STRAT_mod0.1) - (STRAT_mod0.09 - STRAT_mod0.82)","Hornfels",0.463095965717785,0.0723343870052803,0.868173205844591
"67","(STRAT_mod0.01 - STRAT_mod0.1) - (STRAT_mod0.09 - STRAT_mod1.08)","Hornfels",0.485055771986102,0.084159616839201,0.874738140016556
"68","(STRAT_mod0.01 - STRAT_mod0.1) - (STRAT_mod0.09 - STRAT_mod1.44)","Hornfels",0.68914563486853,0.275397731474912,1.09327766230182
"69","(STRAT_mod0.01 - STRAT_mod0.1) - (STRAT_mod0.09 - STRAT_mod2.15)","Hornfels",0.51452858184233,0.089198606700826,0.949348218594865
"70","(STRAT_mod0.01 - STRAT_mod0.1) - (STRAT_mod0.09 - STRAT_mod2.88)","Hornfels",0.468184545249391,0.085909503352745,0.890918774028954
"71","(STRAT_mod0.01 - STRAT_mod0.1) - (STRAT_mod0.09 - STRAT_mod3.37)","Hornfels",0.425575911921396,0.0397643038203224,0.829103148853026
"72","(STRAT_mod0.01 - STRAT_mod0.1) - (STRAT_mod0.1 - STRAT_mod0.2)","Hornfels",0.682807838330391,0.329084297843048,1.03888143294251
"73","(STRAT_mod0.01 - STRAT_mod0.1) - (STRAT_mod0.1 - STRAT_mod0.3)","Hornfels",0.368129525278792,0.0247451482881876,0.69526403018401
"74","(STRAT_mod0.01 - STRAT_mod0.1) - (STRAT_mod0.1 - STRAT_mod0.82)","Hornfels",0.398062960193169,0.0762307653288173,0.716144134221803
"75","(STRAT_mod0.01 - STRAT_mod0.1) - (STRAT_mod0.1 - STRAT_mod1.08)","Hornfels",0.421563020155479,0.0857271344048086,0.731660853429639
"76","(STRAT_mod0.01 - STRAT_mod0.1) - (STRAT_mod0.1 - STRAT_mod1.44)","Hornfels",0.620947947502457,0.273435170741169,0.948865571110221
"77","(STRAT_mod0.01 - STRAT_mod0.1) - (STRAT_mod0.1 - STRAT_mod2.15)","Hornfels",0.449788490361537,0.10377860351026,0.836377607381366
"78","(STRAT_mod0.01 - STRAT_mod0.1) - (STRAT_mod0.1 - STRAT_mod2.88)","Hornfels",0.404179645087873,0.0765046463510029,0.728666264015605
"79","(STRAT_mod0.01 - STRAT_mod0.1) - (STRAT_mod0.1 - STRAT_mod3.37)","Hornfels",0.359597736859782,0.0372568493448743,0.672368055991098
"80","(STRAT_mod0.01 - STRAT_mod0.1) - (STRAT_mod0.2 - STRAT_mod0.3)","Hornfels",-0.0312246837435952,-0.351243823603433,0.294755457996657
"81","(STRAT_mod0.01 - STRAT_mod0.1) - (STRAT_mod0.2 - STRAT_mod0.82)","Hornfels",-0.00159051508281854,-0.305947399168151,0.308043620458343
"82","(STRAT_mod0.01 - STRAT_mod0.1) - (STRAT_mod0.2 - STRAT_mod1.08)","Hornfels",0.0213283679487272,-0.278282376759221,0.334886078477632
"83","(STRAT_mod0.01 - STRAT_mod0.1) - (STRAT_mod0.2 - STRAT_mod1.44)","Hornfels",0.224481790173993,-0.100398664744181,0.546472534262623
"84","(STRAT_mod0.01 - STRAT_mod0.1) - (STRAT_mod0.2 - STRAT_mod2.15)","Hornfels",0.0564410489902627,-0.301389287324041,0.400970296408432
"85","(STRAT_mod0.01 - STRAT_mod0.1) - (STRAT_mod0.2 - STRAT_mod2.88)","Hornfels",0.00494119635154822,-0.303371700675591,0.321847127460985
"86","(STRAT_mod0.01 - STRAT_mod0.1) - (STRAT_mod0.2 - STRAT_mod3.37)","Hornfels",-0.0379214966344592,-0.332600943228453,0.274078199162054
"87","(STRAT_mod0.01 - STRAT_mod0.1) - (STRAT_mod0.3 - STRAT_mod0.82)","Hornfels",0.318075953153149,0.0208873653253268,0.60892963442677
"88","(STRAT_mod0.01 - STRAT_mod0.1) - (STRAT_mod0.3 - STRAT_mod1.08)","Hornfels",0.339317776505299,0.0576503607742562,0.645032588796863
"89","(STRAT_mod0.01 - STRAT_mod0.1) - (STRAT_mod0.3 - STRAT_mod1.44)","Hornfels",0.540952246233103,0.220771021772075,0.849106346986277
"90","(STRAT_mod0.01 - STRAT_mod0.1) - (STRAT_mod0.3 - STRAT_mod2.15)","Hornfels",0.370662293097244,0.0407500690801918,0.722573165369477
"91","(STRAT_mod0.01 - STRAT_mod0.1) - (STRAT_mod0.3 - STRAT_mod2.88)","Hornfels",0.324380375406295,0.00177513757669373,0.608076558718612
"92","(STRAT_mod0.01 - STRAT_mod0.1) - (STRAT_mod0.3 - STRAT_mod3.37)","Hornfels",0.281432203204487,0.00400313152673523,0.585252286592451
"93","(STRAT_mod0.01 - STRAT_mod0.1) - (STRAT_mod0.82 - STRAT_mod1.08)","Hornfels",0.307445108773998,0.0212656814036293,0.587271762161727
"94","(STRAT_mod0.01 - STRAT_mod0.1) - (STRAT_mod0.82 - STRAT_mod1.44)","Hornfels",0.511430930646839,0.209510683091123,0.804432387522811
"95","(STRAT_mod0.01 - STRAT_mod0.1) - (STRAT_mod0.82 - STRAT_mod2.15)","Hornfels",0.340633370728201,-0.0140626692837817,0.649904464927963
"96","(STRAT_mod0.01 - STRAT_mod0.1) - (STRAT_mod0.82 - STRAT_mod2.88)","Hornfels",0.293921476191033,0.0180752440729997,0.589825140454755
"97","(STRAT_mod0.01 - STRAT_mod0.1) - (STRAT_mod0.82 - STRAT_mod3.37)","Hornfels",0.249761372729942,-0.0308307746054646,0.524734137560914
"98","(STRAT_mod0.01 - STRAT_mod0.1) - (STRAT_mod1.08 - STRAT_mod1.44)","Hornfels",0.490440186387475,0.195789455041542,0.785301554210301
"99","(STRAT_mod0.01 - STRAT_mod0.1) - (STRAT_mod1.08 - STRAT_mod2.15)","Hornfels",0.31803287781502,-0.0326442530864218,0.625829868437353
"100","(STRAT_mod0.01 - STRAT_mod0.1) - (STRAT_mod1.08 - STRAT_mod2.88)","Hornfels",0.27297649003704,-0.00512305545871222,0.562022816219543
"101","(STRAT_mod0.01 - STRAT_mod0.1) - (STRAT_mod1.08 - STRAT_mod3.37)","Hornfels",0.227603197698753,-0.0379343613626849,0.517426228795885
"102","(STRAT_mod0.01 - STRAT_mod0.1) - (STRAT_mod1.44 - STRAT_mod2.15)","Hornfels",0.116117013398876,-0.224045174211269,0.463067053980328
"103","(STRAT_mod0.01 - STRAT_mod0.1) - (STRAT_mod1.44 - STRAT_mod2.88)","Hornfels",0.0694464488475531,-0.228157992205228,0.366854103224173
"104","(STRAT_mod0.01 - STRAT_mod0.1) - (STRAT_mod1.44 - STRAT_mod3.37)","Hornfels",0.0254249622216613,-0.254932292855815,0.327434646525765
"105","(STRAT_mod0.01 - STRAT_mod0.1) - (STRAT_mod2.15 - STRAT_mod2.88)","Hornfels",0.241949294649925,-0.095776205070361,0.545503552839202
"106","(STRAT_mod0.01 - STRAT_mod0.1) - (STRAT_mod2.15 - STRAT_mod3.37)","Hornfels",0.197704591624919,-0.114524485221745,0.513367439841676
"107","(STRAT_mod0.01 - STRAT_mod0.1) - (STRAT_mod2.88 - STRAT_mod3.37)","Hornfels",0.241512801181926,-0.0401119523641486,0.523901846900522
"108","(STRAT_mod0.01 - STRAT_mod0.2) - (STRAT_mod0.01 - STRAT_mod0.3)","Hornfels",-0.317675350050636,-0.50850177962818,-0.127586403363993
"109","(STRAT_mod0.01 - STRAT_mod0.2) - (STRAT_mod0.01 - STRAT_mod0.82)","Hornfels",-0.28450228409218,-0.438999244904437,-0.10336434553759
"110","(STRAT_mod0.01 - STRAT_mod0.2) - (STRAT_mod0.01 - STRAT_mod1.08)","Hornfels",-0.262976588705103,-0.437752442788714,-0.106507671388617
"111","(STRAT_mod0.01 - STRAT_mod0.2) - (STRAT_mod0.01 - STRAT_mod1.44)","Hornfels",-0.0603993130190996,-0.262678042331115,0.123386133649697
"112","(STRAT_mod0.01 - STRAT_mod0.2) - (STRAT_mod0.01 - STRAT_mod2.15)","Hornfels",-0.235860434207339,-0.467623558508707,-0.00795208890939281
"113","(STRAT_mod0.01 - STRAT_mod0.2) - (STRAT_mod0.01 - STRAT_mod2.88)","Hornfels",-0.277973610673274,-0.448288476351088,-0.104514578761911
"114","(STRAT_mod0.01 - STRAT_mod0.2) - (STRAT_mod0.01 - STRAT_mod3.37)","Hornfels",-0.321664191918386,-0.483225689615989,-0.153974267699551
"115","(STRAT_mod0.01 - STRAT_mod0.2) - (STRAT_mod0.09 - STRAT_mod0.1)","Hornfels",-0.0398854198532889,-0.485058668610226,0.362417312680046
"116","(STRAT_mod0.01 - STRAT_mod0.2) - (STRAT_mod0.09 - STRAT_mod0.2)","Hornfels",0.353954231731577,-0.0146823897966318,0.748896009981603
"117","(STRAT_mod0.01 - STRAT_mod0.2) - (STRAT_mod0.09 - STRAT_mod0.3)","Hornfels",0.0397088935763207,-0.384692825653142,0.468647093587503
"118","(STRAT_mod0.01 - STRAT_mod0.2) - (STRAT_mod0.09 - STRAT_mod0.82)","Hornfels",0.0682650840488438,-0.323371470881799,0.49936836102646
"119","(STRAT_mod0.01 - STRAT_mod0.2) - (STRAT_mod0.09 - STRAT_mod1.08)","Hornfels",0.0903260372128475,-0.331719594440693,0.492944506739399
"120","(STRAT_mod0.01 - STRAT_mod0.2) - (STRAT_mod0.09 - STRAT_mod1.44)","Hornfels",0.29074361918707,-0.135649397758141,0.704989704932859
"121","(STRAT_mod0.01 - STRAT_mod0.2) - (STRAT_mod0.09 - STRAT_mod2.15)","Hornfels",0.12256872820181,-0.341570884650995,0.543858158443755
"122","(STRAT_mod0.01 - STRAT_mod0.2) - (STRAT_mod0.09 - STRAT_mod2.88)","Hornfels",0.0737779761099574,-0.338490635998657,0.497840895897351
"123","(STRAT_mod0.01 - STRAT_mod0.2) - (STRAT_mod0.09 - STRAT_mod3.37)","Hornfels",0.0319920965647411,-0.395914937939658,0.422537067705732
"124","(STRAT_mod0.01 - STRAT_mod0.2) - (STRAT_mod0.1 - STRAT_mod0.2)","Hornfels",0.287508271311148,0.0186919764330251,0.549169980654319
"125","(STRAT_mod0.01 - STRAT_mod0.2) - (STRAT_mod0.1 - STRAT_mod0.3)","Hornfels",-0.0312246837435952,-0.351243823603433,0.294755457996657
"126","(STRAT_mod0.01 - STRAT_mod0.2) - (STRAT_mod0.1 - STRAT_mod0.82)","Hornfels",-0.00159051508281854,-0.305947399168151,0.308043620458343
"127","(STRAT_mod0.01 - STRAT_mod0.2) - (STRAT_mod0.1 - STRAT_mod1.08)","Hornfels",0.0213283679487272,-0.278282376759221,0.334886078477632
"128","(STRAT_mod0.01 - STRAT_mod0.2) - (STRAT_mod0.1 - STRAT_mod1.44)","Hornfels",0.224481790173993,-0.100398664744181,0.546472534262623
"129","(STRAT_mod0.01 - STRAT_mod0.2) - (STRAT_mod0.1 - STRAT_mod2.15)","Hornfels",0.0564410489902627,-0.301389287324041,0.400970296408432
"130","(STRAT_mod0.01 - STRAT_mod0.2) - (STRAT_mod0.1 - STRAT_mod2.88)","Hornfels",0.00494119635154822,-0.303371700675591,0.321847127460985
"131","(STRAT_mod0.01 - STRAT_mod0.2) - (STRAT_mod0.1 - STRAT_mod3.37)","Hornfels",-0.0379214966344592,-0.332600943228453,0.274078199162054
"132","(STRAT_mod0.01 - STRAT_mod0.2) - (STRAT_mod0.2 - STRAT_mod0.3)","Hornfels",-0.426444377840534,-0.840120173627507,-0.029323786582231
"133","(STRAT_mod0.01 - STRAT_mod0.2) - (STRAT_mod0.2 - STRAT_mod0.82)","Hornfels",-0.394080353767439,-0.79000464474129,-0.00763288091245801
"134","(STRAT_mod0.01 - STRAT_mod0.2) - (STRAT_mod0.2 - STRAT_mod1.08)","Hornfels",-0.372431295449179,-0.752904733536251,0.0318228299024553
"135","(STRAT_mod0.01 - STRAT_mod0.2) - (STRAT_mod0.2 - STRAT_mod1.44)","Hornfels",-0.171092413448175,-0.564426135105553,0.248257195253619
"136","(STRAT_mod0.01 - STRAT_mod0.2) - (STRAT_mod0.2 - STRAT_mod2.15)","Hornfels",-0.341102252351754,-0.762879937105261,0.0863259853602797
"137","(STRAT_mod0.01 - STRAT_mod0.2) - (STRAT_mod0.2 - STRAT_mod2.88)","Hornfels",-0.388418946547466,-0.793586058921867,0.00151403536534489
"138","(STRAT_mod0.01 - STRAT_mod0.2) - (STRAT_mod0.2 - STRAT_mod3.37)","Hornfels",-0.433288617567607,-0.816567533875013,-0.0319651893058147
"139","(STRAT_mod0.01 - STRAT_mod0.2) - (STRAT_mod0.3 - STRAT_mod0.82)","Hornfels",-0.0780239280133151,-0.370676455294378,0.255513539947655
"140","(STRAT_mod0.01 - STRAT_mod0.2) - (STRAT_mod0.3 - STRAT_mod1.08)","Hornfels",-0.0564792786422912,-0.357909007946965,0.264047544919539
"141","(STRAT_mod0.01 - STRAT_mod0.2) - (STRAT_mod0.3 - STRAT_mod1.44)","Hornfels",0.147926212501911,-0.177798833152939,0.488794243521658
"142","(STRAT_mod0.01 - STRAT_mod0.2) - (STRAT_mod0.3 - STRAT_mod2.15)","Hornfels",-0.0247297438113452,-0.391255742273616,0.327593224481845
"143","(STRAT_mod0.01 - STRAT_mod0.2) - (STRAT_mod0.3 - STRAT_mod2.88)","Hornfels",-0.0705627465323874,-0.389316233235332,0.245310960502778
"144","(STRAT_mod0.01 - STRAT_mod0.2) - (STRAT_mod0.3 - STRAT_mod3.37)","Hornfels",-0.116429835416941,-0.424437808865868,0.195980437666366
"145","(STRAT_mod0.01 - STRAT_mod0.2) - (STRAT_mod0.82 - STRAT_mod1.08)","Hornfels",-0.087458119727009,-0.398273335761474,0.208841682033164
"146","(STRAT_mod0.01 - STRAT_mod0.2) - (STRAT_mod0.82 - STRAT_mod1.44)","Hornfels",0.115029587685229,-0.223553803840471,0.422665964363241
"147","(STRAT_mod0.01 - STRAT_mod0.2) - (STRAT_mod0.82 - STRAT_mod2.15)","Hornfels",-0.0561883331431216,-0.40348542575943,0.295576252649548
"148","(STRAT_mod0.01 - STRAT_mod0.2) - (STRAT_mod0.82 - STRAT_mod2.88)","Hornfels",-0.101670287227464,-0.421977480017973,0.197974581212463
"149","(STRAT_mod0.01 - STRAT_mod0.2) - (STRAT_mod0.82 - STRAT_mod3.37)","Hornfels",-0.145569126052337,-0.428538055992843,0.171053117364458
"150","(STRAT_mod0.01 - STRAT_mod0.2) - (STRAT_mod1.08 - STRAT_mod1.44)","Hornfels",0.0946369003837319,-0.21767988932438,0.420689468355964
"151","(STRAT_mod0.01 - STRAT_mod0.2) - (STRAT_mod1.08 - STRAT_mod2.15)","Hornfels",-0.0752811377368855,-0.435834556499994,0.259558660365005
"152","(STRAT_mod0.01 - STRAT_mod0.2) - (STRAT_mod1.08 - STRAT_mod2.88)","Hornfels",-0.126027033455084,-0.411257563560229,0.202981568186431
"153","(STRAT_mod0.01 - STRAT_mod0.2) - (STRAT_mod1.08 - STRAT_mod3.37)","Hornfels",-0.168263728618304,-0.463141914163111,0.135935646871759
"154","(STRAT_mod0.01 - STRAT_mod0.2) - (STRAT_mod1.44 - STRAT_mod2.15)","Hornfels",-0.280140251306937,-0.644025739306637,0.0722681556733289
"155","(STRAT_mod0.01 - STRAT_mod0.2) - (STRAT_mod1.44 - STRAT_mod2.88)","Hornfels",-0.325062142261661,-0.643565775192238,-0.0103695263697758
"156","(STRAT_mod0.01 - STRAT_mod0.2) - (STRAT_mod1.44 - STRAT_mod3.37)","Hornfels",-0.367278206283301,-0.673060181938681,-0.0588660158662577
"157","(STRAT_mod0.01 - STRAT_mod0.2) - (STRAT_mod2.15 - STRAT_mod2.88)","Hornfels",-0.1510588881865,-0.484220501686946,0.194562094175043
"158","(STRAT_mod0.01 - STRAT_mod0.2) - (STRAT_mod2.15 - STRAT_mod3.37)","Hornfels",-0.196188184969756,-0.515727177289361,0.146793593164606
"159","(STRAT_mod0.01 - STRAT_mod0.2) - (STRAT_mod2.88 - STRAT_mod3.37)","Hornfels",-0.153249117318985,-0.448832550425342,0.155030877499352
"160","(STRAT_mod0.01 - STRAT_mod0.3) - (STRAT_mod0.01 - STRAT_mod0.82)","Hornfels",0.0315098181850293,-0.0968602069134329,0.16763171988757
"161","(STRAT_mod0.01 - STRAT_mod0.3) - (STRAT_mod0.01 - STRAT_mod1.08)","Hornfels",0.052178054885848,-0.0769921616541981,0.179615042576729
"162","(STRAT_mod0.01 - STRAT_mod0.3) - (STRAT_mod0.01 - STRAT_mod1.44)","Hornfels",0.255356524307311,0.0951243431435559,0.428606975955816
"163","(STRAT_mod0.01 - STRAT_mod0.3) - (STRAT_mod0.01 - STRAT_mod2.15)","Hornfels",0.0829951048892644,-0.132819452655944,0.28132766989147
"164","(STRAT_mod0.01 - STRAT_mod0.3) - (STRAT_mod0.01 - STRAT_mod2.88)","Hornfels",0.0384468049743496,-0.0911697783120262,0.188060690697908
"165","(STRAT_mod0.01 - STRAT_mod0.3) - (STRAT_mod0.01 - STRAT_mod3.37)","Hornfels",-0.00371665285037923,-0.132957407742338,0.11878446332754
"166","(STRAT_mod0.01 - STRAT_mod0.3) - (STRAT_mod0.09 - STRAT_mod0.1)","Hornfels",0.271074708440776,-0.144872725554732,0.673580430944319
"167","(STRAT_mod0.01 - STRAT_mod0.3) - (STRAT_mod0.09 - STRAT_mod0.2)","Hornfels",0.666563484077781,0.254945727698721,1.09877754881557
"168","(STRAT_mod0.01 - STRAT_mod0.3) - (STRAT_mod0.09 - STRAT_mod0.3)","Hornfels",0.353954231731577,-0.0146823897966318,0.748896009981603
"169","(STRAT_mod0.01 - STRAT_mod0.3) - (STRAT_mod0.09 - STRAT_mod0.82)","Hornfels",0.38271580640351,-0.00732000006289357,0.785714671502419
"170","(STRAT_mod0.01 - STRAT_mod0.3) - (STRAT_mod0.09 - STRAT_mod1.08)","Hornfels",0.403666956359503,0.0129735802352268,0.808206785381966
"171","(STRAT_mod0.01 - STRAT_mod0.3) - (STRAT_mod0.09 - STRAT_mod1.44)","Hornfels",0.604049988352842,0.192140323283357,1.0193309135591
"172","(STRAT_mod0.01 - STRAT_mod0.3) - (STRAT_mod0.09 - STRAT_mod2.15)","Hornfels",0.434016908992277,-0.0238750710632858,0.841322898049454
"173","(STRAT_mod0.01 - STRAT_mod0.3) - (STRAT_mod0.09 - STRAT_mod2.88)","Hornfels",0.387717908760073,-0.0164110565712168,0.786863849044826
"174","(STRAT_mod0.01 - STRAT_mod0.3) - (STRAT_mod0.09 - STRAT_mod3.37)","Hornfels",0.343126417191167,-0.0476346642662779,0.748181343777055
"175","(STRAT_mod0.01 - STRAT_mod0.3) - (STRAT_mod0.1 - STRAT_mod0.2)","Hornfels",0.602587427982103,0.274907930868235,0.943761792183391
"176","(STRAT_mod0.01 - STRAT_mod0.3) - (STRAT_mod0.1 - STRAT_mod0.3)","Hornfels",0.287508271311148,0.0186919764330251,0.549169980654319
"177","(STRAT_mod0.01 - STRAT_mod0.3) - (STRAT_mod0.1 - STRAT_mod0.82)","Hornfels",0.318075953153149,0.0208873653253268,0.60892963442677
"178","(STRAT_mod0.01 - STRAT_mod0.3) - (STRAT_mod0.1 - STRAT_mod1.08)","Hornfels",0.339317776505299,0.0576503607742562,0.645032588796863
"179","(STRAT_mod0.01 - STRAT_mod0.3) - (STRAT_mod0.1 - STRAT_mod1.44)","Hornfels",0.540952246233103,0.220771021772075,0.849106346986277
"180","(STRAT_mod0.01 - STRAT_mod0.3) - (STRAT_mod0.1 - STRAT_mod2.15)","Hornfels",0.370662293097244,0.0407500690801918,0.722573165369477
"181","(STRAT_mod0.01 - STRAT_mod0.3) - (STRAT_mod0.1 - STRAT_mod2.88)","Hornfels",0.324380375406295,0.00177513757669373,0.608076558718612
"182","(STRAT_mod0.01 - STRAT_mod0.3) - (STRAT_mod0.1 - STRAT_mod3.37)","Hornfels",0.281432203204487,0.00400313152673523,0.585252286592451
"183","(STRAT_mod0.01 - STRAT_mod0.3) - (STRAT_mod0.2 - STRAT_mod0.3)","Hornfels",-0.109918317824923,-0.394327526344106,0.179610526674538
"184","(STRAT_mod0.01 - STRAT_mod0.3) - (STRAT_mod0.2 - STRAT_mod0.82)","Hornfels",-0.0780239280133151,-0.370676455294378,0.255513539947655
"185","(STRAT_mod0.01 - STRAT_mod0.3) - (STRAT_mod0.2 - STRAT_mod1.08)","Hornfels",-0.0564792786422912,-0.357909007946965,0.264047544919539
"186","(STRAT_mod0.01 - STRAT_mod0.3) - (STRAT_mod0.2 - STRAT_mod1.44)","Hornfels",0.147926212501911,-0.177798833152939,0.488794243521658
"187","(STRAT_mod0.01 - STRAT_mod0.3) - (STRAT_mod0.2 - STRAT_mod2.15)","Hornfels",-0.0247297438113452,-0.391255742273616,0.327593224481845
"188","(STRAT_mod0.01 - STRAT_mod0.3) - (STRAT_mod0.2 - STRAT_mod2.88)","Hornfels",-0.0705627465323874,-0.389316233235332,0.245310960502778
"189","(STRAT_mod0.01 - STRAT_mod0.3) - (STRAT_mod0.2 - STRAT_mod3.37)","Hornfels",-0.116429835416941,-0.424437808865868,0.195980437666366
"190","(STRAT_mod0.01 - STRAT_mod0.3) - (STRAT_mod0.3 - STRAT_mod0.82)","Hornfels",0.24091608951424,-0.0871143781287728,0.589213513228268
"191","(STRAT_mod0.01 - STRAT_mod0.3) - (STRAT_mod0.3 - STRAT_mod1.08)","Hornfels",0.262169700617123,-0.0751210393406224,0.6007460227282
"192","(STRAT_mod0.01 - STRAT_mod0.3) - (STRAT_mod0.3 - STRAT_mod1.44)","Hornfels",0.467025810745573,0.104025283374525,0.822720642578891
"193","(STRAT_mod0.01 - STRAT_mod0.3) - (STRAT_mod0.3 - STRAT_mod2.15)","Hornfels",0.289117880512248,-0.0982117759066444,0.658760939471548
"194","(STRAT_mod0.01 - STRAT_mod0.3) - (STRAT_mod0.3 - STRAT_mod2.88)","Hornfels",0.247186082413977,-0.10704846006363,0.58082840257378
"195","(STRAT_mod0.01 - STRAT_mod0.3) - (STRAT_mod0.3 - STRAT_mod3.37)","Hornfels",0.204736865547823,-0.120264712803775,0.552969147929132
"196","(STRAT_mod0.01 - STRAT_mod0.3) - (STRAT_mod0.82 - STRAT_mod1.08)","Hornfels",0.230495332719966,-0.0429390204530684,0.532836841553328
"197","(STRAT_mod0.01 - STRAT_mod0.3) - (STRAT_mod0.82 - STRAT_mod1.44)","Hornfels",0.431764332467774,0.127315347919432,0.742043994286653
"198","(STRAT_mod0.01 - STRAT_mod0.3) - (STRAT_mod0.82 - STRAT_mod2.15)","Hornfels",0.258009678655475,-0.0716905726745541,0.597691589550392
"199","(STRAT_mod0.01 - STRAT_mod0.3) - (STRAT_mod0.82 - STRAT_mod2.88)","Hornfels",0.213670851097595,-0.081394247114518,0.505382284601095
"200","(STRAT_mod0.01 - STRAT_mod0.3) - (STRAT_mod0.82 - STRAT_mod3.37)","Hornfels",0.170596386707807,-0.113095282393514,0.454844713913596
"201","(STRAT_mod0.01 - STRAT_mod0.3) - (STRAT_mod1.08 - STRAT_mod1.44)","Hornfels",0.411251854938723,0.103519377604559,0.715692717695877
"202","(STRAT_mod0.01 - STRAT_mod0.3) - (STRAT_mod1.08 - STRAT_mod2.15)","Hornfels",0.237624404922627,-0.10511469068465,0.559328894304666
"203","(STRAT_mod0.01 - STRAT_mod0.3) - (STRAT_mod1.08 - STRAT_mod2.88)","Hornfels",0.193024612347222,-0.0978397653229024,0.49109926548496
"204","(STRAT_mod0.01 - STRAT_mod0.3) - (STRAT_mod1.08 - STRAT_mod3.37)","Hornfels",0.148773005577357,-0.129148984114757,0.439861759105072
"205","(STRAT_mod0.01 - STRAT_mod0.3) - (STRAT_mod1.44 - STRAT_mod2.15)","Hornfels",0.037027280711239,-0.310402912300158,0.374679552552616
"206","(STRAT_mod0.01 - STRAT_mod0.3) - (STRAT_mod1.44 - STRAT_mod2.88)","Hornfels",-0.0101001469210836,-0.307350284933824,0.298647966034365
"207","(STRAT_mod0.01 - STRAT_mod0.3) - (STRAT_mod1.44 - STRAT_mod3.37)","Hornfels",-0.052508011519084,-0.354215339674253,0.234490809973077
"208","(STRAT_mod0.01 - STRAT_mod0.3) - (STRAT_mod2.15 - STRAT_mod2.88)","Hornfels",0.167177430495559,-0.182501935926345,0.47126822438216
"209","(STRAT_mod0.01 - STRAT_mod0.3) - (STRAT_mod2.15 - STRAT_mod3.37)","Hornfels",0.121423650198189,-0.199442765357515,0.436273470749567
"210","(STRAT_mod0.01 - STRAT_mod0.3) - (STRAT_mod2.88 - STRAT_mod3.37)","Hornfels",0.163876098365706,-0.128620790416799,0.439137632881581
"211","(STRAT_mod0.01 - STRAT_mod0.82) - (STRAT_mod0.01 - STRAT_mod1.08)","Hornfels",0.0206154895423618,-0.0738223380522195,0.109946826862599
"212","(STRAT_mod0.01 - STRAT_mod0.82) - (STRAT_mod0.01 - STRAT_mod1.44)","Hornfels",0.222846993015441,0.092422802786322,0.361128482523276
"213","(STRAT_mod0.01 - STRAT_mod0.82) - (STRAT_mod0.01 - STRAT_mod2.15)","Hornfels",0.051547317206185,-0.127624178177327,0.235548251816125
"214","(STRAT_mod0.01 - STRAT_mod0.82) - (STRAT_mod0.01 - STRAT_mod2.88)","Hornfels",0.00576522063800658,-0.0962903603468615,0.112492060213772
"215","(STRAT_mod0.01 - STRAT_mod0.82) - (STRAT_mod0.01 - STRAT_mod3.37)","Hornfels",-0.0373770077437963,-0.127732742609874,0.0482762547167628
"216","(STRAT_mod0.01 - STRAT_mod0.82) - (STRAT_mod0.09 - STRAT_mod0.1)","Hornfels",0.244788084736226,-0.157080386441101,0.648789668352444
"217","(STRAT_mod0.01 - STRAT_mod0.82) - (STRAT_mod0.09 - STRAT_mod0.2)","Hornfels",0.633044933720073,0.20242667199717,1.03622297120829
"218","(STRAT_mod0.01 - STRAT_mod0.82) - (STRAT_mod0.09 - STRAT_mod0.3)","Hornfels",0.321591427066242,-0.089652469328896,0.722195110278559
"219","(STRAT_mod0.01 - STRAT_mod0.82) - (STRAT_mod0.09 - STRAT_mod0.82)","Hornfels",0.353954231731577,-0.0146823897966318,0.748896009981603
"220","(STRAT_mod0.01 - STRAT_mod0.82) - (STRAT_mod0.09 - STRAT_mod1.08)","Hornfels",0.374461478064587,-0.0199635097964395,0.76480193385471
"221","(STRAT_mod0.01 - STRAT_mod0.82) - (STRAT_mod0.09 - STRAT_mod1.44)","Hornfels",0.578721531585472,0.160132427203646,0.97300142694783
"222","(STRAT_mod0.01 - STRAT_mod0.82) - (STRAT_mod0.09 - STRAT_mod2.15)","Hornfels",0.404566350982057,-0.0113512238004158,0.840317871904591
"223","(STRAT_mod0.01 - STRAT_mod0.82) - (STRAT_mod0.09 - STRAT_mod2.88)","Hornfels",0.358472451010103,-0.0568269263552878,0.739389381929039
"224","(STRAT_mod0.01 - STRAT_mod0.82) - (STRAT_mod0.09 - STRAT_mod3.37)","Hornfels",0.314915068617907,-0.044453651415769,0.739884981744954
"225","(STRAT_mod0.01 - STRAT_mod0.82) - (STRAT_mod0.1 - STRAT_mod0.2)","Hornfels",0.57253111757991,0.262813614779676,0.901594925212142
"226","(STRAT_mod0.01 - STRAT_mod0.82) - (STRAT_mod0.1 - STRAT_mod0.3)","Hornfels",0.256334722376192,-0.0482870510970623,0.552562875425282
"227","(STRAT_mod0.01 - STRAT_mod0.82) - (STRAT_mod0.1 - STRAT_mod0.82)","Hornfels",0.287508271311148,0.0186919764330251,0.549169980654319
"228","(STRAT_mod0.01 - STRAT_mod0.82) - (STRAT_mod0.1 - STRAT_mod1.08)","Hornfels",0.307445108773998,0.0212656814036293,0.587271762161727
"229","(STRAT_mod0.01 - STRAT_mod0.82) - (STRAT_mod0.1 - STRAT_mod1.44)","Hornfels",0.511430930646839,0.209510683091123,0.804432387522811
"230","(STRAT_mod0.01 - STRAT_mod0.82) - (STRAT_mod0.1 - STRAT_mod2.15)","Hornfels",0.340633370728201,-0.0140626692837817,0.649904464927963
"231","(STRAT_mod0.01 - STRAT_mod0.82) - (STRAT_mod0.1 - STRAT_mod2.88)","Hornfels",0.293921476191033,0.0180752440729997,0.589825140454755
"232","(STRAT_mod0.01 - STRAT_mod0.82) - (STRAT_mod0.1 - STRAT_mod3.37)","Hornfels",0.249761372729942,-0.0308307746054646,0.524734137560914
"233","(STRAT_mod0.01 - STRAT_mod0.82) - (STRAT_mod0.2 - STRAT_mod0.3)","Hornfels",-0.140114958388816,-0.440091534548386,0.19750195308478
"234","(STRAT_mod0.01 - STRAT_mod0.82) - (STRAT_mod0.2 - STRAT_mod0.82)","Hornfels",-0.109918317824923,-0.394327526344106,0.179610526674538
"235","(STRAT_mod0.01 - STRAT_mod0.82) - (STRAT_mod0.2 - STRAT_mod1.08)","Hornfels",-0.087458119727009,-0.398273335761474,0.208841682033164
"236","(STRAT_mod0.01 - STRAT_mod0.82) - (STRAT_mod0.2 - STRAT_mod1.44)","Hornfels",0.115029587685229,-0.223553803840471,0.422665964363241
"237","(STRAT_mod0.01 - STRAT_mod0.82) - (STRAT_mod0.2 - STRAT_mod2.15)","Hornfels",-0.0561883331431216,-0.40348542575943,0.295576252649548
"238","(STRAT_mod0.01 - STRAT_mod0.82) - (STRAT_mod0.2 - STRAT_mod2.88)","Hornfels",-0.101670287227464,-0.421977480017973,0.197974581212463
"239","(STRAT_mod0.01 - STRAT_mod0.82) - (STRAT_mod0.2 - STRAT_mod3.37)","Hornfels",-0.145569126052337,-0.428538055992843,0.171053117364458
"240","(STRAT_mod0.01 - STRAT_mod0.82) - (STRAT_mod0.3 - STRAT_mod0.82)","Hornfels",0.206795111787054,-0.0608889115051161,0.486118437685221
"241","(STRAT_mod0.01 - STRAT_mod0.82) - (STRAT_mod0.3 - STRAT_mod1.08)","Hornfels",0.230495332719966,-0.0429390204530684,0.532836841553328
"242","(STRAT_mod0.01 - STRAT_mod0.82) - (STRAT_mod0.3 - STRAT_mod1.44)","Hornfels",0.431764332467774,0.127315347919432,0.742043994286653
"243","(STRAT_mod0.01 - STRAT_mod0.82) - (STRAT_mod0.3 - STRAT_mod2.15)","Hornfels",0.258009678655475,-0.0716905726745541,0.597691589550392
"244","(STRAT_mod0.01 - STRAT_mod0.82) - (STRAT_mod0.3 - STRAT_mod2.88)","Hornfels",0.213670851097595,-0.081394247114518,0.505382284601095
"245","(STRAT_mod0.01 - STRAT_mod0.82) - (STRAT_mod0.3 - STRAT_mod3.37)","Hornfels",0.170596386707807,-0.113095282393514,0.454844713913596
"246","(STRAT_mod0.01 - STRAT_mod0.82) - (STRAT_mod0.82 - STRAT_mod1.08)","Hornfels",0.196357000050397,-0.0859492242051711,0.49385664187944
"247","(STRAT_mod0.01 - STRAT_mod0.82) - (STRAT_mod0.82 - STRAT_mod1.44)","Hornfels",0.400759002162061,0.0902349807319567,0.704328052947369
"248","(STRAT_mod0.01 - STRAT_mod0.82) - (STRAT_mod0.82 - STRAT_mod2.15)","Hornfels",0.229509796018232,-0.0872147828242981,0.581589484324148
"249","(STRAT_mod0.01 - STRAT_mod0.82) - (STRAT_mod0.82 - STRAT_mod2.88)","Hornfels",0.18264664162917,-0.119806480090046,0.471005581303433
"250","(STRAT_mod0.01 - STRAT_mod0.82) - (STRAT_mod0.82 - STRAT_mod3.37)","Hornfels",0.13879084887962,-0.136842762925128,0.436885267126796
"251","(STRAT_mod0.01 - STRAT_mod0.82) - (STRAT_mod1.08 - STRAT_mod1.44)","Hornfels",0.379359783677998,0.0855691145002533,0.670085356298785
"252","(STRAT_mod0.01 - STRAT_mod0.82) - (STRAT_mod1.08 - STRAT_mod2.15)","Hornfels",0.207812332860351,-0.106839745657463,0.533697763569344
"253","(STRAT_mod0.01 - STRAT_mod0.82) - (STRAT_mod1.08 - STRAT_mod2.88)","Hornfels",0.162067842105837,-0.118968563761893,0.440379738187467
"254","(STRAT_mod0.01 - STRAT_mod0.82) - (STRAT_mod1.08 - STRAT_mod3.37)","Hornfels",0.117667591808536,-0.139219813130808,0.397431414490024
"255","(STRAT_mod0.01 - STRAT_mod0.82) - (STRAT_mod1.44 - STRAT_mod2.15)","Hornfels",0.00540719308948612,-0.340052763529968,0.329936594128229
"256","(STRAT_mod0.01 - STRAT_mod0.82) - (STRAT_mod1.44 - STRAT_mod2.88)","Hornfels",-0.040761786708466,-0.323529021175264,0.259459475922712
"257","(STRAT_mod0.01 - STRAT_mod0.82) - (STRAT_mod1.44 - STRAT_mod3.37)","Hornfels",-0.08396598678252,-0.383407445838678,0.188625047465583
"258","(STRAT_mod0.01 - STRAT_mod0.82) - (STRAT_mod2.15 - STRAT_mod2.88)","Hornfels",0.13204084362028,-0.172071493995865,0.461193130934667
"259","(STRAT_mod0.01 - STRAT_mod0.82) - (STRAT_mod2.15 - STRAT_mod3.37)","Hornfels",0.0893130801346374,-0.217579877520277,0.401316754136801
"260","(STRAT_mod0.01 - STRAT_mod0.82) - (STRAT_mod2.88 - STRAT_mod3.37)","Hornfels",0.131652546567333,-0.13998604089542,0.408912825326612
"261","(STRAT_mod0.01 - STRAT_mod1.08) - (STRAT_mod0.01 - STRAT_mod1.44)","Hornfels",0.20252488362118,0.0701661042166686,0.331543592264078
"262","(STRAT_mod0.01 - STRAT_mod1.08) - (STRAT_mod0.01 - STRAT_mod2.15)","Hornfels",0.0301937719097017,-0.147073623059884,0.217235382824986
"263","(STRAT_mod0.01 - STRAT_mod1.08) - (STRAT_mod0.01 - STRAT_mod2.88)","Hornfels",-0.0153918412499109,-0.11269204707255,0.0916787229698049
"264","(STRAT_mod0.01 - STRAT_mod1.08) - (STRAT_mod0.01 - STRAT_mod3.37)","Hornfels",-0.0581364864572537,-0.146636386745788,0.0254387490335389
"265","(STRAT_mod0.01 - STRAT_mod1.08) - (STRAT_mod0.09 - STRAT_mod0.1)","Hornfels",0.222255389025484,-0.17500180996631,0.626438820579155
"266","(STRAT_mod0.01 - STRAT_mod1.08) - (STRAT_mod0.09 - STRAT_mod0.2)","Hornfels",0.61409585546929,0.220075085506086,1.05714726081495
"267","(STRAT_mod0.01 - STRAT_mod1.08) - (STRAT_mod0.09 - STRAT_mod0.3)","Hornfels",0.302441503969304,-0.117914519488717,0.691540571351967
"268","(STRAT_mod0.01 - STRAT_mod1.08) - (STRAT_mod0.09 - STRAT_mod0.82)","Hornfels",0.332441562755417,-0.0510921079156955,0.734287464922659
"269","(STRAT_mod0.01 - STRAT_mod1.08) - (STRAT_mod0.09 - STRAT_mod1.08)","Hornfels",0.353954231731577,-0.0146823897966318,0.748896009981603
"270","(STRAT_mod0.01 - STRAT_mod1.08) - (STRAT_mod0.09 - STRAT_mod1.44)","Hornfels",0.557574754206589,0.148933463266649,0.954322258635759
"271","(STRAT_mod0.01 - STRAT_mod1.08) - (STRAT_mod0.09 - STRAT_mod2.15)","Hornfels",0.383707111097073,-0.0471956332621792,0.797632478055581
"272","(STRAT_mod0.01 - STRAT_mod1.08) - (STRAT_mod0.09 - STRAT_mod2.88)","Hornfels",0.338205065286724,-0.0570944357947537,0.738451673458099
"273","(STRAT_mod0.01 - STRAT_mod1.08) - (STRAT_mod0.09 - STRAT_mod3.37)","Hornfels",0.295439808149573,-0.0802529087445054,0.701066352953271
"274","(STRAT_mod0.01 - STRAT_mod1.08) - (STRAT_mod0.1 - STRAT_mod0.2)","Hornfels",0.550102945655399,0.227235629316608,0.859157547346405
"275","(STRAT_mod0.01 - STRAT_mod1.08) - (STRAT_mod0.1 - STRAT_mod0.3)","Hornfels",0.237291198783448,-0.0557747828565806,0.534781764480176
"276","(STRAT_mod0.01 - STRAT_mod1.08) - (STRAT_mod0.1 - STRAT_mod0.82)","Hornfels",0.264822473009697,-0.0178278850654009,0.539559427979391
"277","(STRAT_mod0.01 - STRAT_mod1.08) - (STRAT_mod0.1 - STRAT_mod1.08)","Hornfels",0.287508271311148,0.0186919764330251,0.549169980654319
"278","(STRAT_mod0.01 - STRAT_mod1.08) - (STRAT_mod0.1 - STRAT_mod1.44)","Hornfels",0.490440186387475,0.195789455041542,0.785301554210301
"279","(STRAT_mod0.01 - STRAT_mod1.08) - (STRAT_mod0.1 - STRAT_mod2.15)","Hornfels",0.31803287781502,-0.0326442530864218,0.625829868437353
"280","(STRAT_mod0.01 - STRAT_mod1.08) - (STRAT_mod0.1 - STRAT_mod2.88)","Hornfels",0.27297649003704,-0.00512305545871222,0.562022816219543
"281","(STRAT_mod0.01 - STRAT_mod1.08) - (STRAT_mod0.1 - STRAT_mod3.37)","Hornfels",0.227603197698753,-0.0379343613626849,0.517426228795885
"282","(STRAT_mod0.01 - STRAT_mod1.08) - (STRAT_mod0.2 - STRAT_mod0.3)","Hornfels",-0.162204094313587,-0.478754832691318,0.152061877662732
"283","(STRAT_mod0.01 - STRAT_mod1.08) - (STRAT_mod0.2 - STRAT_mod0.82)","Hornfels",-0.131292240055233,-0.420577324690006,0.184239273444807
"284","(STRAT_mod0.01 - STRAT_mod1.08) - (STRAT_mod0.2 - STRAT_mod1.08)","Hornfels",-0.109918317824923,-0.394327526344106,0.179610526674538
"285","(STRAT_mod0.01 - STRAT_mod1.08) - (STRAT_mod0.2 - STRAT_mod1.44)","Hornfels",0.0946369003837319,-0.21767988932438,0.420689468355964
"286","(STRAT_mod0.01 - STRAT_mod1.08) - (STRAT_mod0.2 - STRAT_mod2.15)","Hornfels",-0.0752811377368855,-0.435834556499994,0.259558660365005
"287","(STRAT_mod0.01 - STRAT_mod1.08) - (STRAT_mod0.2 - STRAT_mod2.88)","Hornfels",-0.126027033455084,-0.411257563560229,0.202981568186431
"288","(STRAT_mod0.01 - STRAT_mod1.08) - (STRAT_mod0.2 - STRAT_mod3.37)","Hornfels",-0.168263728618304,-0.463141914163111,0.135935646871759
"289","(STRAT_mod0.01 - STRAT_mod1.08) - (STRAT_mod0.3 - STRAT_mod0.82)","Hornfels",0.183041743065402,-0.101400981637132,0.475240785893613
"290","(STRAT_mod0.01 - STRAT_mod1.08) - (STRAT_mod0.3 - STRAT_mod1.08)","Hornfels",0.206795111787054,-0.0608889115051161,0.486118437685221
"291","(STRAT_mod0.01 - STRAT_mod1.08) - (STRAT_mod0.3 - STRAT_mod1.44)","Hornfels",0.411251854938723,0.103519377604559,0.715692717695877
"292","(STRAT_mod0.01 - STRAT_mod1.08) - (STRAT_mod0.3 - STRAT_mod2.15)","Hornfels",0.237624404922627,-0.10511469068465,0.559328894304666
"293","(STRAT_mod0.01 - STRAT_mod1.08) - (STRAT_mod0.3 - STRAT_mod2.88)","Hornfels",0.193024612347222,-0.0978397653229024,0.49109926548496
"294","(STRAT_mod0.01 - STRAT_mod1.08) - (STRAT_mod0.3 - STRAT_mod3.37)","Hornfels",0.148773005577357,-0.129148984114757,0.439861759105072
"295","(STRAT_mod0.01 - STRAT_mod1.08) - (STRAT_mod0.82 - STRAT_mod1.08)","Hornfels",0.175646648243557,-0.0780439734111215,0.439479209514859
"296","(STRAT_mod0.01 - STRAT_mod1.08) - (STRAT_mod0.82 - STRAT_mod1.44)","Hornfels",0.379359783677998,0.0855691145002533,0.670085356298785
"297","(STRAT_mod0.01 - STRAT_mod1.08) - (STRAT_mod0.82 - STRAT_mod2.15)","Hornfels",0.207812332860351,-0.106839745657463,0.533697763569344
"298","(STRAT_mod0.01 - STRAT_mod1.08) - (STRAT_mod0.82 - STRAT_mod2.88)","Hornfels",0.162067842105837,-0.118968563761893,0.440379738187467
"299","(STRAT_mod0.01 - STRAT_mod1.08) - (STRAT_mod0.82 - STRAT_mod3.37)","Hornfels",0.117667591808536,-0.139219813130808,0.397431414490024
"300","(STRAT_mod0.01 - STRAT_mod1.08) - (STRAT_mod1.08 - STRAT_mod1.44)","Hornfels",0.358794080181051,0.0406471453166479,0.645734045718759
"301","(STRAT_mod0.01 - STRAT_mod1.08) - (STRAT_mod1.08 - STRAT_mod2.15)","Hornfels",0.187989512898001,-0.128946970530569,0.531782895473507
"302","(STRAT_mod0.01 - STRAT_mod1.08) - (STRAT_mod1.08 - STRAT_mod2.88)","Hornfels",0.139075676180651,-0.143579076455084,0.438134361654805
"303","(STRAT_mod0.01 - STRAT_mod1.08) - (STRAT_mod1.08 - STRAT_mod3.37)","Hornfels",0.0956596194094263,-0.192045009003651,0.373246377722685
"304","(STRAT_mod0.01 - STRAT_mod1.08) - (STRAT_mod1.44 - STRAT_mod2.15)","Hornfels",-0.0176744686248473,-0.343298254176126,0.324248355064548
"305","(STRAT_mod0.01 - STRAT_mod1.08) - (STRAT_mod1.44 - STRAT_mod2.88)","Hornfels",-0.0653387146876478,-0.357634640557312,0.222222633330394
"306","(STRAT_mod0.01 - STRAT_mod1.08) - (STRAT_mod1.44 - STRAT_mod3.37)","Hornfels",-0.106231052578692,-0.389139811792203,0.179006180841817
"307","(STRAT_mod0.01 - STRAT_mod1.08) - (STRAT_mod2.15 - STRAT_mod2.88)","Hornfels",0.1111617496633,-0.200639906638556,0.420443459061685
"308","(STRAT_mod0.01 - STRAT_mod1.08) - (STRAT_mod2.15 - STRAT_mod3.37)","Hornfels",0.0671651497467534,-0.240170500922146,0.370696815520162
"309","(STRAT_mod0.01 - STRAT_mod1.08) - (STRAT_mod2.88 - STRAT_mod3.37)","Hornfels",0.111127163137099,-0.157092203909879,0.382363709780334
"310","(STRAT_mod0.01 - STRAT_mod1.44) - (STRAT_mod0.01 - STRAT_mod2.15)","Hornfels",-0.17214770488787,-0.402428593235371,0.0150719574341996
"311","(STRAT_mod0.01 - STRAT_mod1.44) - (STRAT_mod0.01 - STRAT_mod2.88)","Hornfels",-0.218237794290834,-0.359763726127791,-0.0796028313065704
"312","(STRAT_mod0.01 - STRAT_mod1.44) - (STRAT_mod0.01 - STRAT_mod3.37)","Hornfels",-0.260941022529979,-0.386650976472357,-0.130252389927606
"313","(STRAT_mod0.01 - STRAT_mod1.44) - (STRAT_mod0.09 - STRAT_mod0.1)","Hornfels",0.0170379969104615,-0.40090914474089,0.419870309890873
"314","(STRAT_mod0.01 - STRAT_mod1.44) - (STRAT_mod0.09 - STRAT_mod0.2)","Hornfels",0.412962483867692,-0.033806984181998,0.817947559976676
"315","(STRAT_mod0.01 - STRAT_mod1.44) - (STRAT_mod0.09 - STRAT_mod0.3)","Hornfels",0.0970343809653952,-0.318676858624722,0.515561064356839
"316","(STRAT_mod0.01 - STRAT_mod1.44) - (STRAT_mod0.09 - STRAT_mod0.82)","Hornfels",0.126978679297019,-0.277002045732453,0.527936215334832
"317","(STRAT_mod0.01 - STRAT_mod1.44) - (STRAT_mod0.09 - STRAT_mod1.08)","Hornfels",0.149497365947277,-0.235838077154423,0.567556506315236
"318","(STRAT_mod0.01 - STRAT_mod1.44) - (STRAT_mod0.09 - STRAT_mod1.44)","Hornfels",0.353954231731577,-0.0146823897966318,0.748896009981603
"319","(STRAT_mod0.01 - STRAT_mod1.44) - (STRAT_mod0.09 - STRAT_mod2.15)","Hornfels",0.181156065149647,-0.253114591001865,0.614959673333145
"320","(STRAT_mod0.01 - STRAT_mod1.44) - (STRAT_mod0.09 - STRAT_mod2.88)","Hornfels",0.133194444018438,-0.293091505820845,0.524106404019835
"321","(STRAT_mod0.01 - STRAT_mod1.44) - (STRAT_mod0.09 - STRAT_mod3.37)","Hornfels",0.0899479892710161,-0.306415201814576,0.494932512696552
"322","(STRAT_mod0.01 - STRAT_mod1.44) - (STRAT_mod0.1 - STRAT_mod0.2)","Hornfels",0.348681110871832,0.0209297466406625,0.683904938083799
"323","(STRAT_mod0.01 - STRAT_mod1.44) - (STRAT_mod0.1 - STRAT_mod0.3)","Hornfels",0.0317072067130217,-0.286763363131797,0.335587465815787
"324","(STRAT_mod0.01 - STRAT_mod1.44) - (STRAT_mod0.1 - STRAT_mod0.82)","Hornfels",0.0627785385555661,-0.226765698837925,0.364398875171515
"325","(STRAT_mod0.01 - STRAT_mod1.44) - (STRAT_mod0.1 - STRAT_mod1.08)","Hornfels",0.0838309051069628,-0.199925866131647,0.382406302003194
"326","(STRAT_mod0.01 - STRAT_mod1.44) - (STRAT_mod0.1 - STRAT_mod1.44)","Hornfels",0.287508271311148,0.0186919764330251,0.549169980654319
"327","(STRAT_mod0.01 - STRAT_mod1.44) - (STRAT_mod0.1 - STRAT_mod2.15)","Hornfels",0.116117013398876,-0.224045174211269,0.463067053980328
"328","(STRAT_mod0.01 - STRAT_mod1.44) - (STRAT_mod0.1 - STRAT_mod2.88)","Hornfels",0.0694464488475531,-0.228157992205228,0.366854103224173
"329","(STRAT_mod0.01 - STRAT_mod1.44) - (STRAT_mod0.1 - STRAT_mod3.37)","Hornfels",0.0254249622216613,-0.254932292855815,0.327434646525765
"330","(STRAT_mod0.01 - STRAT_mod1.44) - (STRAT_mod0.2 - STRAT_mod0.3)","Hornfels",-0.365437995636662,-0.69632488805905,-0.0369203414122704
"331","(STRAT_mod0.01 - STRAT_mod1.44) - (STRAT_mod0.2 - STRAT_mod0.82)","Hornfels",-0.333100582992746,-0.656371328321544,-0.0271630469523372
"332","(STRAT_mod0.01 - STRAT_mod1.44) - (STRAT_mod0.2 - STRAT_mod1.08)","Hornfels",-0.310950998597501,-0.617732337283556,0.000160905840731695
"333","(STRAT_mod0.01 - STRAT_mod1.44) - (STRAT_mod0.2 - STRAT_mod1.44)","Hornfels",-0.109918317824923,-0.394327526344106,0.179610526674538
"334","(STRAT_mod0.01 - STRAT_mod1.44) - (STRAT_mod0.2 - STRAT_mod2.15)","Hornfels",-0.280140251306937,-0.644025739306637,0.0722681556733289
"335","(STRAT_mod0.01 - STRAT_mod1.44) - (STRAT_mod0.2 - STRAT_mod2.88)","Hornfels",-0.325062142261661,-0.643565775192238,-0.0103695263697758
"336","(STRAT_mod0.01 - STRAT_mod1.44) - (STRAT_mod0.2 - STRAT_mod3.37)","Hornfels",-0.367278206283301,-0.673060181938681,-0.0588660158662577
"337","(STRAT_mod0.01 - STRAT_mod1.44) - (STRAT_mod0.3 - STRAT_mod0.82)","Hornfels",-0.0147617194745343,-0.325904757155898,0.273550879626271
"338","(STRAT_mod0.01 - STRAT_mod1.44) - (STRAT_mod0.3 - STRAT_mod1.08)","Hornfels",0.00557493055725861,-0.294777457972063,0.295431614831437
"339","(STRAT_mod0.01 - STRAT_mod1.44) - (STRAT_mod0.3 - STRAT_mod1.44)","Hornfels",0.206795111787054,-0.0608889115051161,0.486118437685221
"340","(STRAT_mod0.01 - STRAT_mod1.44) - (STRAT_mod0.3 - STRAT_mod2.15)","Hornfels",0.037027280711239,-0.310402912300158,0.374679552552616
"341","(STRAT_mod0.01 - STRAT_mod1.44) - (STRAT_mod0.3 - STRAT_mod2.88)","Hornfels",-0.0101001469210836,-0.307350284933824,0.298647966034365
"342","(STRAT_mod0.01 - STRAT_mod1.44) - (STRAT_mod0.3 - STRAT_mod3.37)","Hornfels",-0.052508011519084,-0.354215339674253,0.234490809973077
"343","(STRAT_mod0.01 - STRAT_mod1.44) - (STRAT_mod0.82 - STRAT_mod1.08)","Hornfels",-0.0274901959819144,-0.305835555750343,0.269403849466759
"344","(STRAT_mod0.01 - STRAT_mod1.44) - (STRAT_mod0.82 - STRAT_mod1.44)","Hornfels",0.175646648243557,-0.0780439734111215,0.439479209514859
"345","(STRAT_mod0.01 - STRAT_mod1.44) - (STRAT_mod0.82 - STRAT_mod2.15)","Hornfels",0.00540719308948612,-0.340052763529968,0.329936594128229
"346","(STRAT_mod0.01 - STRAT_mod1.44) - (STRAT_mod0.82 - STRAT_mod2.88)","Hornfels",-0.040761786708466,-0.323529021175264,0.259459475922712
"347","(STRAT_mod0.01 - STRAT_mod1.44) - (STRAT_mod0.82 - STRAT_mod3.37)","Hornfels",-0.08396598678252,-0.383407445838678,0.188625047465583
"348","(STRAT_mod0.01 - STRAT_mod1.44) - (STRAT_mod1.08 - STRAT_mod1.44)","Hornfels",0.15423709033496,-0.102697254161079,0.410224369371657
"349","(STRAT_mod0.01 - STRAT_mod1.44) - (STRAT_mod1.08 - STRAT_mod2.15)","Hornfels",-0.0176744686248473,-0.343298254176126,0.324248355064548
"350","(STRAT_mod0.01 - STRAT_mod1.44) - (STRAT_mod1.08 - STRAT_mod2.88)","Hornfels",-0.0653387146876478,-0.357634640557312,0.222222633330394
"351","(STRAT_mod0.01 - STRAT_mod1.44) - (STRAT_mod1.08 - STRAT_mod3.37)","Hornfels",-0.106231052578692,-0.389139811792203,0.179006180841817
"352","(STRAT_mod0.01 - STRAT_mod1.44) - (STRAT_mod1.44 - STRAT_mod2.15)","Hornfels",-0.21836906826232,-0.601793041121189,0.158921810403405
"353","(STRAT_mod0.01 - STRAT_mod1.44) - (STRAT_mod1.44 - STRAT_mod2.88)","Hornfels",-0.266083344708457,-0.630556685499336,0.0608800814988851
"354","(STRAT_mod0.01 - STRAT_mod1.44) - (STRAT_mod1.44 - STRAT_mod3.37)","Hornfels",-0.305612065517429,-0.647975375107539,0.0317939221188154
"355","(STRAT_mod0.01 - STRAT_mod1.44) - (STRAT_mod2.15 - STRAT_mod2.88)","Hornfels",-0.091772957516929,-0.406235500555363,0.246068963884901
"356","(STRAT_mod0.01 - STRAT_mod1.44) - (STRAT_mod2.15 - STRAT_mod3.37)","Hornfels",-0.134832026465454,-0.451886056673167,0.182156418293876
"357","(STRAT_mod0.01 - STRAT_mod1.44) - (STRAT_mod2.88 - STRAT_mod3.37)","Hornfels",-0.0910273583152302,-0.39142407078694,0.183507768992678
"358","(STRAT_mod0.01 - STRAT_mod2.15) - (STRAT_mod0.01 - STRAT_mod2.88)","Hornfels",-0.0453240799983815,-0.23335188296413,0.148648482964412
"359","(STRAT_mod0.01 - STRAT_mod2.15) - (STRAT_mod0.01 - STRAT_mod3.37)","Hornfels",-0.0885536902988137,-0.271948162991402,0.0902156995754475
"360","(STRAT_mod0.01 - STRAT_mod2.15) - (STRAT_mod0.09 - STRAT_mod0.1)","Hornfels",0.194086969862436,-0.244655862911985,0.610755863558816
"361","(STRAT_mod0.01 - STRAT_mod2.15) - (STRAT_mod0.09 - STRAT_mod0.2)","Hornfels",0.585907575273847,0.137159258375921,1.02127622408794
"362","(STRAT_mod0.01 - STRAT_mod2.15) - (STRAT_mod0.09 - STRAT_mod0.3)","Hornfels",0.272852250747112,-0.181761036634232,0.687630810295856
"363","(STRAT_mod0.01 - STRAT_mod2.15) - (STRAT_mod0.09 - STRAT_mod0.82)","Hornfels",0.302345256038585,-0.134964194259911,0.710742440474803
"364","(STRAT_mod0.01 - STRAT_mod2.15) - (STRAT_mod0.09 - STRAT_mod1.08)","Hornfels",0.321340510175541,-0.0904489160112767,0.755672895941342
"365","(STRAT_mod0.01 - STRAT_mod2.15) - (STRAT_mod0.09 - STRAT_mod1.44)","Hornfels",0.527793361823255,0.05629883714178,0.933886527591644
"366","(STRAT_mod0.01 - STRAT_mod2.15) - (STRAT_mod0.09 - STRAT_mod2.15)","Hornfels",0.353954231731577,-0.0146823897966318,0.748896009981603
"367","(STRAT_mod0.01 - STRAT_mod2.15) - (STRAT_mod0.09 - STRAT_mod2.88)","Hornfels",0.309620456509039,-0.150885880386234,0.706515632043853
"368","(STRAT_mod0.01 - STRAT_mod2.15) - (STRAT_mod0.09 - STRAT_mod3.37)","Hornfels",0.264888916419795,-0.178990486814924,0.667998200266047
"369","(STRAT_mod0.01 - STRAT_mod2.15) - (STRAT_mod0.1 - STRAT_mod0.2)","Hornfels",0.519998579527938,0.158708851984677,0.8609469575189
"370","(STRAT_mod0.01 - STRAT_mod2.15) - (STRAT_mod0.1 - STRAT_mod0.3)","Hornfels",0.201366815108455,-0.115217209421328,0.541750881590821
"371","(STRAT_mod0.01 - STRAT_mod2.15) - (STRAT_mod0.1 - STRAT_mod0.82)","Hornfels",0.236791921836111,-0.0736677268770622,0.553186583259169
"372","(STRAT_mod0.01 - STRAT_mod2.15) - (STRAT_mod0.1 - STRAT_mod1.08)","Hornfels",0.255583774980944,-0.0748046325817648,0.562153983815316
"373","(STRAT_mod0.01 - STRAT_mod2.15) - (STRAT_mod0.1 - STRAT_mod1.44)","Hornfels",0.459235377940371,0.127403394003,0.797437467492652
"374","(STRAT_mod0.01 - STRAT_mod2.15) - (STRAT_mod0.1 - STRAT_mod2.15)","Hornfels",0.287508271311148,0.0186919764330251,0.549169980654319
"375","(STRAT_mod0.01 - STRAT_mod2.15) - (STRAT_mod0.1 - STRAT_mod2.88)","Hornfels",0.241949294649925,-0.095776205070361,0.545503552839202
"376","(STRAT_mod0.01 - STRAT_mod2.15) - (STRAT_mod0.1 - STRAT_mod3.37)","Hornfels",0.197704591624919,-0.114524485221745,0.513367439841676
"377","(STRAT_mod0.01 - STRAT_mod2.15) - (STRAT_mod0.2 - STRAT_mod0.3)","Hornfels",-0.19290867582606,-0.535117196323007,0.15877346526397
"378","(STRAT_mod0.01 - STRAT_mod2.15) - (STRAT_mod0.2 - STRAT_mod0.82)","Hornfels",-0.160457615899623,-0.488334953518222,0.17907220490527
"379","(STRAT_mod0.01 - STRAT_mod2.15) - (STRAT_mod0.2 - STRAT_mod1.08)","Hornfels",-0.139035787793597,-0.496220995768266,0.167833876859165
"380","(STRAT_mod0.01 - STRAT_mod2.15) - (STRAT_mod0.2 - STRAT_mod1.44)","Hornfels",0.0657782052439809,-0.291882800489394,0.407749084583091
"381","(STRAT_mod0.01 - STRAT_mod2.15) - (STRAT_mod0.2 - STRAT_mod2.15)","Hornfels",-0.109918317824923,-0.394327526344106,0.179610526674538
"382","(STRAT_mod0.01 - STRAT_mod2.15) - (STRAT_mod0.2 - STRAT_mod2.88)","Hornfels",-0.1510588881865,-0.484220501686946,0.194562094175043
"383","(STRAT_mod0.01 - STRAT_mod2.15) - (STRAT_mod0.2 - STRAT_mod3.37)","Hornfels",-0.196188184969756,-0.515727177289361,0.146793593164606
"384","(STRAT_mod0.01 - STRAT_mod2.15) - (STRAT_mod0.3 - STRAT_mod0.82)","Hornfels",0.159218914175569,-0.1727577267054,0.47267043054862
"385","(STRAT_mod0.01 - STRAT_mod2.15) - (STRAT_mod0.3 - STRAT_mod1.08)","Hornfels",0.181095696313787,-0.15623502917405,0.486706760916973
"386","(STRAT_mod0.01 - STRAT_mod2.15) - (STRAT_mod0.3 - STRAT_mod1.44)","Hornfels",0.38460284948897,0.0453586360892494,0.726595784323658
"387","(STRAT_mod0.01 - STRAT_mod2.15) - (STRAT_mod0.3 - STRAT_mod2.15)","Hornfels",0.206795111787054,-0.0608889115051161,0.486118437685221
"388","(STRAT_mod0.01 - STRAT_mod2.15) - (STRAT_mod0.3 - STRAT_mod2.88)","Hornfels",0.167177430495559,-0.182501935926345,0.47126822438216
"389","(STRAT_mod0.01 - STRAT_mod2.15) - (STRAT_mod0.3 - STRAT_mod3.37)","Hornfels",0.121423650198189,-0.199442765357515,0.436273470749567
"390","(STRAT_mod0.01 - STRAT_mod2.15) - (STRAT_mod0.82 - STRAT_mod1.08)","Hornfels",0.147038048217089,-0.17833068116501,0.44688535926836
"391","(STRAT_mod0.01 - STRAT_mod2.15) - (STRAT_mod0.82 - STRAT_mod1.44)","Hornfels",0.351238047262661,0.0212160012202147,0.670658690540072
"392","(STRAT_mod0.01 - STRAT_mod2.15) - (STRAT_mod0.82 - STRAT_mod2.15)","Hornfels",0.175646648243557,-0.0780439734111215,0.439479209514859
"393","(STRAT_mod0.01 - STRAT_mod2.15) - (STRAT_mod0.82 - STRAT_mod2.88)","Hornfels",0.13204084362028,-0.172071493995865,0.461193130934667
"394","(STRAT_mod0.01 - STRAT_mod2.15) - (STRAT_mod0.82 - STRAT_mod3.37)","Hornfels",0.0893130801346374,-0.217579877520277,0.401316754136801
"395","(STRAT_mod0.01 - STRAT_mod2.15) - (STRAT_mod1.08 - STRAT_mod1.44)","Hornfels",0.328588979378821,0.00129147090150089,0.646232363040877
"396","(STRAT_mod0.01 - STRAT_mod2.15) - (STRAT_mod1.08 - STRAT_mod2.15)","Hornfels",0.15423709033496,-0.102697254161079,0.410224369371657
"397","(STRAT_mod0.01 - STRAT_mod2.15) - (STRAT_mod1.08 - STRAT_mod2.88)","Hornfels",0.1111617496633,-0.200639906638556,0.420443459061685
"398","(STRAT_mod0.01 - STRAT_mod2.15) - (STRAT_mod1.08 - STRAT_mod3.37)","Hornfels",0.0671651497467534,-0.240170500922146,0.370696815520162
"399","(STRAT_mod0.01 - STRAT_mod2.15) - (STRAT_mod1.44 - STRAT_mod2.15)","Hornfels",-0.0487913841978649,-0.318881762476859,0.224014245294902
"400","(STRAT_mod0.01 - STRAT_mod2.15) - (STRAT_mod1.44 - STRAT_mod2.88)","Hornfels",-0.091772957516929,-0.406235500555363,0.246068963884901
"401","(STRAT_mod0.01 - STRAT_mod2.15) - (STRAT_mod1.44 - STRAT_mod3.37)","Hornfels",-0.134832026465454,-0.451886056673167,0.182156418293876
"402","(STRAT_mod0.01 - STRAT_mod2.15) - (STRAT_mod2.15 - STRAT_mod2.88)","Hornfels",0.0866122992137437,-0.349553641485622,0.500733919031878
"403","(STRAT_mod0.01 - STRAT_mod2.15) - (STRAT_mod2.15 - STRAT_mod3.37)","Hornfels",0.0403904615104139,-0.367687181201436,0.47003611012652
"404","(STRAT_mod0.01 - STRAT_mod2.15) - (STRAT_mod2.88 - STRAT_mod3.37)","Hornfels",0.0809511015079921,-0.20260624731078,0.416823081635923
"405","(STRAT_mod0.01 - STRAT_mod2.88) - (STRAT_mod0.01 - STRAT_mod3.37)","Hornfels",-0.043275940632909,-0.148649479077937,0.0513310753312756
"406","(STRAT_mod0.01 - STRAT_mod2.88) - (STRAT_mod0.09 - STRAT_mod0.1)","Hornfels",0.23941998156562,-0.171581090190859,0.635237959656619
"407","(STRAT_mod0.01 - STRAT_mod2.88) - (STRAT_mod0.09 - STRAT_mod0.2)","Hornfels",0.630425138170638,0.199282063007279,1.03176415447106
"408","(STRAT_mod0.01 - STRAT_mod2.88) - (STRAT_mod0.09 - STRAT_mod0.3)","Hornfels",0.318647014422316,-0.119387966441545,0.697053333953475
"409","(STRAT_mod0.01 - STRAT_mod2.88) - (STRAT_mod0.09 - STRAT_mod0.82)","Hornfels",0.349358712729648,-0.0428671142803907,0.741727882030198
"410","(STRAT_mod0.01 - STRAT_mod2.88) - (STRAT_mod0.09 - STRAT_mod1.08)","Hornfels",0.371152840885901,-0.0418330267484161,0.742541030556143
"411","(STRAT_mod0.01 - STRAT_mod2.88) - (STRAT_mod0.09 - STRAT_mod1.44)","Hornfels",0.573908849811804,0.174759703656751,0.992798839575041
"412","(STRAT_mod0.01 - STRAT_mod2.88) - (STRAT_mod0.09 - STRAT_mod2.15)","Hornfels",0.400568276579939,-0.044164065437417,0.809210511604816
"413","(STRAT_mod0.01 - STRAT_mod2.88) - (STRAT_mod0.09 - STRAT_mod2.88)","Hornfels",0.353954231731577,-0.0146823897966318,0.748896009981603
"414","(STRAT_mod0.01 - STRAT_mod2.88) - (STRAT_mod0.09 - STRAT_mod3.37)","Hornfels",0.31297121676958,-0.0939171422711909,0.692009474455681
"415","(STRAT_mod0.01 - STRAT_mod2.88) - (STRAT_mod0.1 - STRAT_mod0.2)","Hornfels",0.567604464338611,0.245701724281337,0.888733570103696
"416","(STRAT_mod0.01 - STRAT_mod2.88) - (STRAT_mod0.1 - STRAT_mod0.3)","Hornfels",0.250346667027225,-0.0526750721172787,0.547954549089364
"417","(STRAT_mod0.01 - STRAT_mod2.88) - (STRAT_mod0.1 - STRAT_mod0.82)","Hornfels",0.279239779972055,-0.00620835073112525,0.558712073691081
"418","(STRAT_mod0.01 - STRAT_mod2.88) - (STRAT_mod0.1 - STRAT_mod1.08)","Hornfels",0.301182566131015,0.0168537254241641,0.584200339964262
"419","(STRAT_mod0.01 - STRAT_mod2.88) - (STRAT_mod0.1 - STRAT_mod1.44)","Hornfels",0.504167608135717,0.191650312718506,0.795507390611365
"420","(STRAT_mod0.01 - STRAT_mod2.88) - (STRAT_mod0.1 - STRAT_mod2.15)","Hornfels",0.334717499874843,-0.0162259360782601,0.649155502313686
"421","(STRAT_mod0.01 - STRAT_mod2.88) - (STRAT_mod0.1 - STRAT_mod2.88)","Hornfels",0.287508271311148,0.0186919764330251,0.549169980654319
"422","(STRAT_mod0.01 - STRAT_mod2.88) - (STRAT_mod0.1 - STRAT_mod3.37)","Hornfels",0.241512801181926,-0.0401119523641486,0.523901846900522
"423","(STRAT_mod0.01 - STRAT_mod2.88) - (STRAT_mod0.2 - STRAT_mod0.3)","Hornfels",-0.147860477343547,-0.469158137256957,0.165413484052106
"424","(STRAT_mod0.01 - STRAT_mod2.88) - (STRAT_mod0.2 - STRAT_mod0.82)","Hornfels",-0.117533603517869,-0.419075829810412,0.185309374800729
"425","(STRAT_mod0.01 - STRAT_mod2.88) - (STRAT_mod0.2 - STRAT_mod1.08)","Hornfels",-0.0957530713637855,-0.389390129975568,0.217123608868431
"426","(STRAT_mod0.01 - STRAT_mod2.88) - (STRAT_mod0.2 - STRAT_mod1.44)","Hornfels",0.107054254950642,-0.203170170056895,0.44051723711526
"427","(STRAT_mod0.01 - STRAT_mod2.88) - (STRAT_mod0.2 - STRAT_mod2.15)","Hornfels",-0.0625669610827753,-0.404228146431373,0.286967078900528
"428","(STRAT_mod0.01 - STRAT_mod2.88) - (STRAT_mod0.2 - STRAT_mod2.88)","Hornfels",-0.109918317824923,-0.394327526344106,0.179610526674538
"429","(STRAT_mod0.01 - STRAT_mod2.88) - (STRAT_mod0.2 - STRAT_mod3.37)","Hornfels",-0.153249117318985,-0.448832550425342,0.155030877499352
"430","(STRAT_mod0.01 - STRAT_mod2.88) - (STRAT_mod0.3 - STRAT_mod0.82)","Hornfels",0.199663657807202,-0.0881682562906569,0.492215306510132
"431","(STRAT_mod0.01 - STRAT_mod2.88) - (STRAT_mod0.3 - STRAT_mod1.08)","Hornfels",0.222129931625231,-0.0509342086533564,0.523615148863138
"432","(STRAT_mod0.01 - STRAT_mod2.88) - (STRAT_mod0.3 - STRAT_mod1.44)","Hornfels",0.424858518737441,0.134396413206167,0.747822830255811
"433","(STRAT_mod0.01 - STRAT_mod2.88) - (STRAT_mod0.3 - STRAT_mod2.15)","Hornfels",0.254848007669831,-0.0803554829048243,0.586707860233682
"434","(STRAT_mod0.01 - STRAT_mod2.88) - (STRAT_mod0.3 - STRAT_mod2.88)","Hornfels",0.206795111787054,-0.0608889115051161,0.486118437685221
"435","(STRAT_mod0.01 - STRAT_mod2.88) - (STRAT_mod0.3 - STRAT_mod3.37)","Hornfels",0.163876098365706,-0.128620790416799,0.439137632881581
"436","(STRAT_mod0.01 - STRAT_mod2.88) - (STRAT_mod0.82 - STRAT_mod1.08)","Hornfels",0.189489330220189,-0.0892846522209525,0.463840243531857
"437","(STRAT_mod0.01 - STRAT_mod2.88) - (STRAT_mod0.82 - STRAT_mod1.44)","Hornfels",0.392428109800698,0.0988848844728231,0.679611166147878
"438","(STRAT_mod0.01 - STRAT_mod2.88) - (STRAT_mod0.82 - STRAT_mod2.15)","Hornfels",0.225211846829873,-0.0895644769586851,0.561204860558871
"439","(STRAT_mod0.01 - STRAT_mod2.88) - (STRAT_mod0.82 - STRAT_mod2.88)","Hornfels",0.175646648243557,-0.0780439734111215,0.439479209514859
"440","(STRAT_mod0.01 - STRAT_mod2.88) - (STRAT_mod0.82 - STRAT_mod3.37)","Hornfels",0.131652546567333,-0.13998604089542,0.408912825326612
"441","(STRAT_mod0.01 - STRAT_mod2.88) - (STRAT_mod1.08 - STRAT_mod1.44)","Hornfels",0.372399701183093,0.0602582545432285,0.644522790493981
"442","(STRAT_mod0.01 - STRAT_mod2.88) - (STRAT_mod1.08 - STRAT_mod2.15)","Hornfels",0.205054483810535,-0.128012337943507,0.515828008373012
"443","(STRAT_mod0.01 - STRAT_mod2.88) - (STRAT_mod1.08 - STRAT_mod2.88)","Hornfels",0.15423709033496,-0.102697254161079,0.410224369371657
"444","(STRAT_mod0.01 - STRAT_mod2.88) - (STRAT_mod1.08 - STRAT_mod3.37)","Hornfels",0.111127163137099,-0.157092203909879,0.382363709780334
"445","(STRAT_mod0.01 - STRAT_mod2.88) - (STRAT_mod1.44 - STRAT_mod2.15)","Hornfels",-0.000864970632486625,-0.347499734038554,0.331003370299184
"446","(STRAT_mod0.01 - STRAT_mod2.88) - (STRAT_mod1.44 - STRAT_mod2.88)","Hornfels",-0.0487913841978649,-0.318881762476859,0.224014245294902
"447","(STRAT_mod0.01 - STRAT_mod2.88) - (STRAT_mod1.44 - STRAT_mod3.37)","Hornfels",-0.0910273583152302,-0.39142407078694,0.183507768992678
"448","(STRAT_mod0.01 - STRAT_mod2.88) - (STRAT_mod2.15 - STRAT_mod2.88)","Hornfels",0.124341754476087,-0.152838631157007,0.438265267759072
"449","(STRAT_mod0.01 - STRAT_mod2.88) - (STRAT_mod2.15 - STRAT_mod3.37)","Hornfels",0.0809511015079921,-0.20260624731078,0.416823081635923
"450","(STRAT_mod0.01 - STRAT_mod2.88) - (STRAT_mod2.88 - STRAT_mod3.37)","Hornfels",0.127093642191945,-0.175463308137759,0.42011398713253
"451","(STRAT_mod0.01 - STRAT_mod3.37) - (STRAT_mod0.09 - STRAT_mod0.1)","Hornfels",0.281385500771376,-0.107717428149573,0.688044408391497
"452","(STRAT_mod0.01 - STRAT_mod3.37) - (STRAT_mod0.09 - STRAT_mod0.2)","Hornfels",0.67283192698089,0.263685229696765,1.09562418439598
"453","(STRAT_mod0.01 - STRAT_mod3.37) - (STRAT_mod0.09 - STRAT_mod0.3)","Hornfels",0.360033880674055,-0.0448136724401586,0.760632774181484
"454","(STRAT_mod0.01 - STRAT_mod3.37) - (STRAT_mod0.09 - STRAT_mod0.82)","Hornfels",0.390761082649567,-0.0201631254419698,0.762130018657041
"455","(STRAT_mod0.01 - STRAT_mod3.37) - (STRAT_mod0.09 - STRAT_mod1.08)","Hornfels",0.411816895116557,0.00114396319432786,0.783557798911306
"456","(STRAT_mod0.01 - STRAT_mod3.37) - (STRAT_mod0.09 - STRAT_mod1.44)","Hornfels",0.613362077188585,0.203983552956756,1.01316056639231
"457","(STRAT_mod0.01 - STRAT_mod3.37) - (STRAT_mod0.09 - STRAT_mod2.15)","Hornfels",0.441721512769185,0.006440538904257,0.853998422698647
"458","(STRAT_mod0.01 - STRAT_mod3.37) - (STRAT_mod0.09 - STRAT_mod2.88)","Hornfels",0.394627158534236,0.0182215329370924,0.812600254048817
"459","(STRAT_mod0.01 - STRAT_mod3.37) - (STRAT_mod0.09 - STRAT_mod3.37)","Hornfels",0.353954231731577,-0.0146823897966318,0.748896009981603
"460","(STRAT_mod0.01 - STRAT_mod3.37) - (STRAT_mod0.1 - STRAT_mod0.2)","Hornfels",0.607700725780374,0.299125384949313,0.933881718318652
"461","(STRAT_mod0.01 - STRAT_mod3.37) - (STRAT_mod0.1 - STRAT_mod0.3)","Hornfels",0.294827853740201,0.0105820262203131,0.607604406876847
"462","(STRAT_mod0.01 - STRAT_mod3.37) - (STRAT_mod0.1 - STRAT_mod0.82)","Hornfels",0.323736287840134,0.0581917957532626,0.616082944124058
"463","(STRAT_mod0.01 - STRAT_mod3.37) - (STRAT_mod0.1 - STRAT_mod1.08)","Hornfels",0.345023499266796,0.0550428540833372,0.618328441015219
"464","(STRAT_mod0.01 - STRAT_mod3.37) - (STRAT_mod0.1 - STRAT_mod1.44)","Hornfels",0.548924255176661,0.248616441766624,0.845908669846775
"465","(STRAT_mod0.01 - STRAT_mod3.37) - (STRAT_mod0.1 - STRAT_mod2.15)","Hornfels",0.378368617163866,0.0532081762223456,0.712896152460723
"466","(STRAT_mod0.01 - STRAT_mod3.37) - (STRAT_mod0.1 - STRAT_mod2.88)","Hornfels",0.331728188344387,0.0489390064114408,0.619126396753061
"467","(STRAT_mod0.01 - STRAT_mod3.37) - (STRAT_mod0.1 - STRAT_mod3.37)","Hornfels",0.287508271311148,0.0186919764330251,0.549169980654319
"468","(STRAT_mod0.01 - STRAT_mod3.37) - (STRAT_mod0.2 - STRAT_mod0.3)","Hornfels",-0.1042424897616,-0.417249939627727,0.208949907085874
"469","(STRAT_mod0.01 - STRAT_mod3.37) - (STRAT_mod0.2 - STRAT_mod0.82)","Hornfels",-0.0726016744367922,-0.362250438420759,0.232761165262801
"470","(STRAT_mod0.01 - STRAT_mod3.37) - (STRAT_mod0.2 - STRAT_mod1.08)","Hornfels",-0.0499305624282443,-0.350025540143134,0.244056433723635
"471","(STRAT_mod0.01 - STRAT_mod3.37) - (STRAT_mod0.2 - STRAT_mod1.44)","Hornfels",0.151931901859086,-0.161064594264204,0.478601807685386
"472","(STRAT_mod0.01 - STRAT_mod3.37) - (STRAT_mod0.2 - STRAT_mod2.15)","Hornfels",-0.0176314949454877,-0.357397610558983,0.337379668083326
"473","(STRAT_mod0.01 - STRAT_mod3.37) - (STRAT_mod0.2 - STRAT_mod2.88)","Hornfels",-0.0651059657714143,-0.373556925226952,0.236753906843986
"474","(STRAT_mod0.01 - STRAT_mod3.37) - (STRAT_mod0.2 - STRAT_mod3.37)","Hornfels",-0.109918317824923,-0.394327526344106,0.179610526674538
"475","(STRAT_mod0.01 - STRAT_mod3.37) - (STRAT_mod0.3 - STRAT_mod0.82)","Hornfels",0.245446224965111,-0.0307992922398467,0.544798194962208
"476","(STRAT_mod0.01 - STRAT_mod3.37) - (STRAT_mod0.3 - STRAT_mod1.08)","Hornfels",0.266385455958423,-0.0261884035062851,0.549509926329573
"477","(STRAT_mod0.01 - STRAT_mod3.37) - (STRAT_mod0.3 - STRAT_mod1.44)","Hornfels",0.470313324849249,0.166652274276989,0.78388833990684
"478","(STRAT_mod0.01 - STRAT_mod3.37) - (STRAT_mod0.3 - STRAT_mod2.15)","Hornfels",0.297314700097383,-0.0478077623759244,0.622039745784444
"479","(STRAT_mod0.01 - STRAT_mod3.37) - (STRAT_mod0.3 - STRAT_mod2.88)","Hornfels",0.252952529403705,-0.0419825323176298,0.546059804732688
"480","(STRAT_mod0.01 - STRAT_mod3.37) - (STRAT_mod0.3 - STRAT_mod3.37)","Hornfels",0.206795111787054,-0.0608889115051161,0.486118437685221
"481","(STRAT_mod0.01 - STRAT_mod3.37) - (STRAT_mod0.82 - STRAT_mod1.08)","Hornfels",0.232921259603,-0.045137553056034,0.502666232960575
"482","(STRAT_mod0.01 - STRAT_mod3.37) - (STRAT_mod0.82 - STRAT_mod1.44)","Hornfels",0.438371245519341,0.140265107114706,0.722138093170813
"483","(STRAT_mod0.01 - STRAT_mod3.37) - (STRAT_mod0.82 - STRAT_mod2.15)","Hornfels",0.267305888432117,-0.0635898246535924,0.582102281989038
"484","(STRAT_mod0.01 - STRAT_mod3.37) - (STRAT_mod0.82 - STRAT_mod2.88)","Hornfels",0.220045391276454,-0.0526371246950153,0.503685617129435
"485","(STRAT_mod0.01 - STRAT_mod3.37) - (STRAT_mod0.82 - STRAT_mod3.37)","Hornfels",0.175646648243557,-0.0780439734111215,0.439479209514859
"486","(STRAT_mod0.01 - STRAT_mod3.37) - (STRAT_mod1.08 - STRAT_mod1.44)","Hornfels",0.417949855872249,0.124899521939442,0.707162233884906
"487","(STRAT_mod0.01 - STRAT_mod3.37) - (STRAT_mod1.08 - STRAT_mod2.15)","Hornfels",0.243469490658135,-0.0740676301039649,0.565716865394544
"488","(STRAT_mod0.01 - STRAT_mod3.37) - (STRAT_mod1.08 - STRAT_mod2.88)","Hornfels",0.197557348028905,-0.0770761138672553,0.479923662755887
"489","(STRAT_mod0.01 - STRAT_mod3.37) - (STRAT_mod1.08 - STRAT_mod3.37)","Hornfels",0.15423709033496,-0.102697254161079,0.410224369371657
"490","(STRAT_mod0.01 - STRAT_mod3.37) - (STRAT_mod1.44 - STRAT_mod2.15)","Hornfels",0.0415156276508087,-0.310601602100817,0.361541619673031
"491","(STRAT_mod0.01 - STRAT_mod3.37) - (STRAT_mod1.44 - STRAT_mod2.88)","Hornfels",-0.00479740224319442,-0.292286016971839,0.288259418136678
"492","(STRAT_mod0.01 - STRAT_mod3.37) - (STRAT_mod1.44 - STRAT_mod3.37)","Hornfels",-0.0487913841978649,-0.318881762476859,0.224014245294902
"493","(STRAT_mod0.01 - STRAT_mod3.37) - (STRAT_mod2.15 - STRAT_mod2.88)","Hornfels",0.170062805911085,-0.139215454408816,0.487931559454284
"494","(STRAT_mod0.01 - STRAT_mod3.37) - (STRAT_mod2.15 - STRAT_mod3.37)","Hornfels",0.124341754476087,-0.152838631157007,0.438265267759072
"495","(STRAT_mod0.01 - STRAT_mod3.37) - (STRAT_mod2.88 - STRAT_mod3.37)","Hornfels",0.168641880265037,-0.0703893522701877,0.452043196299857
"496","(STRAT_mod0.09 - STRAT_mod0.1) - (STRAT_mod0.09 - STRAT_mod0.2)","Hornfels",0.394724198757109,0.214596896046627,0.579852077105344
"497","(STRAT_mod0.09 - STRAT_mod0.1) - (STRAT_mod0.09 - STRAT_mod0.3)","Hornfels",0.0793128489345214,-0.0695478816365307,0.235008512719566
"498","(STRAT_mod0.09 - STRAT_mod0.1) - (STRAT_mod0.09 - STRAT_mod0.82)","Hornfels",0.110843934616787,-0.0104071433624852,0.232265578287571
"499","(STRAT_mod0.09 - STRAT_mod0.1) - (STRAT_mod0.09 - STRAT_mod1.08)","Hornfels",0.132213080793997,0.0118801587341414,0.244877480110058
"500","(STRAT_mod0.09 - STRAT_mod0.1) - (STRAT_mod0.09 - STRAT_mod1.44)","Hornfels",0.3333264364556,0.177818372473394,0.485835673865234
"501","(STRAT_mod0.09 - STRAT_mod0.1) - (STRAT_mod0.09 - STRAT_mod2.15)","Hornfels",0.161295060376236,-0.0388500904558372,0.355850265926133
"502","(STRAT_mod0.09 - STRAT_mod0.1) - (STRAT_mod0.09 - STRAT_mod2.88)","Hornfels",0.116310230759499,-0.00757537060590818,0.250292184232541
"503","(STRAT_mod0.09 - STRAT_mod0.1) - (STRAT_mod0.09 - STRAT_mod3.37)","Hornfels",0.0745513614502414,-0.0391031620288576,0.189455287518841
"504","(STRAT_mod0.09 - STRAT_mod0.1) - (STRAT_mod0.1 - STRAT_mod0.2)","Hornfels",0.329035885452002,-0.0747026605260531,0.749746417339877
"505","(STRAT_mod0.09 - STRAT_mod0.1) - (STRAT_mod0.1 - STRAT_mod0.3)","Hornfels",0.012462559351269,-0.380361368639063,0.414390278742651
"506","(STRAT_mod0.09 - STRAT_mod0.1) - (STRAT_mod0.1 - STRAT_mod0.82)","Hornfels",0.0460480270695074,-0.348278549550604,0.4270290729551
"507","(STRAT_mod0.09 - STRAT_mod0.1) - (STRAT_mod0.1 - STRAT_mod1.08)","Hornfels",0.0667741109867865,-0.331602541240928,0.44161163667446
"508","(STRAT_mod0.09 - STRAT_mod0.1) - (STRAT_mod0.1 - STRAT_mod1.44)","Hornfels",0.268606597495197,-0.129467450013019,0.671683880060767
"509","(STRAT_mod0.09 - STRAT_mod0.1) - (STRAT_mod0.1 - STRAT_mod2.15)","Hornfels",0.0973364181888396,-0.300326154190569,0.535378742605767
"510","(STRAT_mod0.09 - STRAT_mod0.1) - (STRAT_mod0.1 - STRAT_mod2.88)","Hornfels",0.0519497557305268,-0.361906380418829,0.421459489674475
"511","(STRAT_mod0.09 - STRAT_mod0.1) - (STRAT_mod0.1 - STRAT_mod3.37)","Hornfels",0.00808618210314629,-0.396374198642661,0.374841271063185
"512","(STRAT_mod0.09 - STRAT_mod0.1) - (STRAT_mod0.2 - STRAT_mod0.3)","Hornfels",-0.38173394393581,-0.759273564361502,0.00788269868893954
"513","(STRAT_mod0.09 - STRAT_mod0.1) - (STRAT_mod0.2 - STRAT_mod0.82)","Hornfels",-0.347714910959196,-0.734862298127759,0.00998231201146366
"514","(STRAT_mod0.09 - STRAT_mod0.1) - (STRAT_mod0.2 - STRAT_mod1.08)","Hornfels",-0.32908082534839,-0.688441265044223,0.0569624556979
"515","(STRAT_mod0.09 - STRAT_mod0.1) - (STRAT_mod0.2 - STRAT_mod1.44)","Hornfels",-0.126778505172387,-0.504846405463171,0.270588569972573
"516","(STRAT_mod0.09 - STRAT_mod0.1) - (STRAT_mod0.2 - STRAT_mod2.15)","Hornfels",-0.298201779249169,-0.712120798323306,0.100010247320578
"517","(STRAT_mod0.09 - STRAT_mod0.1) - (STRAT_mod0.2 - STRAT_mod2.88)","Hornfels",-0.341373214005342,-0.721548218364915,0.0331516832117665
"518","(STRAT_mod0.09 - STRAT_mod0.1) - (STRAT_mod0.2 - STRAT_mod3.37)","Hornfels",-0.384851288676201,-0.758878609394851,-0.0189099866936929
"519","(STRAT_mod0.09 - STRAT_mod0.1) - (STRAT_mod0.3 - STRAT_mod0.82)","Hornfels",-0.0321980620985684,-0.396532051999237,0.328996507804498
"520","(STRAT_mod0.09 - STRAT_mod0.1) - (STRAT_mod0.3 - STRAT_mod1.08)","Hornfels",-0.0117572305341801,-0.368538214326255,0.357589291528521
"521","(STRAT_mod0.09 - STRAT_mod0.1) - (STRAT_mod0.3 - STRAT_mod1.44)","Hornfels",0.189139451813849,-0.200064577790026,0.556378701542364
"522","(STRAT_mod0.09 - STRAT_mod0.1) - (STRAT_mod0.3 - STRAT_mod2.15)","Hornfels",0.0200512146893697,-0.37717022501333,0.423603468570545
"523","(STRAT_mod0.09 - STRAT_mod0.1) - (STRAT_mod0.3 - STRAT_mod2.88)","Hornfels",-0.0254539068392497,-0.403420384539395,0.328304688702399
"524","(STRAT_mod0.09 - STRAT_mod0.1) - (STRAT_mod0.3 - STRAT_mod3.37)","Hornfels",-0.0704554610706883,-0.438472076700196,0.284006050379571
"525","(STRAT_mod0.09 - STRAT_mod0.1) - (STRAT_mod0.82 - STRAT_mod1.08)","Hornfels",-0.0444983170451476,-0.390450528405061,0.309253539501044
"526","(STRAT_mod0.09 - STRAT_mod0.1) - (STRAT_mod0.82 - STRAT_mod1.44)","Hornfels",0.157087886572402,-0.21544168608255,0.521212425507731
"527","(STRAT_mod0.09 - STRAT_mod0.1) - (STRAT_mod0.82 - STRAT_mod2.15)","Hornfels",-0.0127506492641886,-0.410452360404894,0.363054379621708
"528","(STRAT_mod0.09 - STRAT_mod0.1) - (STRAT_mod0.82 - STRAT_mod2.88)","Hornfels",-0.0585828882472024,-0.408585685397979,0.303718541501159
"529","(STRAT_mod0.09 - STRAT_mod0.1) - (STRAT_mod0.82 - STRAT_mod3.37)","Hornfels",-0.102216584900401,-0.457113840370742,0.241529100260641
"530","(STRAT_mod0.09 - STRAT_mod0.1) - (STRAT_mod1.08 - STRAT_mod1.44)","Hornfels",0.136375243591297,-0.223365606552327,0.501637125757604
"531","(STRAT_mod0.09 - STRAT_mod0.1) - (STRAT_mod1.08 - STRAT_mod2.15)","Hornfels",-0.0361561209572723,-0.431551046354461,0.342450937497991
"532","(STRAT_mod0.09 - STRAT_mod0.1) - (STRAT_mod1.08 - STRAT_mod2.88)","Hornfels",-0.078559607312621,-0.431247747481045,0.27712276242029
"533","(STRAT_mod0.09 - STRAT_mod0.1) - (STRAT_mod1.08 - STRAT_mod3.37)","Hornfels",-0.124349807593197,-0.478559139985657,0.216986310977164
"534","(STRAT_mod0.09 - STRAT_mod0.1) - (STRAT_mod1.44 - STRAT_mod2.15)","Hornfels",-0.235252287504397,-0.621052641278449,0.174429057517664
"535","(STRAT_mod0.09 - STRAT_mod0.1) - (STRAT_mod1.44 - STRAT_mod2.88)","Hornfels",-0.278518844415382,-0.643690149822561,0.0907763453640689
"536","(STRAT_mod0.09 - STRAT_mod0.1) - (STRAT_mod1.44 - STRAT_mod3.37)","Hornfels",-0.326267402708038,-0.66952486956499,0.0527733602082064
"537","(STRAT_mod0.09 - STRAT_mod0.1) - (STRAT_mod2.15 - STRAT_mod2.88)","Hornfels",-0.110118534731729,-0.515797500277066,0.259849638789073
"538","(STRAT_mod0.09 - STRAT_mod0.1) - (STRAT_mod2.15 - STRAT_mod3.37)","Hornfels",-0.152993046819003,-0.522999990232204,0.23824480945213
"539","(STRAT_mod0.09 - STRAT_mod0.1) - (STRAT_mod2.88 - STRAT_mod3.37)","Hornfels",-0.106702998380826,-0.463986007111968,0.23834690342189
"540","(STRAT_mod0.09 - STRAT_mod0.2) - (STRAT_mod0.09 - STRAT_mod0.3)","Hornfels",-0.317675350050636,-0.50850177962818,-0.127586403363993
"541","(STRAT_mod0.09 - STRAT_mod0.2) - (STRAT_mod0.09 - STRAT_mod0.82)","Hornfels",-0.28450228409218,-0.438999244904437,-0.10336434553759
"542","(STRAT_mod0.09 - STRAT_mod0.2) - (STRAT_mod0.09 - STRAT_mod1.08)","Hornfels",-0.262976588705103,-0.437752442788714,-0.106507671388617
"543","(STRAT_mod0.09 - STRAT_mod0.2) - (STRAT_mod0.09 - STRAT_mod1.44)","Hornfels",-0.0603993130190996,-0.262678042331115,0.123386133649697
"544","(STRAT_mod0.09 - STRAT_mod0.2) - (STRAT_mod0.09 - STRAT_mod2.15)","Hornfels",-0.235860434207339,-0.467623558508707,-0.00795208890939281
"545","(STRAT_mod0.09 - STRAT_mod0.2) - (STRAT_mod0.09 - STRAT_mod2.88)","Hornfels",-0.277973610673274,-0.448288476351088,-0.104514578761911
"546","(STRAT_mod0.09 - STRAT_mod0.2) - (STRAT_mod0.09 - STRAT_mod3.37)","Hornfels",-0.321664191918386,-0.483225689615989,-0.153974267699551
"547","(STRAT_mod0.09 - STRAT_mod0.2) - (STRAT_mod0.1 - STRAT_mod0.2)","Hornfels",-0.0659793468874059,-0.40760075071131,0.273145242822243
"548","(STRAT_mod0.09 - STRAT_mod0.2) - (STRAT_mod0.1 - STRAT_mod0.3)","Hornfels",-0.38173394393581,-0.759273564361502,0.00788269868893954
"549","(STRAT_mod0.09 - STRAT_mod0.2) - (STRAT_mod0.1 - STRAT_mod0.82)","Hornfels",-0.347714910959196,-0.734862298127759,0.00998231201146366
"550","(STRAT_mod0.09 - STRAT_mod0.2) - (STRAT_mod0.1 - STRAT_mod1.08)","Hornfels",-0.32908082534839,-0.688441265044223,0.0569624556979
"551","(STRAT_mod0.09 - STRAT_mod0.2) - (STRAT_mod0.1 - STRAT_mod1.44)","Hornfels",-0.126778505172387,-0.504846405463171,0.270588569972573
"552","(STRAT_mod0.09 - STRAT_mod0.2) - (STRAT_mod0.1 - STRAT_mod2.15)","Hornfels",-0.298201779249169,-0.712120798323306,0.100010247320578
"553","(STRAT_mod0.09 - STRAT_mod0.2) - (STRAT_mod0.1 - STRAT_mod2.88)","Hornfels",-0.341373214005342,-0.721548218364915,0.0331516832117665
"554","(STRAT_mod0.09 - STRAT_mod0.2) - (STRAT_mod0.1 - STRAT_mod3.37)","Hornfels",-0.384851288676201,-0.758878609394851,-0.0189099866936929
"555","(STRAT_mod0.09 - STRAT_mod0.2) - (STRAT_mod0.2 - STRAT_mod0.3)","Hornfels",-0.776173184978405,-1.21747952409627,-0.313505217882169
"556","(STRAT_mod0.09 - STRAT_mod0.2) - (STRAT_mod0.2 - STRAT_mod0.82)","Hornfels",-0.747618057943125,-1.16609978571492,-0.276705002510645
"557","(STRAT_mod0.09 - STRAT_mod0.2) - (STRAT_mod0.2 - STRAT_mod1.08)","Hornfels",-0.727293389887752,-1.17359598738341,-0.285798669405388
"558","(STRAT_mod0.09 - STRAT_mod0.2) - (STRAT_mod0.2 - STRAT_mod1.44)","Hornfels",-0.524225773526653,-0.951164506103011,-0.0342269453269518
"559","(STRAT_mod0.09 - STRAT_mod0.2) - (STRAT_mod0.2 - STRAT_mod2.15)","Hornfels",-0.691969918474845,-1.1694162015747,-0.224119199245341
"560","(STRAT_mod0.09 - STRAT_mod0.2) - (STRAT_mod0.2 - STRAT_mod2.88)","Hornfels",-0.737805783115028,-1.19409390992498,-0.294301058748822
"561","(STRAT_mod0.09 - STRAT_mod0.2) - (STRAT_mod0.2 - STRAT_mod3.37)","Hornfels",-0.784723713986078,-1.22132709995689,-0.3327360667065
"562","(STRAT_mod0.09 - STRAT_mod0.2) - (STRAT_mod0.3 - STRAT_mod0.82)","Hornfels",-0.42805718892528,-0.824350711222671,-0.069004063563312
"563","(STRAT_mod0.09 - STRAT_mod0.2) - (STRAT_mod0.3 - STRAT_mod1.08)","Hornfels",-0.406752376035503,-0.780010142601376,-0.0232134259869386
"564","(STRAT_mod0.09 - STRAT_mod0.2) - (STRAT_mod0.3 - STRAT_mod1.44)","Hornfels",-0.20436146318164,-0.589370069975733,0.200342156524207
"565","(STRAT_mod0.09 - STRAT_mod0.2) - (STRAT_mod0.3 - STRAT_mod2.15)","Hornfels",-0.375185867284543,-0.804730359121796,0.0152278329355273
"566","(STRAT_mod0.09 - STRAT_mod0.2) - (STRAT_mod0.3 - STRAT_mod2.88)","Hornfels",-0.421271197971018,-0.797965782850731,-0.0327014736860861
"567","(STRAT_mod0.09 - STRAT_mod0.2) - (STRAT_mod0.3 - STRAT_mod3.37)","Hornfels",-0.464354926126587,-0.862524597191179,-0.114949937373381
"568","(STRAT_mod0.09 - STRAT_mod0.2) - (STRAT_mod0.82 - STRAT_mod1.08)","Hornfels",-0.440222813768338,-0.800682670894823,-0.0697688386568691
"569","(STRAT_mod0.09 - STRAT_mod0.2) - (STRAT_mod0.82 - STRAT_mod1.44)","Hornfels",-0.236503432569745,-0.60950530181186,0.149746993323268
"570","(STRAT_mod0.09 - STRAT_mod0.2) - (STRAT_mod0.82 - STRAT_mod2.15)","Hornfels",-0.406999791426573,-0.78813638280716,0.0160138549298576
"571","(STRAT_mod0.09 - STRAT_mod0.2) - (STRAT_mod0.82 - STRAT_mod2.88)","Hornfels",-0.453671845785158,-0.827855154756493,-0.0928519611482672
"572","(STRAT_mod0.09 - STRAT_mod0.2) - (STRAT_mod0.82 - STRAT_mod3.37)","Hornfels",-0.498120034674196,-0.859075638738784,-0.13771487664308
"573","(STRAT_mod0.09 - STRAT_mod0.2) - (STRAT_mod1.08 - STRAT_mod1.44)","Hornfels",-0.256026332479282,-0.632720011963348,0.126766327925725
"574","(STRAT_mod0.09 - STRAT_mod0.2) - (STRAT_mod1.08 - STRAT_mod2.15)","Hornfels",-0.428365320904745,-0.829977141084825,-0.030894454234265
"575","(STRAT_mod0.09 - STRAT_mod0.2) - (STRAT_mod1.08 - STRAT_mod2.88)","Hornfels",-0.4750333394514,-0.842005699521755,-0.109114856987564
"576","(STRAT_mod0.09 - STRAT_mod0.2) - (STRAT_mod1.08 - STRAT_mod3.37)","Hornfels",-0.518394458337722,-0.893962214201631,-0.167499030754822
"577","(STRAT_mod0.09 - STRAT_mod0.2) - (STRAT_mod1.44 - STRAT_mod2.15)","Hornfels",-0.633417136486332,-1.04517982396207,-0.21824889138342
"578","(STRAT_mod0.09 - STRAT_mod0.2) - (STRAT_mod1.44 - STRAT_mod2.88)","Hornfels",-0.676207832390445,-1.075083593891,-0.306595573472265
"579","(STRAT_mod0.09 - STRAT_mod0.2) - (STRAT_mod1.44 - STRAT_mod3.37)","Hornfels",-0.721348115261159,-1.09367868386539,-0.342900296468542
"580","(STRAT_mod0.09 - STRAT_mod0.2) - (STRAT_mod2.15 - STRAT_mod2.88)","Hornfels",-0.506261590762061,-0.917805530640014,-0.124307542002227
"581","(STRAT_mod0.09 - STRAT_mod0.2) - (STRAT_mod2.15 - STRAT_mod3.37)","Hornfels",-0.550714661622847,-0.95465104115906,-0.162333622094445
"582","(STRAT_mod0.09 - STRAT_mod0.2) - (STRAT_mod2.88 - STRAT_mod3.37)","Hornfels",-0.50370814502457,-0.8576627362123,-0.127251982475009
"583","(STRAT_mod0.09 - STRAT_mod0.3) - (STRAT_mod0.09 - STRAT_mod0.82)","Hornfels",0.0315098181850293,-0.0968602069134329,0.16763171988757
"584","(STRAT_mod0.09 - STRAT_mod0.3) - (STRAT_mod0.09 - STRAT_mod1.08)","Hornfels",0.052178054885848,-0.0769921616541981,0.179615042576729
"585","(STRAT_mod0.09 - STRAT_mod0.3) - (STRAT_mod0.09 - STRAT_mod1.44)","Hornfels",0.255356524307311,0.0951243431435559,0.428606975955816
"586","(STRAT_mod0.09 - STRAT_mod0.3) - (STRAT_mod0.09 - STRAT_mod2.15)","Hornfels",0.0829951048892644,-0.132819452655944,0.28132766989147
"587","(STRAT_mod0.09 - STRAT_mod0.3) - (STRAT_mod0.09 - STRAT_mod2.88)","Hornfels",0.0384468049743496,-0.0911697783120262,0.188060690697908
"588","(STRAT_mod0.09 - STRAT_mod0.3) - (STRAT_mod0.09 - STRAT_mod3.37)","Hornfels",-0.00371665285037923,-0.132957407742338,0.11878446332754
"589","(STRAT_mod0.09 - STRAT_mod0.3) - (STRAT_mod0.1 - STRAT_mod0.2)","Hornfels",0.248511790917427,-0.144984058838549,0.637878675321909
"590","(STRAT_mod0.09 - STRAT_mod0.3) - (STRAT_mod0.1 - STRAT_mod0.3)","Hornfels",-0.0659793468874059,-0.40760075071131,0.273145242822243
"591","(STRAT_mod0.09 - STRAT_mod0.3) - (STRAT_mod0.1 - STRAT_mod0.82)","Hornfels",-0.0321980620985684,-0.396532051999237,0.328996507804498
"592","(STRAT_mod0.09 - STRAT_mod0.3) - (STRAT_mod0.1 - STRAT_mod1.08)","Hornfels",-0.0117572305341801,-0.368538214326255,0.357589291528521
"593","(STRAT_mod0.09 - STRAT_mod0.3) - (STRAT_mod0.1 - STRAT_mod1.44)","Hornfels",0.189139451813849,-0.200064577790026,0.556378701542364
"594","(STRAT_mod0.09 - STRAT_mod0.3) - (STRAT_mod0.1 - STRAT_mod2.15)","Hornfels",0.0200512146893697,-0.37717022501333,0.423603468570545
"595","(STRAT_mod0.09 - STRAT_mod0.3) - (STRAT_mod0.1 - STRAT_mod2.88)","Hornfels",-0.0254539068392497,-0.403420384539395,0.328304688702399
"596","(STRAT_mod0.09 - STRAT_mod0.3) - (STRAT_mod0.1 - STRAT_mod3.37)","Hornfels",-0.0704554610706883,-0.438472076700196,0.284006050379571
"597","(STRAT_mod0.09 - STRAT_mod0.3) - (STRAT_mod0.2 - STRAT_mod0.3)","Hornfels",-0.459978243970588,-0.819833605348677,-0.11722214800574
"598","(STRAT_mod0.09 - STRAT_mod0.3) - (STRAT_mod0.2 - STRAT_mod0.82)","Hornfels",-0.42805718892528,-0.824350711222671,-0.069004063563312
"599","(STRAT_mod0.09 - STRAT_mod0.3) - (STRAT_mod0.2 - STRAT_mod1.08)","Hornfels",-0.406752376035503,-0.780010142601376,-0.0232134259869386
"600","(STRAT_mod0.09 - STRAT_mod0.3) - (STRAT_mod0.2 - STRAT_mod1.44)","Hornfels",-0.20436146318164,-0.589370069975733,0.200342156524207
"601","(STRAT_mod0.09 - STRAT_mod0.3) - (STRAT_mod0.2 - STRAT_mod2.15)","Hornfels",-0.375185867284543,-0.804730359121796,0.0152278329355273
"602","(STRAT_mod0.09 - STRAT_mod0.3) - (STRAT_mod0.2 - STRAT_mod2.88)","Hornfels",-0.421271197971018,-0.797965782850731,-0.0327014736860861
"603","(STRAT_mod0.09 - STRAT_mod0.3) - (STRAT_mod0.2 - STRAT_mod3.37)","Hornfels",-0.464354926126587,-0.862524597191179,-0.114949937373381
"604","(STRAT_mod0.09 - STRAT_mod0.3) - (STRAT_mod0.3 - STRAT_mod0.82)","Hornfels",-0.112377387384185,-0.507620449716327,0.29884814803394
"605","(STRAT_mod0.09 - STRAT_mod0.3) - (STRAT_mod0.3 - STRAT_mod1.08)","Hornfels",-0.0919048238123592,-0.516673078477312,0.285199070191323
"606","(STRAT_mod0.09 - STRAT_mod0.3) - (STRAT_mod0.3 - STRAT_mod1.44)","Hornfels",0.112386111668322,-0.307576111521479,0.526076513856812
"607","(STRAT_mod0.09 - STRAT_mod0.3) - (STRAT_mod0.3 - STRAT_mod2.15)","Hornfels",-0.0557925941334945,-0.483496601080755,0.388649822013932
"608","(STRAT_mod0.09 - STRAT_mod0.3) - (STRAT_mod0.3 - STRAT_mod2.88)","Hornfels",-0.107885934592523,-0.507810891467721,0.300378231659317
"609","(STRAT_mod0.09 - STRAT_mod0.3) - (STRAT_mod0.3 - STRAT_mod3.37)","Hornfels",-0.147511168798285,-0.563537185537378,0.237131092375135
"610","(STRAT_mod0.09 - STRAT_mod0.3) - (STRAT_mod0.82 - STRAT_mod1.08)","Hornfels",-0.123876812014938,-0.487303327162557,0.224419618332781
"611","(STRAT_mod0.09 - STRAT_mod0.3) - (STRAT_mod0.82 - STRAT_mod1.44)","Hornfels",0.0801235270753773,-0.278976523929862,0.460551778094003
"612","(STRAT_mod0.09 - STRAT_mod0.3) - (STRAT_mod0.82 - STRAT_mod2.15)","Hornfels",-0.0914534917326389,-0.48246246933147,0.307069726601277
"613","(STRAT_mod0.09 - STRAT_mod0.3) - (STRAT_mod0.82 - STRAT_mod2.88)","Hornfels",-0.138003332403092,-0.484153348082475,0.235822271788172
"614","(STRAT_mod0.09 - STRAT_mod0.3) - (STRAT_mod0.82 - STRAT_mod3.37)","Hornfels",-0.181111185900583,-0.532268674803233,0.175348282716037
"615","(STRAT_mod0.09 - STRAT_mod0.3) - (STRAT_mod1.08 - STRAT_mod1.44)","Hornfels",0.0576595491294377,-0.29112996413569,0.45021069008423
"616","(STRAT_mod0.09 - STRAT_mod0.3) - (STRAT_mod1.08 - STRAT_mod2.15)","Hornfels",-0.111460634322677,-0.489339208127297,0.291471125626627
"617","(STRAT_mod0.09 - STRAT_mod0.3) - (STRAT_mod1.08 - STRAT_mod2.88)","Hornfels",-0.15803480383714,-0.520816447382538,0.193292528044751
"618","(STRAT_mod0.09 - STRAT_mod0.3) - (STRAT_mod1.08 - STRAT_mod3.37)","Hornfels",-0.202069646019256,-0.565922870415309,0.137053269032972
"619","(STRAT_mod0.09 - STRAT_mod0.3) - (STRAT_mod1.44 - STRAT_mod2.15)","Hornfels",-0.315404957287531,-0.710523708515029,0.0967447945108056
"620","(STRAT_mod0.09 - STRAT_mod0.3) - (STRAT_mod1.44 - STRAT_mod2.88)","Hornfels",-0.362225234498344,-0.737846178489721,-0.00164474330691683
"621","(STRAT_mod0.09 - STRAT_mod0.3) - (STRAT_mod1.44 - STRAT_mod3.37)","Hornfels",-0.407060758497877,-0.757111731318183,-0.0275351461161029
"622","(STRAT_mod0.09 - STRAT_mod0.3) - (STRAT_mod2.15 - STRAT_mod2.88)","Hornfels",-0.190815841998011,-0.561532905376956,0.215330283230862
"623","(STRAT_mod0.09 - STRAT_mod0.3) - (STRAT_mod2.15 - STRAT_mod3.37)","Hornfels",-0.231839130671451,-0.62247394330549,0.147441148634973
"624","(STRAT_mod0.09 - STRAT_mod0.3) - (STRAT_mod2.88 - STRAT_mod3.37)","Hornfels",-0.187220452013607,-0.545610128693291,0.170436760149338
"625","(STRAT_mod0.09 - STRAT_mod0.82) - (STRAT_mod0.09 - STRAT_mod1.08)","Hornfels",0.0206154895423618,-0.0738223380522195,0.109946826862599
"626","(STRAT_mod0.09 - STRAT_mod0.82) - (STRAT_mod0.09 - STRAT_mod1.44)","Hornfels",0.222846993015441,0.092422802786322,0.361128482523276
"627","(STRAT_mod0.09 - STRAT_mod0.82) - (STRAT_mod0.09 - STRAT_mod2.15)","Hornfels",0.051547317206185,-0.127624178177327,0.235548251816125
"628","(STRAT_mod0.09 - STRAT_mod0.82) - (STRAT_mod0.09 - STRAT_mod2.88)","Hornfels",0.00576522063800658,-0.0962903603468615,0.112492060213772
"629","(STRAT_mod0.09 - STRAT_mod0.82) - (STRAT_mod0.09 - STRAT_mod3.37)","Hornfels",-0.0373770077437963,-0.127732742609874,0.0482762547167628
"630","(STRAT_mod0.09 - STRAT_mod0.82) - (STRAT_mod0.1 - STRAT_mod0.2)","Hornfels",0.217705461087918,-0.163585325218345,0.600977521470301
"631","(STRAT_mod0.09 - STRAT_mod0.82) - (STRAT_mod0.1 - STRAT_mod0.3)","Hornfels",-0.100513547371057,-0.465467247687568,0.262483540296424
"632","(STRAT_mod0.09 - STRAT_mod0.82) - (STRAT_mod0.1 - STRAT_mod0.82)","Hornfels",-0.0659793468874059,-0.40760075071131,0.273145242822243
"633","(STRAT_mod0.09 - STRAT_mod0.82) - (STRAT_mod0.1 - STRAT_mod1.08)","Hornfels",-0.0444983170451476,-0.390450528405061,0.309253539501044
"634","(STRAT_mod0.09 - STRAT_mod0.82) - (STRAT_mod0.1 - STRAT_mod1.44)","Hornfels",0.157087886572402,-0.21544168608255,0.521212425507731
"635","(STRAT_mod0.09 - STRAT_mod0.82) - (STRAT_mod0.1 - STRAT_mod2.15)","Hornfels",-0.0127506492641886,-0.410452360404894,0.363054379621708
"636","(STRAT_mod0.09 - STRAT_mod0.82) - (STRAT_mod0.1 - STRAT_mod2.88)","Hornfels",-0.0585828882472024,-0.408585685397979,0.303718541501159
"637","(STRAT_mod0.09 - STRAT_mod0.82) - (STRAT_mod0.1 - STRAT_mod3.37)","Hornfels",-0.102216584900401,-0.457113840370742,0.241529100260641
"638","(STRAT_mod0.09 - STRAT_mod0.82) - (STRAT_mod0.2 - STRAT_mod0.3)","Hornfels",-0.495532574027075,-0.870160002505686,-0.118334633284085
"639","(STRAT_mod0.09 - STRAT_mod0.82) - (STRAT_mod0.2 - STRAT_mod0.82)","Hornfels",-0.459978243970588,-0.819833605348677,-0.11722214800574
"640","(STRAT_mod0.09 - STRAT_mod0.82) - (STRAT_mod0.2 - STRAT_mod1.08)","Hornfels",-0.440222813768338,-0.800682670894823,-0.0697688386568691
"641","(STRAT_mod0.09 - STRAT_mod0.82) - (STRAT_mod0.2 - STRAT_mod1.44)","Hornfels",-0.236503432569745,-0.60950530181186,0.149746993323268
"642","(STRAT_mod0.09 - STRAT_mod0.82) - (STRAT_mod0.2 - STRAT_mod2.15)","Hornfels",-0.406999791426573,-0.78813638280716,0.0160138549298576
"643","(STRAT_mod0.09 - STRAT_mod0.82) - (STRAT_mod0.2 - STRAT_mod2.88)","Hornfels",-0.453671845785158,-0.827855154756493,-0.0928519611482672
"644","(STRAT_mod0.09 - STRAT_mod0.82) - (STRAT_mod0.2 - STRAT_mod3.37)","Hornfels",-0.498120034674196,-0.859075638738784,-0.13771487664308
"645","(STRAT_mod0.09 - STRAT_mod0.82) - (STRAT_mod0.3 - STRAT_mod0.82)","Hornfels",-0.142140096968775,-0.47720096798143,0.209260623574678
"646","(STRAT_mod0.09 - STRAT_mod0.82) - (STRAT_mod0.3 - STRAT_mod1.08)","Hornfels",-0.123876812014938,-0.487303327162557,0.224419618332781
"647","(STRAT_mod0.09 - STRAT_mod0.82) - (STRAT_mod0.3 - STRAT_mod1.44)","Hornfels",0.0801235270753773,-0.278976523929862,0.460551778094003
"648","(STRAT_mod0.09 - STRAT_mod0.82) - (STRAT_mod0.3 - STRAT_mod2.15)","Hornfels",-0.0914534917326389,-0.48246246933147,0.307069726601277
"649","(STRAT_mod0.09 - STRAT_mod0.82) - (STRAT_mod0.3 - STRAT_mod2.88)","Hornfels",-0.138003332403092,-0.484153348082475,0.235822271788172
"650","(STRAT_mod0.09 - STRAT_mod0.82) - (STRAT_mod0.3 - STRAT_mod3.37)","Hornfels",-0.181111185900583,-0.532268674803233,0.175348282716037
"651","(STRAT_mod0.09 - STRAT_mod0.82) - (STRAT_mod0.82 - STRAT_mod1.08)","Hornfels",-0.155758164822678,-0.51292392012093,0.199922109737763
"652","(STRAT_mod0.09 - STRAT_mod0.82) - (STRAT_mod0.82 - STRAT_mod1.44)","Hornfels",0.0477951489361192,-0.324963966240291,0.415521123152794
"653","(STRAT_mod0.09 - STRAT_mod0.82) - (STRAT_mod0.82 - STRAT_mod2.15)","Hornfels",-0.12298549210486,-0.512330464203329,0.277698621353016
"654","(STRAT_mod0.09 - STRAT_mod0.82) - (STRAT_mod0.82 - STRAT_mod2.88)","Hornfels",-0.169775201312181,-0.530108486984469,0.186508797067581
"655","(STRAT_mod0.09 - STRAT_mod0.82) - (STRAT_mod0.82 - STRAT_mod3.37)","Hornfels",-0.213442845463637,-0.568660518206265,0.142679685122736
"656","(STRAT_mod0.09 - STRAT_mod0.82) - (STRAT_mod1.08 - STRAT_mod1.44)","Hornfels",0.0264570993208929,-0.336287224345117,0.374721987606574
"657","(STRAT_mod0.09 - STRAT_mod0.82) - (STRAT_mod1.08 - STRAT_mod2.15)","Hornfels",-0.14563665506707,-0.519744836663903,0.24136686239831
"658","(STRAT_mod0.09 - STRAT_mod0.82) - (STRAT_mod1.08 - STRAT_mod2.88)","Hornfels",-0.189878445929106,-0.538160366041208,0.149087469691894
"659","(STRAT_mod0.09 - STRAT_mod0.82) - (STRAT_mod1.08 - STRAT_mod3.37)","Hornfels",-0.234513140645775,-0.564794380026482,0.113595004028843
"660","(STRAT_mod0.09 - STRAT_mod0.82) - (STRAT_mod1.44 - STRAT_mod2.15)","Hornfels",-0.346640479071782,-0.749533353465609,0.0362829617427667
"661","(STRAT_mod0.09 - STRAT_mod0.82) - (STRAT_mod1.44 - STRAT_mod2.88)","Hornfels",-0.394125781177962,-0.745219436200874,-0.0285879017625436
"662","(STRAT_mod0.09 - STRAT_mod0.82) - (STRAT_mod1.44 - STRAT_mod3.37)","Hornfels",-0.437654472543028,-0.7912718614145,-0.0844497923764652
"663","(STRAT_mod0.09 - STRAT_mod0.82) - (STRAT_mod2.15 - STRAT_mod2.88)","Hornfels",-0.220808906271128,-0.598922239686158,0.157201041667068
"664","(STRAT_mod0.09 - STRAT_mod0.82) - (STRAT_mod2.15 - STRAT_mod3.37)","Hornfels",-0.266339866157444,-0.624709645741741,0.126172995679655
"665","(STRAT_mod0.09 - STRAT_mod0.82) - (STRAT_mod2.88 - STRAT_mod3.37)","Hornfels",-0.220571874649913,-0.549688472367363,0.141290092840977
"666","(STRAT_mod0.09 - STRAT_mod1.08) - (STRAT_mod0.09 - STRAT_mod1.44)","Hornfels",0.20252488362118,0.0701661042166686,0.331543592264078
"667","(STRAT_mod0.09 - STRAT_mod1.08) - (STRAT_mod0.09 - STRAT_mod2.15)","Hornfels",0.0301937719097017,-0.147073623059884,0.217235382824986
"668","(STRAT_mod0.09 - STRAT_mod1.08) - (STRAT_mod0.09 - STRAT_mod2.88)","Hornfels",-0.0153918412499109,-0.11269204707255,0.0916787229698049
"669","(STRAT_mod0.09 - STRAT_mod1.08) - (STRAT_mod0.09 - STRAT_mod3.37)","Hornfels",-0.0581364864572537,-0.146636386745788,0.0254387490335389
"670","(STRAT_mod0.09 - STRAT_mod1.08) - (STRAT_mod0.1 - STRAT_mod0.2)","Hornfels",0.196580125047124,-0.189527643477613,0.571114634512617
"671","(STRAT_mod0.09 - STRAT_mod1.08) - (STRAT_mod0.1 - STRAT_mod0.3)","Hornfels",-0.11864463010996,-0.482490040367994,0.238119147392193
"672","(STRAT_mod0.09 - STRAT_mod1.08) - (STRAT_mod0.1 - STRAT_mod0.82)","Hornfels",-0.0859728448017821,-0.441963617466858,0.255105282754611
"673","(STRAT_mod0.09 - STRAT_mod1.08) - (STRAT_mod0.1 - STRAT_mod1.08)","Hornfels",-0.0659793468874059,-0.40760075071131,0.273145242822243
"674","(STRAT_mod0.09 - STRAT_mod1.08) - (STRAT_mod0.1 - STRAT_mod1.44)","Hornfels",0.136375243591297,-0.223365606552327,0.501637125757604
"675","(STRAT_mod0.09 - STRAT_mod1.08) - (STRAT_mod0.1 - STRAT_mod2.15)","Hornfels",-0.0361561209572723,-0.431551046354461,0.342450937497991
"676","(STRAT_mod0.09 - STRAT_mod1.08) - (STRAT_mod0.1 - STRAT_mod2.88)","Hornfels",-0.078559607312621,-0.431247747481045,0.27712276242029
"677","(STRAT_mod0.09 - STRAT_mod1.08) - (STRAT_mod0.1 - STRAT_mod3.37)","Hornfels",-0.124349807593197,-0.478559139985657,0.216986310977164
"678","(STRAT_mod0.09 - STRAT_mod1.08) - (STRAT_mod0.2 - STRAT_mod0.3)","Hornfels",-0.51144525026301,-0.886693100434394,-0.134793731627829
"679","(STRAT_mod0.09 - STRAT_mod1.08) - (STRAT_mod0.2 - STRAT_mod0.82)","Hornfels",-0.478990660930781,-0.85134233467275,-0.12287269410098
"680","(STRAT_mod0.09 - STRAT_mod1.08) - (STRAT_mod0.2 - STRAT_mod1.08)","Hornfels",-0.459978243970588,-0.819833605348677,-0.11722214800574
"681","(STRAT_mod0.09 - STRAT_mod1.08) - (STRAT_mod0.2 - STRAT_mod1.44)","Hornfels",-0.256026332479282,-0.632720011963348,0.126766327925725
"682","(STRAT_mod0.09 - STRAT_mod1.08) - (STRAT_mod0.2 - STRAT_mod2.15)","Hornfels",-0.428365320904745,-0.829977141084825,-0.030894454234265
"683","(STRAT_mod0.09 - STRAT_mod1.08) - (STRAT_mod0.2 - STRAT_mod2.88)","Hornfels",-0.4750333394514,-0.842005699521755,-0.109114856987564
"684","(STRAT_mod0.09 - STRAT_mod1.08) - (STRAT_mod0.2 - STRAT_mod3.37)","Hornfels",-0.518394458337722,-0.893962214201631,-0.167499030754822
"685","(STRAT_mod0.09 - STRAT_mod1.08) - (STRAT_mod0.3 - STRAT_mod0.82)","Hornfels",-0.16454160393043,-0.520585760853321,0.188041222541751
"686","(STRAT_mod0.09 - STRAT_mod1.08) - (STRAT_mod0.3 - STRAT_mod1.08)","Hornfels",-0.142140096968775,-0.47720096798143,0.209260623574678
"687","(STRAT_mod0.09 - STRAT_mod1.08) - (STRAT_mod0.3 - STRAT_mod1.44)","Hornfels",0.0576595491294377,-0.29112996413569,0.45021069008423
"688","(STRAT_mod0.09 - STRAT_mod1.08) - (STRAT_mod0.3 - STRAT_mod2.15)","Hornfels",-0.111460634322677,-0.489339208127297,0.291471125626627
"689","(STRAT_mod0.09 - STRAT_mod1.08) - (STRAT_mod0.3 - STRAT_mod2.88)","Hornfels",-0.15803480383714,-0.520816447382538,0.193292528044751
"690","(STRAT_mod0.09 - STRAT_mod1.08) - (STRAT_mod0.3 - STRAT_mod3.37)","Hornfels",-0.202069646019256,-0.565922870415309,0.137053269032972
"691","(STRAT_mod0.09 - STRAT_mod1.08) - (STRAT_mod0.82 - STRAT_mod1.08)","Hornfels",-0.178362666278799,-0.511930647088585,0.149181569912884
"692","(STRAT_mod0.09 - STRAT_mod1.08) - (STRAT_mod0.82 - STRAT_mod1.44)","Hornfels",0.0264570993208929,-0.336287224345117,0.374721987606574
"693","(STRAT_mod0.09 - STRAT_mod1.08) - (STRAT_mod0.82 - STRAT_mod2.15)","Hornfels",-0.14563665506707,-0.519744836663903,0.24136686239831
"694","(STRAT_mod0.09 - STRAT_mod1.08) - (STRAT_mod0.82 - STRAT_mod2.88)","Hornfels",-0.189878445929106,-0.538160366041208,0.149087469691894
"695","(STRAT_mod0.09 - STRAT_mod1.08) - (STRAT_mod0.82 - STRAT_mod3.37)","Hornfels",-0.234513140645775,-0.564794380026482,0.113595004028843
"696","(STRAT_mod0.09 - STRAT_mod1.08) - (STRAT_mod1.08 - STRAT_mod1.44)","Hornfels",0.00778130658267431,-0.354983004113208,0.371715900574383
"697","(STRAT_mod0.09 - STRAT_mod1.08) - (STRAT_mod1.08 - STRAT_mod2.15)","Hornfels",-0.165147993951062,-0.544296988660086,0.23704971159919
"698","(STRAT_mod0.09 - STRAT_mod1.08) - (STRAT_mod1.08 - STRAT_mod2.88)","Hornfels",-0.213117637005,-0.570468729340586,0.139185720967433
"699","(STRAT_mod0.09 - STRAT_mod1.08) - (STRAT_mod1.08 - STRAT_mod3.37)","Hornfels",-0.254759023515537,-0.605323174598004,0.0956210731115085
"700","(STRAT_mod0.09 - STRAT_mod1.08) - (STRAT_mod1.44 - STRAT_mod2.15)","Hornfels",-0.369977598984372,-0.737084947449414,0.0454843541451208
"701","(STRAT_mod0.09 - STRAT_mod1.08) - (STRAT_mod1.44 - STRAT_mod2.88)","Hornfels",-0.414059405255093,-0.773556583739601,-0.0595156140669397
"702","(STRAT_mod0.09 - STRAT_mod1.08) - (STRAT_mod1.44 - STRAT_mod3.37)","Hornfels",-0.45936482547662,-0.812063378480099,-0.107705725756394
"703","(STRAT_mod0.09 - STRAT_mod1.08) - (STRAT_mod2.15 - STRAT_mod2.88)","Hornfels",-0.241933068391472,-0.628514868043883,0.123663516444564
"704","(STRAT_mod0.09 - STRAT_mod1.08) - (STRAT_mod2.15 - STRAT_mod3.37)","Hornfels",-0.284199363986704,-0.644222040472372,0.100647561708175
"705","(STRAT_mod0.09 - STRAT_mod1.08) - (STRAT_mod2.88 - STRAT_mod3.37)","Hornfels",-0.23985753087077,-0.587568047028592,0.0980956407006107
"706","(STRAT_mod0.09 - STRAT_mod1.44) - (STRAT_mod0.09 - STRAT_mod2.15)","Hornfels",-0.17214770488787,-0.402428593235371,0.0150719574341996
"707","(STRAT_mod0.09 - STRAT_mod1.44) - (STRAT_mod0.09 - STRAT_mod2.88)","Hornfels",-0.218237794290834,-0.359763726127791,-0.0796028313065704
"708","(STRAT_mod0.09 - STRAT_mod1.44) - (STRAT_mod0.09 - STRAT_mod3.37)","Hornfels",-0.260941022529979,-0.386650976472357,-0.130252389927606
"709","(STRAT_mod0.09 - STRAT_mod1.44) - (STRAT_mod0.1 - STRAT_mod0.2)","Hornfels",-0.00710962466548354,-0.387798888887777,0.398891744261719
"710","(STRAT_mod0.09 - STRAT_mod1.44) - (STRAT_mod0.1 - STRAT_mod0.3)","Hornfels",-0.32053473731884,-0.698389651010497,0.0538546366675784
"711","(STRAT_mod0.09 - STRAT_mod1.44) - (STRAT_mod0.1 - STRAT_mod0.82)","Hornfels",-0.289114039586895,-0.663227247947508,0.0685446741098076
"712","(STRAT_mod0.09 - STRAT_mod1.44) - (STRAT_mod0.1 - STRAT_mod1.08)","Hornfels",-0.266135739778294,-0.646091164822528,0.0797339472806198
"713","(STRAT_mod0.09 - STRAT_mod1.44) - (STRAT_mod0.1 - STRAT_mod1.44)","Hornfels",-0.0659793468874059,-0.40760075071131,0.273145242822243
"714","(STRAT_mod0.09 - STRAT_mod1.44) - (STRAT_mod0.1 - STRAT_mod2.15)","Hornfels",-0.235252287504397,-0.621052641278449,0.174429057517664
"715","(STRAT_mod0.09 - STRAT_mod1.44) - (STRAT_mod0.1 - STRAT_mod2.88)","Hornfels",-0.278518844415382,-0.643690149822561,0.0907763453640689
"716","(STRAT_mod0.09 - STRAT_mod1.44) - (STRAT_mod0.1 - STRAT_mod3.37)","Hornfels",-0.326267402708038,-0.66952486956499,0.0527733602082064
"717","(STRAT_mod0.09 - STRAT_mod1.44) - (STRAT_mod0.2 - STRAT_mod0.3)","Hornfels",-0.717645170516063,-1.09973200966478,-0.316854855287677
"718","(STRAT_mod0.09 - STRAT_mod1.44) - (STRAT_mod0.2 - STRAT_mod0.82)","Hornfels",-0.68286858562489,-1.08041137267861,-0.322508911828777
"719","(STRAT_mod0.09 - STRAT_mod1.44) - (STRAT_mod0.2 - STRAT_mod1.08)","Hornfels",-0.663416100726118,-1.04536385141627,-0.289495114849194
"720","(STRAT_mod0.09 - STRAT_mod1.44) - (STRAT_mod0.2 - STRAT_mod1.44)","Hornfels",-0.459978243970588,-0.819833605348677,-0.11722214800574
"721","(STRAT_mod0.09 - STRAT_mod1.44) - (STRAT_mod0.2 - STRAT_mod2.15)","Hornfels",-0.633417136486332,-1.04517982396207,-0.21824889138342
"722","(STRAT_mod0.09 - STRAT_mod1.44) - (STRAT_mod0.2 - STRAT_mod2.88)","Hornfels",-0.676207832390445,-1.075083593891,-0.306595573472265
"723","(STRAT_mod0.09 - STRAT_mod1.44) - (STRAT_mod0.2 - STRAT_mod3.37)","Hornfels",-0.721348115261159,-1.09367868386539,-0.342900296468542
"724","(STRAT_mod0.09 - STRAT_mod1.44) - (STRAT_mod0.3 - STRAT_mod0.82)","Hornfels",-0.370780245587662,-0.716568319605778,0.0169608478236296
"725","(STRAT_mod0.09 - STRAT_mod1.44) - (STRAT_mod0.3 - STRAT_mod1.08)","Hornfels",-0.348419452480098,-0.708119635694729,0.0200196837276628
"726","(STRAT_mod0.09 - STRAT_mod1.44) - (STRAT_mod0.3 - STRAT_mod1.44)","Hornfels",-0.142140096968775,-0.47720096798143,0.209260623574678
"727","(STRAT_mod0.09 - STRAT_mod1.44) - (STRAT_mod0.3 - STRAT_mod2.15)","Hornfels",-0.315404957287531,-0.710523708515029,0.0967447945108056
"728","(STRAT_mod0.09 - STRAT_mod1.44) - (STRAT_mod0.3 - STRAT_mod2.88)","Hornfels",-0.362225234498344,-0.737846178489721,-0.00164474330691683
"729","(STRAT_mod0.09 - STRAT_mod1.44) - (STRAT_mod0.3 - STRAT_mod3.37)","Hornfels",-0.407060758497877,-0.757111731318183,-0.0275351461161029
"730","(STRAT_mod0.09 - STRAT_mod1.44) - (STRAT_mod0.82 - STRAT_mod1.08)","Hornfels",-0.378931377617607,-0.729619090867903,-0.0209880826538725
"731","(STRAT_mod0.09 - STRAT_mod1.44) - (STRAT_mod0.82 - STRAT_mod1.44)","Hornfels",-0.178362666278799,-0.511930647088585,0.149181569912884
"732","(STRAT_mod0.09 - STRAT_mod1.44) - (STRAT_mod0.82 - STRAT_mod2.15)","Hornfels",-0.346640479071782,-0.749533353465609,0.0362829617427667
"733","(STRAT_mod0.09 - STRAT_mod1.44) - (STRAT_mod0.82 - STRAT_mod2.88)","Hornfels",-0.394125781177962,-0.745219436200874,-0.0285879017625436
"734","(STRAT_mod0.09 - STRAT_mod1.44) - (STRAT_mod0.82 - STRAT_mod3.37)","Hornfels",-0.437654472543028,-0.7912718614145,-0.0844497923764652
"735","(STRAT_mod0.09 - STRAT_mod1.44) - (STRAT_mod1.08 - STRAT_mod1.44)","Hornfels",-0.196433378171966,-0.530158768069444,0.124252159919185
"736","(STRAT_mod0.09 - STRAT_mod1.44) - (STRAT_mod1.08 - STRAT_mod2.15)","Hornfels",-0.369977598984372,-0.737084947449414,0.0454843541451208
"737","(STRAT_mod0.09 - STRAT_mod1.44) - (STRAT_mod1.08 - STRAT_mod2.88)","Hornfels",-0.414059405255093,-0.773556583739601,-0.0595156140669397
"738","(STRAT_mod0.09 - STRAT_mod1.44) - (STRAT_mod1.08 - STRAT_mod3.37)","Hornfels",-0.45936482547662,-0.812063378480099,-0.107705725756394
"739","(STRAT_mod0.09 - STRAT_mod1.44) - (STRAT_mod1.44 - STRAT_mod2.15)","Hornfels",-0.575855704551484,-0.996369799918234,-0.124001095466459
"740","(STRAT_mod0.09 - STRAT_mod1.44) - (STRAT_mod1.44 - STRAT_mod2.88)","Hornfels",-0.620922383087687,-1.02996005392508,-0.22909129296903
"741","(STRAT_mod0.09 - STRAT_mod1.44) - (STRAT_mod1.44 - STRAT_mod3.37)","Hornfels",-0.667235928908923,-1.05659181251321,-0.263639037237471
"742","(STRAT_mod0.09 - STRAT_mod1.44) - (STRAT_mod2.15 - STRAT_mod2.88)","Hornfels",-0.446293034451947,-0.827633594957734,-0.0443702501709687
"743","(STRAT_mod0.09 - STRAT_mod1.44) - (STRAT_mod2.15 - STRAT_mod3.37)","Hornfels",-0.491464803742558,-0.874652835544022,-0.108205073048574
"744","(STRAT_mod0.09 - STRAT_mod1.44) - (STRAT_mod2.88 - STRAT_mod3.37)","Hornfels",-0.445212509101754,-0.787715815200165,-0.0749423453451249
"745","(STRAT_mod0.09 - STRAT_mod2.15) - (STRAT_mod0.09 - STRAT_mod2.88)","Hornfels",-0.0453240799983815,-0.23335188296413,0.148648482964412
"746","(STRAT_mod0.09 - STRAT_mod2.15) - (STRAT_mod0.09 - STRAT_mod3.37)","Hornfels",-0.0885536902988137,-0.271948162991402,0.0902156995754475
"747","(STRAT_mod0.09 - STRAT_mod2.15) - (STRAT_mod0.1 - STRAT_mod0.2)","Hornfels",0.166212511071094,-0.21673395682359,0.599048832216019
"748","(STRAT_mod0.09 - STRAT_mod2.15) - (STRAT_mod0.1 - STRAT_mod0.3)","Hornfels",-0.147421807530052,-0.538615605104736,0.249338714897302
"749","(STRAT_mod0.09 - STRAT_mod2.15) - (STRAT_mod0.1 - STRAT_mod0.82)","Hornfels",-0.115303798763272,-0.497857051627122,0.267119936705609
"750","(STRAT_mod0.09 - STRAT_mod2.15) - (STRAT_mod0.1 - STRAT_mod1.08)","Hornfels",-0.0958650212863439,-0.484432801666822,0.2786356230066
"751","(STRAT_mod0.09 - STRAT_mod2.15) - (STRAT_mod0.1 - STRAT_mod1.44)","Hornfels",0.105660815611626,-0.298553584110466,0.486994319812071
"752","(STRAT_mod0.09 - STRAT_mod2.15) - (STRAT_mod0.1 - STRAT_mod2.15)","Hornfels",-0.0659793468874059,-0.40760075071131,0.273145242822243
"753","(STRAT_mod0.09 - STRAT_mod2.15) - (STRAT_mod0.1 - STRAT_mod2.88)","Hornfels",-0.110118534731729,-0.515797500277066,0.259849638789073
"754","(STRAT_mod0.09 - STRAT_mod2.15) - (STRAT_mod0.1 - STRAT_mod3.37)","Hornfels",-0.152993046819003,-0.522999990232204,0.23824480945213
"755","(STRAT_mod0.09 - STRAT_mod2.15) - (STRAT_mod0.2 - STRAT_mod0.3)","Hornfels",-0.541819100554095,-0.950036636161956,-0.133081064245211
"756","(STRAT_mod0.09 - STRAT_mod2.15) - (STRAT_mod0.2 - STRAT_mod0.82)","Hornfels",-0.512157448543626,-0.911327351021429,-0.114750149611792
"757","(STRAT_mod0.09 - STRAT_mod2.15) - (STRAT_mod0.2 - STRAT_mod1.08)","Hornfels",-0.495109865059344,-0.88849371441524,-0.103173455267342
"758","(STRAT_mod0.09 - STRAT_mod2.15) - (STRAT_mod0.2 - STRAT_mod1.44)","Hornfels",-0.286720973483232,-0.680278269273714,0.140508752718104
"759","(STRAT_mod0.09 - STRAT_mod2.15) - (STRAT_mod0.2 - STRAT_mod2.15)","Hornfels",-0.459978243970588,-0.819833605348677,-0.11722214800574
"760","(STRAT_mod0.09 - STRAT_mod2.15) - (STRAT_mod0.2 - STRAT_mod2.88)","Hornfels",-0.506261590762061,-0.917805530640014,-0.124307542002227
"761","(STRAT_mod0.09 - STRAT_mod2.15) - (STRAT_mod0.2 - STRAT_mod3.37)","Hornfels",-0.550714661622847,-0.95465104115906,-0.162333622094445
"762","(STRAT_mod0.09 - STRAT_mod2.15) - (STRAT_mod0.3 - STRAT_mod0.82)","Hornfels",-0.197568129667292,-0.578446450077459,0.195386327203228
"763","(STRAT_mod0.09 - STRAT_mod2.15) - (STRAT_mod0.3 - STRAT_mod1.08)","Hornfels",-0.176036630568645,-0.56758831610639,0.204297016256775
"764","(STRAT_mod0.09 - STRAT_mod2.15) - (STRAT_mod0.3 - STRAT_mod1.44)","Hornfels",0.0252470966000076,-0.362681056750631,0.436543687955291
"765","(STRAT_mod0.09 - STRAT_mod2.15) - (STRAT_mod0.3 - STRAT_mod2.15)","Hornfels",-0.142140096968775,-0.47720096798143,0.209260623574678
"766","(STRAT_mod0.09 - STRAT_mod2.15) - (STRAT_mod0.3 - STRAT_mod2.88)","Hornfels",-0.190815841998011,-0.561532905376956,0.215330283230862
"767","(STRAT_mod0.09 - STRAT_mod2.15) - (STRAT_mod0.3 - STRAT_mod3.37)","Hornfels",-0.231839130671451,-0.62247394330549,0.147441148634973
"768","(STRAT_mod0.09 - STRAT_mod2.15) - (STRAT_mod0.82 - STRAT_mod1.08)","Hornfels",-0.208341025464771,-0.581675349217099,0.17691372254074
"769","(STRAT_mod0.09 - STRAT_mod2.15) - (STRAT_mod0.82 - STRAT_mod1.44)","Hornfels",-0.00373882754103445,-0.389516764873275,0.384845909389006
"770","(STRAT_mod0.09 - STRAT_mod2.15) - (STRAT_mod0.82 - STRAT_mod2.15)","Hornfels",-0.178362666278799,-0.511930647088585,0.149181569912884
"771","(STRAT_mod0.09 - STRAT_mod2.15) - (STRAT_mod0.82 - STRAT_mod2.88)","Hornfels",-0.220808906271128,-0.598922239686158,0.157201041667068
"772","(STRAT_mod0.09 - STRAT_mod2.15) - (STRAT_mod0.82 - STRAT_mod3.37)","Hornfels",-0.266339866157444,-0.624709645741741,0.126172995679655
"773","(STRAT_mod0.09 - STRAT_mod2.15) - (STRAT_mod1.08 - STRAT_mod1.44)","Hornfels",-0.0262353162194993,-0.390223841462571,0.378322477584334
"774","(STRAT_mod0.09 - STRAT_mod2.15) - (STRAT_mod1.08 - STRAT_mod2.15)","Hornfels",-0.196433378171966,-0.530158768069444,0.124252159919185
"775","(STRAT_mod0.09 - STRAT_mod2.15) - (STRAT_mod1.08 - STRAT_mod2.88)","Hornfels",-0.241933068391472,-0.628514868043883,0.123663516444564
"776","(STRAT_mod0.09 - STRAT_mod2.15) - (STRAT_mod1.08 - STRAT_mod3.37)","Hornfels",-0.284199363986704,-0.644222040472372,0.100647561708175
"777","(STRAT_mod0.09 - STRAT_mod2.15) - (STRAT_mod1.44 - STRAT_mod2.15)","Hornfels",-0.400096930695867,-0.737820553024568,-0.0560645206142602
"778","(STRAT_mod0.09 - STRAT_mod2.15) - (STRAT_mod1.44 - STRAT_mod2.88)","Hornfels",-0.446293034451947,-0.827633594957734,-0.0443702501709687
"779","(STRAT_mod0.09 - STRAT_mod2.15) - (STRAT_mod1.44 - STRAT_mod3.37)","Hornfels",-0.491464803742558,-0.874652835544022,-0.108205073048574
"780","(STRAT_mod0.09 - STRAT_mod2.15) - (STRAT_mod2.15 - STRAT_mod2.88)","Hornfels",-0.274247677590501,-0.745317502563411,0.208990125258324
"781","(STRAT_mod0.09 - STRAT_mod2.15) - (STRAT_mod2.15 - STRAT_mod3.37)","Hornfels",-0.316448021699664,-0.79269453630728,0.154390203748025
"782","(STRAT_mod0.09 - STRAT_mod2.15) - (STRAT_mod2.88 - STRAT_mod3.37)","Hornfels",-0.272808603200309,-0.626717119200442,0.125823236124402
"783","(STRAT_mod0.09 - STRAT_mod2.88) - (STRAT_mod0.09 - STRAT_mod3.37)","Hornfels",-0.043275940632909,-0.148649479077937,0.0513310753312756
"784","(STRAT_mod0.09 - STRAT_mod2.88) - (STRAT_mod0.1 - STRAT_mod0.2)","Hornfels",0.21240886925284,-0.151987261668705,0.609310220652538
"785","(STRAT_mod0.09 - STRAT_mod2.88) - (STRAT_mod0.1 - STRAT_mod0.3)","Hornfels",-0.103622615175179,-0.458128035128953,0.269962726443615
"786","(STRAT_mod0.09 - STRAT_mod2.88) - (STRAT_mod0.1 - STRAT_mod0.82)","Hornfels",-0.0722711238044513,-0.448478855354246,0.260024401323355
"787","(STRAT_mod0.09 - STRAT_mod2.88) - (STRAT_mod0.1 - STRAT_mod1.08)","Hornfels",-0.0493946632181143,-0.421875370639417,0.286657976659743
"788","(STRAT_mod0.09 - STRAT_mod2.88) - (STRAT_mod0.1 - STRAT_mod1.44)","Hornfels",0.151452691242231,-0.221653128234236,0.509315739428747
"789","(STRAT_mod0.09 - STRAT_mod2.88) - (STRAT_mod0.1 - STRAT_mod2.15)","Hornfels",-0.0180023700872899,-0.424425935353324,0.356072883465283
"790","(STRAT_mod0.09 - STRAT_mod2.88) - (STRAT_mod0.1 - STRAT_mod2.88)","Hornfels",-0.0659793468874059,-0.40760075071131,0.273145242822243
"791","(STRAT_mod0.09 - STRAT_mod2.88) - (STRAT_mod0.1 - STRAT_mod3.37)","Hornfels",-0.106702998380826,-0.463986007111968,0.23834690342189
"792","(STRAT_mod0.09 - STRAT_mod2.88) - (STRAT_mod0.2 - STRAT_mod0.3)","Hornfels",-0.499730024476035,-0.872469457427171,-0.118172861456793
"793","(STRAT_mod0.09 - STRAT_mod2.88) - (STRAT_mod0.2 - STRAT_mod0.82)","Hornfels",-0.467118201713721,-0.853589987397479,-0.118495748531326
"794","(STRAT_mod0.09 - STRAT_mod2.88) - (STRAT_mod0.2 - STRAT_mod1.08)","Hornfels",-0.445891994205707,-0.810903653351719,-0.0722441873310933
"795","(STRAT_mod0.09 - STRAT_mod2.88) - (STRAT_mod0.2 - STRAT_mod1.44)","Hornfels",-0.245798011954562,-0.633756857306436,0.130101985264707
"796","(STRAT_mod0.09 - STRAT_mod2.88) - (STRAT_mod0.2 - STRAT_mod2.15)","Hornfels",-0.414730607643391,-0.832669851262978,-0.0215788476126905
"797","(STRAT_mod0.09 - STRAT_mod2.88) - (STRAT_mod0.2 - STRAT_mod2.88)","Hornfels",-0.459978243970588,-0.819833605348677,-0.11722214800574
"798","(STRAT_mod0.09 - STRAT_mod2.88) - (STRAT_mod0.2 - STRAT_mod3.37)","Hornfels",-0.50370814502457,-0.8576627362123,-0.127251982475009
"799","(STRAT_mod0.09 - STRAT_mod2.88) - (STRAT_mod0.3 - STRAT_mod0.82)","Hornfels",-0.147817437441735,-0.517367575600039,0.20279086417205
"800","(STRAT_mod0.09 - STRAT_mod2.88) - (STRAT_mod0.3 - STRAT_mod1.08)","Hornfels",-0.130010527326159,-0.497476059716108,0.219227488031663
"801","(STRAT_mod0.09 - STRAT_mod2.88) - (STRAT_mod0.3 - STRAT_mod1.44)","Hornfels",0.072844444554555,-0.309746084518954,0.4425946611505
"802","(STRAT_mod0.09 - STRAT_mod2.88) - (STRAT_mod0.3 - STRAT_mod2.15)","Hornfels",-0.0949583947760451,-0.505677404695755,0.291247616710711
"803","(STRAT_mod0.09 - STRAT_mod2.88) - (STRAT_mod0.3 - STRAT_mod2.88)","Hornfels",-0.142140096968775,-0.47720096798143,0.209260623574678
"804","(STRAT_mod0.09 - STRAT_mod2.88) - (STRAT_mod0.3 - STRAT_mod3.37)","Hornfels",-0.187220452013607,-0.545610128693291,0.170436760149338
"805","(STRAT_mod0.09 - STRAT_mod2.88) - (STRAT_mod0.82 - STRAT_mod1.08)","Hornfels",-0.162600590126929,-0.510426474540067,0.184700240205445
"806","(STRAT_mod0.09 - STRAT_mod2.88) - (STRAT_mod0.82 - STRAT_mod1.44)","Hornfels",0.0399685443289104,-0.317524329138239,0.4030471069013
"807","(STRAT_mod0.09 - STRAT_mod2.88) - (STRAT_mod0.82 - STRAT_mod2.15)","Hornfels",-0.1295638417548,-0.52191614041281,0.250414739819288
"808","(STRAT_mod0.09 - STRAT_mod2.88) - (STRAT_mod0.82 - STRAT_mod2.88)","Hornfels",-0.178362666278799,-0.511930647088585,0.149181569912884
"809","(STRAT_mod0.09 - STRAT_mod2.88) - (STRAT_mod0.82 - STRAT_mod3.37)","Hornfels",-0.220571874649913,-0.549688472367363,0.141290092840977
"810","(STRAT_mod0.09 - STRAT_mod2.88) - (STRAT_mod1.08 - STRAT_mod1.44)","Hornfels",0.0206738829615037,-0.342015266279187,0.377069343693694
"811","(STRAT_mod0.09 - STRAT_mod2.88) - (STRAT_mod1.08 - STRAT_mod2.15)","Hornfels",-0.150524746531938,-0.523601438381219,0.24958026702017
"812","(STRAT_mod0.09 - STRAT_mod2.88) - (STRAT_mod1.08 - STRAT_mod2.88)","Hornfels",-0.196433378171966,-0.530158768069444,0.124252159919185
"813","(STRAT_mod0.09 - STRAT_mod2.88) - (STRAT_mod1.08 - STRAT_mod3.37)","Hornfels",-0.23985753087077,-0.587568047028592,0.0980956407006107
"814","(STRAT_mod0.09 - STRAT_mod2.88) - (STRAT_mod1.44 - STRAT_mod2.15)","Hornfels",-0.354665478328424,-0.754117528825031,0.0398068860123148
"815","(STRAT_mod0.09 - STRAT_mod2.88) - (STRAT_mod1.44 - STRAT_mod2.88)","Hornfels",-0.400096930695867,-0.737820553024568,-0.0560645206142602
"816","(STRAT_mod0.09 - STRAT_mod2.88) - (STRAT_mod1.44 - STRAT_mod3.37)","Hornfels",-0.445212509101754,-0.787715815200165,-0.0749423453451249
"817","(STRAT_mod0.09 - STRAT_mod2.88) - (STRAT_mod2.15 - STRAT_mod2.88)","Hornfels",-0.22911595766827,-0.584360834303957,0.143693260758418
"818","(STRAT_mod0.09 - STRAT_mod2.88) - (STRAT_mod2.15 - STRAT_mod3.37)","Hornfels",-0.272808603200309,-0.626717119200442,0.125823236124402
"819","(STRAT_mod0.09 - STRAT_mod2.88) - (STRAT_mod2.88 - STRAT_mod3.37)","Hornfels",-0.225031842359672,-0.598283849983913,0.133645860108858
"820","(STRAT_mod0.09 - STRAT_mod3.37) - (STRAT_mod0.1 - STRAT_mod0.2)","Hornfels",0.256535753732864,-0.111291177364172,0.64771591838786
"821","(STRAT_mod0.09 - STRAT_mod3.37) - (STRAT_mod0.1 - STRAT_mod0.3)","Hornfels",-0.0617509264857297,-0.40454646678788,0.318630618594133
"822","(STRAT_mod0.09 - STRAT_mod3.37) - (STRAT_mod0.1 - STRAT_mod0.82)","Hornfels",-0.0293902270614482,-0.380631497389816,0.318724424380251
"823","(STRAT_mod0.09 - STRAT_mod3.37) - (STRAT_mod0.1 - STRAT_mod1.08)","Hornfels",-0.00581204416963642,-0.356978247966471,0.344760343729414
"824","(STRAT_mod0.09 - STRAT_mod3.37) - (STRAT_mod0.1 - STRAT_mod1.44)","Hornfels",0.195270797451851,-0.168443891628526,0.557697657729898
"825","(STRAT_mod0.09 - STRAT_mod3.37) - (STRAT_mod0.1 - STRAT_mod2.15)","Hornfels",0.0265333290682174,-0.364131699212828,0.40409922220899
"826","(STRAT_mod0.09 - STRAT_mod3.37) - (STRAT_mod0.1 - STRAT_mod2.88)","Hornfels",-0.0200436581575702,-0.385712651780167,0.318578053016624
"827","(STRAT_mod0.09 - STRAT_mod3.37) - (STRAT_mod0.1 - STRAT_mod3.37)","Hornfels",-0.0659793468874059,-0.40760075071131,0.273145242822243
"828","(STRAT_mod0.09 - STRAT_mod3.37) - (STRAT_mod0.2 - STRAT_mod0.3)","Hornfels",-0.453732023952118,-0.831361954752096,-0.0760872809883955
"829","(STRAT_mod0.09 - STRAT_mod3.37) - (STRAT_mod0.2 - STRAT_mod0.82)","Hornfels",-0.422506075889293,-0.797589822456968,-0.0690791816596472
"830","(STRAT_mod0.09 - STRAT_mod3.37) - (STRAT_mod0.2 - STRAT_mod1.08)","Hornfels",-0.404362512153644,-0.761725396072394,-0.0350099587518251
"831","(STRAT_mod0.09 - STRAT_mod3.37) - (STRAT_mod0.2 - STRAT_mod1.44)","Hornfels",-0.199539372526246,-0.560022976720534,0.197028943380311
"832","(STRAT_mod0.09 - STRAT_mod3.37) - (STRAT_mod0.2 - STRAT_mod2.15)","Hornfels",-0.372326081578274,-0.776098555850373,0.0175883917237267
"833","(STRAT_mod0.09 - STRAT_mod3.37) - (STRAT_mod0.2 - STRAT_mod2.88)","Hornfels",-0.415083060608436,-0.791826418577638,-0.0575821969005855
"834","(STRAT_mod0.09 - STRAT_mod3.37) - (STRAT_mod0.2 - STRAT_mod3.37)","Hornfels",-0.459978243970588,-0.819833605348677,-0.11722214800574
"835","(STRAT_mod0.09 - STRAT_mod3.37) - (STRAT_mod0.3 - STRAT_mod0.82)","Hornfels",-0.105990755755816,-0.458141084347209,0.25072898840176
"836","(STRAT_mod0.09 - STRAT_mod3.37) - (STRAT_mod0.3 - STRAT_mod1.08)","Hornfels",-0.0864226196924585,-0.437710582095938,0.270348979317145
"837","(STRAT_mod0.09 - STRAT_mod3.37) - (STRAT_mod0.3 - STRAT_mod1.44)","Hornfels",0.116308317200846,-0.261039112145406,0.478937326270601
"838","(STRAT_mod0.09 - STRAT_mod3.37) - (STRAT_mod0.3 - STRAT_mod2.15)","Hornfels",-0.0546272698126111,-0.458216865719914,0.323340396094196
"839","(STRAT_mod0.09 - STRAT_mod3.37) - (STRAT_mod0.3 - STRAT_mod2.88)","Hornfels",-0.100265556186043,-0.480866580159151,0.233954901477884
"840","(STRAT_mod0.09 - STRAT_mod3.37) - (STRAT_mod0.3 - STRAT_mod3.37)","Hornfels",-0.142140096968775,-0.47720096798143,0.209260623574678
"841","(STRAT_mod0.09 - STRAT_mod3.37) - (STRAT_mod0.82 - STRAT_mod1.08)","Hornfels",-0.119473942311309,-0.456797521542026,0.224457248359447
"842","(STRAT_mod0.09 - STRAT_mod3.37) - (STRAT_mod0.82 - STRAT_mod1.44)","Hornfels",0.0861579868128474,-0.271651708517755,0.440091816548797
"843","(STRAT_mod0.09 - STRAT_mod3.37) - (STRAT_mod0.82 - STRAT_mod2.15)","Hornfels",-0.0842024713689516,-0.484248055766357,0.277430465378931
"844","(STRAT_mod0.09 - STRAT_mod3.37) - (STRAT_mod0.82 - STRAT_mod2.88)","Hornfels",-0.132892950453809,-0.477046183067767,0.209577476316544
"845","(STRAT_mod0.09 - STRAT_mod3.37) - (STRAT_mod0.82 - STRAT_mod3.37)","Hornfels",-0.178362666278799,-0.511930647088585,0.149181569912884
"846","(STRAT_mod0.09 - STRAT_mod3.37) - (STRAT_mod1.08 - STRAT_mod1.44)","Hornfels",0.0666006373287876,-0.276963828065864,0.43027929862121
"847","(STRAT_mod0.09 - STRAT_mod3.37) - (STRAT_mod1.08 - STRAT_mod2.15)","Hornfels",-0.106673095211562,-0.461312156068477,0.294229161295453
"848","(STRAT_mod0.09 - STRAT_mod3.37) - (STRAT_mod1.08 - STRAT_mod2.88)","Hornfels",-0.152264002229595,-0.484517110091808,0.199787309045552
"849","(STRAT_mod0.09 - STRAT_mod3.37) - (STRAT_mod1.08 - STRAT_mod3.37)","Hornfels",-0.196433378171966,-0.530158768069444,0.124252159919185
"850","(STRAT_mod0.09 - STRAT_mod3.37) - (STRAT_mod1.44 - STRAT_mod2.15)","Hornfels",-0.313401672182967,-0.688353689350861,0.0950710656183453
"851","(STRAT_mod0.09 - STRAT_mod3.37) - (STRAT_mod1.44 - STRAT_mod2.88)","Hornfels",-0.35535319443341,-0.705643897446143,0.00871775484022913
"852","(STRAT_mod0.09 - STRAT_mod3.37) - (STRAT_mod1.44 - STRAT_mod3.37)","Hornfels",-0.400096930695867,-0.737820553024568,-0.0560645206142602
"853","(STRAT_mod0.09 - STRAT_mod3.37) - (STRAT_mod2.15 - STRAT_mod2.88)","Hornfels",-0.183288174992854,-0.566939852078345,0.189189622796719
"854","(STRAT_mod0.09 - STRAT_mod3.37) - (STRAT_mod2.15 - STRAT_mod3.37)","Hornfels",-0.22911595766827,-0.584360834303957,0.143693260758418
"855","(STRAT_mod0.09 - STRAT_mod3.37) - (STRAT_mod2.88 - STRAT_mod3.37)","Hornfels",-0.183349709950739,-0.531577090138995,0.132707032371598
"856","(STRAT_mod0.1 - STRAT_mod0.2) - (STRAT_mod0.1 - STRAT_mod0.3)","Hornfels",-0.317675350050636,-0.50850177962818,-0.127586403363993
"857","(STRAT_mod0.1 - STRAT_mod0.2) - (STRAT_mod0.1 - STRAT_mod0.82)","Hornfels",-0.28450228409218,-0.438999244904437,-0.10336434553759
"858","(STRAT_mod0.1 - STRAT_mod0.2) - (STRAT_mod0.1 - STRAT_mod1.08)","Hornfels",-0.262976588705103,-0.437752442788714,-0.106507671388617
"859","(STRAT_mod0.1 - STRAT_mod0.2) - (STRAT_mod0.1 - STRAT_mod1.44)","Hornfels",-0.0603993130190996,-0.262678042331115,0.123386133649697
"860","(STRAT_mod0.1 - STRAT_mod0.2) - (STRAT_mod0.1 - STRAT_mod2.15)","Hornfels",-0.235860434207339,-0.467623558508707,-0.00795208890939281
"861","(STRAT_mod0.1 - STRAT_mod0.2) - (STRAT_mod0.1 - STRAT_mod2.88)","Hornfels",-0.277973610673274,-0.448288476351088,-0.104514578761911
"862","(STRAT_mod0.1 - STRAT_mod0.2) - (STRAT_mod0.1 - STRAT_mod3.37)","Hornfels",-0.321664191918386,-0.483225689615989,-0.153974267699551
"863","(STRAT_mod0.1 - STRAT_mod0.2) - (STRAT_mod0.2 - STRAT_mod0.3)","Hornfels",-0.711548602668353,-1.06228165110959,-0.379040740214575
"864","(STRAT_mod0.1 - STRAT_mod0.2) - (STRAT_mod0.2 - STRAT_mod0.82)","Hornfels",-0.678387246776714,-1.01517229350584,-0.360236754699561
"865","(STRAT_mod0.1 - STRAT_mod0.2) - (STRAT_mod0.2 - STRAT_mod1.08)","Hornfels",-0.657378430167016,-0.978384476914864,-0.318388677189063
"866","(STRAT_mod0.1 - STRAT_mod0.2) - (STRAT_mod0.2 - STRAT_mod1.44)","Hornfels",-0.455037839005733,-0.793340222469533,-0.105174653903957
"867","(STRAT_mod0.1 - STRAT_mod0.2) - (STRAT_mod0.2 - STRAT_mod2.15)","Hornfels",-0.627960149699946,-0.992643556502113,-0.267504799796751
"868","(STRAT_mod0.1 - STRAT_mod0.2) - (STRAT_mod0.2 - STRAT_mod2.88)","Hornfels",-0.67092693762731,-1.00080270911926,-0.34256526513117
"869","(STRAT_mod0.1 - STRAT_mod0.2) - (STRAT_mod0.2 - STRAT_mod3.37)","Hornfels",-0.71482328448804,-1.04867720893049,-0.394540369149357
"870","(STRAT_mod0.1 - STRAT_mod0.2) - (STRAT_mod0.3 - STRAT_mod0.82)","Hornfels",-0.363660241502106,-0.584693565715493,-0.133304107417524
"871","(STRAT_mod0.1 - STRAT_mod0.2) - (STRAT_mod0.3 - STRAT_mod1.08)","Hornfels",-0.343661235158996,-0.568990120683657,-0.11888455890675
"872","(STRAT_mod0.1 - STRAT_mod0.2) - (STRAT_mod0.3 - STRAT_mod1.44)","Hornfels",-0.141147474699424,-0.381427210775889,0.11536984028721
"873","(STRAT_mod0.1 - STRAT_mod0.2) - (STRAT_mod0.3 - STRAT_mod2.15)","Hornfels",-0.310312707665147,-0.587824321669058,-0.0327385483210474
"874","(STRAT_mod0.1 - STRAT_mod0.2) - (STRAT_mod0.3 - STRAT_mod2.88)","Hornfels",-0.356190112837216,-0.58714762189822,-0.12705071373058
"875","(STRAT_mod0.1 - STRAT_mod0.2) - (STRAT_mod0.3 - STRAT_mod3.37)","Hornfels",-0.399355875672478,-0.622349282554416,-0.172918001637784
"876","(STRAT_mod0.1 - STRAT_mod0.2) - (STRAT_mod0.82 - STRAT_mod1.08)","Hornfels",-0.372134704912468,-0.572108067878269,-0.159450411606585
"877","(STRAT_mod0.1 - STRAT_mod0.2) - (STRAT_mod0.82 - STRAT_mod1.44)","Hornfels",-0.171322005996703,-0.400143007742942,0.0603752393529777
"878","(STRAT_mod0.1 - STRAT_mod0.2) - (STRAT_mod0.82 - STRAT_mod2.15)","Hornfels",-0.34482222937097,-0.613843063049407,-0.0919192099029881
"879","(STRAT_mod0.1 - STRAT_mod0.2) - (STRAT_mod0.82 - STRAT_mod2.88)","Hornfels",-0.388235407862749,-0.603154686823326,-0.184536335643261
"880","(STRAT_mod0.1 - STRAT_mod0.2) - (STRAT_mod0.82 - STRAT_mod3.37)","Hornfels",-0.433031112711529,-0.642542757881906,-0.233022040548899
"881","(STRAT_mod0.1 - STRAT_mod0.2) - (STRAT_mod1.08 - STRAT_mod1.44)","Hornfels",-0.192113385337421,-0.425173305272127,0.0217817506010426
"882","(STRAT_mod0.1 - STRAT_mod0.2) - (STRAT_mod1.08 - STRAT_mod2.15)","Hornfels",-0.365346598142248,-0.624098250913138,-0.106878969101995
"883","(STRAT_mod0.1 - STRAT_mod0.2) - (STRAT_mod1.08 - STRAT_mod2.88)","Hornfels",-0.408882255092914,-0.623171611871585,-0.20748899551723
"884","(STRAT_mod0.1 - STRAT_mod0.2) - (STRAT_mod1.08 - STRAT_mod3.37)","Hornfels",-0.453551263418367,-0.649208454236863,-0.243697891948922
"885","(STRAT_mod0.1 - STRAT_mod0.2) - (STRAT_mod1.44 - STRAT_mod2.15)","Hornfels",-0.567026543329832,-0.837612818590905,-0.285462767395485
"886","(STRAT_mod0.1 - STRAT_mod0.2) - (STRAT_mod1.44 - STRAT_mod2.88)","Hornfels",-0.610474045843792,-0.854918075473702,-0.393750135051349
"887","(STRAT_mod0.1 - STRAT_mod0.2) - (STRAT_mod1.44 - STRAT_mod3.37)","Hornfels",-0.654486431972033,-0.893157326311733,-0.441987726856979
"888","(STRAT_mod0.1 - STRAT_mod0.2) - (STRAT_mod2.15 - STRAT_mod2.88)","Hornfels",-0.44245397632772,-0.704224902660287,-0.17163104994947
"889","(STRAT_mod0.1 - STRAT_mod0.2) - (STRAT_mod2.15 - STRAT_mod3.37)","Hornfels",-0.485158639084815,-0.740461043166502,-0.222228414116756
"890","(STRAT_mod0.1 - STRAT_mod0.2) - (STRAT_mod2.88 - STRAT_mod3.37)","Hornfels",-0.437511484998584,-0.637403119488371,-0.222959998201535
"891","(STRAT_mod0.1 - STRAT_mod0.3) - (STRAT_mod0.1 - STRAT_mod0.82)","Hornfels",0.0315098181850293,-0.0968602069134329,0.16763171988757
"892","(STRAT_mod0.1 - STRAT_mod0.3) - (STRAT_mod0.1 - STRAT_mod1.08)","Hornfels",0.052178054885848,-0.0769921616541981,0.179615042576729
"893","(STRAT_mod0.1 - STRAT_mod0.3) - (STRAT_mod0.1 - STRAT_mod1.44)","Hornfels",0.255356524307311,0.0951243431435559,0.428606975955816
"894","(STRAT_mod0.1 - STRAT_mod0.3) - (STRAT_mod0.1 - STRAT_mod2.15)","Hornfels",0.0829951048892644,-0.132819452655944,0.28132766989147
"895","(STRAT_mod0.1 - STRAT_mod0.3) - (STRAT_mod0.1 - STRAT_mod2.88)","Hornfels",0.0384468049743496,-0.0911697783120262,0.188060690697908
"896","(STRAT_mod0.1 - STRAT_mod0.3) - (STRAT_mod0.1 - STRAT_mod3.37)","Hornfels",-0.00371665285037923,-0.132957407742338,0.11878446332754
"897","(STRAT_mod0.1 - STRAT_mod0.3) - (STRAT_mod0.2 - STRAT_mod0.3)","Hornfels",-0.394724198757109,-0.579852077105344,-0.214596896046627
"898","(STRAT_mod0.1 - STRAT_mod0.3) - (STRAT_mod0.2 - STRAT_mod0.82)","Hornfels",-0.363660241502106,-0.584693565715493,-0.133304107417524
"899","(STRAT_mod0.1 - STRAT_mod0.3) - (STRAT_mod0.2 - STRAT_mod1.08)","Hornfels",-0.343661235158996,-0.568990120683657,-0.11888455890675
"900","(STRAT_mod0.1 - STRAT_mod0.3) - (STRAT_mod0.2 - STRAT_mod1.44)","Hornfels",-0.141147474699424,-0.381427210775889,0.11536984028721
"901","(STRAT_mod0.1 - STRAT_mod0.3) - (STRAT_mod0.2 - STRAT_mod2.15)","Hornfels",-0.310312707665147,-0.587824321669058,-0.0327385483210474
"902","(STRAT_mod0.1 - STRAT_mod0.3) - (STRAT_mod0.2 - STRAT_mod2.88)","Hornfels",-0.356190112837216,-0.58714762189822,-0.12705071373058
"903","(STRAT_mod0.1 - STRAT_mod0.3) - (STRAT_mod0.2 - STRAT_mod3.37)","Hornfels",-0.399355875672478,-0.622349282554416,-0.172918001637784
"904","(STRAT_mod0.1 - STRAT_mod0.3) - (STRAT_mod0.3 - STRAT_mod0.82)","Hornfels",-0.0474200989016131,-0.309503677937481,0.20507206631559
"905","(STRAT_mod0.1 - STRAT_mod0.3) - (STRAT_mod0.3 - STRAT_mod1.08)","Hornfels",-0.0246143014084832,-0.276958351480409,0.235658591318422
"906","(STRAT_mod0.1 - STRAT_mod0.3) - (STRAT_mod0.3 - STRAT_mod1.44)","Hornfels",0.175820129541445,-0.106879076296512,0.447672494838078
"907","(STRAT_mod0.1 - STRAT_mod0.3) - (STRAT_mod0.3 - STRAT_mod2.15)","Hornfels",0.00571141977484543,-0.30528552078052,0.301908221677102
"908","(STRAT_mod0.1 - STRAT_mod0.3) - (STRAT_mod0.3 - STRAT_mod2.88)","Hornfels",-0.0401894313268473,-0.297508043288021,0.224188160064253
"909","(STRAT_mod0.1 - STRAT_mod0.3) - (STRAT_mod0.3 - STRAT_mod3.37)","Hornfels",-0.0826767621848175,-0.334204747745499,0.174382428984936
"910","(STRAT_mod0.1 - STRAT_mod0.3) - (STRAT_mod0.82 - STRAT_mod1.08)","Hornfels",-0.0582136976179775,-0.229730604691523,0.122315100442069
"911","(STRAT_mod0.1 - STRAT_mod0.3) - (STRAT_mod0.82 - STRAT_mod1.44)","Hornfels",0.144869439515306,-0.0525823836423428,0.353606048397365
"912","(STRAT_mod0.1 - STRAT_mod0.3) - (STRAT_mod0.82 - STRAT_mod2.15)","Hornfels",-0.0263582023350242,-0.271881431911789,0.208968168962471
"913","(STRAT_mod0.1 - STRAT_mod0.3) - (STRAT_mod0.82 - STRAT_mod2.88)","Hornfels",-0.0710088684113937,-0.25608233686144,0.109325023954205
"914","(STRAT_mod0.1 - STRAT_mod0.3) - (STRAT_mod0.82 - STRAT_mod3.37)","Hornfels",-0.116162584021878,-0.297417560951423,0.0530232292948676
"915","(STRAT_mod0.1 - STRAT_mod0.3) - (STRAT_mod1.08 - STRAT_mod1.44)","Hornfels",0.12434760194343,-0.0722981625245204,0.327359308821261
"916","(STRAT_mod0.1 - STRAT_mod0.3) - (STRAT_mod1.08 - STRAT_mod2.15)","Hornfels",-0.0457352052762892,-0.288402845446678,0.1875897790128
"917","(STRAT_mod0.1 - STRAT_mod0.3) - (STRAT_mod1.08 - STRAT_mod2.88)","Hornfels",-0.0941406574243825,-0.272534262301847,0.0959816575811358
"918","(STRAT_mod0.1 - STRAT_mod0.3) - (STRAT_mod1.08 - STRAT_mod3.37)","Hornfels",-0.137068871035736,-0.302248355989277,0.0459131756168459
"919","(STRAT_mod0.1 - STRAT_mod0.3) - (STRAT_mod1.44 - STRAT_mod2.15)","Hornfels",-0.2496398625989,-0.49878352893185,0.0134900355897307
"920","(STRAT_mod0.1 - STRAT_mod0.3) - (STRAT_mod1.44 - STRAT_mod2.88)","Hornfels",-0.296178826350774,-0.501132209870875,-0.100803455025078
"921","(STRAT_mod0.1 - STRAT_mod0.3) - (STRAT_mod1.44 - STRAT_mod3.37)","Hornfels",-0.338965656191709,-0.533321504046052,-0.143228798701889
"922","(STRAT_mod0.1 - STRAT_mod0.3) - (STRAT_mod2.15 - STRAT_mod2.88)","Hornfels",-0.124533787857179,-0.357965102057213,0.129254100106287
"923","(STRAT_mod0.1 - STRAT_mod0.3) - (STRAT_mod2.15 - STRAT_mod3.37)","Hornfels",-0.168375000400436,-0.400293779030828,0.0659227733385378
"924","(STRAT_mod0.1 - STRAT_mod0.3) - (STRAT_mod2.88 - STRAT_mod3.37)","Hornfels",-0.121630808693112,-0.311211641753239,0.0493871744744187
"925","(STRAT_mod0.1 - STRAT_mod0.82) - (STRAT_mod0.1 - STRAT_mod1.08)","Hornfels",0.0206154895423618,-0.0738223380522195,0.109946826862599
"926","(STRAT_mod0.1 - STRAT_mod0.82) - (STRAT_mod0.1 - STRAT_mod1.44)","Hornfels",0.222846993015441,0.092422802786322,0.361128482523276
"927","(STRAT_mod0.1 - STRAT_mod0.82) - (STRAT_mod0.1 - STRAT_mod2.15)","Hornfels",0.051547317206185,-0.127624178177327,0.235548251816125
"928","(STRAT_mod0.1 - STRAT_mod0.82) - (STRAT_mod0.1 - STRAT_mod2.88)","Hornfels",0.00576522063800658,-0.0962903603468615,0.112492060213772
"929","(STRAT_mod0.1 - STRAT_mod0.82) - (STRAT_mod0.1 - STRAT_mod3.37)","Hornfels",-0.0373770077437963,-0.127732742609874,0.0482762547167628
"930","(STRAT_mod0.1 - STRAT_mod0.82) - (STRAT_mod0.2 - STRAT_mod0.3)","Hornfels",-0.426508524669218,-0.650060318909347,-0.200871540461179
"931","(STRAT_mod0.1 - STRAT_mod0.82) - (STRAT_mod0.2 - STRAT_mod0.82)","Hornfels",-0.394724198757109,-0.579852077105344,-0.214596896046627
"932","(STRAT_mod0.1 - STRAT_mod0.82) - (STRAT_mod0.2 - STRAT_mod1.08)","Hornfels",-0.372134704912468,-0.572108067878269,-0.159450411606585
"933","(STRAT_mod0.1 - STRAT_mod0.82) - (STRAT_mod0.2 - STRAT_mod1.44)","Hornfels",-0.171322005996703,-0.400143007742942,0.0603752393529777
"934","(STRAT_mod0.1 - STRAT_mod0.82) - (STRAT_mod0.2 - STRAT_mod2.15)","Hornfels",-0.34482222937097,-0.613843063049407,-0.0919192099029881
"935","(STRAT_mod0.1 - STRAT_mod0.82) - (STRAT_mod0.2 - STRAT_mod2.88)","Hornfels",-0.388235407862749,-0.603154686823326,-0.184536335643261
"936","(STRAT_mod0.1 - STRAT_mod0.82) - (STRAT_mod0.2 - STRAT_mod3.37)","Hornfels",-0.433031112711529,-0.642542757881906,-0.233022040548899
"937","(STRAT_mod0.1 - STRAT_mod0.82) - (STRAT_mod0.3 - STRAT_mod0.82)","Hornfels",-0.0793128489345214,-0.235008512719566,0.0695478816365307
"938","(STRAT_mod0.1 - STRAT_mod0.82) - (STRAT_mod0.3 - STRAT_mod1.08)","Hornfels",-0.0582136976179775,-0.229730604691523,0.122315100442069
"939","(STRAT_mod0.1 - STRAT_mod0.82) - (STRAT_mod0.3 - STRAT_mod1.44)","Hornfels",0.144869439515306,-0.0525823836423428,0.353606048397365
"940","(STRAT_mod0.1 - STRAT_mod0.82) - (STRAT_mod0.3 - STRAT_mod2.15)","Hornfels",-0.0263582023350242,-0.271881431911789,0.208968168962471
"941","(STRAT_mod0.1 - STRAT_mod0.82) - (STRAT_mod0.3 - STRAT_mod2.88)","Hornfels",-0.0710088684113937,-0.25608233686144,0.109325023954205
"942","(STRAT_mod0.1 - STRAT_mod0.82) - (STRAT_mod0.3 - STRAT_mod3.37)","Hornfels",-0.116162584021878,-0.297417560951423,0.0530232292948676
"943","(STRAT_mod0.1 - STRAT_mod0.82) - (STRAT_mod0.82 - STRAT_mod1.08)","Hornfels",-0.0890915263274244,-0.278805519786306,0.0848711639947496
"944","(STRAT_mod0.1 - STRAT_mod0.82) - (STRAT_mod0.82 - STRAT_mod1.44)","Hornfels",0.114018872450167,-0.0830079608497899,0.323333851019384
"945","(STRAT_mod0.1 - STRAT_mod0.82) - (STRAT_mod0.82 - STRAT_mod2.15)","Hornfels",-0.0596015962827853,-0.302572858655181,0.174912865036161
"946","(STRAT_mod0.1 - STRAT_mod0.82) - (STRAT_mod0.82 - STRAT_mod2.88)","Hornfels",-0.10407422841658,-0.294106631556245,0.077489550958886
"947","(STRAT_mod0.1 - STRAT_mod0.82) - (STRAT_mod0.82 - STRAT_mod3.37)","Hornfels",-0.147539688600591,-0.317362298961139,0.036617620258486
"948","(STRAT_mod0.1 - STRAT_mod0.82) - (STRAT_mod1.08 - STRAT_mod1.44)","Hornfels",0.093129883098278,-0.078842430891963,0.274555247409309
"949","(STRAT_mod0.1 - STRAT_mod0.82) - (STRAT_mod1.08 - STRAT_mod2.15)","Hornfels",-0.081187349106814,-0.293054173687204,0.141692468960756
"950","(STRAT_mod0.1 - STRAT_mod0.82) - (STRAT_mod1.08 - STRAT_mod2.88)","Hornfels",-0.126992487129815,-0.285774167166754,0.0260800802472835
"951","(STRAT_mod0.1 - STRAT_mod0.82) - (STRAT_mod1.08 - STRAT_mod3.37)","Hornfels",-0.169165792222607,-0.31506708248424,-0.0238298840518255
"952","(STRAT_mod0.1 - STRAT_mod0.82) - (STRAT_mod1.44 - STRAT_mod2.15)","Hornfels",-0.281507491880877,-0.522287591069072,-0.0451670565279191
"953","(STRAT_mod0.1 - STRAT_mod0.82) - (STRAT_mod1.44 - STRAT_mod2.88)","Hornfels",-0.326922931210608,-0.504752791765089,-0.133103545496928
"954","(STRAT_mod0.1 - STRAT_mod0.82) - (STRAT_mod1.44 - STRAT_mod3.37)","Hornfels",-0.370947944317501,-0.546626871924382,-0.19405395898998
"955","(STRAT_mod0.1 - STRAT_mod0.82) - (STRAT_mod2.15 - STRAT_mod2.88)","Hornfels",-0.154452478563888,-0.381598503958056,0.0714985327569572
"956","(STRAT_mod0.1 - STRAT_mod0.82) - (STRAT_mod2.15 - STRAT_mod3.37)","Hornfels",-0.199197003445783,-0.412430064255981,0.0199146594663518
"957","(STRAT_mod0.1 - STRAT_mod0.82) - (STRAT_mod2.88 - STRAT_mod3.37)","Hornfels",-0.152953532266708,-0.309487115142006,0.00223228017843458
"958","(STRAT_mod0.1 - STRAT_mod1.08) - (STRAT_mod0.1 - STRAT_mod1.44)","Hornfels",0.20252488362118,0.0701661042166686,0.331543592264078
"959","(STRAT_mod0.1 - STRAT_mod1.08) - (STRAT_mod0.1 - STRAT_mod2.15)","Hornfels",0.0301937719097017,-0.147073623059884,0.217235382824986
"960","(STRAT_mod0.1 - STRAT_mod1.08) - (STRAT_mod0.1 - STRAT_mod2.88)","Hornfels",-0.0153918412499109,-0.11269204707255,0.0916787229698049
"961","(STRAT_mod0.1 - STRAT_mod1.08) - (STRAT_mod0.1 - STRAT_mod3.37)","Hornfels",-0.0581364864572537,-0.146636386745788,0.0254387490335389
"962","(STRAT_mod0.1 - STRAT_mod1.08) - (STRAT_mod0.2 - STRAT_mod0.3)","Hornfels",-0.449513551934803,-0.664246713936427,-0.219817302273791
"963","(STRAT_mod0.1 - STRAT_mod1.08) - (STRAT_mod0.2 - STRAT_mod0.82)","Hornfels",-0.414599658295192,-0.612735549527362,-0.205896946731048
"964","(STRAT_mod0.1 - STRAT_mod1.08) - (STRAT_mod0.2 - STRAT_mod1.08)","Hornfels",-0.394724198757109,-0.579852077105344,-0.214596896046627
"965","(STRAT_mod0.1 - STRAT_mod1.08) - (STRAT_mod0.2 - STRAT_mod1.44)","Hornfels",-0.192113385337421,-0.425173305272127,0.0217817506010426
"966","(STRAT_mod0.1 - STRAT_mod1.08) - (STRAT_mod0.2 - STRAT_mod2.15)","Hornfels",-0.365346598142248,-0.624098250913138,-0.106878969101995
"967","(STRAT_mod0.1 - STRAT_mod1.08) - (STRAT_mod0.2 - STRAT_mod2.88)","Hornfels",-0.408882255092914,-0.623171611871585,-0.20748899551723
"968","(STRAT_mod0.1 - STRAT_mod1.08) - (STRAT_mod0.2 - STRAT_mod3.37)","Hornfels",-0.453551263418367,-0.649208454236863,-0.243697891948922
"969","(STRAT_mod0.1 - STRAT_mod1.08) - (STRAT_mod0.3 - STRAT_mod0.82)","Hornfels",-0.10073155125232,-0.275127796790772,0.078997967496872
"970","(STRAT_mod0.1 - STRAT_mod1.08) - (STRAT_mod0.3 - STRAT_mod1.08)","Hornfels",-0.0793128489345214,-0.235008512719566,0.0695478816365307
"971","(STRAT_mod0.1 - STRAT_mod1.08) - (STRAT_mod0.3 - STRAT_mod1.44)","Hornfels",0.12434760194343,-0.0722981625245204,0.327359308821261
"972","(STRAT_mod0.1 - STRAT_mod1.08) - (STRAT_mod0.3 - STRAT_mod2.15)","Hornfels",-0.0457352052762892,-0.288402845446678,0.1875897790128
"973","(STRAT_mod0.1 - STRAT_mod1.08) - (STRAT_mod0.3 - STRAT_mod2.88)","Hornfels",-0.0941406574243825,-0.272534262301847,0.0959816575811358
"974","(STRAT_mod0.1 - STRAT_mod1.08) - (STRAT_mod0.3 - STRAT_mod3.37)","Hornfels",-0.137068871035736,-0.302248355989277,0.0459131756168459
"975","(STRAT_mod0.1 - STRAT_mod1.08) - (STRAT_mod0.82 - STRAT_mod1.08)","Hornfels",-0.110843934616787,-0.232265578287571,0.0104071433624852
"976","(STRAT_mod0.1 - STRAT_mod1.08) - (STRAT_mod0.82 - STRAT_mod1.44)","Hornfels",0.093129883098278,-0.078842430891963,0.274555247409309
"977","(STRAT_mod0.1 - STRAT_mod1.08) - (STRAT_mod0.82 - STRAT_mod2.15)","Hornfels",-0.081187349106814,-0.293054173687204,0.141692468960756
"978","(STRAT_mod0.1 - STRAT_mod1.08) - (STRAT_mod0.82 - STRAT_mod2.88)","Hornfels",-0.126992487129815,-0.285774167166754,0.0260800802472835
"979","(STRAT_mod0.1 - STRAT_mod1.08) - (STRAT_mod0.82 - STRAT_mod3.37)","Hornfels",-0.169165792222607,-0.31506708248424,-0.0238298840518255
"980","(STRAT_mod0.1 - STRAT_mod1.08) - (STRAT_mod1.08 - STRAT_mod1.44)","Hornfels",0.0719427128380715,-0.115799275153211,0.270959992665991
"981","(STRAT_mod0.1 - STRAT_mod1.08) - (STRAT_mod1.08 - STRAT_mod2.15)","Hornfels",-0.101334825358176,-0.332217632684089,0.135245218771906
"982","(STRAT_mod0.1 - STRAT_mod1.08) - (STRAT_mod1.08 - STRAT_mod2.88)","Hornfels",-0.146260570799228,-0.333752240997932,0.0262374392318584
"983","(STRAT_mod0.1 - STRAT_mod1.08) - (STRAT_mod1.08 - STRAT_mod3.37)","Hornfels",-0.191439614620602,-0.35689920676741,-0.0174097495807966
"984","(STRAT_mod0.1 - STRAT_mod1.08) - (STRAT_mod1.44 - STRAT_mod2.15)","Hornfels",-0.303834126748945,-0.531619646690619,-0.053368506574769
"985","(STRAT_mod0.1 - STRAT_mod1.08) - (STRAT_mod1.44 - STRAT_mod2.88)","Hornfels",-0.347791173580254,-0.526214164407268,-0.159637919818179
"986","(STRAT_mod0.1 - STRAT_mod1.08) - (STRAT_mod1.44 - STRAT_mod3.37)","Hornfels",-0.391775870744818,-0.562006000858426,-0.208779753337807
"987","(STRAT_mod0.1 - STRAT_mod1.08) - (STRAT_mod2.15 - STRAT_mod2.88)","Hornfels",-0.174628174101821,-0.404390914849631,0.0454190407252318
"988","(STRAT_mod0.1 - STRAT_mod1.08) - (STRAT_mod2.15 - STRAT_mod3.37)","Hornfels",-0.220035795673749,-0.425408083140799,-0.00148225517390449
"989","(STRAT_mod0.1 - STRAT_mod1.08) - (STRAT_mod2.88 - STRAT_mod3.37)","Hornfels",-0.175729808250629,-0.333774255956646,-0.0266715655068714
"990","(STRAT_mod0.1 - STRAT_mod1.44) - (STRAT_mod0.1 - STRAT_mod2.15)","Hornfels",-0.17214770488787,-0.402428593235371,0.0150719574341996
"991","(STRAT_mod0.1 - STRAT_mod1.44) - (STRAT_mod0.1 - STRAT_mod2.88)","Hornfels",-0.218237794290834,-0.359763726127791,-0.0796028313065704
"992","(STRAT_mod0.1 - STRAT_mod1.44) - (STRAT_mod0.1 - STRAT_mod3.37)","Hornfels",-0.260941022529979,-0.386650976472357,-0.130252389927606
"993","(STRAT_mod0.1 - STRAT_mod1.44) - (STRAT_mod0.2 - STRAT_mod0.3)","Hornfels",-0.65065538462053,-0.902666417056132,-0.406790319616454
"994","(STRAT_mod0.1 - STRAT_mod1.44) - (STRAT_mod0.2 - STRAT_mod0.82)","Hornfels",-0.618014616014775,-0.843415907845039,-0.384854988626738
"995","(STRAT_mod0.1 - STRAT_mod1.44) - (STRAT_mod0.2 - STRAT_mod1.08)","Hornfels",-0.596109484055308,-0.839735919663297,-0.384716376555163
"996","(STRAT_mod0.1 - STRAT_mod1.44) - (STRAT_mod0.2 - STRAT_mod1.44)","Hornfels",-0.394724198757109,-0.579852077105344,-0.214596896046627
"997","(STRAT_mod0.1 - STRAT_mod1.44) - (STRAT_mod0.2 - STRAT_mod2.15)","Hornfels",-0.567026543329832,-0.837612818590905,-0.285462767395485
"998","(STRAT_mod0.1 - STRAT_mod1.44) - (STRAT_mod0.2 - STRAT_mod2.88)","Hornfels",-0.610474045843792,-0.854918075473702,-0.393750135051349
"999","(STRAT_mod0.1 - STRAT_mod1.44) - (STRAT_mod0.2 - STRAT_mod3.37)","Hornfels",-0.654486431972033,-0.893157326311733,-0.441987726856979
"1000","(STRAT_mod0.1 - STRAT_mod1.44) - (STRAT_mod0.3 - STRAT_mod0.82)","Hornfels",-0.302494074005073,-0.504095006660157,-0.104982143054574
"1001","(STRAT_mod0.1 - STRAT_mod1.44) - (STRAT_mod0.3 - STRAT_mod1.08)","Hornfels",-0.281185393242518,-0.479262396842935,-0.0860054158100951
"1002","(STRAT_mod0.1 - STRAT_mod1.44) - (STRAT_mod0.3 - STRAT_mod1.44)","Hornfels",-0.0793128489345214,-0.235008512719566,0.0695478816365307
"1003","(STRAT_mod0.1 - STRAT_mod1.44) - (STRAT_mod0.3 - STRAT_mod2.15)","Hornfels",-0.2496398625989,-0.49878352893185,0.0134900355897307
"1004","(STRAT_mod0.1 - STRAT_mod1.44) - (STRAT_mod0.3 - STRAT_mod2.88)","Hornfels",-0.296178826350774,-0.501132209870875,-0.100803455025078
"1005","(STRAT_mod0.1 - STRAT_mod1.44) - (STRAT_mod0.3 - STRAT_mod3.37)","Hornfels",-0.338965656191709,-0.533321504046052,-0.143228798701889
"1006","(STRAT_mod0.1 - STRAT_mod1.44) - (STRAT_mod0.82 - STRAT_mod1.08)","Hornfels",-0.312995984608734,-0.490467910247337,-0.136571546000887
"1007","(STRAT_mod0.1 - STRAT_mod1.44) - (STRAT_mod0.82 - STRAT_mod1.44)","Hornfels",-0.110843934616787,-0.232265578287571,0.0104071433624852
"1008","(STRAT_mod0.1 - STRAT_mod1.44) - (STRAT_mod0.82 - STRAT_mod2.15)","Hornfels",-0.281507491880877,-0.522287591069072,-0.0451670565279191
"1009","(STRAT_mod0.1 - STRAT_mod1.44) - (STRAT_mod0.82 - STRAT_mod2.88)","Hornfels",-0.326922931210608,-0.504752791765089,-0.133103545496928
"1010","(STRAT_mod0.1 - STRAT_mod1.44) - (STRAT_mod0.82 - STRAT_mod3.37)","Hornfels",-0.370947944317501,-0.546626871924382,-0.19405395898998
"1011","(STRAT_mod0.1 - STRAT_mod1.44) - (STRAT_mod1.08 - STRAT_mod1.44)","Hornfels",-0.132213080793997,-0.244877480110058,-0.0118801587341414
"1012","(STRAT_mod0.1 - STRAT_mod1.44) - (STRAT_mod1.08 - STRAT_mod2.15)","Hornfels",-0.303834126748945,-0.531619646690619,-0.053368506574769
"1013","(STRAT_mod0.1 - STRAT_mod1.44) - (STRAT_mod1.08 - STRAT_mod2.88)","Hornfels",-0.347791173580254,-0.526214164407268,-0.159637919818179
"1014","(STRAT_mod0.1 - STRAT_mod1.44) - (STRAT_mod1.08 - STRAT_mod3.37)","Hornfels",-0.391775870744818,-0.562006000858426,-0.208779753337807
"1015","(STRAT_mod0.1 - STRAT_mod1.44) - (STRAT_mod1.44 - STRAT_mod2.15)","Hornfels",-0.504132700490063,-0.811430162036062,-0.197529127426562
"1016","(STRAT_mod0.1 - STRAT_mod1.44) - (STRAT_mod1.44 - STRAT_mod2.88)","Hornfels",-0.550721147443724,-0.802885755428642,-0.277004576441638
"1017","(STRAT_mod0.1 - STRAT_mod1.44) - (STRAT_mod1.44 - STRAT_mod3.37)","Hornfels",-0.596040972961178,-0.843741644113543,-0.323785512485495
"1018","(STRAT_mod0.1 - STRAT_mod1.44) - (STRAT_mod2.15 - STRAT_mod2.88)","Hornfels",-0.379049906560466,-0.630052793168149,-0.14031485385052
"1019","(STRAT_mod0.1 - STRAT_mod1.44) - (STRAT_mod2.15 - STRAT_mod3.37)","Hornfels",-0.421615722388568,-0.664150533063248,-0.190303726226317
"1020","(STRAT_mod0.1 - STRAT_mod1.44) - (STRAT_mod2.88 - STRAT_mod3.37)","Hornfels",-0.378897032354499,-0.556802343266848,-0.190443629405266
"1021","(STRAT_mod0.1 - STRAT_mod2.15) - (STRAT_mod0.1 - STRAT_mod2.88)","Hornfels",-0.0453240799983815,-0.23335188296413,0.148648482964412
"1022","(STRAT_mod0.1 - STRAT_mod2.15) - (STRAT_mod0.1 - STRAT_mod3.37)","Hornfels",-0.0885536902988137,-0.271948162991402,0.0902156995754475
"1023","(STRAT_mod0.1 - STRAT_mod2.15) - (STRAT_mod0.2 - STRAT_mod0.3)","Hornfels",-0.479161807851187,-0.748480274110129,-0.199041265995737
"1024","(STRAT_mod0.1 - STRAT_mod2.15) - (STRAT_mod0.2 - STRAT_mod0.82)","Hornfels",-0.447988834738603,-0.705991418342761,-0.183770674373022
"1025","(STRAT_mod0.1 - STRAT_mod2.15) - (STRAT_mod0.2 - STRAT_mod1.08)","Hornfels",-0.426359673052472,-0.700120682226716,-0.178302921045175
"1026","(STRAT_mod0.1 - STRAT_mod2.15) - (STRAT_mod0.2 - STRAT_mod1.44)","Hornfels",-0.222472567378824,-0.494163341258459,0.0616395197790433
"1027","(STRAT_mod0.1 - STRAT_mod2.15) - (STRAT_mod0.2 - STRAT_mod2.15)","Hornfels",-0.394724198757109,-0.579852077105344,-0.214596896046627
"1028","(STRAT_mod0.1 - STRAT_mod2.15) - (STRAT_mod0.2 - STRAT_mod2.88)","Hornfels",-0.44245397632772,-0.704224902660287,-0.17163104994947
"1029","(STRAT_mod0.1 - STRAT_mod2.15) - (STRAT_mod0.2 - STRAT_mod3.37)","Hornfels",-0.485158639084815,-0.740461043166502,-0.222228414116756
"1030","(STRAT_mod0.1 - STRAT_mod2.15) - (STRAT_mod0.3 - STRAT_mod0.82)","Hornfels",-0.132238264683681,-0.348077451490363,0.12193330874342
"1031","(STRAT_mod0.1 - STRAT_mod2.15) - (STRAT_mod0.3 - STRAT_mod1.08)","Hornfels",-0.110759482409078,-0.339231005351092,0.131825282006511
"1032","(STRAT_mod0.1 - STRAT_mod2.15) - (STRAT_mod0.3 - STRAT_mod1.44)","Hornfels",0.0932723270732436,-0.15230424911728,0.357648534864021
"1033","(STRAT_mod0.1 - STRAT_mod2.15) - (STRAT_mod0.3 - STRAT_mod2.15)","Hornfels",-0.0793128489345214,-0.235008512719566,0.0695478816365307
"1034","(STRAT_mod0.1 - STRAT_mod2.15) - (STRAT_mod0.3 - STRAT_mod2.88)","Hornfels",-0.124533787857179,-0.357965102057213,0.129254100106287
"1035","(STRAT_mod0.1 - STRAT_mod2.15) - (STRAT_mod0.3 - STRAT_mod3.37)","Hornfels",-0.168375000400436,-0.400293779030828,0.0659227733385378
"1036","(STRAT_mod0.1 - STRAT_mod2.15) - (STRAT_mod0.82 - STRAT_mod1.08)","Hornfels",-0.140009717411801,-0.364243340188561,0.0713566823308192
"1037","(STRAT_mod0.1 - STRAT_mod2.15) - (STRAT_mod0.82 - STRAT_mod1.44)","Hornfels",0.0618299016038495,-0.185444429266492,0.292205120009796
"1038","(STRAT_mod0.1 - STRAT_mod2.15) - (STRAT_mod0.82 - STRAT_mod2.15)","Hornfels",-0.110843934616787,-0.232265578287571,0.0104071433624852
"1039","(STRAT_mod0.1 - STRAT_mod2.15) - (STRAT_mod0.82 - STRAT_mod2.88)","Hornfels",-0.154452478563888,-0.381598503958056,0.0714985327569572
"1040","(STRAT_mod0.1 - STRAT_mod2.15) - (STRAT_mod0.82 - STRAT_mod3.37)","Hornfels",-0.199197003445783,-0.412430064255981,0.0199146594663518
"1041","(STRAT_mod0.1 - STRAT_mod2.15) - (STRAT_mod1.08 - STRAT_mod1.44)","Hornfels",0.0413795612853484,-0.205436143945437,0.264081177848034
"1042","(STRAT_mod0.1 - STRAT_mod2.15) - (STRAT_mod1.08 - STRAT_mod2.15)","Hornfels",-0.132213080793997,-0.244877480110058,-0.0118801587341414
"1043","(STRAT_mod0.1 - STRAT_mod2.15) - (STRAT_mod1.08 - STRAT_mod2.88)","Hornfels",-0.174628174101821,-0.404390914849631,0.0454190407252318
"1044","(STRAT_mod0.1 - STRAT_mod2.15) - (STRAT_mod1.08 - STRAT_mod3.37)","Hornfels",-0.220035795673749,-0.425408083140799,-0.00148225517390449
"1045","(STRAT_mod0.1 - STRAT_mod2.15) - (STRAT_mod1.44 - STRAT_mod2.15)","Hornfels",-0.3333264364556,-0.485835673865234,-0.177818372473394
"1046","(STRAT_mod0.1 - STRAT_mod2.15) - (STRAT_mod1.44 - STRAT_mod2.88)","Hornfels",-0.379049906560466,-0.630052793168149,-0.14031485385052
"1047","(STRAT_mod0.1 - STRAT_mod2.15) - (STRAT_mod1.44 - STRAT_mod3.37)","Hornfels",-0.421615722388568,-0.664150533063248,-0.190303726226317
"1048","(STRAT_mod0.1 - STRAT_mod2.15) - (STRAT_mod2.15 - STRAT_mod2.88)","Hornfels",-0.205704048890048,-0.589434139611806,0.143461627136415
"1049","(STRAT_mod0.1 - STRAT_mod2.15) - (STRAT_mod2.15 - STRAT_mod3.37)","Hornfels",-0.249153338001183,-0.608891889285206,0.113597339411563
"1050","(STRAT_mod0.1 - STRAT_mod2.15) - (STRAT_mod2.88 - STRAT_mod3.37)","Hornfels",-0.205238700507599,-0.417537665105023,0.0187594305011243
"1051","(STRAT_mod0.1 - STRAT_mod2.88) - (STRAT_mod0.1 - STRAT_mod3.37)","Hornfels",-0.043275940632909,-0.148649479077937,0.0513310753312756
"1052","(STRAT_mod0.1 - STRAT_mod2.88) - (STRAT_mod0.2 - STRAT_mod0.3)","Hornfels",-0.433939187363567,-0.665503594040847,-0.207352496648103
"1053","(STRAT_mod0.1 - STRAT_mod2.88) - (STRAT_mod0.2 - STRAT_mod0.82)","Hornfels",-0.401991616252737,-0.611268535058352,-0.192807529369797
"1054","(STRAT_mod0.1 - STRAT_mod2.88) - (STRAT_mod0.2 - STRAT_mod1.08)","Hornfels",-0.380733737746341,-0.586011588398996,-0.166326834805115
"1055","(STRAT_mod0.1 - STRAT_mod2.88) - (STRAT_mod0.2 - STRAT_mod1.44)","Hornfels",-0.177214993110932,-0.418374255282735,0.0422087451884627
"1056","(STRAT_mod0.1 - STRAT_mod2.88) - (STRAT_mod0.2 - STRAT_mod2.15)","Hornfels",-0.350429754279842,-0.610172744476841,-0.0820017372378021
"1057","(STRAT_mod0.1 - STRAT_mod2.88) - (STRAT_mod0.2 - STRAT_mod2.88)","Hornfels",-0.394724198757109,-0.579852077105344,-0.214596896046627
"1058","(STRAT_mod0.1 - STRAT_mod2.88) - (STRAT_mod0.2 - STRAT_mod3.37)","Hornfels",-0.437511484998584,-0.637403119488371,-0.222959998201535
"1059","(STRAT_mod0.1 - STRAT_mod2.88) - (STRAT_mod0.3 - STRAT_mod0.82)","Hornfels",-0.0858687125262717,-0.261415147280444,0.107124652759278
"1060","(STRAT_mod0.1 - STRAT_mod2.88) - (STRAT_mod0.3 - STRAT_mod1.08)","Hornfels",-0.0651516538032027,-0.24975788778658,0.117104497374407
"1061","(STRAT_mod0.1 - STRAT_mod2.88) - (STRAT_mod0.3 - STRAT_mod1.44)","Hornfels",0.138190714014112,-0.0684600341097322,0.351232637418833
"1062","(STRAT_mod0.1 - STRAT_mod2.88) - (STRAT_mod0.3 - STRAT_mod2.15)","Hornfels",-0.0326470173360016,-0.281128257494669,0.210672593064423
"1063","(STRAT_mod0.1 - STRAT_mod2.88) - (STRAT_mod0.3 - STRAT_mod2.88)","Hornfels",-0.0793128489345214,-0.235008512719566,0.0695478816365307
"1064","(STRAT_mod0.1 - STRAT_mod2.88) - (STRAT_mod0.3 - STRAT_mod3.37)","Hornfels",-0.121630808693112,-0.311211641753239,0.0493871744744187
"1065","(STRAT_mod0.1 - STRAT_mod2.88) - (STRAT_mod0.82 - STRAT_mod1.08)","Hornfels",-0.095047957467245,-0.255270694463288,0.0639682836160315
"1066","(STRAT_mod0.1 - STRAT_mod2.88) - (STRAT_mod0.82 - STRAT_mod1.44)","Hornfels",0.108136776405622,-0.0778015163298022,0.290215376100909
"1067","(STRAT_mod0.1 - STRAT_mod2.88) - (STRAT_mod0.82 - STRAT_mod2.15)","Hornfels",-0.0654741330963069,-0.291025112939198,0.157509141010963
"1068","(STRAT_mod0.1 - STRAT_mod2.88) - (STRAT_mod0.82 - STRAT_mod2.88)","Hornfels",-0.110843934616787,-0.232265578287571,0.0104071433624852
"1069","(STRAT_mod0.1 - STRAT_mod2.88) - (STRAT_mod0.82 - STRAT_mod3.37)","Hornfels",-0.152953532266708,-0.309487115142006,0.00223228017843458
"1070","(STRAT_mod0.1 - STRAT_mod2.88) - (STRAT_mod1.08 - STRAT_mod1.44)","Hornfels",0.0860606119882113,-0.101166270468474,0.260634894733847
"1071","(STRAT_mod0.1 - STRAT_mod2.88) - (STRAT_mod1.08 - STRAT_mod2.15)","Hornfels",-0.0853531690701433,-0.294553993181128,0.149200701700915
"1072","(STRAT_mod0.1 - STRAT_mod2.88) - (STRAT_mod1.08 - STRAT_mod2.88)","Hornfels",-0.132213080793997,-0.244877480110058,-0.0118801587341414
"1073","(STRAT_mod0.1 - STRAT_mod2.88) - (STRAT_mod1.08 - STRAT_mod3.37)","Hornfels",-0.175729808250629,-0.333774255956646,-0.0266715655068714
"1074","(STRAT_mod0.1 - STRAT_mod2.88) - (STRAT_mod1.44 - STRAT_mod2.15)","Hornfels",-0.288454435865249,-0.535204178614753,-0.0435881912476329
"1075","(STRAT_mod0.1 - STRAT_mod2.88) - (STRAT_mod1.44 - STRAT_mod2.88)","Hornfels",-0.3333264364556,-0.485835673865234,-0.177818372473394
"1076","(STRAT_mod0.1 - STRAT_mod2.88) - (STRAT_mod1.44 - STRAT_mod3.37)","Hornfels",-0.378897032354499,-0.556802343266848,-0.190443629405266
"1077","(STRAT_mod0.1 - STRAT_mod2.88) - (STRAT_mod2.15 - STRAT_mod2.88)","Hornfels",-0.161295060376236,-0.355850265926133,0.0388500904558372
"1078","(STRAT_mod0.1 - STRAT_mod2.88) - (STRAT_mod2.15 - STRAT_mod3.37)","Hornfels",-0.205238700507599,-0.417537665105023,0.0187594305011243
"1079","(STRAT_mod0.1 - STRAT_mod2.88) - (STRAT_mod2.88 - STRAT_mod3.37)","Hornfels",-0.158019475278301,-0.367637046733649,0.0289945392612915
"1080","(STRAT_mod0.1 - STRAT_mod3.37) - (STRAT_mod0.2 - STRAT_mod0.3)","Hornfels",-0.392032843626939,-0.603973989519805,-0.16190643526826
"1081","(STRAT_mod0.1 - STRAT_mod3.37) - (STRAT_mod0.2 - STRAT_mod0.82)","Hornfels",-0.357522941834799,-0.554623134270838,-0.149401812210674
"1082","(STRAT_mod0.1 - STRAT_mod3.37) - (STRAT_mod0.2 - STRAT_mod1.08)","Hornfels",-0.338312318304819,-0.548712501356607,-0.142513666739896
"1083","(STRAT_mod0.1 - STRAT_mod3.37) - (STRAT_mod0.2 - STRAT_mod1.44)","Hornfels",-0.135016574668714,-0.356814174888936,0.0919852384619303
"1084","(STRAT_mod0.1 - STRAT_mod3.37) - (STRAT_mod0.2 - STRAT_mod2.15)","Hornfels",-0.30736329618595,-0.57272307100683,-0.0578148804951555
"1085","(STRAT_mod0.1 - STRAT_mod3.37) - (STRAT_mod0.2 - STRAT_mod2.88)","Hornfels",-0.35036264600721,-0.560104765685622,-0.144665470967313
"1086","(STRAT_mod0.1 - STRAT_mod3.37) - (STRAT_mod0.2 - STRAT_mod3.37)","Hornfels",-0.394724198757109,-0.579852077105344,-0.214596896046627
"1087","(STRAT_mod0.1 - STRAT_mod3.37) - (STRAT_mod0.3 - STRAT_mod0.82)","Hornfels",-0.0413596753619349,-0.209051255830431,0.143296265075103
"1088","(STRAT_mod0.1 - STRAT_mod3.37) - (STRAT_mod0.3 - STRAT_mod1.08)","Hornfels",-0.0221985265125088,-0.189714704393496,0.158990366170213
"1089","(STRAT_mod0.1 - STRAT_mod3.37) - (STRAT_mod0.3 - STRAT_mod1.44)","Hornfels",0.181736540399944,-0.0166640749381741,0.385016856578689
"1090","(STRAT_mod0.1 - STRAT_mod3.37) - (STRAT_mod0.3 - STRAT_mod2.15)","Hornfels",0.0127052655344385,-0.242477114108853,0.231133857324225
"1091","(STRAT_mod0.1 - STRAT_mod3.37) - (STRAT_mod0.3 - STRAT_mod2.88)","Hornfels",-0.0358930149740457,-0.214712770572517,0.150304148021956
"1092","(STRAT_mod0.1 - STRAT_mod3.37) - (STRAT_mod0.3 - STRAT_mod3.37)","Hornfels",-0.0793128489345214,-0.235008512719566,0.0695478816365307
"1093","(STRAT_mod0.1 - STRAT_mod3.37) - (STRAT_mod0.82 - STRAT_mod1.08)","Hornfels",-0.053394676893858,-0.20266470106143,0.0976121618598159
"1094","(STRAT_mod0.1 - STRAT_mod3.37) - (STRAT_mod0.82 - STRAT_mod1.44)","Hornfels",0.149592715166626,-0.0291631844153298,0.321182256060838
"1095","(STRAT_mod0.1 - STRAT_mod3.37) - (STRAT_mod0.82 - STRAT_mod2.15)","Hornfels",-0.0219777755598253,-0.237887041433578,0.19723638050153
"1096","(STRAT_mod0.1 - STRAT_mod3.37) - (STRAT_mod0.82 - STRAT_mod2.88)","Hornfels",-0.0661323556574901,-0.23393536397829,0.0845527004146279
"1097","(STRAT_mod0.1 - STRAT_mod3.37) - (STRAT_mod0.82 - STRAT_mod3.37)","Hornfels",-0.110843934616787,-0.232265578287571,0.0104071433624852
"1098","(STRAT_mod0.1 - STRAT_mod3.37) - (STRAT_mod1.08 - STRAT_mod1.44)","Hornfels",0.130899301012229,-0.0338181478961407,0.306525873277217
"1099","(STRAT_mod0.1 - STRAT_mod3.37) - (STRAT_mod1.08 - STRAT_mod2.15)","Hornfels",-0.0426200750148564,-0.255724977935933,0.175352302299115
"1100","(STRAT_mod0.1 - STRAT_mod3.37) - (STRAT_mod1.08 - STRAT_mod2.88)","Hornfels",-0.0863781110115822,-0.239160367872348,0.0680901251306924
"1101","(STRAT_mod0.1 - STRAT_mod3.37) - (STRAT_mod1.08 - STRAT_mod3.37)","Hornfels",-0.132213080793997,-0.244877480110058,-0.0118801587341414
"1102","(STRAT_mod0.1 - STRAT_mod3.37) - (STRAT_mod1.44 - STRAT_mod2.15)","Hornfels",-0.243780153692267,-0.492904938663605,-0.0148893134880815
"1103","(STRAT_mod0.1 - STRAT_mod3.37) - (STRAT_mod1.44 - STRAT_mod2.88)","Hornfels",-0.289498728688246,-0.470462383321549,-0.104643145586109
"1104","(STRAT_mod0.1 - STRAT_mod3.37) - (STRAT_mod1.44 - STRAT_mod3.37)","Hornfels",-0.3333264364556,-0.485835673865234,-0.177818372473394
"1105","(STRAT_mod0.1 - STRAT_mod3.37) - (STRAT_mod2.15 - STRAT_mod2.88)","Hornfels",-0.115644265565636,-0.339152518701095,0.107272660152024
"1106","(STRAT_mod0.1 - STRAT_mod3.37) - (STRAT_mod2.15 - STRAT_mod3.37)","Hornfels",-0.161295060376236,-0.355850265926133,0.0388500904558372
"1107","(STRAT_mod0.1 - STRAT_mod3.37) - (STRAT_mod2.88 - STRAT_mod3.37)","Hornfels",-0.116310230759499,-0.250292184232541,0.00757537060590818
"1108","(STRAT_mod0.2 - STRAT_mod0.3) - (STRAT_mod0.2 - STRAT_mod0.82)","Hornfels",0.0315098181850293,-0.0968602069134329,0.16763171988757
"1109","(STRAT_mod0.2 - STRAT_mod0.3) - (STRAT_mod0.2 - STRAT_mod1.08)","Hornfels",0.052178054885848,-0.0769921616541981,0.179615042576729
"1110","(STRAT_mod0.2 - STRAT_mod0.3) - (STRAT_mod0.2 - STRAT_mod1.44)","Hornfels",0.255356524307311,0.0951243431435559,0.428606975955816
"1111","(STRAT_mod0.2 - STRAT_mod0.3) - (STRAT_mod0.2 - STRAT_mod2.15)","Hornfels",0.0829951048892644,-0.132819452655944,0.28132766989147
"1112","(STRAT_mod0.2 - STRAT_mod0.3) - (STRAT_mod0.2 - STRAT_mod2.88)","Hornfels",0.0384468049743496,-0.0911697783120262,0.188060690697908
"1113","(STRAT_mod0.2 - STRAT_mod0.3) - (STRAT_mod0.2 - STRAT_mod3.37)","Hornfels",-0.00371665285037923,-0.132957407742338,0.11878446332754
"1114","(STRAT_mod0.2 - STRAT_mod0.3) - (STRAT_mod0.3 - STRAT_mod0.82)","Hornfels",0.34940904662637,0.0631371818333205,0.622770515189214
"1115","(STRAT_mod0.2 - STRAT_mod0.3) - (STRAT_mod0.3 - STRAT_mod1.08)","Hornfels",0.372736175822907,0.0948084119124734,0.650699484137455
"1116","(STRAT_mod0.2 - STRAT_mod0.3) - (STRAT_mod0.3 - STRAT_mod1.44)","Hornfels",0.575241396335155,0.262649753153032,0.8694141877387
"1117","(STRAT_mod0.2 - STRAT_mod0.3) - (STRAT_mod0.3 - STRAT_mod2.15)","Hornfels",0.400062017213116,0.0846971257875506,0.725837291269529
"1118","(STRAT_mod0.2 - STRAT_mod0.3) - (STRAT_mod0.3 - STRAT_mod2.88)","Hornfels",0.355406010589704,0.0689496094465655,0.636377890525888
"1119","(STRAT_mod0.2 - STRAT_mod0.3) - (STRAT_mod0.3 - STRAT_mod3.37)","Hornfels",0.313031708943257,0.0354724221864379,0.589490424425468
"1120","(STRAT_mod0.2 - STRAT_mod0.3) - (STRAT_mod0.82 - STRAT_mod1.08)","Hornfels",0.339462935632422,0.126689194805546,0.544928516853226
"1121","(STRAT_mod0.2 - STRAT_mod0.3) - (STRAT_mod0.82 - STRAT_mod1.44)","Hornfels",0.541457372480899,0.289741980922038,0.762586367466312
"1122","(STRAT_mod0.2 - STRAT_mod0.3) - (STRAT_mod0.82 - STRAT_mod2.15)","Hornfels",0.366789389810795,0.107136036660979,0.639074225992334
"1123","(STRAT_mod0.2 - STRAT_mod0.3) - (STRAT_mod0.82 - STRAT_mod2.88)","Hornfels",0.323223807816887,0.10828704064981,0.534542123000518
"1124","(STRAT_mod0.2 - STRAT_mod0.3) - (STRAT_mod0.82 - STRAT_mod3.37)","Hornfels",0.279413388741651,0.0716232270385559,0.492369112482208
"1125","(STRAT_mod0.2 - STRAT_mod0.3) - (STRAT_mod1.08 - STRAT_mod1.44)","Hornfels",0.519082449550299,0.295971140859157,0.763713926218695
"1126","(STRAT_mod0.2 - STRAT_mod0.3) - (STRAT_mod1.08 - STRAT_mod2.15)","Hornfels",0.345653874806172,0.079649973406326,0.608929915274486
"1127","(STRAT_mod0.2 - STRAT_mod0.3) - (STRAT_mod1.08 - STRAT_mod2.88)","Hornfels",0.301228695657533,0.076430609414732,0.506781561250772
"1128","(STRAT_mod0.2 - STRAT_mod0.3) - (STRAT_mod1.08 - STRAT_mod3.37)","Hornfels",0.258134448831634,0.0462994989312159,0.462177469347672
"1129","(STRAT_mod0.2 - STRAT_mod0.3) - (STRAT_mod1.44 - STRAT_mod2.15)","Hornfels",0.144913733657215,-0.137508886557594,0.417870976468622
"1130","(STRAT_mod0.2 - STRAT_mod0.3) - (STRAT_mod1.44 - STRAT_mod2.88)","Hornfels",0.0983309946074385,-0.131486748083613,0.334100797810667
"1131","(STRAT_mod0.2 - STRAT_mod0.3) - (STRAT_mod1.44 - STRAT_mod3.37)","Hornfels",0.0557040912169057,-0.17005045590137,0.283902227354342
"1132","(STRAT_mod0.2 - STRAT_mod0.3) - (STRAT_mod2.15 - STRAT_mod2.88)","Hornfels",0.273834756505913,0.00358360122533968,0.53667606452209
"1133","(STRAT_mod0.2 - STRAT_mod0.3) - (STRAT_mod2.15 - STRAT_mod3.37)","Hornfels",0.231013904152066,-0.0442460504674593,0.479996008110948
"1134","(STRAT_mod0.2 - STRAT_mod0.3) - (STRAT_mod2.88 - STRAT_mod3.37)","Hornfels",0.272615874312649,0.0583366436274793,0.490613595025776
"1135","(STRAT_mod0.2 - STRAT_mod0.82) - (STRAT_mod0.2 - STRAT_mod1.08)","Hornfels",0.0206154895423618,-0.0738223380522195,0.109946826862599
"1136","(STRAT_mod0.2 - STRAT_mod0.82) - (STRAT_mod0.2 - STRAT_mod1.44)","Hornfels",0.222846993015441,0.092422802786322,0.361128482523276
"1137","(STRAT_mod0.2 - STRAT_mod0.82) - (STRAT_mod0.2 - STRAT_mod2.15)","Hornfels",0.051547317206185,-0.127624178177327,0.235548251816125
"1138","(STRAT_mod0.2 - STRAT_mod0.82) - (STRAT_mod0.2 - STRAT_mod2.88)","Hornfels",0.00576522063800658,-0.0962903603468615,0.112492060213772
"1139","(STRAT_mod0.2 - STRAT_mod0.82) - (STRAT_mod0.2 - STRAT_mod3.37)","Hornfels",-0.0373770077437963,-0.127732742609874,0.0482762547167628
"1140","(STRAT_mod0.2 - STRAT_mod0.82) - (STRAT_mod0.3 - STRAT_mod0.82)","Hornfels",0.317675350050636,0.127586403363993,0.50850177962818
"1141","(STRAT_mod0.2 - STRAT_mod0.82) - (STRAT_mod0.3 - STRAT_mod1.08)","Hornfels",0.339462935632422,0.126689194805546,0.544928516853226
"1142","(STRAT_mod0.2 - STRAT_mod0.82) - (STRAT_mod0.3 - STRAT_mod1.44)","Hornfels",0.541457372480899,0.289741980922038,0.762586367466312
"1143","(STRAT_mod0.2 - STRAT_mod0.82) - (STRAT_mod0.3 - STRAT_mod2.15)","Hornfels",0.366789389810795,0.107136036660979,0.639074225992334
"1144","(STRAT_mod0.2 - STRAT_mod0.82) - (STRAT_mod0.3 - STRAT_mod2.88)","Hornfels",0.323223807816887,0.10828704064981,0.534542123000518
"1145","(STRAT_mod0.2 - STRAT_mod0.82) - (STRAT_mod0.3 - STRAT_mod3.37)","Hornfels",0.279413388741651,0.0716232270385559,0.492369112482208
"1146","(STRAT_mod0.2 - STRAT_mod0.82) - (STRAT_mod0.82 - STRAT_mod1.08)","Hornfels",0.305605787101977,0.0870410278068873,0.513389381538382
"1147","(STRAT_mod0.2 - STRAT_mod0.82) - (STRAT_mod0.82 - STRAT_mod1.44)","Hornfels",0.506437397176145,0.27457848799995,0.74432938397
"1148","(STRAT_mod0.2 - STRAT_mod0.82) - (STRAT_mod0.82 - STRAT_mod2.15)","Hornfels",0.336230894181829,0.0614964778882494,0.594955523337236
"1149","(STRAT_mod0.2 - STRAT_mod0.82) - (STRAT_mod0.82 - STRAT_mod2.88)","Hornfels",0.290321579658696,0.0832823763410601,0.518733211533258
"1150","(STRAT_mod0.2 - STRAT_mod0.82) - (STRAT_mod0.82 - STRAT_mod3.37)","Hornfels",0.245998667424861,0.0373855327328976,0.457673935321204
"1151","(STRAT_mod0.2 - STRAT_mod0.82) - (STRAT_mod1.08 - STRAT_mod1.44)","Hornfels",0.488739286699819,0.27985660515337,0.705626498625021
"1152","(STRAT_mod0.2 - STRAT_mod0.82) - (STRAT_mod1.08 - STRAT_mod2.15)","Hornfels",0.315312324966581,0.0616335081410756,0.553763142841026
"1153","(STRAT_mod0.2 - STRAT_mod0.82) - (STRAT_mod1.08 - STRAT_mod2.88)","Hornfels",0.26989011850925,0.0714226236984885,0.458136821310809
"1154","(STRAT_mod0.2 - STRAT_mod0.82) - (STRAT_mod1.08 - STRAT_mod3.37)","Hornfels",0.226323760314896,0.0434785487540383,0.417811034584385
"1155","(STRAT_mod0.2 - STRAT_mod0.82) - (STRAT_mod1.44 - STRAT_mod2.15)","Hornfels",0.112975198007082,-0.144895006777886,0.3826745070025
"1156","(STRAT_mod0.2 - STRAT_mod0.82) - (STRAT_mod1.44 - STRAT_mod2.88)","Hornfels",0.0670821505706128,-0.150958253380756,0.285447155638397
"1157","(STRAT_mod0.2 - STRAT_mod0.82) - (STRAT_mod1.44 - STRAT_mod3.37)","Hornfels",0.0233852349885617,-0.191167195010116,0.230026344963259
"1158","(STRAT_mod0.2 - STRAT_mod0.82) - (STRAT_mod2.15 - STRAT_mod2.88)","Hornfels",0.239554744217253,-0.0142743295184332,0.493885502011526
"1159","(STRAT_mod0.2 - STRAT_mod0.82) - (STRAT_mod2.15 - STRAT_mod3.37)","Hornfels",0.196219798818101,-0.0602612838101786,0.43032704417763
"1160","(STRAT_mod0.2 - STRAT_mod0.82) - (STRAT_mod2.88 - STRAT_mod3.37)","Hornfels",0.240062463338539,0.0413400728939201,0.431019273128044
"1161","(STRAT_mod0.2 - STRAT_mod1.08) - (STRAT_mod0.2 - STRAT_mod1.44)","Hornfels",0.20252488362118,0.0701661042166686,0.331543592264078
"1162","(STRAT_mod0.2 - STRAT_mod1.08) - (STRAT_mod0.2 - STRAT_mod2.15)","Hornfels",0.0301937719097017,-0.147073623059884,0.217235382824986
"1163","(STRAT_mod0.2 - STRAT_mod1.08) - (STRAT_mod0.2 - STRAT_mod2.88)","Hornfels",-0.0153918412499109,-0.11269204707255,0.0916787229698049
"1164","(STRAT_mod0.2 - STRAT_mod1.08) - (STRAT_mod0.2 - STRAT_mod3.37)","Hornfels",-0.0581364864572537,-0.146636386745788,0.0254387490335389
"1165","(STRAT_mod0.2 - STRAT_mod1.08) - (STRAT_mod0.3 - STRAT_mod0.82)","Hornfels",0.295301464357402,0.0995575493990861,0.527033957250463
"1166","(STRAT_mod0.2 - STRAT_mod1.08) - (STRAT_mod0.3 - STRAT_mod1.08)","Hornfels",0.317675350050636,0.127586403363993,0.50850177962818
"1167","(STRAT_mod0.2 - STRAT_mod1.08) - (STRAT_mod0.3 - STRAT_mod1.44)","Hornfels",0.519082449550299,0.295971140859157,0.763713926218695
"1168","(STRAT_mod0.2 - STRAT_mod1.08) - (STRAT_mod0.3 - STRAT_mod2.15)","Hornfels",0.345653874806172,0.079649973406326,0.608929915274486
"1169","(STRAT_mod0.2 - STRAT_mod1.08) - (STRAT_mod0.3 - STRAT_mod2.88)","Hornfels",0.301228695657533,0.076430609414732,0.506781561250772
"1170","(STRAT_mod0.2 - STRAT_mod1.08) - (STRAT_mod0.3 - STRAT_mod3.37)","Hornfels",0.258134448831634,0.0462994989312159,0.462177469347672
"1171","(STRAT_mod0.2 - STRAT_mod1.08) - (STRAT_mod0.82 - STRAT_mod1.08)","Hornfels",0.28450228409218,0.10336434553759,0.438999244904437
"1172","(STRAT_mod0.2 - STRAT_mod1.08) - (STRAT_mod0.82 - STRAT_mod1.44)","Hornfels",0.488739286699819,0.27985660515337,0.705626498625021
"1173","(STRAT_mod0.2 - STRAT_mod1.08) - (STRAT_mod0.82 - STRAT_mod2.15)","Hornfels",0.315312324966581,0.0616335081410756,0.553763142841026
"1174","(STRAT_mod0.2 - STRAT_mod1.08) - (STRAT_mod0.82 - STRAT_mod2.88)","Hornfels",0.26989011850925,0.0714226236984885,0.458136821310809
"1175","(STRAT_mod0.2 - STRAT_mod1.08) - (STRAT_mod0.82 - STRAT_mod3.37)","Hornfels",0.226323760314896,0.0434785487540383,0.417811034584385
"1176","(STRAT_mod0.2 - STRAT_mod1.08) - (STRAT_mod1.08 - STRAT_mod1.44)","Hornfels",0.467054734653682,0.241591792028612,0.695607238007299
"1177","(STRAT_mod0.2 - STRAT_mod1.08) - (STRAT_mod1.08 - STRAT_mod2.15)","Hornfels",0.2936224290131,0.0277011410486407,0.553735773537472
"1178","(STRAT_mod0.2 - STRAT_mod1.08) - (STRAT_mod1.08 - STRAT_mod2.88)","Hornfels",0.250034510054866,0.0365141156362748,0.460257114861294
"1179","(STRAT_mod0.2 - STRAT_mod1.08) - (STRAT_mod1.08 - STRAT_mod3.37)","Hornfels",0.205047193150661,0.00441062329976266,0.418082459561154
"1180","(STRAT_mod0.2 - STRAT_mod1.08) - (STRAT_mod1.44 - STRAT_mod2.15)","Hornfels",0.0915851443295496,-0.176413700494259,0.347889299551902
"1181","(STRAT_mod0.2 - STRAT_mod1.08) - (STRAT_mod1.44 - STRAT_mod2.88)","Hornfels",0.0472128240422474,-0.171756099207404,0.26128985426841
"1182","(STRAT_mod0.2 - STRAT_mod1.08) - (STRAT_mod1.44 - STRAT_mod3.37)","Hornfels",0.0033528642147615,-0.205743696807837,0.217499363628304
"1183","(STRAT_mod0.2 - STRAT_mod1.08) - (STRAT_mod2.15 - STRAT_mod2.88)","Hornfels",0.219108682712743,-0.0424361254192058,0.464650219526343
"1184","(STRAT_mod0.2 - STRAT_mod1.08) - (STRAT_mod2.15 - STRAT_mod3.37)","Hornfels",0.177248246512699,-0.0689743667162402,0.420169601451414
"1185","(STRAT_mod0.2 - STRAT_mod1.08) - (STRAT_mod2.88 - STRAT_mod3.37)","Hornfels",0.220836574354325,0.0196170449715081,0.408310976853852
"1186","(STRAT_mod0.2 - STRAT_mod1.44) - (STRAT_mod0.2 - STRAT_mod2.15)","Hornfels",-0.17214770488787,-0.402428593235371,0.0150719574341996
"1187","(STRAT_mod0.2 - STRAT_mod1.44) - (STRAT_mod0.2 - STRAT_mod2.88)","Hornfels",-0.218237794290834,-0.359763726127791,-0.0796028313065704
"1188","(STRAT_mod0.2 - STRAT_mod1.44) - (STRAT_mod0.2 - STRAT_mod3.37)","Hornfels",-0.260941022529979,-0.386650976472357,-0.130252389927606
"1189","(STRAT_mod0.2 - STRAT_mod1.44) - (STRAT_mod0.3 - STRAT_mod0.82)","Hornfels",0.091601599166461,-0.132606251613281,0.329943313802141
"1190","(STRAT_mod0.2 - STRAT_mod1.44) - (STRAT_mod0.3 - STRAT_mod1.08)","Hornfels",0.112398240508722,-0.111672167134905,0.338386304180243
"1191","(STRAT_mod0.2 - STRAT_mod1.44) - (STRAT_mod0.3 - STRAT_mod1.44)","Hornfels",0.317675350050636,0.127586403363993,0.50850177962818
"1192","(STRAT_mod0.2 - STRAT_mod1.44) - (STRAT_mod0.3 - STRAT_mod2.15)","Hornfels",0.144913733657215,-0.137508886557594,0.417870976468622
"1193","(STRAT_mod0.2 - STRAT_mod1.44) - (STRAT_mod0.3 - STRAT_mod2.88)","Hornfels",0.0983309946074385,-0.131486748083613,0.334100797810667
"1194","(STRAT_mod0.2 - STRAT_mod1.44) - (STRAT_mod0.3 - STRAT_mod3.37)","Hornfels",0.0557040912169057,-0.17005045590137,0.283902227354342
"1195","(STRAT_mod0.2 - STRAT_mod1.44) - (STRAT_mod0.82 - STRAT_mod1.08)","Hornfels",0.0820827610654807,-0.120145807042659,0.300748002725924
"1196","(STRAT_mod0.2 - STRAT_mod1.44) - (STRAT_mod0.82 - STRAT_mod1.44)","Hornfels",0.28450228409218,0.10336434553759,0.438999244904437
"1197","(STRAT_mod0.2 - STRAT_mod1.44) - (STRAT_mod0.82 - STRAT_mod2.15)","Hornfels",0.112975198007082,-0.144895006777886,0.3826745070025
"1198","(STRAT_mod0.2 - STRAT_mod1.44) - (STRAT_mod0.82 - STRAT_mod2.88)","Hornfels",0.0670821505706128,-0.150958253380756,0.285447155638397
"1199","(STRAT_mod0.2 - STRAT_mod1.44) - (STRAT_mod0.82 - STRAT_mod3.37)","Hornfels",0.0233852349885617,-0.191167195010116,0.230026344963259
"1200","(STRAT_mod0.2 - STRAT_mod1.44) - (STRAT_mod1.08 - STRAT_mod1.44)","Hornfels",0.262976588705103,0.106507671388617,0.437752442788714
"1201","(STRAT_mod0.2 - STRAT_mod1.44) - (STRAT_mod1.08 - STRAT_mod2.15)","Hornfels",0.0915851443295496,-0.176413700494259,0.347889299551902
"1202","(STRAT_mod0.2 - STRAT_mod1.44) - (STRAT_mod1.08 - STRAT_mod2.88)","Hornfels",0.0472128240422474,-0.171756099207404,0.26128985426841
"1203","(STRAT_mod0.2 - STRAT_mod1.44) - (STRAT_mod1.08 - STRAT_mod3.37)","Hornfels",0.0033528642147615,-0.205743696807837,0.217499363628304
"1204","(STRAT_mod0.2 - STRAT_mod1.44) - (STRAT_mod1.44 - STRAT_mod2.15)","Hornfels",-0.109153960790199,-0.445710725097566,0.212324053492873
"1205","(STRAT_mod0.2 - STRAT_mod1.44) - (STRAT_mod1.44 - STRAT_mod2.88)","Hornfels",-0.157497650381579,-0.441962584847454,0.138315143130329
"1206","(STRAT_mod0.2 - STRAT_mod1.44) - (STRAT_mod1.44 - STRAT_mod3.37)","Hornfels",-0.200638627516125,-0.483321242182082,0.0840005129987183
"1207","(STRAT_mod0.2 - STRAT_mod1.44) - (STRAT_mod2.15 - STRAT_mod2.88)","Hornfels",0.0164477426139697,-0.266346946877753,0.281345271825309
"1208","(STRAT_mod0.2 - STRAT_mod1.44) - (STRAT_mod2.15 - STRAT_mod3.37)","Hornfels",-0.0261208363689742,-0.293192960595343,0.232349353181662
"1209","(STRAT_mod0.2 - STRAT_mod1.44) - (STRAT_mod2.88 - STRAT_mod3.37)","Hornfels",0.0160551919258793,-0.195550168024046,0.239566934226559
"1210","(STRAT_mod0.2 - STRAT_mod2.15) - (STRAT_mod0.2 - STRAT_mod2.88)","Hornfels",-0.0453240799983815,-0.23335188296413,0.148648482964412
"1211","(STRAT_mod0.2 - STRAT_mod2.15) - (STRAT_mod0.2 - STRAT_mod3.37)","Hornfels",-0.0885536902988137,-0.271948162991402,0.0902156995754475
"1212","(STRAT_mod0.2 - STRAT_mod2.15) - (STRAT_mod0.3 - STRAT_mod0.82)","Hornfels",0.264719431754758,0.0145375938349058,0.543433282847316
"1213","(STRAT_mod0.2 - STRAT_mod2.15) - (STRAT_mod0.3 - STRAT_mod1.08)","Hornfels",0.287481719551996,0.0235930163127073,0.544854272550364
"1214","(STRAT_mod0.2 - STRAT_mod2.15) - (STRAT_mod0.3 - STRAT_mod1.44)","Hornfels",0.492377738181189,0.200535307768777,0.764908846103768
"1215","(STRAT_mod0.2 - STRAT_mod2.15) - (STRAT_mod0.3 - STRAT_mod2.15)","Hornfels",0.317675350050636,0.127586403363993,0.50850177962818
"1216","(STRAT_mod0.2 - STRAT_mod2.15) - (STRAT_mod0.3 - STRAT_mod2.88)","Hornfels",0.273834756505913,0.00358360122533968,0.53667606452209
"1217","(STRAT_mod0.2 - STRAT_mod2.15) - (STRAT_mod0.3 - STRAT_mod3.37)","Hornfels",0.231013904152066,-0.0442460504674593,0.479996008110948
"1218","(STRAT_mod0.2 - STRAT_mod2.15) - (STRAT_mod0.82 - STRAT_mod1.08)","Hornfels",0.25590053224411,0.0165142632778427,0.510749856364422
"1219","(STRAT_mod0.2 - STRAT_mod2.15) - (STRAT_mod0.82 - STRAT_mod1.44)","Hornfels",0.457069489051162,0.193996033224436,0.727482383008189
"1220","(STRAT_mod0.2 - STRAT_mod2.15) - (STRAT_mod0.82 - STRAT_mod2.15)","Hornfels",0.28450228409218,0.10336434553759,0.438999244904437
"1221","(STRAT_mod0.2 - STRAT_mod2.15) - (STRAT_mod0.82 - STRAT_mod2.88)","Hornfels",0.239554744217253,-0.0142743295184332,0.493885502011526
"1222","(STRAT_mod0.2 - STRAT_mod2.15) - (STRAT_mod0.82 - STRAT_mod3.37)","Hornfels",0.196219798818101,-0.0602612838101786,0.43032704417763
"1223","(STRAT_mod0.2 - STRAT_mod2.15) - (STRAT_mod1.08 - STRAT_mod1.44)","Hornfels",0.436327525306532,0.181879172972422,0.709010620961203
"1224","(STRAT_mod0.2 - STRAT_mod2.15) - (STRAT_mod1.08 - STRAT_mod2.15)","Hornfels",0.262976588705103,0.106507671388617,0.437752442788714
"1225","(STRAT_mod0.2 - STRAT_mod2.15) - (STRAT_mod1.08 - STRAT_mod2.88)","Hornfels",0.219108682712743,-0.0424361254192058,0.464650219526343
"1226","(STRAT_mod0.2 - STRAT_mod2.15) - (STRAT_mod1.08 - STRAT_mod3.37)","Hornfels",0.177248246512699,-0.0689743667162402,0.420169601451414
"1227","(STRAT_mod0.2 - STRAT_mod2.15) - (STRAT_mod1.44 - STRAT_mod2.15)","Hornfels",0.0603993130190996,-0.123386133649697,0.262678042331115
"1228","(STRAT_mod0.2 - STRAT_mod2.15) - (STRAT_mod1.44 - STRAT_mod2.88)","Hornfels",0.0164477426139697,-0.266346946877753,0.281345271825309
"1229","(STRAT_mod0.2 - STRAT_mod2.15) - (STRAT_mod1.44 - STRAT_mod3.37)","Hornfels",-0.0261208363689742,-0.293192960595343,0.232349353181662
"1230","(STRAT_mod0.2 - STRAT_mod2.15) - (STRAT_mod2.15 - STRAT_mod2.88)","Hornfels",0.19046937881879,-0.194986019372668,0.576951632691495
"1231","(STRAT_mod0.2 - STRAT_mod2.15) - (STRAT_mod2.15 - STRAT_mod3.37)","Hornfels",0.147541216806065,-0.239211067853011,0.522228385907744
"1232","(STRAT_mod0.2 - STRAT_mod2.15) - (STRAT_mod2.88 - STRAT_mod3.37)","Hornfels",0.190682518742598,-0.0496466170063397,0.447586702868798
"1233","(STRAT_mod0.2 - STRAT_mod2.88) - (STRAT_mod0.2 - STRAT_mod3.37)","Hornfels",-0.043275940632909,-0.148649479077937,0.0513310753312756
"1234","(STRAT_mod0.2 - STRAT_mod2.88) - (STRAT_mod0.3 - STRAT_mod0.82)","Hornfels",0.310550870621051,0.0966449482508502,0.532629902919742
"1235","(STRAT_mod0.2 - STRAT_mod2.88) - (STRAT_mod0.3 - STRAT_mod1.08)","Hornfels",0.332035323241979,0.116828302512134,0.551081585545745
"1236","(STRAT_mod0.2 - STRAT_mod2.88) - (STRAT_mod0.3 - STRAT_mod1.44)","Hornfels",0.535616590532393,0.29774092263414,0.776573531350884
"1237","(STRAT_mod0.2 - STRAT_mod2.88) - (STRAT_mod0.3 - STRAT_mod2.15)","Hornfels",0.362528148994078,0.0879962350451229,0.626124045779654
"1238","(STRAT_mod0.2 - STRAT_mod2.88) - (STRAT_mod0.3 - STRAT_mod2.88)","Hornfels",0.317675350050636,0.127586403363993,0.50850177962818
"1239","(STRAT_mod0.2 - STRAT_mod2.88) - (STRAT_mod0.3 - STRAT_mod3.37)","Hornfels",0.272615874312649,0.0583366436274793,0.490613595025776
"1240","(STRAT_mod0.2 - STRAT_mod2.88) - (STRAT_mod0.82 - STRAT_mod1.08)","Hornfels",0.2985618508694,0.10247249918374,0.494899201818275
"1241","(STRAT_mod0.2 - STRAT_mod2.88) - (STRAT_mod0.82 - STRAT_mod1.44)","Hornfels",0.501372744299806,0.29116245985722,0.72994055711148
"1242","(STRAT_mod0.2 - STRAT_mod2.88) - (STRAT_mod0.82 - STRAT_mod2.15)","Hornfels",0.329330384135001,0.0778408254178307,0.586560016729351
"1243","(STRAT_mod0.2 - STRAT_mod2.88) - (STRAT_mod0.82 - STRAT_mod2.88)","Hornfels",0.28450228409218,0.10336434553759,0.438999244904437
"1244","(STRAT_mod0.2 - STRAT_mod2.88) - (STRAT_mod0.82 - STRAT_mod3.37)","Hornfels",0.240062463338539,0.0413400728939201,0.431019273128044
"1245","(STRAT_mod0.2 - STRAT_mod2.88) - (STRAT_mod1.08 - STRAT_mod1.44)","Hornfels",0.481362560393185,0.268421691793469,0.700808537182839
"1246","(STRAT_mod0.2 - STRAT_mod2.88) - (STRAT_mod1.08 - STRAT_mod2.15)","Hornfels",0.309813240413247,0.0658049849690659,0.571217885709739
"1247","(STRAT_mod0.2 - STRAT_mod2.88) - (STRAT_mod1.08 - STRAT_mod2.88)","Hornfels",0.262976588705103,0.106507671388617,0.437752442788714
"1248","(STRAT_mod0.2 - STRAT_mod2.88) - (STRAT_mod1.08 - STRAT_mod3.37)","Hornfels",0.220836574354325,0.0196170449715081,0.408310976853852
"1249","(STRAT_mod0.2 - STRAT_mod2.88) - (STRAT_mod1.44 - STRAT_mod2.15)","Hornfels",0.105130463556951,-0.177643286806344,0.366910206805376
"1250","(STRAT_mod0.2 - STRAT_mod2.88) - (STRAT_mod1.44 - STRAT_mod2.88)","Hornfels",0.0603993130190996,-0.123386133649697,0.262678042331115
"1251","(STRAT_mod0.2 - STRAT_mod2.88) - (STRAT_mod1.44 - STRAT_mod3.37)","Hornfels",0.0160551919258793,-0.195550168024046,0.239566934226559
"1252","(STRAT_mod0.2 - STRAT_mod2.88) - (STRAT_mod2.15 - STRAT_mod2.88)","Hornfels",0.235860434207339,0.00795208890939281,0.467623558508707
"1253","(STRAT_mod0.2 - STRAT_mod2.88) - (STRAT_mod2.15 - STRAT_mod3.37)","Hornfels",0.190682518742598,-0.0496466170063397,0.447586702868798
"1254","(STRAT_mod0.2 - STRAT_mod2.88) - (STRAT_mod2.88 - STRAT_mod3.37)","Hornfels",0.2341277406035,-0.0113357938452157,0.45071878999289
"1255","(STRAT_mod0.2 - STRAT_mod3.37) - (STRAT_mod0.3 - STRAT_mod0.82)","Hornfels",0.354820268470959,0.136653897502402,0.555173907453391
"1256","(STRAT_mod0.2 - STRAT_mod3.37) - (STRAT_mod0.3 - STRAT_mod1.08)","Hornfels",0.375352817486917,0.159131666435186,0.57545431698732
"1257","(STRAT_mod0.2 - STRAT_mod3.37) - (STRAT_mod0.3 - STRAT_mod1.44)","Hornfels",0.577554887227979,0.364974498122059,0.830932971091233
"1258","(STRAT_mod0.2 - STRAT_mod3.37) - (STRAT_mod0.3 - STRAT_mod2.15)","Hornfels",0.405819547943917,0.143559441629094,0.669905065264852
"1259","(STRAT_mod0.2 - STRAT_mod3.37) - (STRAT_mod0.3 - STRAT_mod2.88)","Hornfels",0.359884417729729,0.145535878147443,0.570979448363698
"1260","(STRAT_mod0.2 - STRAT_mod3.37) - (STRAT_mod0.3 - STRAT_mod3.37)","Hornfels",0.317675350050636,0.127586403363993,0.50850177962818
"1261","(STRAT_mod0.2 - STRAT_mod3.37) - (STRAT_mod0.82 - STRAT_mod1.08)","Hornfels",0.342545852928633,0.166772136379637,0.544724136402829
"1262","(STRAT_mod0.2 - STRAT_mod3.37) - (STRAT_mod0.82 - STRAT_mod1.44)","Hornfels",0.545833053643833,0.333435605082779,0.760033048287099
"1263","(STRAT_mod0.2 - STRAT_mod3.37) - (STRAT_mod0.82 - STRAT_mod2.15)","Hornfels",0.373789701701676,0.120424911447234,0.615950281538378
"1264","(STRAT_mod0.2 - STRAT_mod3.37) - (STRAT_mod0.82 - STRAT_mod2.88)","Hornfels",0.327799333704569,0.137057362406622,0.526373686238843
"1265","(STRAT_mod0.2 - STRAT_mod3.37) - (STRAT_mod0.82 - STRAT_mod3.37)","Hornfels",0.28450228409218,0.10336434553759,0.438999244904437
"1266","(STRAT_mod0.2 - STRAT_mod3.37) - (STRAT_mod1.08 - STRAT_mod1.44)","Hornfels",0.525809335725456,0.304944137479811,0.725411080520265
"1267","(STRAT_mod0.2 - STRAT_mod3.37) - (STRAT_mod1.08 - STRAT_mod2.15)","Hornfels",0.353716017168216,0.11338963737472,0.606303634289562
"1268","(STRAT_mod0.2 - STRAT_mod3.37) - (STRAT_mod1.08 - STRAT_mod2.88)","Hornfels",0.307117339830707,0.112599785186751,0.494695230382199
"1269","(STRAT_mod0.2 - STRAT_mod3.37) - (STRAT_mod1.08 - STRAT_mod3.37)","Hornfels",0.262976588705103,0.106507671388617,0.437752442788714
"1270","(STRAT_mod0.2 - STRAT_mod3.37) - (STRAT_mod1.44 - STRAT_mod2.15)","Hornfels",0.150350254111879,-0.109952950524123,0.420262323214859
"1271","(STRAT_mod0.2 - STRAT_mod3.37) - (STRAT_mod1.44 - STRAT_mod2.88)","Hornfels",0.103702194831952,-0.106489560353964,0.329761737583026
"1272","(STRAT_mod0.2 - STRAT_mod3.37) - (STRAT_mod1.44 - STRAT_mod3.37)","Hornfels",0.0603993130190996,-0.123386133649697,0.262678042331115
"1273","(STRAT_mod0.2 - STRAT_mod3.37) - (STRAT_mod2.15 - STRAT_mod2.88)","Hornfels",0.278888364675205,0.0213366145163133,0.524726656834833
"1274","(STRAT_mod0.2 - STRAT_mod3.37) - (STRAT_mod2.15 - STRAT_mod3.37)","Hornfels",0.235860434207339,0.00795208890939281,0.467623558508707
"1275","(STRAT_mod0.2 - STRAT_mod3.37) - (STRAT_mod2.88 - STRAT_mod3.37)","Hornfels",0.277973610673274,0.104514578761911,0.448288476351088
"1276","(STRAT_mod0.3 - STRAT_mod0.82) - (STRAT_mod0.3 - STRAT_mod1.08)","Hornfels",0.0206154895423618,-0.0738223380522195,0.109946826862599
"1277","(STRAT_mod0.3 - STRAT_mod0.82) - (STRAT_mod0.3 - STRAT_mod1.44)","Hornfels",0.222846993015441,0.092422802786322,0.361128482523276
"1278","(STRAT_mod0.3 - STRAT_mod0.82) - (STRAT_mod0.3 - STRAT_mod2.15)","Hornfels",0.051547317206185,-0.127624178177327,0.235548251816125
"1279","(STRAT_mod0.3 - STRAT_mod0.82) - (STRAT_mod0.3 - STRAT_mod2.88)","Hornfels",0.00576522063800658,-0.0962903603468615,0.112492060213772
"1280","(STRAT_mod0.3 - STRAT_mod0.82) - (STRAT_mod0.3 - STRAT_mod3.37)","Hornfels",-0.0373770077437963,-0.127732742609874,0.0482762547167628
"1281","(STRAT_mod0.3 - STRAT_mod0.82) - (STRAT_mod0.82 - STRAT_mod1.08)","Hornfels",-0.010154525892021,-0.201687948144609,0.172261756341058
"1282","(STRAT_mod0.3 - STRAT_mod0.82) - (STRAT_mod0.82 - STRAT_mod1.44)","Hornfels",0.194408519191369,-0.0107444934004445,0.404118760280183
"1283","(STRAT_mod0.3 - STRAT_mod0.82) - (STRAT_mod0.82 - STRAT_mod2.15)","Hornfels",0.0203509126585859,-0.223676090633065,0.263625370022847
"1284","(STRAT_mod0.3 - STRAT_mod0.82) - (STRAT_mod0.82 - STRAT_mod2.88)","Hornfels",-0.0237446167940904,-0.230134203116579,0.158935949944389
"1285","(STRAT_mod0.3 - STRAT_mod0.82) - (STRAT_mod0.82 - STRAT_mod3.37)","Hornfels",-0.0680298307530866,-0.256102112135792,0.111963628753813
"1286","(STRAT_mod0.3 - STRAT_mod0.82) - (STRAT_mod1.08 - STRAT_mod1.44)","Hornfels",0.171997715678434,-0.019049229887444,0.343306782428953
"1287","(STRAT_mod0.3 - STRAT_mod0.82) - (STRAT_mod1.08 - STRAT_mod2.15)","Hornfels",-0.00190010035442414,-0.221895852275808,0.224281915296934
"1288","(STRAT_mod0.3 - STRAT_mod0.82) - (STRAT_mod1.08 - STRAT_mod2.88)","Hornfels",-0.0458291165478547,-0.205063659266724,0.131083851680846
"1289","(STRAT_mod0.3 - STRAT_mod0.82) - (STRAT_mod1.08 - STRAT_mod3.37)","Hornfels",-0.0884364023089327,-0.252377825127585,0.0566399714769041
"1290","(STRAT_mod0.3 - STRAT_mod0.82) - (STRAT_mod1.44 - STRAT_mod2.15)","Hornfels",-0.203877241617754,-0.464943129589736,0.0306239202865987
"1291","(STRAT_mod0.3 - STRAT_mod0.82) - (STRAT_mod1.44 - STRAT_mod2.88)","Hornfels",-0.248386547876727,-0.437586979748344,-0.0410265702180339
"1292","(STRAT_mod0.3 - STRAT_mod0.82) - (STRAT_mod1.44 - STRAT_mod3.37)","Hornfels",-0.292861632494026,-0.480652387156236,-0.105019155231355
"1293","(STRAT_mod0.3 - STRAT_mod0.82) - (STRAT_mod2.15 - STRAT_mod2.88)","Hornfels",-0.0757199364082204,-0.307753961131297,0.163482633308849
"1294","(STRAT_mod0.3 - STRAT_mod0.82) - (STRAT_mod2.15 - STRAT_mod3.37)","Hornfels",-0.122453151333155,-0.335808985268242,0.116888510199985
"1295","(STRAT_mod0.3 - STRAT_mod0.82) - (STRAT_mod2.88 - STRAT_mod3.37)","Hornfels",-0.0754538445603914,-0.245830826631337,0.0847798776115693
"1296","(STRAT_mod0.3 - STRAT_mod1.08) - (STRAT_mod0.3 - STRAT_mod1.44)","Hornfels",0.20252488362118,0.0701661042166686,0.331543592264078
"1297","(STRAT_mod0.3 - STRAT_mod1.08) - (STRAT_mod0.3 - STRAT_mod2.15)","Hornfels",0.0301937719097017,-0.147073623059884,0.217235382824986
"1298","(STRAT_mod0.3 - STRAT_mod1.08) - (STRAT_mod0.3 - STRAT_mod2.88)","Hornfels",-0.0153918412499109,-0.11269204707255,0.0916787229698049
"1299","(STRAT_mod0.3 - STRAT_mod1.08) - (STRAT_mod0.3 - STRAT_mod3.37)","Hornfels",-0.0581364864572537,-0.146636386745788,0.0254387490335389
"1300","(STRAT_mod0.3 - STRAT_mod1.08) - (STRAT_mod0.82 - STRAT_mod1.08)","Hornfels",-0.0315098181850293,-0.16763171988757,0.0968602069134329
"1301","(STRAT_mod0.3 - STRAT_mod1.08) - (STRAT_mod0.82 - STRAT_mod1.44)","Hornfels",0.171997715678434,-0.019049229887444,0.343306782428953
"1302","(STRAT_mod0.3 - STRAT_mod1.08) - (STRAT_mod0.82 - STRAT_mod2.15)","Hornfels",-0.00190010035442414,-0.221895852275808,0.224281915296934
"1303","(STRAT_mod0.3 - STRAT_mod1.08) - (STRAT_mod0.82 - STRAT_mod2.88)","Hornfels",-0.0458291165478547,-0.205063659266724,0.131083851680846
"1304","(STRAT_mod0.3 - STRAT_mod1.08) - (STRAT_mod0.82 - STRAT_mod3.37)","Hornfels",-0.0884364023089327,-0.252377825127585,0.0566399714769041
"1305","(STRAT_mod0.3 - STRAT_mod1.08) - (STRAT_mod1.08 - STRAT_mod1.44)","Hornfels",0.149831634570412,-0.050409355689002,0.345048062235954
"1306","(STRAT_mod0.3 - STRAT_mod1.08) - (STRAT_mod1.08 - STRAT_mod2.15)","Hornfels",-0.0224634944620171,-0.269073740433957,0.209010545930846
"1307","(STRAT_mod0.3 - STRAT_mod1.08) - (STRAT_mod1.08 - STRAT_mod2.88)","Hornfels",-0.0666335783561533,-0.248201010513168,0.12427985155365
"1308","(STRAT_mod0.3 - STRAT_mod1.08) - (STRAT_mod1.08 - STRAT_mod3.37)","Hornfels",-0.109329001706216,-0.291634016098388,0.0627292959068605
"1309","(STRAT_mod0.3 - STRAT_mod1.08) - (STRAT_mod1.44 - STRAT_mod2.15)","Hornfels",-0.225688245133702,-0.471125075634171,0.0189984040568144
"1310","(STRAT_mod0.3 - STRAT_mod1.08) - (STRAT_mod1.44 - STRAT_mod2.88)","Hornfels",-0.270492594759315,-0.461301858767645,-0.0703336691728537
"1311","(STRAT_mod0.3 - STRAT_mod1.08) - (STRAT_mod1.44 - STRAT_mod3.37)","Hornfels",-0.313989308291841,-0.508068863204559,-0.133929640915863
"1312","(STRAT_mod0.3 - STRAT_mod1.08) - (STRAT_mod2.15 - STRAT_mod2.88)","Hornfels",-0.0972245209034536,-0.327829536945035,0.14057673532849
"1313","(STRAT_mod0.3 - STRAT_mod1.08) - (STRAT_mod2.15 - STRAT_mod3.37)","Hornfels",-0.140518164531782,-0.350059412652767,0.0970662407716471
"1314","(STRAT_mod0.3 - STRAT_mod1.08) - (STRAT_mod2.88 - STRAT_mod3.37)","Hornfels",-0.0963833499995792,-0.257268162906515,0.0651931265015593
"1315","(STRAT_mod0.3 - STRAT_mod1.44) - (STRAT_mod0.3 - STRAT_mod2.15)","Hornfels",-0.17214770488787,-0.402428593235371,0.0150719574341996
"1316","(STRAT_mod0.3 - STRAT_mod1.44) - (STRAT_mod0.3 - STRAT_mod2.88)","Hornfels",-0.218237794290834,-0.359763726127791,-0.0796028313065704
"1317","(STRAT_mod0.3 - STRAT_mod1.44) - (STRAT_mod0.3 - STRAT_mod3.37)","Hornfels",-0.260941022529979,-0.386650976472357,-0.130252389927606
"1318","(STRAT_mod0.3 - STRAT_mod1.44) - (STRAT_mod0.82 - STRAT_mod1.08)","Hornfels",-0.234820930745074,-0.418574517014452,-0.0388031487806986
"1319","(STRAT_mod0.3 - STRAT_mod1.44) - (STRAT_mod0.82 - STRAT_mod1.44)","Hornfels",-0.0315098181850293,-0.16763171988757,0.0968602069134329
"1320","(STRAT_mod0.3 - STRAT_mod1.44) - (STRAT_mod0.82 - STRAT_mod2.15)","Hornfels",-0.203877241617754,-0.464943129589736,0.0306239202865987
"1321","(STRAT_mod0.3 - STRAT_mod1.44) - (STRAT_mod0.82 - STRAT_mod2.88)","Hornfels",-0.248386547876727,-0.437586979748344,-0.0410265702180339
"1322","(STRAT_mod0.3 - STRAT_mod1.44) - (STRAT_mod0.82 - STRAT_mod3.37)","Hornfels",-0.292861632494026,-0.480652387156236,-0.105019155231355
"1323","(STRAT_mod0.3 - STRAT_mod1.44) - (STRAT_mod1.08 - STRAT_mod1.44)","Hornfels",-0.052178054885848,-0.179615042576729,0.0769921616541981
"1324","(STRAT_mod0.3 - STRAT_mod1.44) - (STRAT_mod1.08 - STRAT_mod2.15)","Hornfels",-0.225688245133702,-0.471125075634171,0.0189984040568144
"1325","(STRAT_mod0.3 - STRAT_mod1.44) - (STRAT_mod1.08 - STRAT_mod2.88)","Hornfels",-0.270492594759315,-0.461301858767645,-0.0703336691728537
"1326","(STRAT_mod0.3 - STRAT_mod1.44) - (STRAT_mod1.08 - STRAT_mod3.37)","Hornfels",-0.313989308291841,-0.508068863204559,-0.133929640915863
"1327","(STRAT_mod0.3 - STRAT_mod1.44) - (STRAT_mod1.44 - STRAT_mod2.15)","Hornfels",-0.427486796224685,-0.755381852808161,-0.130070017409356
"1328","(STRAT_mod0.3 - STRAT_mod1.44) - (STRAT_mod1.44 - STRAT_mod2.88)","Hornfels",-0.4725681471648,-0.743557445194067,-0.192584807807594
"1329","(STRAT_mod0.3 - STRAT_mod1.44) - (STRAT_mod1.44 - STRAT_mod3.37)","Hornfels",-0.516756711739655,-0.780166753358066,-0.246046453272822
"1330","(STRAT_mod0.3 - STRAT_mod1.44) - (STRAT_mod2.15 - STRAT_mod2.88)","Hornfels",-0.300360201347971,-0.551352352257429,-0.0424868626841596
"1331","(STRAT_mod0.3 - STRAT_mod1.44) - (STRAT_mod2.15 - STRAT_mod3.37)","Hornfels",-0.343125618096869,-0.600428060112772,-0.106175054692007
"1332","(STRAT_mod0.3 - STRAT_mod1.44) - (STRAT_mod2.88 - STRAT_mod3.37)","Hornfels",-0.299194614640719,-0.491604553089791,-0.104101476842142
"1333","(STRAT_mod0.3 - STRAT_mod2.15) - (STRAT_mod0.3 - STRAT_mod2.88)","Hornfels",-0.0453240799983815,-0.23335188296413,0.148648482964412
"1334","(STRAT_mod0.3 - STRAT_mod2.15) - (STRAT_mod0.3 - STRAT_mod3.37)","Hornfels",-0.0885536902988137,-0.271948162991402,0.0902156995754475
"1335","(STRAT_mod0.3 - STRAT_mod2.15) - (STRAT_mod0.82 - STRAT_mod1.08)","Hornfels",-0.0614799154325256,-0.294533500659676,0.161408095348415
"1336","(STRAT_mod0.3 - STRAT_mod2.15) - (STRAT_mod0.82 - STRAT_mod1.44)","Hornfels",0.139309408216048,-0.105029646038162,0.384896476083411
"1337","(STRAT_mod0.3 - STRAT_mod2.15) - (STRAT_mod0.82 - STRAT_mod2.15)","Hornfels",-0.0315098181850293,-0.16763171988757,0.0968602069134329
"1338","(STRAT_mod0.3 - STRAT_mod2.15) - (STRAT_mod0.82 - STRAT_mod2.88)","Hornfels",-0.0757199364082204,-0.307753961131297,0.163482633308849
"1339","(STRAT_mod0.3 - STRAT_mod2.15) - (STRAT_mod0.82 - STRAT_mod3.37)","Hornfels",-0.122453151333155,-0.335808985268242,0.116888510199985
"1340","(STRAT_mod0.3 - STRAT_mod2.15) - (STRAT_mod1.08 - STRAT_mod1.44)","Hornfels",0.118101490906909,-0.108365185911161,0.377483004763983
"1341","(STRAT_mod0.3 - STRAT_mod2.15) - (STRAT_mod1.08 - STRAT_mod2.15)","Hornfels",-0.052178054885848,-0.179615042576729,0.0769921616541981
"1342","(STRAT_mod0.3 - STRAT_mod2.15) - (STRAT_mod1.08 - STRAT_mod2.88)","Hornfels",-0.0972245209034536,-0.327829536945035,0.14057673532849
"1343","(STRAT_mod0.3 - STRAT_mod2.15) - (STRAT_mod1.08 - STRAT_mod3.37)","Hornfels",-0.140518164531782,-0.350059412652767,0.0970662407716471
"1344","(STRAT_mod0.3 - STRAT_mod2.15) - (STRAT_mod1.44 - STRAT_mod2.15)","Hornfels",-0.255356524307311,-0.428606975955816,-0.0951243431435559
"1345","(STRAT_mod0.3 - STRAT_mod2.15) - (STRAT_mod1.44 - STRAT_mod2.88)","Hornfels",-0.300360201347971,-0.551352352257429,-0.0424868626841596
"1346","(STRAT_mod0.3 - STRAT_mod2.15) - (STRAT_mod1.44 - STRAT_mod3.37)","Hornfels",-0.343125618096869,-0.600428060112772,-0.106175054692007
"1347","(STRAT_mod0.3 - STRAT_mod2.15) - (STRAT_mod2.15 - STRAT_mod2.88)","Hornfels",-0.127297567629098,-0.514730555517396,0.234511426137776
"1348","(STRAT_mod0.3 - STRAT_mod2.15) - (STRAT_mod2.15 - STRAT_mod3.37)","Hornfels",-0.172218646639944,-0.521219762232244,0.213526562602364
"1349","(STRAT_mod0.3 - STRAT_mod2.15) - (STRAT_mod2.88 - STRAT_mod3.37)","Hornfels",-0.127289729551949,-0.353244962380006,0.0980708567550572
"1350","(STRAT_mod0.3 - STRAT_mod2.88) - (STRAT_mod0.3 - STRAT_mod3.37)","Hornfels",-0.043275940632909,-0.148649479077937,0.0513310753312756
"1351","(STRAT_mod0.3 - STRAT_mod2.88) - (STRAT_mod0.82 - STRAT_mod1.08)","Hornfels",-0.0170784016468096,-0.178213628345225,0.160950683033429
"1352","(STRAT_mod0.3 - STRAT_mod2.88) - (STRAT_mod0.82 - STRAT_mod1.44)","Hornfels",0.188039967949591,0.00368403168002263,0.378469890379073
"1353","(STRAT_mod0.3 - STRAT_mod2.88) - (STRAT_mod0.82 - STRAT_mod2.15)","Hornfels",0.0134322568549215,-0.220045851947425,0.241414411667822
"1354","(STRAT_mod0.3 - STRAT_mod2.88) - (STRAT_mod0.82 - STRAT_mod2.88)","Hornfels",-0.0315098181850293,-0.16763171988757,0.0968602069134329
"1355","(STRAT_mod0.3 - STRAT_mod2.88) - (STRAT_mod0.82 - STRAT_mod3.37)","Hornfels",-0.0754538445603914,-0.245830826631337,0.0847798776115693
"1356","(STRAT_mod0.3 - STRAT_mod2.88) - (STRAT_mod1.08 - STRAT_mod1.44)","Hornfels",0.164622901052684,-0.021450332238568,0.348626469407158
"1357","(STRAT_mod0.3 - STRAT_mod2.88) - (STRAT_mod1.08 - STRAT_mod2.15)","Hornfels",-0.00729714790489386,-0.244169126782722,0.217496835845249
"1358","(STRAT_mod0.3 - STRAT_mod2.88) - (STRAT_mod1.08 - STRAT_mod2.88)","Hornfels",-0.052178054885848,-0.179615042576729,0.0769921616541981
"1359","(STRAT_mod0.3 - STRAT_mod2.88) - (STRAT_mod1.08 - STRAT_mod3.37)","Hornfels",-0.0963833499995792,-0.257268162906515,0.0651931265015593
"1360","(STRAT_mod0.3 - STRAT_mod2.88) - (STRAT_mod1.44 - STRAT_mod2.15)","Hornfels",-0.212583770179205,-0.460635628988135,0.0426276719489027
"1361","(STRAT_mod0.3 - STRAT_mod2.88) - (STRAT_mod1.44 - STRAT_mod2.88)","Hornfels",-0.255356524307311,-0.428606975955816,-0.0951243431435559
"1362","(STRAT_mod0.3 - STRAT_mod2.88) - (STRAT_mod1.44 - STRAT_mod3.37)","Hornfels",-0.299194614640719,-0.491604553089791,-0.104101476842142
"1363","(STRAT_mod0.3 - STRAT_mod2.88) - (STRAT_mod2.15 - STRAT_mod2.88)","Hornfels",-0.0829951048892644,-0.28132766989147,0.132819452655944
"1364","(STRAT_mod0.3 - STRAT_mod2.88) - (STRAT_mod2.15 - STRAT_mod3.37)","Hornfels",-0.127289729551949,-0.353244962380006,0.0980708567550572
"1365","(STRAT_mod0.3 - STRAT_mod2.88) - (STRAT_mod2.88 - STRAT_mod3.37)","Hornfels",-0.0813726195674922,-0.286053796298982,0.126065883376623
"1366","(STRAT_mod0.3 - STRAT_mod3.37) - (STRAT_mod0.82 - STRAT_mod1.08)","Hornfels",0.0262059437647914,-0.128317213229906,0.192718256526098
"1367","(STRAT_mod0.3 - STRAT_mod3.37) - (STRAT_mod0.82 - STRAT_mod1.44)","Hornfels",0.230669275034845,0.0512111820639612,0.414319856946344
"1368","(STRAT_mod0.3 - STRAT_mod3.37) - (STRAT_mod0.82 - STRAT_mod2.15)","Hornfels",0.0562040870892775,-0.16496700180748,0.280972349484733
"1369","(STRAT_mod0.3 - STRAT_mod3.37) - (STRAT_mod0.82 - STRAT_mod2.88)","Hornfels",0.0124745209863513,-0.159748531760136,0.171728141281379
"1370","(STRAT_mod0.3 - STRAT_mod3.37) - (STRAT_mod0.82 - STRAT_mod3.37)","Hornfels",-0.0315098181850293,-0.16763171988757,0.0968602069134329
"1371","(STRAT_mod0.3 - STRAT_mod3.37) - (STRAT_mod1.08 - STRAT_mod1.44)","Hornfels",0.20719791814331,0.0323912260078862,0.387784769640552
"1372","(STRAT_mod0.3 - STRAT_mod3.37) - (STRAT_mod1.08 - STRAT_mod2.15)","Hornfels",0.034542790059253,-0.177190678038158,0.2624168113647
"1373","(STRAT_mod0.3 - STRAT_mod3.37) - (STRAT_mod1.08 - STRAT_mod2.88)","Hornfels",-0.00897913986843756,-0.169264589801863,0.154391635138047
"1374","(STRAT_mod0.3 - STRAT_mod3.37) - (STRAT_mod1.08 - STRAT_mod3.37)","Hornfels",-0.052178054885848,-0.179615042576729,0.0769921616541981
"1375","(STRAT_mod0.3 - STRAT_mod3.37) - (STRAT_mod1.44 - STRAT_mod2.15)","Hornfels",-0.168703129146348,-0.406673232003943,0.0821729852813997
"1376","(STRAT_mod0.3 - STRAT_mod3.37) - (STRAT_mod1.44 - STRAT_mod2.88)","Hornfels",-0.211580973096952,-0.40170132471732,-0.0163771125214524
"1377","(STRAT_mod0.3 - STRAT_mod3.37) - (STRAT_mod1.44 - STRAT_mod3.37)","Hornfels",-0.255356524307311,-0.428606975955816,-0.0951243431435559
"1378","(STRAT_mod0.3 - STRAT_mod3.37) - (STRAT_mod2.15 - STRAT_mod2.88)","Hornfels",-0.0387829856538373,-0.272280945753571,0.190417951862288
"1379","(STRAT_mod0.3 - STRAT_mod3.37) - (STRAT_mod2.15 - STRAT_mod3.37)","Hornfels",-0.0829951048892644,-0.28132766989147,0.132819452655944
"1380","(STRAT_mod0.3 - STRAT_mod3.37) - (STRAT_mod2.88 - STRAT_mod3.37)","Hornfels",-0.0384468049743496,-0.188060690697908,0.0911697783120262
"1381","(STRAT_mod0.82 - STRAT_mod1.08) - (STRAT_mod0.82 - STRAT_mod1.44)","Hornfels",0.20252488362118,0.0701661042166686,0.331543592264078
"1382","(STRAT_mod0.82 - STRAT_mod1.08) - (STRAT_mod0.82 - STRAT_mod2.15)","Hornfels",0.0301937719097017,-0.147073623059884,0.217235382824986
"1383","(STRAT_mod0.82 - STRAT_mod1.08) - (STRAT_mod0.82 - STRAT_mod2.88)","Hornfels",-0.0153918412499109,-0.11269204707255,0.0916787229698049
"1384","(STRAT_mod0.82 - STRAT_mod1.08) - (STRAT_mod0.82 - STRAT_mod3.37)","Hornfels",-0.0581364864572537,-0.146636386745788,0.0254387490335389
"1385","(STRAT_mod0.82 - STRAT_mod1.08) - (STRAT_mod1.08 - STRAT_mod1.44)","Hornfels",0.182036305520613,-0.00884799093692401,0.354894970047225
"1386","(STRAT_mod0.82 - STRAT_mod1.08) - (STRAT_mod1.08 - STRAT_mod2.15)","Hornfels",0.010457561490711,-0.208770299072519,0.235315413710384
"1387","(STRAT_mod0.82 - STRAT_mod1.08) - (STRAT_mod1.08 - STRAT_mod2.88)","Hornfels",-0.035184294806241,-0.203061941523862,0.124128956276467
"1388","(STRAT_mod0.82 - STRAT_mod1.08) - (STRAT_mod1.08 - STRAT_mod3.37)","Hornfels",-0.0780586240465779,-0.234644745836808,0.0736371413212189
"1389","(STRAT_mod0.82 - STRAT_mod1.08) - (STRAT_mod1.44 - STRAT_mod2.15)","Hornfels",-0.19395455940983,-0.418975402124822,0.0336553347176334
"1390","(STRAT_mod0.82 - STRAT_mod1.08) - (STRAT_mod1.44 - STRAT_mod2.88)","Hornfels",-0.239519501844483,-0.412433058483999,-0.0730052665823784
"1391","(STRAT_mod0.82 - STRAT_mod1.08) - (STRAT_mod1.44 - STRAT_mod3.37)","Hornfels",-0.280688383468265,-0.433104236610852,-0.111623480706647
"1392","(STRAT_mod0.82 - STRAT_mod1.08) - (STRAT_mod2.15 - STRAT_mod2.88)","Hornfels",-0.0646735253119808,-0.274152486602474,0.148627146501175
"1393","(STRAT_mod0.82 - STRAT_mod1.08) - (STRAT_mod2.15 - STRAT_mod3.37)","Hornfels",-0.108866834536297,-0.310158195636674,0.0929605204771362
"1394","(STRAT_mod0.82 - STRAT_mod1.08) - (STRAT_mod2.88 - STRAT_mod3.37)","Hornfels",-0.0651861566464018,-0.20714067054557,0.0665417057186044
"1395","(STRAT_mod0.82 - STRAT_mod1.44) - (STRAT_mod0.82 - STRAT_mod2.15)","Hornfels",-0.17214770488787,-0.402428593235371,0.0150719574341996
"1396","(STRAT_mod0.82 - STRAT_mod1.44) - (STRAT_mod0.82 - STRAT_mod2.88)","Hornfels",-0.218237794290834,-0.359763726127791,-0.0796028313065704
"1397","(STRAT_mod0.82 - STRAT_mod1.44) - (STRAT_mod0.82 - STRAT_mod3.37)","Hornfels",-0.260941022529979,-0.386650976472357,-0.130252389927606
"1398","(STRAT_mod0.82 - STRAT_mod1.44) - (STRAT_mod1.08 - STRAT_mod1.44)","Hornfels",-0.0206154895423618,-0.109946826862599,0.0738223380522195
"1399","(STRAT_mod0.82 - STRAT_mod1.44) - (STRAT_mod1.08 - STRAT_mod2.15)","Hornfels",-0.19395455940983,-0.418975402124822,0.0336553347176334
"1400","(STRAT_mod0.82 - STRAT_mod1.44) - (STRAT_mod1.08 - STRAT_mod2.88)","Hornfels",-0.239519501844483,-0.412433058483999,-0.0730052665823784
"1401","(STRAT_mod0.82 - STRAT_mod1.44) - (STRAT_mod1.08 - STRAT_mod3.37)","Hornfels",-0.280688383468265,-0.433104236610852,-0.111623480706647
"1402","(STRAT_mod0.82 - STRAT_mod1.44) - (STRAT_mod1.44 - STRAT_mod2.15)","Hornfels",-0.3934778829267,-0.691470484083532,-0.100739955254177
"1403","(STRAT_mod0.82 - STRAT_mod1.44) - (STRAT_mod1.44 - STRAT_mod2.88)","Hornfels",-0.441064810672638,-0.70189545896079,-0.195260892188145
"1404","(STRAT_mod0.82 - STRAT_mod1.44) - (STRAT_mod1.44 - STRAT_mod3.37)","Hornfels",-0.484431326213824,-0.738632915594354,-0.239982897235709
"1405","(STRAT_mod0.82 - STRAT_mod1.44) - (STRAT_mod2.15 - STRAT_mod2.88)","Hornfels",-0.269230073524577,-0.5073010911363,-0.0418051654005043
"1406","(STRAT_mod0.82 - STRAT_mod1.44) - (STRAT_mod2.15 - STRAT_mod3.37)","Hornfels",-0.311972414406706,-0.54620412666131,-0.0940937382188148
"1407","(STRAT_mod0.82 - STRAT_mod1.44) - (STRAT_mod2.88 - STRAT_mod3.37)","Hornfels",-0.26734245703403,-0.436336087446894,-0.103319686774771
"1408","(STRAT_mod0.82 - STRAT_mod2.15) - (STRAT_mod0.82 - STRAT_mod2.88)","Hornfels",-0.0453240799983815,-0.23335188296413,0.148648482964412
"1409","(STRAT_mod0.82 - STRAT_mod2.15) - (STRAT_mod0.82 - STRAT_mod3.37)","Hornfels",-0.0885536902988137,-0.271948162991402,0.0902156995754475
"1410","(STRAT_mod0.82 - STRAT_mod2.15) - (STRAT_mod1.08 - STRAT_mod1.44)","Hornfels",0.150311202895153,-0.0772808985859058,0.374638006418073
"1411","(STRAT_mod0.82 - STRAT_mod2.15) - (STRAT_mod1.08 - STRAT_mod2.15)","Hornfels",-0.0206154895423618,-0.109946826862599,0.0738223380522195
"1412","(STRAT_mod0.82 - STRAT_mod2.15) - (STRAT_mod1.08 - STRAT_mod2.88)","Hornfels",-0.0646735253119808,-0.274152486602474,0.148627146501175
"1413","(STRAT_mod0.82 - STRAT_mod2.15) - (STRAT_mod1.08 - STRAT_mod3.37)","Hornfels",-0.108866834536297,-0.310158195636674,0.0929605204771362
"1414","(STRAT_mod0.82 - STRAT_mod2.15) - (STRAT_mod1.44 - STRAT_mod2.15)","Hornfels",-0.222846993015441,-0.361128482523276,-0.092422802786322
"1415","(STRAT_mod0.82 - STRAT_mod2.15) - (STRAT_mod1.44 - STRAT_mod2.88)","Hornfels",-0.269230073524577,-0.5073010911363,-0.0418051654005043
"1416","(STRAT_mod0.82 - STRAT_mod2.15) - (STRAT_mod1.44 - STRAT_mod3.37)","Hornfels",-0.311972414406706,-0.54620412666131,-0.0940937382188148
"1417","(STRAT_mod0.82 - STRAT_mod2.15) - (STRAT_mod2.15 - STRAT_mod2.88)","Hornfels",-0.0975127398789508,-0.459077312892522,0.257155415851629
"1418","(STRAT_mod0.82 - STRAT_mod2.15) - (STRAT_mod2.15 - STRAT_mod3.37)","Hornfels",-0.14305678534265,-0.485576992384806,0.217382533027099
"1419","(STRAT_mod0.82 - STRAT_mod2.15) - (STRAT_mod2.88 - STRAT_mod3.37)","Hornfels",-0.0941581683805629,-0.306504083490298,0.111106223322172
"1420","(STRAT_mod0.82 - STRAT_mod2.88) - (STRAT_mod0.82 - STRAT_mod3.37)","Hornfels",-0.043275940632909,-0.148649479077937,0.0513310753312756
"1421","(STRAT_mod0.82 - STRAT_mod2.88) - (STRAT_mod1.08 - STRAT_mod1.44)","Hornfels",0.196455806931332,0.0325472198525095,0.362987686385638
"1422","(STRAT_mod0.82 - STRAT_mod2.88) - (STRAT_mod1.08 - STRAT_mod2.15)","Hornfels",0.0229292673298205,-0.19919430486884,0.227385825081083
"1423","(STRAT_mod0.82 - STRAT_mod2.88) - (STRAT_mod1.08 - STRAT_mod2.88)","Hornfels",-0.0206154895423618,-0.109946826862599,0.0738223380522195
"1424","(STRAT_mod0.82 - STRAT_mod2.88) - (STRAT_mod1.08 - STRAT_mod3.37)","Hornfels",-0.0651861566464018,-0.20714067054557,0.0665417057186044
"1425","(STRAT_mod0.82 - STRAT_mod2.88) - (STRAT_mod1.44 - STRAT_mod2.15)","Hornfels",-0.17856289962048,-0.413047499350276,0.0532469851631421
"1426","(STRAT_mod0.82 - STRAT_mod2.88) - (STRAT_mod1.44 - STRAT_mod2.88)","Hornfels",-0.222846993015441,-0.361128482523276,-0.092422802786322
"1427","(STRAT_mod0.82 - STRAT_mod2.88) - (STRAT_mod1.44 - STRAT_mod3.37)","Hornfels",-0.26734245703403,-0.436336087446894,-0.103319686774771
"1428","(STRAT_mod0.82 - STRAT_mod2.88) - (STRAT_mod2.15 - STRAT_mod2.88)","Hornfels",-0.051547317206185,-0.235548251816125,0.127624178177327
"1429","(STRAT_mod0.82 - STRAT_mod2.88) - (STRAT_mod2.15 - STRAT_mod3.37)","Hornfels",-0.0941581683805629,-0.306504083490298,0.111106223322172
"1430","(STRAT_mod0.82 - STRAT_mod2.88) - (STRAT_mod2.88 - STRAT_mod3.37)","Hornfels",-0.0491215552257787,-0.230032043160844,0.136716035044501
"1431","(STRAT_mod0.82 - STRAT_mod3.37) - (STRAT_mod1.08 - STRAT_mod1.44)","Hornfels",0.240776939906739,0.0829383575971852,0.397741132890024
"1432","(STRAT_mod0.82 - STRAT_mod3.37) - (STRAT_mod1.08 - STRAT_mod2.15)","Hornfels",0.067380887802142,-0.134580262824412,0.270914461830644
"1433","(STRAT_mod0.82 - STRAT_mod3.37) - (STRAT_mod1.08 - STRAT_mod2.88)","Hornfels",0.0224613437852973,-0.112544313411947,0.156157674654503
"1434","(STRAT_mod0.82 - STRAT_mod3.37) - (STRAT_mod1.08 - STRAT_mod3.37)","Hornfels",-0.0206154895423618,-0.109946826862599,0.0738223380522195
"1435","(STRAT_mod0.82 - STRAT_mod3.37) - (STRAT_mod1.44 - STRAT_mod2.15)","Hornfels",-0.135586634010359,-0.366037224795761,0.087163545987702
"1436","(STRAT_mod0.82 - STRAT_mod3.37) - (STRAT_mod1.44 - STRAT_mod2.88)","Hornfels",-0.179485516568767,-0.341029239291181,-0.00917149398551242
"1437","(STRAT_mod0.82 - STRAT_mod3.37) - (STRAT_mod1.44 - STRAT_mod3.37)","Hornfels",-0.222846993015441,-0.361128482523276,-0.092422802786322
"1438","(STRAT_mod0.82 - STRAT_mod3.37) - (STRAT_mod2.15 - STRAT_mod2.88)","Hornfels",-0.00667396097963625,-0.221945571666704,0.199065418194656
"1439","(STRAT_mod0.82 - STRAT_mod3.37) - (STRAT_mod2.15 - STRAT_mod3.37)","Hornfels",-0.051547317206185,-0.235548251816125,0.127624178177327
"1440","(STRAT_mod0.82 - STRAT_mod3.37) - (STRAT_mod2.88 - STRAT_mod3.37)","Hornfels",-0.00576522063800658,-0.112492060213772,0.0962903603468615
"1441","(STRAT_mod1.08 - STRAT_mod1.44) - (STRAT_mod1.08 - STRAT_mod2.15)","Hornfels",-0.17214770488787,-0.402428593235371,0.0150719574341996
"1442","(STRAT_mod1.08 - STRAT_mod1.44) - (STRAT_mod1.08 - STRAT_mod2.88)","Hornfels",-0.218237794290834,-0.359763726127791,-0.0796028313065704
"1443","(STRAT_mod1.08 - STRAT_mod1.44) - (STRAT_mod1.08 - STRAT_mod3.37)","Hornfels",-0.260941022529979,-0.386650976472357,-0.130252389927606
"1444","(STRAT_mod1.08 - STRAT_mod1.44) - (STRAT_mod1.44 - STRAT_mod2.15)","Hornfels",-0.37304926668039,-0.649889913658548,-0.0627671830740452
"1445","(STRAT_mod1.08 - STRAT_mod1.44) - (STRAT_mod1.44 - STRAT_mod2.88)","Hornfels",-0.421219684993255,-0.677892636405725,-0.180302502548439
"1446","(STRAT_mod1.08 - STRAT_mod1.44) - (STRAT_mod1.44 - STRAT_mod3.37)","Hornfels",-0.464267101674387,-0.713794595233387,-0.224847786376248
"1447","(STRAT_mod1.08 - STRAT_mod1.44) - (STRAT_mod2.15 - STRAT_mod2.88)","Hornfels",-0.248746778689573,-0.493306384724019,-0.0269655880438134
"1448","(STRAT_mod1.08 - STRAT_mod1.44) - (STRAT_mod2.15 - STRAT_mod3.37)","Hornfels",-0.291890973295208,-0.514029626664221,-0.0655120388433623
"1449","(STRAT_mod1.08 - STRAT_mod1.44) - (STRAT_mod2.88 - STRAT_mod3.37)","Hornfels",-0.246825495387134,-0.414591074102116,-0.0853146065115294
"1450","(STRAT_mod1.08 - STRAT_mod2.15) - (STRAT_mod1.08 - STRAT_mod2.88)","Hornfels",-0.0453240799983815,-0.23335188296413,0.148648482964412
"1451","(STRAT_mod1.08 - STRAT_mod2.15) - (STRAT_mod1.08 - STRAT_mod3.37)","Hornfels",-0.0885536902988137,-0.271948162991402,0.0902156995754475
"1452","(STRAT_mod1.08 - STRAT_mod2.15) - (STRAT_mod1.44 - STRAT_mod2.15)","Hornfels",-0.20252488362118,-0.331543592264078,-0.0701661042166686
"1453","(STRAT_mod1.08 - STRAT_mod2.15) - (STRAT_mod1.44 - STRAT_mod2.88)","Hornfels",-0.248746778689573,-0.493306384724019,-0.0269655880438134
"1454","(STRAT_mod1.08 - STRAT_mod2.15) - (STRAT_mod1.44 - STRAT_mod3.37)","Hornfels",-0.291890973295208,-0.514029626664221,-0.0655120388433623
"1455","(STRAT_mod1.08 - STRAT_mod2.15) - (STRAT_mod2.15 - STRAT_mod2.88)","Hornfels",-0.0765137553983787,-0.424304281225763,0.297955877532622
"1456","(STRAT_mod1.08 - STRAT_mod2.15) - (STRAT_mod2.15 - STRAT_mod3.37)","Hornfels",-0.11783659541309,-0.475926833245309,0.229162345828288
"1457","(STRAT_mod1.08 - STRAT_mod2.15) - (STRAT_mod2.88 - STRAT_mod3.37)","Hornfels",-0.0741067973136243,-0.27539949786328,0.140286853570745
"1458","(STRAT_mod1.08 - STRAT_mod2.88) - (STRAT_mod1.08 - STRAT_mod3.37)","Hornfels",-0.043275940632909,-0.148649479077937,0.0513310753312756
"1459","(STRAT_mod1.08 - STRAT_mod2.88) - (STRAT_mod1.44 - STRAT_mod2.15)","Hornfels",-0.158643347021892,-0.406599315848021,0.0624098199813889
"1460","(STRAT_mod1.08 - STRAT_mod2.88) - (STRAT_mod1.44 - STRAT_mod2.88)","Hornfels",-0.20252488362118,-0.331543592264078,-0.0701661042166686
"1461","(STRAT_mod1.08 - STRAT_mod2.88) - (STRAT_mod1.44 - STRAT_mod3.37)","Hornfels",-0.246825495387134,-0.414591074102116,-0.0853146065115294
"1462","(STRAT_mod1.08 - STRAT_mod2.88) - (STRAT_mod2.15 - STRAT_mod2.88)","Hornfels",-0.0301937719097017,-0.217235382824986,0.147073623059884
"1463","(STRAT_mod1.08 - STRAT_mod2.88) - (STRAT_mod2.15 - STRAT_mod3.37)","Hornfels",-0.0741067973136243,-0.27539949786328,0.140286853570745
"1464","(STRAT_mod1.08 - STRAT_mod2.88) - (STRAT_mod2.88 - STRAT_mod3.37)","Hornfels",-0.0286568202536056,-0.213130793580107,0.151120346548576
"1465","(STRAT_mod1.08 - STRAT_mod3.37) - (STRAT_mod1.44 - STRAT_mod2.15)","Hornfels",-0.113737909727447,-0.348979206434944,0.0974925989824287
"1466","(STRAT_mod1.08 - STRAT_mod3.37) - (STRAT_mod1.44 - STRAT_mod2.88)","Hornfels",-0.158556735890402,-0.315877646216221,0.0131774000255227
"1467","(STRAT_mod1.08 - STRAT_mod3.37) - (STRAT_mod1.44 - STRAT_mod3.37)","Hornfels",-0.20252488362118,-0.331543592264078,-0.0701661042166686
"1468","(STRAT_mod1.08 - STRAT_mod3.37) - (STRAT_mod2.15 - STRAT_mod2.88)","Hornfels",0.0141697695779301,-0.192123747831386,0.229597040579489
"1469","(STRAT_mod1.08 - STRAT_mod3.37) - (STRAT_mod2.15 - STRAT_mod3.37)","Hornfels",-0.0301937719097017,-0.217235382824986,0.147073623059884
"1470","(STRAT_mod1.08 - STRAT_mod3.37) - (STRAT_mod2.88 - STRAT_mod3.37)","Hornfels",0.0153918412499109,-0.0916787229698049,0.11269204707255
"1471","(STRAT_mod1.44 - STRAT_mod2.15) - (STRAT_mod1.44 - STRAT_mod2.88)","Hornfels",-0.0453240799983815,-0.23335188296413,0.148648482964412
"1472","(STRAT_mod1.44 - STRAT_mod2.15) - (STRAT_mod1.44 - STRAT_mod3.37)","Hornfels",-0.0885536902988137,-0.271948162991402,0.0902156995754475
"1473","(STRAT_mod1.44 - STRAT_mod2.15) - (STRAT_mod2.15 - STRAT_mod2.88)","Hornfels",0.126709367505938,-0.221387123024948,0.524857656283796
"1474","(STRAT_mod1.44 - STRAT_mod2.15) - (STRAT_mod2.15 - STRAT_mod3.37)","Hornfels",0.0830048876911901,-0.258140093485478,0.472533372825905
"1475","(STRAT_mod1.44 - STRAT_mod2.15) - (STRAT_mod2.88 - STRAT_mod3.37)","Hornfels",0.127670177206717,-0.104580992674666,0.354165222585483
"1476","(STRAT_mod1.44 - STRAT_mod2.88) - (STRAT_mod1.44 - STRAT_mod3.37)","Hornfels",-0.043275940632909,-0.148649479077937,0.0513310753312756
"1477","(STRAT_mod1.44 - STRAT_mod2.88) - (STRAT_mod2.15 - STRAT_mod2.88)","Hornfels",0.17214770488787,-0.0150719574341996,0.402428593235371
"1478","(STRAT_mod1.44 - STRAT_mod2.88) - (STRAT_mod2.15 - STRAT_mod3.37)","Hornfels",0.127670177206717,-0.104580992674666,0.354165222585483
"1479","(STRAT_mod1.44 - STRAT_mod2.88) - (STRAT_mod2.88 - STRAT_mod3.37)","Hornfels",0.174299214804805,-0.0362335983260742,0.376523018265566
"1480","(STRAT_mod1.44 - STRAT_mod3.37) - (STRAT_mod2.15 - STRAT_mod2.88)","Hornfels",0.215854975540532,-0.02134083872585,0.440808393579679
"1481","(STRAT_mod1.44 - STRAT_mod3.37) - (STRAT_mod2.15 - STRAT_mod3.37)","Hornfels",0.17214770488787,-0.0150719574341996,0.402428593235371
"1482","(STRAT_mod1.44 - STRAT_mod3.37) - (STRAT_mod2.88 - STRAT_mod3.37)","Hornfels",0.218237794290834,0.0796028313065704,0.359763726127791
"1483","(STRAT_mod2.15 - STRAT_mod2.88) - (STRAT_mod2.15 - STRAT_mod3.37)","Hornfels",-0.043275940632909,-0.148649479077937,0.0513310753312756
"1484","(STRAT_mod2.15 - STRAT_mod2.88) - (STRAT_mod2.88 - STRAT_mod3.37)","Hornfels",0.00223606739147247,-0.255029388024802,0.239206516819545
"1485","(STRAT_mod2.15 - STRAT_mod3.37) - (STRAT_mod2.88 - STRAT_mod3.37)","Hornfels",0.0453240799983815,-0.148648482964412,0.23335188296413
"1486","(STRAT_mod0.01 - STRAT_mod0.09) - (STRAT_mod0.01 - STRAT_mod0.1)","Opaline/CCS",-0.0308769345801055,-0.174752617145518,0.113185691209357
"1487","(STRAT_mod0.01 - STRAT_mod0.09) - (STRAT_mod0.01 - STRAT_mod0.2)","Opaline/CCS",0.0353199819989346,-0.0933378323738129,0.182593926807094
"1488","(STRAT_mod0.01 - STRAT_mod0.09) - (STRAT_mod0.01 - STRAT_mod0.3)","Opaline/CCS",-0.0858051416529509,-0.227679192127125,0.0449803479022597
"1489","(STRAT_mod0.01 - STRAT_mod0.09) - (STRAT_mod0.01 - STRAT_mod0.82)","Opaline/CCS",-0.0274030450341815,-0.155656248556378,0.102109891511023
"1490","(STRAT_mod0.01 - STRAT_mod0.09) - (STRAT_mod0.01 - STRAT_mod1.08)","Opaline/CCS",-0.0430642291548874,-0.180660736074737,0.0769060935275484
"1491","(STRAT_mod0.01 - STRAT_mod0.09) - (STRAT_mod0.01 - STRAT_mod1.44)","Opaline/CCS",-0.0426363489049514,-0.173454400844372,0.0872672811405502
"1492","(STRAT_mod0.01 - STRAT_mod0.09) - (STRAT_mod0.01 - STRAT_mod2.15)","Opaline/CCS",-0.177022375133092,-0.331279198958545,-0.0182751394807821
"1493","(STRAT_mod0.01 - STRAT_mod0.09) - (STRAT_mod0.01 - STRAT_mod2.88)","Opaline/CCS",-0.185460794147046,-0.308037308804377,-0.0515792905658223
"1494","(STRAT_mod0.01 - STRAT_mod0.09) - (STRAT_mod0.01 - STRAT_mod3.37)","Opaline/CCS",-0.119957560808504,-0.24481476814441,0.013080117905078
"1495","(STRAT_mod0.01 - STRAT_mod0.09) - (STRAT_mod0.09 - STRAT_mod0.1)","Opaline/CCS",-0.0822981966171631,-0.376028511298858,0.192431730449037
"1496","(STRAT_mod0.01 - STRAT_mod0.09) - (STRAT_mod0.09 - STRAT_mod0.2)","Opaline/CCS",-0.0158611221813899,-0.297321764377202,0.264360263884086
"1497","(STRAT_mod0.01 - STRAT_mod0.09) - (STRAT_mod0.09 - STRAT_mod0.3)","Opaline/CCS",-0.138730603666662,-0.401591970833196,0.156936270921377
"1498","(STRAT_mod0.01 - STRAT_mod0.09) - (STRAT_mod0.09 - STRAT_mod0.82)","Opaline/CCS",-0.0783828259997548,-0.367575232512111,0.188583200624009
"1499","(STRAT_mod0.01 - STRAT_mod0.09) - (STRAT_mod0.09 - STRAT_mod1.08)","Opaline/CCS",-0.0951749514380054,-0.376793243535482,0.177154802929132
"1500","(STRAT_mod0.01 - STRAT_mod0.09) - (STRAT_mod0.09 - STRAT_mod1.44)","Opaline/CCS",-0.0961809426024585,-0.378042664219356,0.177832959357584
"1501","(STRAT_mod0.01 - STRAT_mod0.09) - (STRAT_mod0.09 - STRAT_mod2.15)","Opaline/CCS",-0.228902677980764,-0.512045356639323,0.067772103395618
"1502","(STRAT_mod0.01 - STRAT_mod0.09) - (STRAT_mod0.09 - STRAT_mod2.88)","Opaline/CCS",-0.236010726502072,-0.521026126308075,0.0351819538822464
"1503","(STRAT_mod0.01 - STRAT_mod0.09) - (STRAT_mod0.09 - STRAT_mod3.37)","Opaline/CCS",-0.170845586824559,-0.450752660386192,0.104708494521406
"1504","(STRAT_mod0.01 - STRAT_mod0.09) - (STRAT_mod0.1 - STRAT_mod0.2)","Opaline/CCS",0.013251195530223,-0.199792226794719,0.211792449184731
"1505","(STRAT_mod0.01 - STRAT_mod0.09) - (STRAT_mod0.1 - STRAT_mod0.3)","Opaline/CCS",-0.107654122684239,-0.309269764227978,0.0993407663132498
"1506","(STRAT_mod0.01 - STRAT_mod0.09) - (STRAT_mod0.1 - STRAT_mod0.82)","Opaline/CCS",-0.0494626933179954,-0.261980884458176,0.132290219047407
"1507","(STRAT_mod0.01 - STRAT_mod0.09) - (STRAT_mod0.1 - STRAT_mod1.08)","Opaline/CCS",-0.0656045250060317,-0.261054807202596,0.133477650834201
"1508","(STRAT_mod0.01 - STRAT_mod0.09) - (STRAT_mod0.1 - STRAT_mod1.44)","Opaline/CCS",-0.0666100971139453,-0.26654529401376,0.126570206573799
"1509","(STRAT_mod0.01 - STRAT_mod0.09) - (STRAT_mod0.1 - STRAT_mod2.15)","Opaline/CCS",-0.198908756142254,-0.404948056217997,0.0265900514455361
"1510","(STRAT_mod0.01 - STRAT_mod0.09) - (STRAT_mod0.1 - STRAT_mod2.88)","Opaline/CCS",-0.206919120268655,-0.401580648057417,-0.00526527582732944
"1511","(STRAT_mod0.01 - STRAT_mod0.09) - (STRAT_mod0.1 - STRAT_mod3.37)","Opaline/CCS",-0.142033053769444,-0.339653561969977,0.0532477409143769
"1512","(STRAT_mod0.01 - STRAT_mod0.09) - (STRAT_mod0.2 - STRAT_mod0.3)","Opaline/CCS",-0.17442038563236,-0.368852978677049,0.0245452721250715
"1513","(STRAT_mod0.01 - STRAT_mod0.09) - (STRAT_mod0.2 - STRAT_mod0.82)","Opaline/CCS",-0.115628672934159,-0.307651572615667,0.0743753560948175
"1514","(STRAT_mod0.01 - STRAT_mod0.09) - (STRAT_mod0.2 - STRAT_mod1.08)","Opaline/CCS",-0.132344596474076,-0.316164263643107,0.0680600645399557
"1515","(STRAT_mod0.01 - STRAT_mod0.09) - (STRAT_mod0.2 - STRAT_mod1.44)","Opaline/CCS",-0.131556442384811,-0.318324752438781,0.0654038187701975
"1516","(STRAT_mod0.01 - STRAT_mod0.09) - (STRAT_mod0.2 - STRAT_mod2.15)","Opaline/CCS",-0.262700451930914,-0.476379614979531,-0.0513427236039807
"1517","(STRAT_mod0.01 - STRAT_mod0.09) - (STRAT_mod0.2 - STRAT_mod2.88)","Opaline/CCS",-0.272851110689105,-0.457556317356695,-0.0712272432802368
"1518","(STRAT_mod0.01 - STRAT_mod0.09) - (STRAT_mod0.2 - STRAT_mod3.37)","Opaline/CCS",-0.20852529315142,-0.393660612709186,-0.0111841597937296
"1519","(STRAT_mod0.01 - STRAT_mod0.09) - (STRAT_mod0.3 - STRAT_mod0.82)","Opaline/CCS",0.00442845611804463,-0.197101175623903,0.188756310100099
"1520","(STRAT_mod0.01 - STRAT_mod0.09) - (STRAT_mod0.3 - STRAT_mod1.08)","Opaline/CCS",-0.0106315591602194,-0.207349263334582,0.178774222456257
"1521","(STRAT_mod0.01 - STRAT_mod0.09) - (STRAT_mod0.3 - STRAT_mod1.44)","Opaline/CCS",-0.011540200610429,-0.198096690445262,0.185877184518371
"1522","(STRAT_mod0.01 - STRAT_mod0.09) - (STRAT_mod0.3 - STRAT_mod2.15)","Opaline/CCS",-0.142545095434014,-0.339979290715283,0.0855280599884278
"1523","(STRAT_mod0.01 - STRAT_mod0.09) - (STRAT_mod0.3 - STRAT_mod2.88)","Opaline/CCS",-0.152527348265867,-0.349650149431542,0.0367235418096591
"1524","(STRAT_mod0.01 - STRAT_mod0.09) - (STRAT_mod0.3 - STRAT_mod3.37)","Opaline/CCS",-0.0870299260215366,-0.271689980339937,0.111055127216503
"1525","(STRAT_mod0.01 - STRAT_mod0.09) - (STRAT_mod0.82 - STRAT_mod1.08)","Opaline/CCS",-0.0680529316446161,-0.251011910343306,0.122780229524564
"1526","(STRAT_mod0.01 - STRAT_mod0.09) - (STRAT_mod0.82 - STRAT_mod1.44)","Opaline/CCS",-0.0683328189942035,-0.250720581166455,0.124404758194731
"1527","(STRAT_mod0.01 - STRAT_mod0.09) - (STRAT_mod0.82 - STRAT_mod2.15)","Opaline/CCS",-0.201372938750851,-0.394793847681949,0.0199002374180972
"1528","(STRAT_mod0.01 - STRAT_mod0.09) - (STRAT_mod0.82 - STRAT_mod2.88)","Opaline/CCS",-0.209025060742292,-0.401534012693321,-0.0283035493657164
"1529","(STRAT_mod0.01 - STRAT_mod0.09) - (STRAT_mod0.82 - STRAT_mod3.37)","Opaline/CCS",-0.145296482578518,-0.321514470057816,0.0529902878963719
"1530","(STRAT_mod0.01 - STRAT_mod0.09) - (STRAT_mod1.08 - STRAT_mod1.44)","Opaline/CCS",-0.0522626758834841,-0.241236467421796,0.132819736592807
"1531","(STRAT_mod0.01 - STRAT_mod0.09) - (STRAT_mod1.08 - STRAT_mod2.15)","Opaline/CCS",-0.184968806682176,-0.392897004045102,0.0229323044993958
"1532","(STRAT_mod0.01 - STRAT_mod0.09) - (STRAT_mod1.08 - STRAT_mod2.88)","Opaline/CCS",-0.193171480280455,-0.388040331487373,-0.0138046764958988
"1533","(STRAT_mod0.01 - STRAT_mod0.09) - (STRAT_mod1.08 - STRAT_mod3.37)","Opaline/CCS",-0.128439886720163,-0.310793471790715,0.0618269241170809
"1534","(STRAT_mod0.01 - STRAT_mod0.09) - (STRAT_mod1.44 - STRAT_mod2.15)","Opaline/CCS",-0.185709525276712,-0.387105114006623,0.0279539532807759
"1535","(STRAT_mod0.01 - STRAT_mod0.09) - (STRAT_mod1.44 - STRAT_mod2.88)","Opaline/CCS",-0.192511252645178,-0.38338661430311,-0.0064615979495059
"1536","(STRAT_mod0.01 - STRAT_mod0.09) - (STRAT_mod1.44 - STRAT_mod3.37)","Opaline/CCS",-0.12891757437941,-0.328625776886318,0.0482703938822676
"1537","(STRAT_mod0.01 - STRAT_mod0.09) - (STRAT_mod2.15 - STRAT_mod2.88)","Opaline/CCS",-0.0619703125520142,-0.27260024606514,0.147255824455207
"1538","(STRAT_mod0.01 - STRAT_mod0.09) - (STRAT_mod2.15 - STRAT_mod3.37)","Opaline/CCS",0.00415972701741404,-0.207733728676659,0.211029062629999
"1539","(STRAT_mod0.01 - STRAT_mod0.09) - (STRAT_mod2.88 - STRAT_mod3.37)","Opaline/CCS",0.0120206940180549,-0.172644577141004,0.203577182971732
"1540","(STRAT_mod0.01 - STRAT_mod0.1) - (STRAT_mod0.01 - STRAT_mod0.2)","Opaline/CCS",0.0653747163636383,-0.0402678263653142,0.165610850240369
"1541","(STRAT_mod0.01 - STRAT_mod0.1) - (STRAT_mod0.01 - STRAT_mod0.3)","Opaline/CCS",-0.0560544447966876,-0.156900048847158,0.04322735480845
"1542","(STRAT_mod0.01 - STRAT_mod0.1) - (STRAT_mod0.01 - STRAT_mod0.82)","Opaline/CCS",0.00241474885471599,-0.0862391956715793,0.0891662760204299
"1543","(STRAT_mod0.01 - STRAT_mod0.1) - (STRAT_mod0.01 - STRAT_mod1.08)","Opaline/CCS",-0.0132372806827244,-0.0984808959365685,0.0759029481685817
"1544","(STRAT_mod0.01 - STRAT_mod0.1) - (STRAT_mod0.01 - STRAT_mod1.44)","Opaline/CCS",-0.0134247836340021,-0.100049138497065,0.0781002566442797
"1545","(STRAT_mod0.01 - STRAT_mod0.1) - (STRAT_mod0.01 - STRAT_mod2.15)","Opaline/CCS",-0.144924735754024,-0.26673961191945,-0.019694363250517
"1546","(STRAT_mod0.01 - STRAT_mod0.1) - (STRAT_mod0.01 - STRAT_mod2.88)","Opaline/CCS",-0.155101350714098,-0.24789048047816,-0.0657434549952226
"1547","(STRAT_mod0.01 - STRAT_mod0.1) - (STRAT_mod0.01 - STRAT_mod3.37)","Opaline/CCS",-0.0901400572788488,-0.173810279003237,-0.000270114917985231
"1548","(STRAT_mod0.01 - STRAT_mod0.1) - (STRAT_mod0.09 - STRAT_mod0.1)","Opaline/CCS",-0.0536323983392649,-0.238339338428287,0.119013128229621
"1549","(STRAT_mod0.01 - STRAT_mod0.1) - (STRAT_mod0.09 - STRAT_mod0.2)","Opaline/CCS",0.013251195530223,-0.199792226794719,0.211792449184731
"1550","(STRAT_mod0.01 - STRAT_mod0.1) - (STRAT_mod0.09 - STRAT_mod0.3)","Opaline/CCS",-0.107654122684239,-0.309269764227978,0.0993407663132498
"1551","(STRAT_mod0.01 - STRAT_mod0.1) - (STRAT_mod0.09 - STRAT_mod0.82)","Opaline/CCS",-0.0494626933179954,-0.261980884458176,0.132290219047407
"1552","(STRAT_mod0.01 - STRAT_mod0.1) - (STRAT_mod0.09 - STRAT_mod1.08)","Opaline/CCS",-0.0656045250060317,-0.261054807202596,0.133477650834201
"1553","(STRAT_mod0.01 - STRAT_mod0.1) - (STRAT_mod0.09 - STRAT_mod1.44)","Opaline/CCS",-0.0666100971139453,-0.26654529401376,0.126570206573799
"1554","(STRAT_mod0.01 - STRAT_mod0.1) - (STRAT_mod0.09 - STRAT_mod2.15)","Opaline/CCS",-0.198908756142254,-0.404948056217997,0.0265900514455361
"1555","(STRAT_mod0.01 - STRAT_mod0.1) - (STRAT_mod0.09 - STRAT_mod2.88)","Opaline/CCS",-0.206919120268655,-0.401580648057417,-0.00526527582732944
"1556","(STRAT_mod0.01 - STRAT_mod0.1) - (STRAT_mod0.09 - STRAT_mod3.37)","Opaline/CCS",-0.142033053769444,-0.339653561969977,0.0532477409143769
"1557","(STRAT_mod0.01 - STRAT_mod0.1) - (STRAT_mod0.1 - STRAT_mod0.2)","Opaline/CCS",0.0441654000116235,-0.162488316600013,0.267159252638614
"1558","(STRAT_mod0.01 - STRAT_mod0.1) - (STRAT_mod0.1 - STRAT_mod0.3)","Opaline/CCS",-0.0786927966416227,-0.28249771486924,0.146589608661299
"1559","(STRAT_mod0.01 - STRAT_mod0.1) - (STRAT_mod0.1 - STRAT_mod0.82)","Opaline/CCS",-0.0214582879830093,-0.228580429293257,0.188365712079196
"1560","(STRAT_mod0.01 - STRAT_mod0.1) - (STRAT_mod0.1 - STRAT_mod1.08)","Opaline/CCS",-0.0360030012363246,-0.244368791840171,0.171877833733846
"1561","(STRAT_mod0.01 - STRAT_mod0.1) - (STRAT_mod0.1 - STRAT_mod1.44)","Opaline/CCS",-0.0359074828495552,-0.246731202737017,0.17162875365802
"1562","(STRAT_mod0.01 - STRAT_mod0.1) - (STRAT_mod0.1 - STRAT_mod2.15)","Opaline/CCS",-0.169440776182561,-0.383530606614051,0.0653014943829575
"1563","(STRAT_mod0.01 - STRAT_mod0.1) - (STRAT_mod0.1 - STRAT_mod2.88)","Opaline/CCS",-0.178088418902567,-0.39214432211736,0.0284460127884495
"1564","(STRAT_mod0.01 - STRAT_mod0.1) - (STRAT_mod0.1 - STRAT_mod3.37)","Opaline/CCS",-0.112142618648278,-0.320879382772872,0.0961479620046476
"1565","(STRAT_mod0.01 - STRAT_mod0.1) - (STRAT_mod0.2 - STRAT_mod0.3)","Opaline/CCS",-0.143899639921744,-0.31679179952385,0.0373488539003439
"1566","(STRAT_mod0.01 - STRAT_mod0.1) - (STRAT_mod0.2 - STRAT_mod0.82)","Opaline/CCS",-0.0873578864682102,-0.251796101185108,0.0888078665324956
"1567","(STRAT_mod0.01 - STRAT_mod0.1) - (STRAT_mod0.2 - STRAT_mod1.08)","Opaline/CCS",-0.102623387579996,-0.264796857465036,0.0701512426805582
"1568","(STRAT_mod0.01 - STRAT_mod0.1) - (STRAT_mod0.2 - STRAT_mod1.44)","Opaline/CCS",-0.101662416228019,-0.269659637848118,0.0703738817730425
"1569","(STRAT_mod0.01 - STRAT_mod0.1) - (STRAT_mod0.2 - STRAT_mod2.15)","Opaline/CCS",-0.233685164945109,-0.418245636675363,-0.0360273949127424
"1570","(STRAT_mod0.01 - STRAT_mod0.1) - (STRAT_mod0.2 - STRAT_mod2.88)","Opaline/CCS",-0.243213981250439,-0.424207359052963,-0.0796732494102263
"1571","(STRAT_mod0.01 - STRAT_mod0.1) - (STRAT_mod0.2 - STRAT_mod3.37)","Opaline/CCS",-0.178187565429212,-0.339301946845545,-0.00252324588494596
"1572","(STRAT_mod0.01 - STRAT_mod0.1) - (STRAT_mod0.3 - STRAT_mod0.82)","Opaline/CCS",0.0338408319648895,-0.139161813404917,0.200232519884358
"1573","(STRAT_mod0.01 - STRAT_mod0.1) - (STRAT_mod0.3 - STRAT_mod1.08)","Opaline/CCS",0.0194518943747232,-0.146750389823531,0.191973160318758
"1574","(STRAT_mod0.01 - STRAT_mod0.1) - (STRAT_mod0.3 - STRAT_mod1.44)","Opaline/CCS",0.0185307619937648,-0.149148180679082,0.192929862176046
"1575","(STRAT_mod0.01 - STRAT_mod0.1) - (STRAT_mod0.3 - STRAT_mod2.15)","Opaline/CCS",-0.113592071022626,-0.300981402353533,0.0829223108887941
"1576","(STRAT_mod0.01 - STRAT_mod0.1) - (STRAT_mod0.3 - STRAT_mod2.88)","Opaline/CCS",-0.122231138961958,-0.29156914065607,0.0490120403985976
"1577","(STRAT_mod0.01 - STRAT_mod0.1) - (STRAT_mod0.3 - STRAT_mod3.37)","Opaline/CCS",-0.0581898372004341,-0.222808523698474,0.114434916537784
"1578","(STRAT_mod0.01 - STRAT_mod0.1) - (STRAT_mod0.82 - STRAT_mod1.08)","Opaline/CCS",-0.0385312056510533,-0.205413093987059,0.121010161005032
"1579","(STRAT_mod0.01 - STRAT_mod0.1) - (STRAT_mod0.82 - STRAT_mod1.44)","Opaline/CCS",-0.039114847746343,-0.206216100792848,0.124112450872765
"1580","(STRAT_mod0.01 - STRAT_mod0.1) - (STRAT_mod0.82 - STRAT_mod2.15)","Opaline/CCS",-0.170102372591607,-0.359373461391475,0.0132306404795751
"1581","(STRAT_mod0.01 - STRAT_mod0.1) - (STRAT_mod0.82 - STRAT_mod2.88)","Opaline/CCS",-0.179299380562613,-0.346371707656364,-0.0160143919746988
"1582","(STRAT_mod0.01 - STRAT_mod0.1) - (STRAT_mod0.82 - STRAT_mod3.37)","Opaline/CCS",-0.114248550719006,-0.275676562692164,0.0514478244845717
"1583","(STRAT_mod0.01 - STRAT_mod0.1) - (STRAT_mod1.08 - STRAT_mod1.44)","Opaline/CCS",-0.0225638796814088,-0.183302100475394,0.14897259696188
"1584","(STRAT_mod0.01 - STRAT_mod0.1) - (STRAT_mod1.08 - STRAT_mod2.15)","Opaline/CCS",-0.154306622855219,-0.345603310417997,0.0267588211577834
"1585","(STRAT_mod0.01 - STRAT_mod0.1) - (STRAT_mod1.08 - STRAT_mod2.88)","Opaline/CCS",-0.164135604189517,-0.324958997826643,0.0081263028651497
"1586","(STRAT_mod0.01 - STRAT_mod0.1) - (STRAT_mod1.08 - STRAT_mod3.37)","Opaline/CCS",-0.0976419352027101,-0.259477745061648,0.0691375152710614
"1587","(STRAT_mod0.01 - STRAT_mod0.1) - (STRAT_mod1.44 - STRAT_mod2.15)","Opaline/CCS",-0.154945496110295,-0.344763817194303,0.0285903773497151
"1588","(STRAT_mod0.01 - STRAT_mod0.1) - (STRAT_mod1.44 - STRAT_mod2.88)","Opaline/CCS",-0.16467085920048,-0.320713156041452,0.0117091674839258
"1589","(STRAT_mod0.01 - STRAT_mod0.1) - (STRAT_mod1.44 - STRAT_mod3.37)","Opaline/CCS",-0.0996910215526683,-0.259652231724671,0.0685068476758428
"1590","(STRAT_mod0.01 - STRAT_mod0.1) - (STRAT_mod2.15 - STRAT_mod2.88)","Opaline/CCS",-0.0319588655165108,-0.221049602655642,0.158151241688595
"1591","(STRAT_mod0.01 - STRAT_mod0.1) - (STRAT_mod2.15 - STRAT_mod3.37)","Opaline/CCS",0.0327711004328278,-0.157615721146822,0.216309643529788
"1592","(STRAT_mod0.01 - STRAT_mod0.1) - (STRAT_mod2.88 - STRAT_mod3.37)","Opaline/CCS",0.0421136809492982,-0.123373595804329,0.202834287293419
"1593","(STRAT_mod0.01 - STRAT_mod0.2) - (STRAT_mod0.01 - STRAT_mod0.3)","Opaline/CCS",-0.120173731657081,-0.211699047696386,-0.0361513744512661
"1594","(STRAT_mod0.01 - STRAT_mod0.2) - (STRAT_mod0.01 - STRAT_mod0.82)","Opaline/CCS",-0.0632057983315798,-0.141716251828961,0.0101108872200878
"1595","(STRAT_mod0.01 - STRAT_mod0.2) - (STRAT_mod0.01 - STRAT_mod1.08)","Opaline/CCS",-0.0782403803127563,-0.156022800822616,-0.00585270428855605
"1596","(STRAT_mod0.01 - STRAT_mod0.2) - (STRAT_mod0.01 - STRAT_mod1.44)","Opaline/CCS",-0.0790426140608047,-0.155602482978873,-0.000360738365302093
"1597","(STRAT_mod0.01 - STRAT_mod0.2) - (STRAT_mod0.01 - STRAT_mod2.15)","Opaline/CCS",-0.211454835098995,-0.328896719356104,-0.0940175758347592
"1598","(STRAT_mod0.01 - STRAT_mod0.2) - (STRAT_mod0.01 - STRAT_mod2.88)","Opaline/CCS",-0.220599973832405,-0.294884391074309,-0.137617895646652
"1599","(STRAT_mod0.01 - STRAT_mod0.2) - (STRAT_mod0.01 - STRAT_mod3.37)","Opaline/CCS",-0.155628249731947,-0.229253928263257,-0.0808892673314447
"1600","(STRAT_mod0.01 - STRAT_mod0.2) - (STRAT_mod0.09 - STRAT_mod0.1)","Opaline/CCS",-0.118956589662453,-0.325798017670298,0.0823769588744182
"1601","(STRAT_mod0.01 - STRAT_mod0.2) - (STRAT_mod0.09 - STRAT_mod0.2)","Opaline/CCS",-0.0536323983392649,-0.238339338428287,0.119013128229621
"1602","(STRAT_mod0.01 - STRAT_mod0.2) - (STRAT_mod0.09 - STRAT_mod0.3)","Opaline/CCS",-0.17442038563236,-0.368852978677049,0.0245452721250715
"1603","(STRAT_mod0.01 - STRAT_mod0.2) - (STRAT_mod0.09 - STRAT_mod0.82)","Opaline/CCS",-0.115628672934159,-0.307651572615667,0.0743753560948175
"1604","(STRAT_mod0.01 - STRAT_mod0.2) - (STRAT_mod0.09 - STRAT_mod1.08)","Opaline/CCS",-0.132344596474076,-0.316164263643107,0.0680600645399557
"1605","(STRAT_mod0.01 - STRAT_mod0.2) - (STRAT_mod0.09 - STRAT_mod1.44)","Opaline/CCS",-0.131556442384811,-0.318324752438781,0.0654038187701975
"1606","(STRAT_mod0.01 - STRAT_mod0.2) - (STRAT_mod0.09 - STRAT_mod2.15)","Opaline/CCS",-0.262700451930914,-0.476379614979531,-0.0513427236039807
"1607","(STRAT_mod0.01 - STRAT_mod0.2) - (STRAT_mod0.09 - STRAT_mod2.88)","Opaline/CCS",-0.272851110689105,-0.457556317356695,-0.0712272432802368
"1608","(STRAT_mod0.01 - STRAT_mod0.2) - (STRAT_mod0.09 - STRAT_mod3.37)","Opaline/CCS",-0.20852529315142,-0.393660612709186,-0.0111841597937296
"1609","(STRAT_mod0.01 - STRAT_mod0.2) - (STRAT_mod0.1 - STRAT_mod0.2)","Opaline/CCS",-0.0232854752595749,-0.174761232327404,0.130098594735432
"1610","(STRAT_mod0.01 - STRAT_mod0.2) - (STRAT_mod0.1 - STRAT_mod0.3)","Opaline/CCS",-0.143899639921744,-0.31679179952385,0.0373488539003439
"1611","(STRAT_mod0.01 - STRAT_mod0.2) - (STRAT_mod0.1 - STRAT_mod0.82)","Opaline/CCS",-0.0873578864682102,-0.251796101185108,0.0888078665324956
"1612","(STRAT_mod0.01 - STRAT_mod0.2) - (STRAT_mod0.1 - STRAT_mod1.08)","Opaline/CCS",-0.102623387579996,-0.264796857465036,0.0701512426805582
"1613","(STRAT_mod0.01 - STRAT_mod0.2) - (STRAT_mod0.1 - STRAT_mod1.44)","Opaline/CCS",-0.101662416228019,-0.269659637848118,0.0703738817730425
"1614","(STRAT_mod0.01 - STRAT_mod0.2) - (STRAT_mod0.1 - STRAT_mod2.15)","Opaline/CCS",-0.233685164945109,-0.418245636675363,-0.0360273949127424
"1615","(STRAT_mod0.01 - STRAT_mod0.2) - (STRAT_mod0.1 - STRAT_mod2.88)","Opaline/CCS",-0.243213981250439,-0.424207359052963,-0.0796732494102263
"1616","(STRAT_mod0.01 - STRAT_mod0.2) - (STRAT_mod0.1 - STRAT_mod3.37)","Opaline/CCS",-0.178187565429212,-0.339301946845545,-0.00252324588494596
"1617","(STRAT_mod0.01 - STRAT_mod0.2) - (STRAT_mod0.2 - STRAT_mod0.3)","Opaline/CCS",-0.20722200334009,-0.39720080450139,-0.0114138524835526
"1618","(STRAT_mod0.01 - STRAT_mod0.2) - (STRAT_mod0.2 - STRAT_mod0.82)","Opaline/CCS",-0.151137102507729,-0.335199381023357,0.0379459240698877
"1619","(STRAT_mod0.01 - STRAT_mod0.2) - (STRAT_mod0.2 - STRAT_mod1.08)","Opaline/CCS",-0.166835984804381,-0.356892280136393,0.0150797868600977
"1620","(STRAT_mod0.01 - STRAT_mod0.2) - (STRAT_mod0.2 - STRAT_mod1.44)","Opaline/CCS",-0.166037848977438,-0.343693760277033,0.0330978949722568
"1621","(STRAT_mod0.01 - STRAT_mod0.2) - (STRAT_mod0.2 - STRAT_mod2.15)","Opaline/CCS",-0.299008425983441,-0.513961706599563,-0.0967125624693748
"1622","(STRAT_mod0.01 - STRAT_mod0.2) - (STRAT_mod0.2 - STRAT_mod2.88)","Opaline/CCS",-0.306893927984592,-0.491437110095604,-0.113613100663167
"1623","(STRAT_mod0.01 - STRAT_mod0.2) - (STRAT_mod0.2 - STRAT_mod3.37)","Opaline/CCS",-0.242894992732568,-0.428822094839753,-0.055326785489016
"1624","(STRAT_mod0.01 - STRAT_mod0.2) - (STRAT_mod0.3 - STRAT_mod0.82)","Opaline/CCS",-0.0307647600547496,-0.194243426870038,0.131011794610061
"1625","(STRAT_mod0.01 - STRAT_mod0.2) - (STRAT_mod0.3 - STRAT_mod1.08)","Opaline/CCS",-0.045399770256693,-0.206800914821169,0.116744479960481
"1626","(STRAT_mod0.01 - STRAT_mod0.2) - (STRAT_mod0.3 - STRAT_mod1.44)","Opaline/CCS",-0.045731688157296,-0.211671283124733,0.114262782178379
"1627","(STRAT_mod0.01 - STRAT_mod0.2) - (STRAT_mod0.3 - STRAT_mod2.15)","Opaline/CCS",-0.17754452507738,-0.363625393442592,0.0139389594669003
"1628","(STRAT_mod0.01 - STRAT_mod0.2) - (STRAT_mod0.3 - STRAT_mod2.88)","Opaline/CCS",-0.186825964829182,-0.355820535208444,-0.022977676253125
"1629","(STRAT_mod0.01 - STRAT_mod0.2) - (STRAT_mod0.3 - STRAT_mod3.37)","Opaline/CCS",-0.12239227824066,-0.283038309136083,0.0454667691019833
"1630","(STRAT_mod0.01 - STRAT_mod0.2) - (STRAT_mod0.82 - STRAT_mod1.08)","Opaline/CCS",-0.102902259858007,-0.264065185262531,0.0489521226612063
"1631","(STRAT_mod0.01 - STRAT_mod0.2) - (STRAT_mod0.82 - STRAT_mod1.44)","Opaline/CCS",-0.102603651109271,-0.273183602699577,0.0421000831713946
"1632","(STRAT_mod0.01 - STRAT_mod0.2) - (STRAT_mod0.82 - STRAT_mod2.15)","Opaline/CCS",-0.236632298343811,-0.41537346293681,-0.053193687895944
"1633","(STRAT_mod0.01 - STRAT_mod0.2) - (STRAT_mod0.82 - STRAT_mod2.88)","Opaline/CCS",-0.243828256270603,-0.408799057013227,-0.0931600207046598
"1634","(STRAT_mod0.01 - STRAT_mod0.2) - (STRAT_mod0.82 - STRAT_mod3.37)","Opaline/CCS",-0.17877801771165,-0.336898124560512,-0.0237240262501997
"1635","(STRAT_mod0.01 - STRAT_mod0.2) - (STRAT_mod1.08 - STRAT_mod1.44)","Opaline/CCS",-0.0880664875896406,-0.247092481317419,0.0717196117579463
"1636","(STRAT_mod0.01 - STRAT_mod0.2) - (STRAT_mod1.08 - STRAT_mod2.15)","Opaline/CCS",-0.220544668523052,-0.398908881243455,-0.0346430291032883
"1637","(STRAT_mod0.01 - STRAT_mod0.2) - (STRAT_mod1.08 - STRAT_mod2.88)","Opaline/CCS",-0.229053302443276,-0.393557259338546,-0.0723722697617381
"1638","(STRAT_mod0.01 - STRAT_mod0.2) - (STRAT_mod1.08 - STRAT_mod3.37)","Opaline/CCS",-0.163440424148006,-0.319475903387096,-0.00494939203179334
"1639","(STRAT_mod0.01 - STRAT_mod0.2) - (STRAT_mod1.44 - STRAT_mod2.15)","Opaline/CCS",-0.220843658209871,-0.406751478716412,-0.0386035713427225
"1640","(STRAT_mod0.01 - STRAT_mod0.2) - (STRAT_mod1.44 - STRAT_mod2.88)","Opaline/CCS",-0.228981918419942,-0.391337475171927,-0.0721294433885376
"1641","(STRAT_mod0.01 - STRAT_mod0.2) - (STRAT_mod1.44 - STRAT_mod3.37)","Opaline/CCS",-0.162737203911054,-0.316596177733173,-0.00223738191310957
"1642","(STRAT_mod0.01 - STRAT_mod0.2) - (STRAT_mod2.15 - STRAT_mod2.88)","Opaline/CCS",-0.0968075648589564,-0.277932335090308,0.0872559940990077
"1643","(STRAT_mod0.01 - STRAT_mod0.2) - (STRAT_mod2.15 - STRAT_mod3.37)","Opaline/CCS",-0.0307733283680923,-0.214827296461339,0.14455090022296
"1644","(STRAT_mod0.01 - STRAT_mod0.2) - (STRAT_mod2.88 - STRAT_mod3.37)","Opaline/CCS",-0.02254452812875,-0.175646100522258,0.138010853084005
"1645","(STRAT_mod0.01 - STRAT_mod0.3) - (STRAT_mod0.01 - STRAT_mod0.82)","Opaline/CCS",0.0572675691836984,-0.0169335401280961,0.129714255752487
"1646","(STRAT_mod0.01 - STRAT_mod0.3) - (STRAT_mod0.01 - STRAT_mod1.08)","Opaline/CCS",0.0421334273772164,-0.0358641653313072,0.114579584192519
"1647","(STRAT_mod0.01 - STRAT_mod0.3) - (STRAT_mod0.01 - STRAT_mod1.44)","Opaline/CCS",0.042444768026318,-0.0355734716187578,0.116886029832519
"1648","(STRAT_mod0.01 - STRAT_mod0.3) - (STRAT_mod0.01 - STRAT_mod2.15)","Opaline/CCS",-0.0912545020886237,-0.201327534807058,0.0309607774711927
"1649","(STRAT_mod0.01 - STRAT_mod0.3) - (STRAT_mod0.01 - STRAT_mod2.88)","Opaline/CCS",-0.0986658604577031,-0.17366318418859,-0.0230865245035371
"1650","(STRAT_mod0.01 - STRAT_mod0.3) - (STRAT_mod0.01 - STRAT_mod3.37)","Opaline/CCS",-0.0343364273714009,-0.104749299531668,0.0408668236257947
"1651","(STRAT_mod0.01 - STRAT_mod0.3) - (STRAT_mod0.09 - STRAT_mod0.1)","Opaline/CCS",0.000938503523468637,-0.199352355870851,0.210102838996115
"1652","(STRAT_mod0.01 - STRAT_mod0.3) - (STRAT_mod0.09 - STRAT_mod0.2)","Opaline/CCS",0.0685961934233916,-0.134338393299049,0.263171332502255
"1653","(STRAT_mod0.01 - STRAT_mod0.3) - (STRAT_mod0.09 - STRAT_mod0.3)","Opaline/CCS",-0.0536323983392649,-0.238339338428287,0.119013128229621
"1654","(STRAT_mod0.01 - STRAT_mod0.3) - (STRAT_mod0.09 - STRAT_mod0.82)","Opaline/CCS",0.00442845611804463,-0.197101175623903,0.188756310100099
"1655","(STRAT_mod0.01 - STRAT_mod0.3) - (STRAT_mod0.09 - STRAT_mod1.08)","Opaline/CCS",-0.0106315591602194,-0.207349263334582,0.178774222456257
"1656","(STRAT_mod0.01 - STRAT_mod0.3) - (STRAT_mod0.09 - STRAT_mod1.44)","Opaline/CCS",-0.011540200610429,-0.198096690445262,0.185877184518371
"1657","(STRAT_mod0.01 - STRAT_mod0.3) - (STRAT_mod0.09 - STRAT_mod2.15)","Opaline/CCS",-0.142545095434014,-0.339979290715283,0.0855280599884278
"1658","(STRAT_mod0.01 - STRAT_mod0.3) - (STRAT_mod0.09 - STRAT_mod2.88)","Opaline/CCS",-0.152527348265867,-0.349650149431542,0.0367235418096591
"1659","(STRAT_mod0.01 - STRAT_mod0.3) - (STRAT_mod0.09 - STRAT_mod3.37)","Opaline/CCS",-0.0870299260215366,-0.271689980339937,0.111055127216503
"1660","(STRAT_mod0.01 - STRAT_mod0.3) - (STRAT_mod0.1 - STRAT_mod0.2)","Opaline/CCS",0.0972213026541209,-0.089316417324651,0.269511092946732
"1661","(STRAT_mod0.01 - STRAT_mod0.3) - (STRAT_mod0.1 - STRAT_mod0.3)","Opaline/CCS",-0.0232854752595749,-0.174761232327404,0.130098594735432
"1662","(STRAT_mod0.01 - STRAT_mod0.3) - (STRAT_mod0.1 - STRAT_mod0.82)","Opaline/CCS",0.0338408319648895,-0.139161813404917,0.200232519884358
"1663","(STRAT_mod0.01 - STRAT_mod0.3) - (STRAT_mod0.1 - STRAT_mod1.08)","Opaline/CCS",0.0194518943747232,-0.146750389823531,0.191973160318758
"1664","(STRAT_mod0.01 - STRAT_mod0.3) - (STRAT_mod0.1 - STRAT_mod1.44)","Opaline/CCS",0.0185307619937648,-0.149148180679082,0.192929862176046
"1665","(STRAT_mod0.01 - STRAT_mod0.3) - (STRAT_mod0.1 - STRAT_mod2.15)","Opaline/CCS",-0.113592071022626,-0.300981402353533,0.0829223108887941
"1666","(STRAT_mod0.01 - STRAT_mod0.3) - (STRAT_mod0.1 - STRAT_mod2.88)","Opaline/CCS",-0.122231138961958,-0.29156914065607,0.0490120403985976
"1667","(STRAT_mod0.01 - STRAT_mod0.3) - (STRAT_mod0.1 - STRAT_mod3.37)","Opaline/CCS",-0.0581898372004341,-0.222808523698474,0.114434916537784
"1668","(STRAT_mod0.01 - STRAT_mod0.3) - (STRAT_mod0.2 - STRAT_mod0.3)","Opaline/CCS",-0.0873222640045671,-0.235307133831071,0.0557073564970831
"1669","(STRAT_mod0.01 - STRAT_mod0.3) - (STRAT_mod0.2 - STRAT_mod0.82)","Opaline/CCS",-0.0307647600547496,-0.194243426870038,0.131011794610061
"1670","(STRAT_mod0.01 - STRAT_mod0.3) - (STRAT_mod0.2 - STRAT_mod1.08)","Opaline/CCS",-0.045399770256693,-0.206800914821169,0.116744479960481
"1671","(STRAT_mod0.01 - STRAT_mod0.3) - (STRAT_mod0.2 - STRAT_mod1.44)","Opaline/CCS",-0.045731688157296,-0.211671283124733,0.114262782178379
"1672","(STRAT_mod0.01 - STRAT_mod0.3) - (STRAT_mod0.2 - STRAT_mod2.15)","Opaline/CCS",-0.17754452507738,-0.363625393442592,0.0139389594669003
"1673","(STRAT_mod0.01 - STRAT_mod0.3) - (STRAT_mod0.2 - STRAT_mod2.88)","Opaline/CCS",-0.186825964829182,-0.355820535208444,-0.022977676253125
"1674","(STRAT_mod0.01 - STRAT_mod0.3) - (STRAT_mod0.2 - STRAT_mod3.37)","Opaline/CCS",-0.12239227824066,-0.283038309136083,0.0454667691019833
"1675","(STRAT_mod0.01 - STRAT_mod0.3) - (STRAT_mod0.3 - STRAT_mod0.82)","Opaline/CCS",0.0893802711325456,-0.0870214002651646,0.285669788086373
"1676","(STRAT_mod0.01 - STRAT_mod0.3) - (STRAT_mod0.3 - STRAT_mod1.08)","Opaline/CCS",0.073739642200087,-0.103265873382156,0.268116625608969
"1677","(STRAT_mod0.01 - STRAT_mod0.3) - (STRAT_mod0.3 - STRAT_mod1.44)","Opaline/CCS",0.0740969109635435,-0.1071660441081,0.263600230184602
"1678","(STRAT_mod0.01 - STRAT_mod0.3) - (STRAT_mod0.3 - STRAT_mod2.15)","Opaline/CCS",-0.0576321191668796,-0.262807698980467,0.151316346574036
"1679","(STRAT_mod0.01 - STRAT_mod0.3) - (STRAT_mod0.3 - STRAT_mod2.88)","Opaline/CCS",-0.0674607223331442,-0.248456674904256,0.124746052902423
"1680","(STRAT_mod0.01 - STRAT_mod0.3) - (STRAT_mod0.3 - STRAT_mod3.37)","Opaline/CCS",-0.00240078696132928,-0.176390707018252,0.196366439823596
"1681","(STRAT_mod0.01 - STRAT_mod0.3) - (STRAT_mod0.82 - STRAT_mod1.08)","Opaline/CCS",0.0168686772237013,-0.13003609981143,0.183594156600332
"1682","(STRAT_mod0.01 - STRAT_mod0.3) - (STRAT_mod0.82 - STRAT_mod1.44)","Opaline/CCS",0.0158548943399176,-0.133012681385052,0.178275620123137
"1683","(STRAT_mod0.01 - STRAT_mod0.3) - (STRAT_mod0.82 - STRAT_mod2.15)","Opaline/CCS",-0.113215202510943,-0.297299486997505,0.0678212696282437
"1684","(STRAT_mod0.01 - STRAT_mod0.3) - (STRAT_mod0.82 - STRAT_mod2.88)","Opaline/CCS",-0.1242911471741,-0.278697876966797,0.0377707690727758
"1685","(STRAT_mod0.01 - STRAT_mod0.3) - (STRAT_mod0.82 - STRAT_mod3.37)","Opaline/CCS",-0.0601910928905577,-0.21280422308048,0.0991852571622696
"1686","(STRAT_mod0.01 - STRAT_mod0.3) - (STRAT_mod1.08 - STRAT_mod1.44)","Opaline/CCS",0.0310535581334503,-0.121160184300723,0.190980388928137
"1687","(STRAT_mod0.01 - STRAT_mod0.3) - (STRAT_mod1.08 - STRAT_mod2.15)","Opaline/CCS",-0.0998738465727528,-0.287157350241372,0.0731893028504648
"1688","(STRAT_mod0.01 - STRAT_mod0.3) - (STRAT_mod1.08 - STRAT_mod2.88)","Opaline/CCS",-0.110024857084504,-0.259788563789808,0.0570315509699315
"1689","(STRAT_mod0.01 - STRAT_mod0.3) - (STRAT_mod1.08 - STRAT_mod3.37)","Opaline/CCS",-0.04498131434829,-0.194970139502466,0.117327034350893
"1690","(STRAT_mod0.01 - STRAT_mod0.3) - (STRAT_mod1.44 - STRAT_mod2.15)","Opaline/CCS",-0.0993086981283216,-0.277251661413057,0.0894302987569561
"1691","(STRAT_mod0.01 - STRAT_mod0.3) - (STRAT_mod1.44 - STRAT_mod2.88)","Opaline/CCS",-0.109114459721212,-0.263583051456636,0.0571516949199312
"1692","(STRAT_mod0.01 - STRAT_mod0.3) - (STRAT_mod1.44 - STRAT_mod3.37)","Opaline/CCS",-0.0442216194758081,-0.199294836196522,0.11647033445572
"1693","(STRAT_mod0.01 - STRAT_mod0.3) - (STRAT_mod2.15 - STRAT_mod2.88)","Opaline/CCS",0.0237982267392734,-0.160179459336495,0.205588818619457
"1694","(STRAT_mod0.01 - STRAT_mod0.3) - (STRAT_mod2.15 - STRAT_mod3.37)","Opaline/CCS",0.0884171487784228,-0.0850187027771073,0.274785366718729
"1695","(STRAT_mod0.01 - STRAT_mod0.3) - (STRAT_mod2.88 - STRAT_mod3.37)","Opaline/CCS",0.0970771168517921,-0.057895417346039,0.255218639460403
"1696","(STRAT_mod0.01 - STRAT_mod0.82) - (STRAT_mod0.01 - STRAT_mod1.08)","Opaline/CCS",-0.0158013063543832,-0.0706403799176737,0.0432492763322258
"1697","(STRAT_mod0.01 - STRAT_mod0.82) - (STRAT_mod0.01 - STRAT_mod1.44)","Opaline/CCS",-0.0154449717742903,-0.0707438220893903,0.0491464938251067
"1698","(STRAT_mod0.01 - STRAT_mod0.82) - (STRAT_mod0.01 - STRAT_mod2.15)","Opaline/CCS",-0.148243409597541,-0.25200919656362,-0.0399990266308055
"1699","(STRAT_mod0.01 - STRAT_mod0.82) - (STRAT_mod0.01 - STRAT_mod2.88)","Opaline/CCS",-0.157046469948761,-0.217883472614933,-0.0967255268680755
"1700","(STRAT_mod0.01 - STRAT_mod0.82) - (STRAT_mod0.01 - STRAT_mod3.37)","Opaline/CCS",-0.0918563015198717,-0.146684411669241,-0.0356047747604847
"1701","(STRAT_mod0.01 - STRAT_mod0.82) - (STRAT_mod0.09 - STRAT_mod0.1)","Opaline/CCS",-0.0549039843527855,-0.255316006947596,0.140981980302842
"1702","(STRAT_mod0.01 - STRAT_mod0.82) - (STRAT_mod0.09 - STRAT_mod0.2)","Opaline/CCS",0.0105023655319764,-0.185318297989238,0.20490293193419
"1703","(STRAT_mod0.01 - STRAT_mod0.82) - (STRAT_mod0.09 - STRAT_mod0.3)","Opaline/CCS",-0.110703514059499,-0.305678121839727,0.0811678661359468
"1704","(STRAT_mod0.01 - STRAT_mod0.82) - (STRAT_mod0.09 - STRAT_mod0.82)","Opaline/CCS",-0.0536323983392649,-0.238339338428287,0.119013128229621
"1705","(STRAT_mod0.01 - STRAT_mod0.82) - (STRAT_mod0.09 - STRAT_mod1.08)","Opaline/CCS",-0.0680529316446161,-0.251011910343306,0.122780229524564
"1706","(STRAT_mod0.01 - STRAT_mod0.82) - (STRAT_mod0.09 - STRAT_mod1.44)","Opaline/CCS",-0.0683328189942035,-0.250720581166455,0.124404758194731
"1707","(STRAT_mod0.01 - STRAT_mod0.82) - (STRAT_mod0.09 - STRAT_mod2.15)","Opaline/CCS",-0.201372938750851,-0.394793847681949,0.0199002374180972
"1708","(STRAT_mod0.01 - STRAT_mod0.82) - (STRAT_mod0.09 - STRAT_mod2.88)","Opaline/CCS",-0.209025060742292,-0.401534012693321,-0.0283035493657164
"1709","(STRAT_mod0.01 - STRAT_mod0.82) - (STRAT_mod0.09 - STRAT_mod3.37)","Opaline/CCS",-0.145296482578518,-0.321514470057816,0.0529902878963719
"1710","(STRAT_mod0.01 - STRAT_mod0.82) - (STRAT_mod0.1 - STRAT_mod0.2)","Opaline/CCS",0.0416962899010808,-0.135346659187602,0.211584970374744
"1711","(STRAT_mod0.01 - STRAT_mod0.82) - (STRAT_mod0.1 - STRAT_mod0.3)","Opaline/CCS",-0.0794630109973789,-0.251377519773679,0.0927622111217646
"1712","(STRAT_mod0.01 - STRAT_mod0.82) - (STRAT_mod0.1 - STRAT_mod0.82)","Opaline/CCS",-0.0232854752595749,-0.174761232327404,0.130098594735432
"1713","(STRAT_mod0.01 - STRAT_mod0.82) - (STRAT_mod0.1 - STRAT_mod1.08)","Opaline/CCS",-0.0385312056510533,-0.205413093987059,0.121010161005032
"1714","(STRAT_mod0.01 - STRAT_mod0.82) - (STRAT_mod0.1 - STRAT_mod1.44)","Opaline/CCS",-0.039114847746343,-0.206216100792848,0.124112450872765
"1715","(STRAT_mod0.01 - STRAT_mod0.82) - (STRAT_mod0.1 - STRAT_mod2.15)","Opaline/CCS",-0.170102372591607,-0.359373461391475,0.0132306404795751
"1716","(STRAT_mod0.01 - STRAT_mod0.82) - (STRAT_mod0.1 - STRAT_mod2.88)","Opaline/CCS",-0.179299380562613,-0.346371707656364,-0.0160143919746988
"1717","(STRAT_mod0.01 - STRAT_mod0.82) - (STRAT_mod0.1 - STRAT_mod3.37)","Opaline/CCS",-0.114248550719006,-0.275676562692164,0.0514478244845717
"1718","(STRAT_mod0.01 - STRAT_mod0.82) - (STRAT_mod0.2 - STRAT_mod0.3)","Opaline/CCS",-0.144968018141243,-0.3039826266805,0.0257959381142759
"1719","(STRAT_mod0.01 - STRAT_mod0.82) - (STRAT_mod0.2 - STRAT_mod0.82)","Opaline/CCS",-0.0873222640045671,-0.235307133831071,0.0557073564970831
"1720","(STRAT_mod0.01 - STRAT_mod0.82) - (STRAT_mod0.2 - STRAT_mod1.08)","Opaline/CCS",-0.102902259858007,-0.264065185262531,0.0489521226612063
"1721","(STRAT_mod0.01 - STRAT_mod0.82) - (STRAT_mod0.2 - STRAT_mod1.44)","Opaline/CCS",-0.102603651109271,-0.273183602699577,0.0421000831713946
"1722","(STRAT_mod0.01 - STRAT_mod0.82) - (STRAT_mod0.2 - STRAT_mod2.15)","Opaline/CCS",-0.236632298343811,-0.41537346293681,-0.053193687895944
"1723","(STRAT_mod0.01 - STRAT_mod0.82) - (STRAT_mod0.2 - STRAT_mod2.88)","Opaline/CCS",-0.243828256270603,-0.408799057013227,-0.0931600207046598
"1724","(STRAT_mod0.01 - STRAT_mod0.82) - (STRAT_mod0.2 - STRAT_mod3.37)","Opaline/CCS",-0.17877801771165,-0.336898124560512,-0.0237240262501997
"1725","(STRAT_mod0.01 - STRAT_mod0.82) - (STRAT_mod0.3 - STRAT_mod0.82)","Opaline/CCS",0.0309077998671198,-0.110943434105978,0.180439855426986
"1726","(STRAT_mod0.01 - STRAT_mod0.82) - (STRAT_mod0.3 - STRAT_mod1.08)","Opaline/CCS",0.0168686772237013,-0.13003609981143,0.183594156600332
"1727","(STRAT_mod0.01 - STRAT_mod0.82) - (STRAT_mod0.3 - STRAT_mod1.44)","Opaline/CCS",0.0158548943399176,-0.133012681385052,0.178275620123137
"1728","(STRAT_mod0.01 - STRAT_mod0.82) - (STRAT_mod0.3 - STRAT_mod2.15)","Opaline/CCS",-0.113215202510943,-0.297299486997505,0.0678212696282437
"1729","(STRAT_mod0.01 - STRAT_mod0.82) - (STRAT_mod0.3 - STRAT_mod2.88)","Opaline/CCS",-0.1242911471741,-0.278697876966797,0.0377707690727758
"1730","(STRAT_mod0.01 - STRAT_mod0.82) - (STRAT_mod0.3 - STRAT_mod3.37)","Opaline/CCS",-0.0601910928905577,-0.21280422308048,0.0991852571622696
"1731","(STRAT_mod0.01 - STRAT_mod0.82) - (STRAT_mod0.82 - STRAT_mod1.08)","Opaline/CCS",-0.0391547960815019,-0.195256478926647,0.12464771470812
"1732","(STRAT_mod0.01 - STRAT_mod0.82) - (STRAT_mod0.82 - STRAT_mod1.44)","Opaline/CCS",-0.0393865582053699,-0.210193357704031,0.113135544322851
"1733","(STRAT_mod0.01 - STRAT_mod0.82) - (STRAT_mod0.82 - STRAT_mod2.15)","Opaline/CCS",-0.171026918187566,-0.357255676804066,0.0115773719677491
"1734","(STRAT_mod0.01 - STRAT_mod0.82) - (STRAT_mod0.82 - STRAT_mod2.88)","Opaline/CCS",-0.181695186117669,-0.341904339950812,-0.0211566212672943
"1735","(STRAT_mod0.01 - STRAT_mod0.82) - (STRAT_mod0.82 - STRAT_mod3.37)","Opaline/CCS",-0.116799667469257,-0.282407214005457,0.039396233703656
"1736","(STRAT_mod0.01 - STRAT_mod0.82) - (STRAT_mod1.08 - STRAT_mod1.44)","Opaline/CCS",-0.0255632052772873,-0.17099012684178,0.131538210159031
"1737","(STRAT_mod0.01 - STRAT_mod0.82) - (STRAT_mod1.08 - STRAT_mod2.15)","Opaline/CCS",-0.158004088106415,-0.344737784212211,0.00709676256500896
"1738","(STRAT_mod0.01 - STRAT_mod0.82) - (STRAT_mod1.08 - STRAT_mod2.88)","Opaline/CCS",-0.166816247125197,-0.312717578713852,-0.0105912064529847
"1739","(STRAT_mod0.01 - STRAT_mod0.82) - (STRAT_mod1.08 - STRAT_mod3.37)","Opaline/CCS",-0.101764393386912,-0.25115763545683,0.047885453047569
"1740","(STRAT_mod0.01 - STRAT_mod0.82) - (STRAT_mod1.44 - STRAT_mod2.15)","Opaline/CCS",-0.156494479091206,-0.325840890839748,0.0260787593276445
"1741","(STRAT_mod0.01 - STRAT_mod0.82) - (STRAT_mod1.44 - STRAT_mod2.88)","Opaline/CCS",-0.165940682509815,-0.31211326541568,-0.00903756244474857
"1742","(STRAT_mod0.01 - STRAT_mod0.82) - (STRAT_mod1.44 - STRAT_mod3.37)","Opaline/CCS",-0.100904354972541,-0.253175899265091,0.046265711105089
"1743","(STRAT_mod0.01 - STRAT_mod0.82) - (STRAT_mod2.15 - STRAT_mod2.88)","Opaline/CCS",-0.0333943021619766,-0.212636588583296,0.141618732749125
"1744","(STRAT_mod0.01 - STRAT_mod0.82) - (STRAT_mod2.15 - STRAT_mod3.37)","Opaline/CCS",0.0314971050254578,-0.139117778311459,0.208056931896161
"1745","(STRAT_mod0.01 - STRAT_mod0.82) - (STRAT_mod2.88 - STRAT_mod3.37)","Opaline/CCS",0.0398361628442249,-0.107401717324061,0.193544722086554
"1746","(STRAT_mod0.01 - STRAT_mod1.08) - (STRAT_mod0.01 - STRAT_mod1.44)","Opaline/CCS",0.000573472753758519,-0.0600679424231895,0.0607610343699505
"1747","(STRAT_mod0.01 - STRAT_mod1.08) - (STRAT_mod0.01 - STRAT_mod2.15)","Opaline/CCS",-0.132776261348623,-0.237083223238233,-0.0243585413811601
"1748","(STRAT_mod0.01 - STRAT_mod1.08) - (STRAT_mod0.01 - STRAT_mod2.88)","Opaline/CCS",-0.14109894382744,-0.199757482169247,-0.0768733168869054
"1749","(STRAT_mod0.01 - STRAT_mod1.08) - (STRAT_mod0.01 - STRAT_mod3.37)","Opaline/CCS",-0.0764569020154378,-0.134267388775454,-0.020346338740895
"1750","(STRAT_mod0.01 - STRAT_mod1.08) - (STRAT_mod0.09 - STRAT_mod0.1)","Opaline/CCS",-0.0403114415144213,-0.232066250047519,0.166230024826952
"1751","(STRAT_mod0.01 - STRAT_mod1.08) - (STRAT_mod0.09 - STRAT_mod0.2)","Opaline/CCS",0.0261194358067645,-0.165369586294167,0.2219915716566
"1752","(STRAT_mod0.01 - STRAT_mod1.08) - (STRAT_mod0.09 - STRAT_mod0.3)","Opaline/CCS",-0.0950403585478739,-0.295039482539077,0.0917394030092707
"1753","(STRAT_mod0.01 - STRAT_mod1.08) - (STRAT_mod0.09 - STRAT_mod0.82)","Opaline/CCS",-0.0370621940195006,-0.22892360980976,0.14687161367642
"1754","(STRAT_mod0.01 - STRAT_mod1.08) - (STRAT_mod0.09 - STRAT_mod1.08)","Opaline/CCS",-0.0536323983392649,-0.238339338428287,0.119013128229621
"1755","(STRAT_mod0.01 - STRAT_mod1.08) - (STRAT_mod0.09 - STRAT_mod1.44)","Opaline/CCS",-0.0522626758834841,-0.241236467421796,0.132819736592807
"1756","(STRAT_mod0.01 - STRAT_mod1.08) - (STRAT_mod0.09 - STRAT_mod2.15)","Opaline/CCS",-0.184968806682176,-0.392897004045102,0.0229323044993958
"1757","(STRAT_mod0.01 - STRAT_mod1.08) - (STRAT_mod0.09 - STRAT_mod2.88)","Opaline/CCS",-0.193171480280455,-0.388040331487373,-0.0138046764958988
"1758","(STRAT_mod0.01 - STRAT_mod1.08) - (STRAT_mod0.09 - STRAT_mod3.37)","Opaline/CCS",-0.128439886720163,-0.310793471790715,0.0618269241170809
"1759","(STRAT_mod0.01 - STRAT_mod1.08) - (STRAT_mod0.1 - STRAT_mod0.2)","Opaline/CCS",0.0574114144825071,-0.115218894323648,0.230462412121909
"1760","(STRAT_mod0.01 - STRAT_mod1.08) - (STRAT_mod0.1 - STRAT_mod0.3)","Opaline/CCS",-0.0638100976520973,-0.233290984742119,0.116122241910703
"1761","(STRAT_mod0.01 - STRAT_mod1.08) - (STRAT_mod0.1 - STRAT_mod0.82)","Opaline/CCS",-0.00718644070683372,-0.17481325737214,0.153661723772695
"1762","(STRAT_mod0.01 - STRAT_mod1.08) - (STRAT_mod0.1 - STRAT_mod1.08)","Opaline/CCS",-0.0232854752595749,-0.174761232327404,0.130098594735432
"1763","(STRAT_mod0.01 - STRAT_mod1.08) - (STRAT_mod0.1 - STRAT_mod1.44)","Opaline/CCS",-0.0225638796814088,-0.183302100475394,0.14897259696188
"1764","(STRAT_mod0.01 - STRAT_mod1.08) - (STRAT_mod0.1 - STRAT_mod2.15)","Opaline/CCS",-0.154306622855219,-0.345603310417997,0.0267588211577834
"1765","(STRAT_mod0.01 - STRAT_mod1.08) - (STRAT_mod0.1 - STRAT_mod2.88)","Opaline/CCS",-0.164135604189517,-0.324958997826643,0.0081263028651497
"1766","(STRAT_mod0.01 - STRAT_mod1.08) - (STRAT_mod0.1 - STRAT_mod3.37)","Opaline/CCS",-0.0976419352027101,-0.259477745061648,0.0691375152710614
"1767","(STRAT_mod0.01 - STRAT_mod1.08) - (STRAT_mod0.2 - STRAT_mod0.3)","Opaline/CCS",-0.128755488628529,-0.299713530011945,0.0311269705423595
"1768","(STRAT_mod0.01 - STRAT_mod1.08) - (STRAT_mod0.2 - STRAT_mod0.82)","Opaline/CCS",-0.0725004306298492,-0.225441901234942,0.0915131643296268
"1769","(STRAT_mod0.01 - STRAT_mod1.08) - (STRAT_mod0.2 - STRAT_mod1.08)","Opaline/CCS",-0.0873222640045671,-0.235307133831071,0.0557073564970831
"1770","(STRAT_mod0.01 - STRAT_mod1.08) - (STRAT_mod0.2 - STRAT_mod1.44)","Opaline/CCS",-0.0880664875896406,-0.247092481317419,0.0717196117579463
"1771","(STRAT_mod0.01 - STRAT_mod1.08) - (STRAT_mod0.2 - STRAT_mod2.15)","Opaline/CCS",-0.220544668523052,-0.398908881243455,-0.0346430291032883
"1772","(STRAT_mod0.01 - STRAT_mod1.08) - (STRAT_mod0.2 - STRAT_mod2.88)","Opaline/CCS",-0.229053302443276,-0.393557259338546,-0.0723722697617381
"1773","(STRAT_mod0.01 - STRAT_mod1.08) - (STRAT_mod0.2 - STRAT_mod3.37)","Opaline/CCS",-0.163440424148006,-0.319475903387096,-0.00494939203179334
"1774","(STRAT_mod0.01 - STRAT_mod1.08) - (STRAT_mod0.3 - STRAT_mod0.82)","Opaline/CCS",0.0473916129855428,-0.107745259024649,0.208051381512893
"1775","(STRAT_mod0.01 - STRAT_mod1.08) - (STRAT_mod0.3 - STRAT_mod1.08)","Opaline/CCS",0.0309077998671198,-0.110943434105978,0.180439855426986
"1776","(STRAT_mod0.01 - STRAT_mod1.08) - (STRAT_mod0.3 - STRAT_mod1.44)","Opaline/CCS",0.0310535581334503,-0.121160184300723,0.190980388928137
"1777","(STRAT_mod0.01 - STRAT_mod1.08) - (STRAT_mod0.3 - STRAT_mod2.15)","Opaline/CCS",-0.0998738465727528,-0.287157350241372,0.0731893028504648
"1778","(STRAT_mod0.01 - STRAT_mod1.08) - (STRAT_mod0.3 - STRAT_mod2.88)","Opaline/CCS",-0.110024857084504,-0.259788563789808,0.0570315509699315
"1779","(STRAT_mod0.01 - STRAT_mod1.08) - (STRAT_mod0.3 - STRAT_mod3.37)","Opaline/CCS",-0.04498131434829,-0.194970139502466,0.117327034350893
"1780","(STRAT_mod0.01 - STRAT_mod1.08) - (STRAT_mod0.82 - STRAT_mod1.08)","Opaline/CCS",-0.024855192896494,-0.157294204505202,0.118246702015278
"1781","(STRAT_mod0.01 - STRAT_mod1.08) - (STRAT_mod0.82 - STRAT_mod1.44)","Opaline/CCS",-0.0255632052772873,-0.17099012684178,0.131538210159031
"1782","(STRAT_mod0.01 - STRAT_mod1.08) - (STRAT_mod0.82 - STRAT_mod2.15)","Opaline/CCS",-0.158004088106415,-0.344737784212211,0.00709676256500896
"1783","(STRAT_mod0.01 - STRAT_mod1.08) - (STRAT_mod0.82 - STRAT_mod2.88)","Opaline/CCS",-0.166816247125197,-0.312717578713852,-0.0105912064529847
"1784","(STRAT_mod0.01 - STRAT_mod1.08) - (STRAT_mod0.82 - STRAT_mod3.37)","Opaline/CCS",-0.101764393386912,-0.25115763545683,0.047885453047569
"1785","(STRAT_mod0.01 - STRAT_mod1.08) - (STRAT_mod1.08 - STRAT_mod1.44)","Opaline/CCS",-0.0100597290541679,-0.173537758009438,0.151991311861245
"1786","(STRAT_mod0.01 - STRAT_mod1.08) - (STRAT_mod1.08 - STRAT_mod2.15)","Opaline/CCS",-0.140872165141401,-0.328632138170348,0.0409139203996277
"1787","(STRAT_mod0.01 - STRAT_mod1.08) - (STRAT_mod1.08 - STRAT_mod2.88)","Opaline/CCS",-0.151869624170817,-0.308663145528995,0.0187719284861773
"1788","(STRAT_mod0.01 - STRAT_mod1.08) - (STRAT_mod1.08 - STRAT_mod3.37)","Opaline/CCS",-0.0870170378432082,-0.254341908037169,0.0687478856770888
"1789","(STRAT_mod0.01 - STRAT_mod1.08) - (STRAT_mod1.44 - STRAT_mod2.15)","Opaline/CCS",-0.142008230472197,-0.31901904512976,0.0368685028905389
"1790","(STRAT_mod0.01 - STRAT_mod1.08) - (STRAT_mod1.44 - STRAT_mod2.88)","Opaline/CCS",-0.151138139388961,-0.310594921650272,-0.0028010951278124
"1791","(STRAT_mod0.01 - STRAT_mod1.08) - (STRAT_mod1.44 - STRAT_mod3.37)","Opaline/CCS",-0.0861676513506732,-0.241507815005597,0.0595616866592382
"1792","(STRAT_mod0.01 - STRAT_mod1.08) - (STRAT_mod2.15 - STRAT_mod2.88)","Opaline/CCS",-0.0186462672316993,-0.189714461736484,0.16394352819806
"1793","(STRAT_mod0.01 - STRAT_mod1.08) - (STRAT_mod2.15 - STRAT_mod3.37)","Opaline/CCS",0.0474073010480439,-0.124717655171444,0.223231490294534
"1794","(STRAT_mod0.01 - STRAT_mod1.08) - (STRAT_mod2.88 - STRAT_mod3.37)","Opaline/CCS",0.0556146494336376,-0.0906166762508251,0.207173188347191
"1795","(STRAT_mod0.01 - STRAT_mod1.44) - (STRAT_mod0.01 - STRAT_mod2.15)","Opaline/CCS",-0.132854811995067,-0.241400795228089,-0.026750213222223
"1796","(STRAT_mod0.01 - STRAT_mod1.44) - (STRAT_mod0.01 - STRAT_mod2.88)","Opaline/CCS",-0.141670010973191,-0.203367296796693,-0.0767630365054005
"1797","(STRAT_mod0.01 - STRAT_mod1.44) - (STRAT_mod0.01 - STRAT_mod3.37)","Opaline/CCS",-0.0762861216218257,-0.133994515034564,-0.0158684936827709
"1798","(STRAT_mod0.01 - STRAT_mod1.44) - (STRAT_mod0.09 - STRAT_mod0.1)","Opaline/CCS",-0.0394665068911414,-0.231408153939414,0.171134461445615
"1799","(STRAT_mod0.01 - STRAT_mod1.44) - (STRAT_mod0.09 - STRAT_mod0.2)","Opaline/CCS",0.0265728970319961,-0.172841767603734,0.221113558613801
"1800","(STRAT_mod0.01 - STRAT_mod1.44) - (STRAT_mod0.09 - STRAT_mod0.3)","Opaline/CCS",-0.0950194996149726,-0.287983740646101,0.100105638270873
"1801","(STRAT_mod0.01 - STRAT_mod1.44) - (STRAT_mod0.09 - STRAT_mod0.82)","Opaline/CCS",-0.0378103539292171,-0.225030626284239,0.154161249138692
"1802","(STRAT_mod0.01 - STRAT_mod1.44) - (STRAT_mod0.09 - STRAT_mod1.08)","Opaline/CCS",-0.0540771168254417,-0.237182765745342,0.137900422965885
"1803","(STRAT_mod0.01 - STRAT_mod1.44) - (STRAT_mod0.09 - STRAT_mod1.44)","Opaline/CCS",-0.0536323983392649,-0.238339338428287,0.119013128229621
"1804","(STRAT_mod0.01 - STRAT_mod1.44) - (STRAT_mod0.09 - STRAT_mod2.15)","Opaline/CCS",-0.185709525276712,-0.387105114006623,0.0279539532807759
"1805","(STRAT_mod0.01 - STRAT_mod1.44) - (STRAT_mod0.09 - STRAT_mod2.88)","Opaline/CCS",-0.192511252645178,-0.38338661430311,-0.0064615979495059
"1806","(STRAT_mod0.01 - STRAT_mod1.44) - (STRAT_mod0.09 - STRAT_mod3.37)","Opaline/CCS",-0.12891757437941,-0.328625776886318,0.0482703938822676
"1807","(STRAT_mod0.01 - STRAT_mod1.44) - (STRAT_mod0.1 - STRAT_mod0.2)","Opaline/CCS",0.0562801113404728,-0.121429550828056,0.224661647707741
"1808","(STRAT_mod0.01 - STRAT_mod1.44) - (STRAT_mod0.1 - STRAT_mod0.3)","Opaline/CCS",-0.0646078283113461,-0.240212455083971,0.106393701512418
"1809","(STRAT_mod0.01 - STRAT_mod1.44) - (STRAT_mod0.1 - STRAT_mod0.82)","Opaline/CCS",-0.0078181320269852,-0.164592883156951,0.1624328600608
"1810","(STRAT_mod0.01 - STRAT_mod1.44) - (STRAT_mod0.1 - STRAT_mod1.08)","Opaline/CCS",-0.0237204376870082,-0.180896237962612,0.146145808974127
"1811","(STRAT_mod0.01 - STRAT_mod1.44) - (STRAT_mod0.1 - STRAT_mod1.44)","Opaline/CCS",-0.0232854752595749,-0.174761232327404,0.130098594735432
"1812","(STRAT_mod0.01 - STRAT_mod1.44) - (STRAT_mod0.1 - STRAT_mod2.15)","Opaline/CCS",-0.154945496110295,-0.344763817194303,0.0285903773497151
"1813","(STRAT_mod0.01 - STRAT_mod1.44) - (STRAT_mod0.1 - STRAT_mod2.88)","Opaline/CCS",-0.16467085920048,-0.320713156041452,0.0117091674839258
"1814","(STRAT_mod0.01 - STRAT_mod1.44) - (STRAT_mod0.1 - STRAT_mod3.37)","Opaline/CCS",-0.0996910215526683,-0.259652231724671,0.0685068476758428
"1815","(STRAT_mod0.01 - STRAT_mod1.44) - (STRAT_mod0.2 - STRAT_mod0.3)","Opaline/CCS",-0.129423690233152,-0.291989677854467,0.0377313744418481
"1816","(STRAT_mod0.01 - STRAT_mod1.44) - (STRAT_mod0.2 - STRAT_mod0.82)","Opaline/CCS",-0.0723420666189891,-0.226529800008658,0.0893276876580045
"1817","(STRAT_mod0.01 - STRAT_mod1.44) - (STRAT_mod0.2 - STRAT_mod1.08)","Opaline/CCS",-0.0873189836515093,-0.247335174054713,0.0661387846768074
"1818","(STRAT_mod0.01 - STRAT_mod1.44) - (STRAT_mod0.2 - STRAT_mod1.44)","Opaline/CCS",-0.0873222640045671,-0.235307133831071,0.0557073564970831
"1819","(STRAT_mod0.01 - STRAT_mod1.44) - (STRAT_mod0.2 - STRAT_mod2.15)","Opaline/CCS",-0.220843658209871,-0.406751478716412,-0.0386035713427225
"1820","(STRAT_mod0.01 - STRAT_mod1.44) - (STRAT_mod0.2 - STRAT_mod2.88)","Opaline/CCS",-0.228981918419942,-0.391337475171927,-0.0721294433885376
"1821","(STRAT_mod0.01 - STRAT_mod1.44) - (STRAT_mod0.2 - STRAT_mod3.37)","Opaline/CCS",-0.162737203911054,-0.316596177733173,-0.00223738191310957
"1822","(STRAT_mod0.01 - STRAT_mod1.44) - (STRAT_mod0.3 - STRAT_mod0.82)","Opaline/CCS",0.0476954879014281,-0.109411794101804,0.205554793519798
"1823","(STRAT_mod0.01 - STRAT_mod1.44) - (STRAT_mod0.3 - STRAT_mod1.08)","Opaline/CCS",0.0323756092629958,-0.133269625520263,0.183717082616776
"1824","(STRAT_mod0.01 - STRAT_mod1.44) - (STRAT_mod0.3 - STRAT_mod1.44)","Opaline/CCS",0.0309077998671198,-0.110943434105978,0.180439855426986
"1825","(STRAT_mod0.01 - STRAT_mod1.44) - (STRAT_mod0.3 - STRAT_mod2.15)","Opaline/CCS",-0.0993086981283216,-0.277251661413057,0.0894302987569561
"1826","(STRAT_mod0.01 - STRAT_mod1.44) - (STRAT_mod0.3 - STRAT_mod2.88)","Opaline/CCS",-0.109114459721212,-0.263583051456636,0.0571516949199312
"1827","(STRAT_mod0.01 - STRAT_mod1.44) - (STRAT_mod0.3 - STRAT_mod3.37)","Opaline/CCS",-0.0442216194758081,-0.199294836196522,0.11647033445572
"1828","(STRAT_mod0.01 - STRAT_mod1.44) - (STRAT_mod0.82 - STRAT_mod1.08)","Opaline/CCS",-0.0251882475100275,-0.177048444449014,0.124360982094143
"1829","(STRAT_mod0.01 - STRAT_mod1.44) - (STRAT_mod0.82 - STRAT_mod1.44)","Opaline/CCS",-0.024855192896494,-0.157294204505202,0.118246702015278
"1830","(STRAT_mod0.01 - STRAT_mod1.44) - (STRAT_mod0.82 - STRAT_mod2.15)","Opaline/CCS",-0.156494479091206,-0.325840890839748,0.0260787593276445
"1831","(STRAT_mod0.01 - STRAT_mod1.44) - (STRAT_mod0.82 - STRAT_mod2.88)","Opaline/CCS",-0.165940682509815,-0.31211326541568,-0.00903756244474857
"1832","(STRAT_mod0.01 - STRAT_mod1.44) - (STRAT_mod0.82 - STRAT_mod3.37)","Opaline/CCS",-0.100904354972541,-0.253175899265091,0.046265711105089
"1833","(STRAT_mod0.01 - STRAT_mod1.44) - (STRAT_mod1.08 - STRAT_mod1.44)","Opaline/CCS",-0.0104816514179714,-0.148034213775862,0.129054768238011
"1834","(STRAT_mod0.01 - STRAT_mod1.44) - (STRAT_mod1.08 - STRAT_mod2.15)","Opaline/CCS",-0.142008230472197,-0.31901904512976,0.0368685028905389
"1835","(STRAT_mod0.01 - STRAT_mod1.44) - (STRAT_mod1.08 - STRAT_mod2.88)","Opaline/CCS",-0.151138139388961,-0.310594921650272,-0.0028010951278124
"1836","(STRAT_mod0.01 - STRAT_mod1.44) - (STRAT_mod1.08 - STRAT_mod3.37)","Opaline/CCS",-0.0861676513506732,-0.241507815005597,0.0595616866592382
"1837","(STRAT_mod0.01 - STRAT_mod1.44) - (STRAT_mod1.44 - STRAT_mod2.15)","Opaline/CCS",-0.142620796667046,-0.325863996100632,0.0474724413218626
"1838","(STRAT_mod0.01 - STRAT_mod1.44) - (STRAT_mod1.44 - STRAT_mod2.88)","Opaline/CCS",-0.150340149610378,-0.322861986571006,0.00986025010169667
"1839","(STRAT_mod0.01 - STRAT_mod1.44) - (STRAT_mod1.44 - STRAT_mod3.37)","Opaline/CCS",-0.0852969543059935,-0.248493648998905,0.0776747703204866
"1840","(STRAT_mod0.01 - STRAT_mod1.44) - (STRAT_mod2.15 - STRAT_mod2.88)","Opaline/CCS",-0.0188262059829546,-0.202545874328049,0.151260414601145
"1841","(STRAT_mod0.01 - STRAT_mod1.44) - (STRAT_mod2.15 - STRAT_mod3.37)","Opaline/CCS",0.0464810508902284,-0.123722291440009,0.222608320074719
"1842","(STRAT_mod0.01 - STRAT_mod1.44) - (STRAT_mod2.88 - STRAT_mod3.37)","Opaline/CCS",0.0556194674451993,-0.0970853174619336,0.202562127098247
"1843","(STRAT_mod0.01 - STRAT_mod2.15) - (STRAT_mod0.01 - STRAT_mod2.88)","Opaline/CCS",-0.0080655923816377,-0.121483832572253,0.0959821041571146
"1844","(STRAT_mod0.01 - STRAT_mod2.15) - (STRAT_mod0.01 - STRAT_mod3.37)","Opaline/CCS",0.0569698880961579,-0.049598048786514,0.159284546881346
"1845","(STRAT_mod0.01 - STRAT_mod2.15) - (STRAT_mod0.09 - STRAT_mod0.1)","Opaline/CCS",0.0930081674401411,-0.137905360306266,0.301293391082764
"1846","(STRAT_mod0.01 - STRAT_mod2.15) - (STRAT_mod0.09 - STRAT_mod0.2)","Opaline/CCS",0.16024119913318,-0.0464900126247075,0.384013078412623
"1847","(STRAT_mod0.01 - STRAT_mod2.15) - (STRAT_mod0.09 - STRAT_mod0.3)","Opaline/CCS",0.0368260451192919,-0.175691929096447,0.252158089684289
"1848","(STRAT_mod0.01 - STRAT_mod2.15) - (STRAT_mod0.09 - STRAT_mod0.82)","Opaline/CCS",0.0971199675747499,-0.104897664439716,0.313029085539773
"1849","(STRAT_mod0.01 - STRAT_mod2.15) - (STRAT_mod0.09 - STRAT_mod1.08)","Opaline/CCS",0.081870416810775,-0.125296269532156,0.293879750282766
"1850","(STRAT_mod0.01 - STRAT_mod2.15) - (STRAT_mod0.09 - STRAT_mod1.44)","Opaline/CCS",0.0805105381159448,-0.13273516049641,0.286036265012428
"1851","(STRAT_mod0.01 - STRAT_mod2.15) - (STRAT_mod0.09 - STRAT_mod2.15)","Opaline/CCS",-0.0536323983392649,-0.238339338428287,0.119013128229621
"1852","(STRAT_mod0.01 - STRAT_mod2.15) - (STRAT_mod0.09 - STRAT_mod2.88)","Opaline/CCS",-0.0619703125520142,-0.27260024606514,0.147255824455207
"1853","(STRAT_mod0.01 - STRAT_mod2.15) - (STRAT_mod0.09 - STRAT_mod3.37)","Opaline/CCS",0.00415972701741404,-0.207733728676659,0.211029062629999
"1854","(STRAT_mod0.01 - STRAT_mod2.15) - (STRAT_mod0.1 - STRAT_mod0.2)","Opaline/CCS",0.189045445639205,-0.0143771871461202,0.376304998800645
"1855","(STRAT_mod0.01 - STRAT_mod2.15) - (STRAT_mod0.1 - STRAT_mod0.3)","Opaline/CCS",0.0674208097597796,-0.121644923027456,0.2666527629152
"1856","(STRAT_mod0.01 - STRAT_mod2.15) - (STRAT_mod0.1 - STRAT_mod0.82)","Opaline/CCS",0.125427888997348,-0.0579639435443366,0.314961148079865
"1857","(STRAT_mod0.01 - STRAT_mod2.15) - (STRAT_mod0.1 - STRAT_mod1.08)","Opaline/CCS",0.108935212803613,-0.082832115627226,0.293915281499423
"1858","(STRAT_mod0.01 - STRAT_mod2.15) - (STRAT_mod0.1 - STRAT_mod1.44)","Opaline/CCS",0.111267435676373,-0.0847013031178662,0.293206001684119
"1859","(STRAT_mod0.01 - STRAT_mod2.15) - (STRAT_mod0.1 - STRAT_mod2.15)","Opaline/CCS",-0.0232854752595749,-0.174761232327404,0.130098594735432
"1860","(STRAT_mod0.01 - STRAT_mod2.15) - (STRAT_mod0.1 - STRAT_mod2.88)","Opaline/CCS",-0.0319588655165108,-0.221049602655642,0.158151241688595
"1861","(STRAT_mod0.01 - STRAT_mod2.15) - (STRAT_mod0.1 - STRAT_mod3.37)","Opaline/CCS",0.0327711004328278,-0.157615721146822,0.216309643529788
"1862","(STRAT_mod0.01 - STRAT_mod2.15) - (STRAT_mod0.2 - STRAT_mod0.3)","Opaline/CCS",0.00332193875160405,-0.184866094074912,0.188723271944039
"1863","(STRAT_mod0.01 - STRAT_mod2.15) - (STRAT_mod0.2 - STRAT_mod0.82)","Opaline/CCS",0.0604632920802103,-0.120183690194457,0.238702699528861
"1864","(STRAT_mod0.01 - STRAT_mod2.15) - (STRAT_mod0.2 - STRAT_mod1.08)","Opaline/CCS",0.0447154960211912,-0.137905802917129,0.224024079254759
"1865","(STRAT_mod0.01 - STRAT_mod2.15) - (STRAT_mod0.2 - STRAT_mod1.44)","Opaline/CCS",0.044586365931254,-0.134627284331138,0.226916825715519
"1866","(STRAT_mod0.01 - STRAT_mod2.15) - (STRAT_mod0.2 - STRAT_mod2.15)","Opaline/CCS",-0.0873222640045671,-0.235307133831071,0.0557073564970831
"1867","(STRAT_mod0.01 - STRAT_mod2.15) - (STRAT_mod0.2 - STRAT_mod2.88)","Opaline/CCS",-0.0968075648589564,-0.277932335090308,0.0872559940990077
"1868","(STRAT_mod0.01 - STRAT_mod2.15) - (STRAT_mod0.2 - STRAT_mod3.37)","Opaline/CCS",-0.0307733283680923,-0.214827296461339,0.14455090022296
"1869","(STRAT_mod0.01 - STRAT_mod2.15) - (STRAT_mod0.3 - STRAT_mod0.82)","Opaline/CCS",0.179942116674807,-7.24048200053673e-05,0.359730609860861
"1870","(STRAT_mod0.01 - STRAT_mod2.15) - (STRAT_mod0.3 - STRAT_mod1.08)","Opaline/CCS",0.165563010800905,-0.0104417060833968,0.351508047830766
"1871","(STRAT_mod0.01 - STRAT_mod2.15) - (STRAT_mod0.3 - STRAT_mod1.44)","Opaline/CCS",0.165142449404554,-0.00332057073195191,0.360792567845641
"1872","(STRAT_mod0.01 - STRAT_mod2.15) - (STRAT_mod0.3 - STRAT_mod2.15)","Opaline/CCS",0.0309077998671198,-0.110943434105978,0.180439855426986
"1873","(STRAT_mod0.01 - STRAT_mod2.15) - (STRAT_mod0.3 - STRAT_mod2.88)","Opaline/CCS",0.0237982267392734,-0.160179459336495,0.205588818619457
"1874","(STRAT_mod0.01 - STRAT_mod2.15) - (STRAT_mod0.3 - STRAT_mod3.37)","Opaline/CCS",0.0884171487784228,-0.0850187027771073,0.274785366718729
"1875","(STRAT_mod0.01 - STRAT_mod2.15) - (STRAT_mod0.82 - STRAT_mod1.08)","Opaline/CCS",0.107966891303755,-0.0654461484920708,0.286291541483087
"1876","(STRAT_mod0.01 - STRAT_mod2.15) - (STRAT_mod0.82 - STRAT_mod1.44)","Opaline/CCS",0.107988996899366,-0.065296180155524,0.28482601919582
"1877","(STRAT_mod0.01 - STRAT_mod2.15) - (STRAT_mod0.82 - STRAT_mod2.15)","Opaline/CCS",-0.024855192896494,-0.157294204505202,0.118246702015278
"1878","(STRAT_mod0.01 - STRAT_mod2.15) - (STRAT_mod0.82 - STRAT_mod2.88)","Opaline/CCS",-0.0333943021619766,-0.212636588583296,0.141618732749125
"1879","(STRAT_mod0.01 - STRAT_mod2.15) - (STRAT_mod0.82 - STRAT_mod3.37)","Opaline/CCS",0.0314971050254578,-0.139117778311459,0.208056931896161
"1880","(STRAT_mod0.01 - STRAT_mod2.15) - (STRAT_mod1.08 - STRAT_mod1.44)","Opaline/CCS",0.12333536951522,-0.0500792847330984,0.302012295838299
"1881","(STRAT_mod0.01 - STRAT_mod2.15) - (STRAT_mod1.08 - STRAT_mod2.15)","Opaline/CCS",-0.0104816514179714,-0.148034213775862,0.129054768238011
"1882","(STRAT_mod0.01 - STRAT_mod2.15) - (STRAT_mod1.08 - STRAT_mod2.88)","Opaline/CCS",-0.0186462672316993,-0.189714461736484,0.16394352819806
"1883","(STRAT_mod0.01 - STRAT_mod2.15) - (STRAT_mod1.08 - STRAT_mod3.37)","Opaline/CCS",0.0474073010480439,-0.124717655171444,0.223231490294534
"1884","(STRAT_mod0.01 - STRAT_mod2.15) - (STRAT_mod1.44 - STRAT_mod2.15)","Opaline/CCS",-0.0103311320766283,-0.155134634922654,0.122785836156664
"1885","(STRAT_mod0.01 - STRAT_mod2.15) - (STRAT_mod1.44 - STRAT_mod2.88)","Opaline/CCS",-0.0188262059829546,-0.202545874328049,0.151260414601145
"1886","(STRAT_mod0.01 - STRAT_mod2.15) - (STRAT_mod1.44 - STRAT_mod3.37)","Opaline/CCS",0.0464810508902284,-0.123722291440009,0.222608320074719
"1887","(STRAT_mod0.01 - STRAT_mod2.15) - (STRAT_mod2.15 - STRAT_mod2.88)","Opaline/CCS",0.114413836163523,-0.119715783122955,0.365289531990864
"1888","(STRAT_mod0.01 - STRAT_mod2.15) - (STRAT_mod2.15 - STRAT_mod3.37)","Opaline/CCS",0.181488869733433,-0.0577422551205882,0.42362987167874
"1889","(STRAT_mod0.01 - STRAT_mod2.15) - (STRAT_mod2.88 - STRAT_mod3.37)","Opaline/CCS",0.188950312980492,0.0195720903609355,0.363585574382278
"1890","(STRAT_mod0.01 - STRAT_mod2.88) - (STRAT_mod0.01 - STRAT_mod3.37)","Opaline/CCS",0.064734682542481,0.00716142333419062,0.125242689121918
"1891","(STRAT_mod0.01 - STRAT_mod2.88) - (STRAT_mod0.09 - STRAT_mod0.1)","Opaline/CCS",0.101099673165517,-0.0960698898426284,0.303814545991705
"1892","(STRAT_mod0.01 - STRAT_mod2.88) - (STRAT_mod0.09 - STRAT_mod0.2)","Opaline/CCS",0.168145329377736,-0.0222816724796871,0.367389948007708
"1893","(STRAT_mod0.01 - STRAT_mod2.88) - (STRAT_mod0.09 - STRAT_mod0.3)","Opaline/CCS",0.0455260012663076,-0.147381715675359,0.239460665081616
"1894","(STRAT_mod0.01 - STRAT_mod2.88) - (STRAT_mod0.09 - STRAT_mod0.82)","Opaline/CCS",0.103783963712634,-0.0881513703475539,0.289436278373187
"1895","(STRAT_mod0.01 - STRAT_mod2.88) - (STRAT_mod0.09 - STRAT_mod1.08)","Opaline/CCS",0.0883482471695979,-0.0971813555132742,0.279793564085975
"1896","(STRAT_mod0.01 - STRAT_mod2.88) - (STRAT_mod0.09 - STRAT_mod1.44)","Opaline/CCS",0.0886864079541237,-0.0977161827162538,0.279207243098136
"1897","(STRAT_mod0.01 - STRAT_mod2.88) - (STRAT_mod0.09 - STRAT_mod2.15)","Opaline/CCS",-0.0447888789304298,-0.246555357995862,0.173311129656781
"1898","(STRAT_mod0.01 - STRAT_mod2.88) - (STRAT_mod0.09 - STRAT_mod2.88)","Opaline/CCS",-0.0536323983392649,-0.238339338428287,0.119013128229621
"1899","(STRAT_mod0.01 - STRAT_mod2.88) - (STRAT_mod0.09 - STRAT_mod3.37)","Opaline/CCS",0.0120206940180549,-0.172644577141004,0.203577182971732
"1900","(STRAT_mod0.01 - STRAT_mod2.88) - (STRAT_mod0.1 - STRAT_mod0.2)","Opaline/CCS",0.197900427504325,0.0289100687857731,0.372922554307365
"1901","(STRAT_mod0.01 - STRAT_mod2.88) - (STRAT_mod0.1 - STRAT_mod0.3)","Opaline/CCS",0.0766884407151469,-0.0917186167625652,0.252265340232625
"1902","(STRAT_mod0.01 - STRAT_mod2.88) - (STRAT_mod0.1 - STRAT_mod0.82)","Opaline/CCS",0.133402143834258,-0.0263703012411118,0.300048364664609
"1903","(STRAT_mod0.01 - STRAT_mod2.88) - (STRAT_mod0.1 - STRAT_mod1.08)","Opaline/CCS",0.118437131958552,-0.0376788104904318,0.288439703169729
"1904","(STRAT_mod0.01 - STRAT_mod2.88) - (STRAT_mod0.1 - STRAT_mod1.44)","Opaline/CCS",0.118671772515994,-0.0432386204967201,0.287769622846546
"1905","(STRAT_mod0.01 - STRAT_mod2.88) - (STRAT_mod0.1 - STRAT_mod2.15)","Opaline/CCS",-0.0133019115718478,-0.200812797406906,0.175365431175652
"1906","(STRAT_mod0.01 - STRAT_mod2.88) - (STRAT_mod0.1 - STRAT_mod2.88)","Opaline/CCS",-0.0232854752595749,-0.174761232327404,0.130098594735432
"1907","(STRAT_mod0.01 - STRAT_mod2.88) - (STRAT_mod0.1 - STRAT_mod3.37)","Opaline/CCS",0.0421136809492982,-0.123373595804329,0.202834287293419
"1908","(STRAT_mod0.01 - STRAT_mod2.88) - (STRAT_mod0.2 - STRAT_mod0.3)","Opaline/CCS",0.0118705926058008,-0.148050035622311,0.180291396268684
"1909","(STRAT_mod0.01 - STRAT_mod2.88) - (STRAT_mod0.2 - STRAT_mod0.82)","Opaline/CCS",0.0693816075202631,-0.0968093316531533,0.217157575657355
"1910","(STRAT_mod0.01 - STRAT_mod2.88) - (STRAT_mod0.2 - STRAT_mod1.08)","Opaline/CCS",0.0545364106496255,-0.0990302091238277,0.213810260599397
"1911","(STRAT_mod0.01 - STRAT_mod2.88) - (STRAT_mod0.2 - STRAT_mod1.44)","Opaline/CCS",0.0538358112757452,-0.106933561282426,0.209739424054938
"1912","(STRAT_mod0.01 - STRAT_mod2.88) - (STRAT_mod0.2 - STRAT_mod2.15)","Opaline/CCS",-0.0789256666949749,-0.261698915275688,0.106706142021855
"1913","(STRAT_mod0.01 - STRAT_mod2.88) - (STRAT_mod0.2 - STRAT_mod2.88)","Opaline/CCS",-0.0873222640045671,-0.235307133831071,0.0557073564970831
"1914","(STRAT_mod0.01 - STRAT_mod2.88) - (STRAT_mod0.2 - STRAT_mod3.37)","Opaline/CCS",-0.02254452812875,-0.175646100522258,0.138010853084005
"1915","(STRAT_mod0.01 - STRAT_mod2.88) - (STRAT_mod0.3 - STRAT_mod0.82)","Opaline/CCS",0.190055867560771,0.0407641099224079,0.356606523764003
"1916","(STRAT_mod0.01 - STRAT_mod2.88) - (STRAT_mod0.3 - STRAT_mod1.08)","Opaline/CCS",0.173678354628887,0.015399458578079,0.330478306371124
"1917","(STRAT_mod0.01 - STRAT_mod2.88) - (STRAT_mod0.3 - STRAT_mod1.44)","Opaline/CCS",0.172314664260009,0.0217142214977539,0.336746479475431
"1918","(STRAT_mod0.01 - STRAT_mod2.88) - (STRAT_mod0.3 - STRAT_mod2.15)","Opaline/CCS",0.0420527900819658,-0.141305526155324,0.22428340973598
"1919","(STRAT_mod0.01 - STRAT_mod2.88) - (STRAT_mod0.3 - STRAT_mod2.88)","Opaline/CCS",0.0309077998671198,-0.110943434105978,0.180439855426986
"1920","(STRAT_mod0.01 - STRAT_mod2.88) - (STRAT_mod0.3 - STRAT_mod3.37)","Opaline/CCS",0.0970771168517921,-0.057895417346039,0.255218639460403
"1921","(STRAT_mod0.01 - STRAT_mod2.88) - (STRAT_mod0.82 - STRAT_mod1.08)","Opaline/CCS",0.116656524305276,-0.0335801389360522,0.266157683028678
"1922","(STRAT_mod0.01 - STRAT_mod2.88) - (STRAT_mod0.82 - STRAT_mod1.44)","Opaline/CCS",0.116937847982638,-0.0391524408637245,0.262824974045371
"1923","(STRAT_mod0.01 - STRAT_mod2.88) - (STRAT_mod0.82 - STRAT_mod2.15)","Opaline/CCS",-0.0147548655025808,-0.194255475570357,0.163464975636458
"1924","(STRAT_mod0.01 - STRAT_mod2.88) - (STRAT_mod0.82 - STRAT_mod2.88)","Opaline/CCS",-0.024855192896494,-0.157294204505202,0.118246702015278
"1925","(STRAT_mod0.01 - STRAT_mod2.88) - (STRAT_mod0.82 - STRAT_mod3.37)","Opaline/CCS",0.0398361628442249,-0.107401717324061,0.193544722086554
"1926","(STRAT_mod0.01 - STRAT_mod2.88) - (STRAT_mod1.08 - STRAT_mod1.44)","Opaline/CCS",0.131068997278328,-0.0225785697741944,0.280586452525713
"1927","(STRAT_mod0.01 - STRAT_mod2.88) - (STRAT_mod1.08 - STRAT_mod2.15)","Opaline/CCS",0.000450087683883382,-0.186771992516169,0.169195914751286
"1928","(STRAT_mod0.01 - STRAT_mod2.88) - (STRAT_mod1.08 - STRAT_mod2.88)","Opaline/CCS",-0.0104816514179714,-0.148034213775862,0.129054768238011
"1929","(STRAT_mod0.01 - STRAT_mod2.88) - (STRAT_mod1.08 - STRAT_mod3.37)","Opaline/CCS",0.0556146494336376,-0.0906166762508251,0.207173188347191
"1930","(STRAT_mod0.01 - STRAT_mod2.88) - (STRAT_mod1.44 - STRAT_mod2.15)","Opaline/CCS",0.00065825701740263,-0.172785112913142,0.182877107043492
"1931","(STRAT_mod0.01 - STRAT_mod2.88) - (STRAT_mod1.44 - STRAT_mod2.88)","Opaline/CCS",-0.0103311320766283,-0.155134634922654,0.122785836156664
"1932","(STRAT_mod0.01 - STRAT_mod2.88) - (STRAT_mod1.44 - STRAT_mod3.37)","Opaline/CCS",0.0556194674451993,-0.0970853174619336,0.202562127098247
"1933","(STRAT_mod0.01 - STRAT_mod2.88) - (STRAT_mod2.15 - STRAT_mod2.88)","Opaline/CCS",0.123305688118316,-0.0428277838978195,0.285803778947093
"1934","(STRAT_mod0.01 - STRAT_mod2.88) - (STRAT_mod2.15 - STRAT_mod3.37)","Opaline/CCS",0.188950312980492,0.0195720903609355,0.363585574382278
"1935","(STRAT_mod0.01 - STRAT_mod2.88) - (STRAT_mod2.88 - STRAT_mod3.37)","Opaline/CCS",0.197980110515976,0.0410807781934528,0.368393311188586
"1936","(STRAT_mod0.01 - STRAT_mod3.37) - (STRAT_mod0.09 - STRAT_mod0.1)","Opaline/CCS",0.0364824235807859,-0.165653466782184,0.229949179177407
"1937","(STRAT_mod0.01 - STRAT_mod3.37) - (STRAT_mod0.09 - STRAT_mod0.2)","Opaline/CCS",0.103056676656467,-0.09527933740224,0.294567260812548
"1938","(STRAT_mod0.01 - STRAT_mod3.37) - (STRAT_mod0.09 - STRAT_mod0.3)","Opaline/CCS",-0.0184401195020469,-0.211491510129158,0.174344203463236
"1939","(STRAT_mod0.01 - STRAT_mod3.37) - (STRAT_mod0.09 - STRAT_mod0.82)","Opaline/CCS",0.0389619052426108,-0.142829668116854,0.230135196922274
"1940","(STRAT_mod0.01 - STRAT_mod3.37) - (STRAT_mod0.09 - STRAT_mod1.08)","Opaline/CCS",0.0240013705409172,-0.165445810050849,0.209795610047924
"1941","(STRAT_mod0.01 - STRAT_mod3.37) - (STRAT_mod0.09 - STRAT_mod1.44)","Opaline/CCS",0.0238610825590228,-0.162650068084781,0.209672641060655
"1942","(STRAT_mod0.01 - STRAT_mod3.37) - (STRAT_mod0.09 - STRAT_mod2.15)","Opaline/CCS",-0.110707567866867,-0.310901927899179,0.100713309213315
"1943","(STRAT_mod0.01 - STRAT_mod3.37) - (STRAT_mod0.09 - STRAT_mod2.88)","Opaline/CCS",-0.117084594611357,-0.300725107982786,0.0737548336420643
"1944","(STRAT_mod0.01 - STRAT_mod3.37) - (STRAT_mod0.09 - STRAT_mod3.37)","Opaline/CCS",-0.0536323983392649,-0.238339338428287,0.119013128229621
"1945","(STRAT_mod0.01 - STRAT_mod3.37) - (STRAT_mod0.1 - STRAT_mod0.2)","Opaline/CCS",0.133193197277691,-0.0367604739323714,0.306868485841857
"1946","(STRAT_mod0.01 - STRAT_mod3.37) - (STRAT_mod0.1 - STRAT_mod0.3)","Opaline/CCS",0.0119271817556217,-0.155529486750048,0.187334861691663
"1947","(STRAT_mod0.01 - STRAT_mod3.37) - (STRAT_mod0.1 - STRAT_mod0.82)","Opaline/CCS",0.0685182637735363,-0.0788791861186883,0.24722006706457
"1948","(STRAT_mod0.01 - STRAT_mod3.37) - (STRAT_mod0.1 - STRAT_mod1.08)","Opaline/CCS",0.0535905094363538,-0.107409085472339,0.217153177097329
"1949","(STRAT_mod0.01 - STRAT_mod3.37) - (STRAT_mod0.1 - STRAT_mod1.44)","Opaline/CCS",0.052777491013034,-0.106586912636514,0.223003415432309
"1950","(STRAT_mod0.01 - STRAT_mod3.37) - (STRAT_mod0.1 - STRAT_mod2.15)","Opaline/CCS",-0.0782065540229502,-0.260978661764823,0.110612301472257
"1951","(STRAT_mod0.01 - STRAT_mod3.37) - (STRAT_mod0.1 - STRAT_mod2.88)","Opaline/CCS",-0.0884434416756526,-0.244785406911474,0.0850514673118988
"1952","(STRAT_mod0.01 - STRAT_mod3.37) - (STRAT_mod0.1 - STRAT_mod3.37)","Opaline/CCS",-0.0232854752595749,-0.174761232327404,0.130098594735432
"1953","(STRAT_mod0.01 - STRAT_mod3.37) - (STRAT_mod0.2 - STRAT_mod0.3)","Opaline/CCS",-0.0517690871641884,-0.213426367653783,0.110243035828221
"1954","(STRAT_mod0.01 - STRAT_mod3.37) - (STRAT_mod0.2 - STRAT_mod0.82)","Opaline/CCS",0.00361847604795393,-0.149252736513038,0.161332104346927
"1955","(STRAT_mod0.01 - STRAT_mod3.37) - (STRAT_mod0.2 - STRAT_mod1.08)","Opaline/CCS",-0.0118953658491751,-0.159418028631498,0.150065861456824
"1956","(STRAT_mod0.01 - STRAT_mod3.37) - (STRAT_mod0.2 - STRAT_mod1.44)","Opaline/CCS",-0.010888324813053,-0.168731185792413,0.142015189557292
"1957","(STRAT_mod0.01 - STRAT_mod3.37) - (STRAT_mod0.2 - STRAT_mod2.15)","Opaline/CCS",-0.144803089020701,-0.318866397882605,0.0439525619883786
"1958","(STRAT_mod0.01 - STRAT_mod3.37) - (STRAT_mod0.2 - STRAT_mod2.88)","Opaline/CCS",-0.152416498762621,-0.315176196579594,-0.00086691166336228
"1959","(STRAT_mod0.01 - STRAT_mod3.37) - (STRAT_mod0.2 - STRAT_mod3.37)","Opaline/CCS",-0.0873222640045671,-0.235307133831071,0.0557073564970831
"1960","(STRAT_mod0.01 - STRAT_mod3.37) - (STRAT_mod0.3 - STRAT_mod0.82)","Opaline/CCS",0.123821941965226,-0.0318587218841631,0.283462289470733
"1961","(STRAT_mod0.01 - STRAT_mod3.37) - (STRAT_mod0.3 - STRAT_mod1.08)","Opaline/CCS",0.109276894211023,-0.0460675622126053,0.26496604844721
"1962","(STRAT_mod0.01 - STRAT_mod3.37) - (STRAT_mod0.3 - STRAT_mod1.44)","Opaline/CCS",0.107874169466284,-0.0410773565746084,0.268476891555508
"1963","(STRAT_mod0.01 - STRAT_mod3.37) - (STRAT_mod0.3 - STRAT_mod2.15)","Opaline/CCS",-0.0225018764127285,-0.196931395919124,0.164065837576794
"1964","(STRAT_mod0.01 - STRAT_mod3.37) - (STRAT_mod0.3 - STRAT_mod2.88)","Opaline/CCS",-0.032933605236156,-0.187311307514682,0.127076601570508
"1965","(STRAT_mod0.01 - STRAT_mod3.37) - (STRAT_mod0.3 - STRAT_mod3.37)","Opaline/CCS",0.0309077998671198,-0.110943434105978,0.180439855426986
"1966","(STRAT_mod0.01 - STRAT_mod3.37) - (STRAT_mod0.82 - STRAT_mod1.08)","Opaline/CCS",0.052346916485847,-0.0950198175616891,0.202075988256106
"1967","(STRAT_mod0.01 - STRAT_mod3.37) - (STRAT_mod0.82 - STRAT_mod1.44)","Opaline/CCS",0.0519068538295566,-0.101780676429632,0.197127387001449
"1968","(STRAT_mod0.01 - STRAT_mod3.37) - (STRAT_mod0.82 - STRAT_mod2.15)","Opaline/CCS",-0.0808489169521339,-0.249783821837398,0.0992784284219906
"1969","(STRAT_mod0.01 - STRAT_mod3.37) - (STRAT_mod0.82 - STRAT_mod2.88)","Opaline/CCS",-0.089805807173026,-0.242721502910531,0.0555072500905693
"1970","(STRAT_mod0.01 - STRAT_mod3.37) - (STRAT_mod0.82 - STRAT_mod3.37)","Opaline/CCS",-0.024855192896494,-0.157294204505202,0.118246702015278
"1971","(STRAT_mod0.01 - STRAT_mod3.37) - (STRAT_mod1.08 - STRAT_mod1.44)","Opaline/CCS",0.0667872162832712,-0.0886674930455165,0.211100945666357
"1972","(STRAT_mod0.01 - STRAT_mod3.37) - (STRAT_mod1.08 - STRAT_mod2.15)","Opaline/CCS",-0.0654176544378465,-0.238864232746061,0.111214220237678
"1973","(STRAT_mod0.01 - STRAT_mod3.37) - (STRAT_mod1.08 - STRAT_mod2.88)","Opaline/CCS",-0.0749493012430293,-0.220518744879296,0.0831715460350702
"1974","(STRAT_mod0.01 - STRAT_mod3.37) - (STRAT_mod1.08 - STRAT_mod3.37)","Opaline/CCS",-0.0104816514179714,-0.148034213775862,0.129054768238011
"1975","(STRAT_mod0.01 - STRAT_mod3.37) - (STRAT_mod1.44 - STRAT_mod2.15)","Opaline/CCS",-0.065712319947475,-0.241291238995389,0.111662179939381
"1976","(STRAT_mod0.01 - STRAT_mod3.37) - (STRAT_mod1.44 - STRAT_mod2.88)","Opaline/CCS",-0.0733774655407229,-0.237217051068122,0.0676956225335668
"1977","(STRAT_mod0.01 - STRAT_mod3.37) - (STRAT_mod1.44 - STRAT_mod3.37)","Opaline/CCS",-0.0103311320766283,-0.155134634922654,0.122785836156664
"1978","(STRAT_mod0.01 - STRAT_mod3.37) - (STRAT_mod2.15 - STRAT_mod2.88)","Opaline/CCS",0.0584275977064349,-0.117461329381852,0.234002513545854
"1979","(STRAT_mod0.01 - STRAT_mod3.37) - (STRAT_mod2.15 - STRAT_mod3.37)","Opaline/CCS",0.123305688118316,-0.0428277838978195,0.285803778947093
"1980","(STRAT_mod0.01 - STRAT_mod3.37) - (STRAT_mod2.88 - STRAT_mod3.37)","Opaline/CCS",0.131563236446371,-0.00944766886248805,0.267660402952072
"1981","(STRAT_mod0.09 - STRAT_mod0.1) - (STRAT_mod0.09 - STRAT_mod0.2)","Opaline/CCS",0.0653747163636383,-0.0402678263653142,0.165610850240369
"1982","(STRAT_mod0.09 - STRAT_mod0.1) - (STRAT_mod0.09 - STRAT_mod0.3)","Opaline/CCS",-0.0560544447966876,-0.156900048847158,0.04322735480845
"1983","(STRAT_mod0.09 - STRAT_mod0.1) - (STRAT_mod0.09 - STRAT_mod0.82)","Opaline/CCS",0.00241474885471599,-0.0862391956715793,0.0891662760204299
"1984","(STRAT_mod0.09 - STRAT_mod0.1) - (STRAT_mod0.09 - STRAT_mod1.08)","Opaline/CCS",-0.0132372806827244,-0.0984808959365685,0.0759029481685817
"1985","(STRAT_mod0.09 - STRAT_mod0.1) - (STRAT_mod0.09 - STRAT_mod1.44)","Opaline/CCS",-0.0134247836340021,-0.100049138497065,0.0781002566442797
"1986","(STRAT_mod0.09 - STRAT_mod0.1) - (STRAT_mod0.09 - STRAT_mod2.15)","Opaline/CCS",-0.144924735754024,-0.26673961191945,-0.019694363250517
"1987","(STRAT_mod0.09 - STRAT_mod0.1) - (STRAT_mod0.09 - STRAT_mod2.88)","Opaline/CCS",-0.155101350714098,-0.24789048047816,-0.0657434549952226
"1988","(STRAT_mod0.09 - STRAT_mod0.1) - (STRAT_mod0.09 - STRAT_mod3.37)","Opaline/CCS",-0.0901400572788488,-0.173810279003237,-0.000270114917985231
"1989","(STRAT_mod0.09 - STRAT_mod0.1) - (STRAT_mod0.1 - STRAT_mod0.2)","Opaline/CCS",0.0982234012224351,-0.113018459043657,0.305104088320409
"1990","(STRAT_mod0.09 - STRAT_mod0.1) - (STRAT_mod0.1 - STRAT_mod0.3)","Opaline/CCS",-0.0221498609154496,-0.236342175907213,0.180838132364534
"1991","(STRAT_mod0.09 - STRAT_mod0.1) - (STRAT_mod0.1 - STRAT_mod0.82)","Opaline/CCS",0.0339689403780655,-0.179392114126709,0.226643349256145
"1992","(STRAT_mod0.09 - STRAT_mod0.1) - (STRAT_mod0.1 - STRAT_mod1.08)","Opaline/CCS",0.0178354198063479,-0.189617274513901,0.213354815392077
"1993","(STRAT_mod0.09 - STRAT_mod0.1) - (STRAT_mod0.1 - STRAT_mod1.44)","Opaline/CCS",0.0192689637097597,-0.197549339547253,0.207576408721519
"1994","(STRAT_mod0.09 - STRAT_mod0.1) - (STRAT_mod0.1 - STRAT_mod2.15)","Opaline/CCS",-0.112273847685654,-0.344403499231653,0.0974530358445538
"1995","(STRAT_mod0.09 - STRAT_mod0.1) - (STRAT_mod0.1 - STRAT_mod2.88)","Opaline/CCS",-0.122346428768333,-0.333083089615961,0.0748398859260191
"1996","(STRAT_mod0.09 - STRAT_mod0.1) - (STRAT_mod0.1 - STRAT_mod3.37)","Opaline/CCS",-0.0574660779873023,-0.265702585168538,0.134604131717732
"1997","(STRAT_mod0.09 - STRAT_mod0.1) - (STRAT_mod0.2 - STRAT_mod0.3)","Opaline/CCS",-0.0901479211482486,-0.259732880139699,0.0789882640842388
"1998","(STRAT_mod0.09 - STRAT_mod0.1) - (STRAT_mod0.2 - STRAT_mod0.82)","Opaline/CCS",-0.0333013586291218,-0.187986053371256,0.138322022782292
"1999","(STRAT_mod0.09 - STRAT_mod0.1) - (STRAT_mod0.2 - STRAT_mod1.08)","Opaline/CCS",-0.0479646056416771,-0.210798121672045,0.111395433378196
"2000","(STRAT_mod0.09 - STRAT_mod0.1) - (STRAT_mod0.2 - STRAT_mod1.44)","Opaline/CCS",-0.0481745824007088,-0.212499792248832,0.118206757460845
"2001","(STRAT_mod0.09 - STRAT_mod0.1) - (STRAT_mod0.2 - STRAT_mod2.15)","Opaline/CCS",-0.179068745366618,-0.362995966622971,0.00735187504180906
"2002","(STRAT_mod0.09 - STRAT_mod0.1) - (STRAT_mod0.2 - STRAT_mod2.88)","Opaline/CCS",-0.190382169887221,-0.35649006059901,-0.0275721553397059
"2003","(STRAT_mod0.09 - STRAT_mod0.1) - (STRAT_mod0.2 - STRAT_mod3.37)","Opaline/CCS",-0.124485780321609,-0.283654169477863,0.0414906235099967
"2004","(STRAT_mod0.09 - STRAT_mod0.1) - (STRAT_mod0.3 - STRAT_mod0.82)","Opaline/CCS",0.0890250944954014,-0.0696272062843475,0.25593991779256
"2005","(STRAT_mod0.09 - STRAT_mod0.1) - (STRAT_mod0.3 - STRAT_mod1.08)","Opaline/CCS",0.0742649612596244,-0.0821546256559309,0.24181266086717
"2006","(STRAT_mod0.09 - STRAT_mod0.1) - (STRAT_mod0.3 - STRAT_mod1.44)","Opaline/CCS",0.0734659246618865,-0.0942375836133987,0.234267048498932
"2007","(STRAT_mod0.09 - STRAT_mod0.1) - (STRAT_mod0.3 - STRAT_mod2.15)","Opaline/CCS",-0.0589058984142691,-0.255361574537897,0.115799955166852
"2008","(STRAT_mod0.09 - STRAT_mod0.1) - (STRAT_mod0.3 - STRAT_mod2.88)","Opaline/CCS",-0.0674398252457983,-0.23118702259607,0.0976410296185038
"2009","(STRAT_mod0.09 - STRAT_mod0.1) - (STRAT_mod0.3 - STRAT_mod3.37)","Opaline/CCS",-0.0035285993410003,-0.160947754764699,0.160709162573999
"2010","(STRAT_mod0.09 - STRAT_mod0.1) - (STRAT_mod0.82 - STRAT_mod1.08)","Opaline/CCS",0.0158575821377407,-0.14369563568164,0.164761726954602
"2011","(STRAT_mod0.09 - STRAT_mod0.1) - (STRAT_mod0.82 - STRAT_mod1.44)","Opaline/CCS",0.0163749343779987,-0.147933189242705,0.167027755383314
"2012","(STRAT_mod0.09 - STRAT_mod0.1) - (STRAT_mod0.82 - STRAT_mod2.15)","Opaline/CCS",-0.116265668230051,-0.297174760555074,0.0654155334042825
"2013","(STRAT_mod0.09 - STRAT_mod0.1) - (STRAT_mod0.82 - STRAT_mod2.88)","Opaline/CCS",-0.125062377386855,-0.281224411625981,0.0322561283129762
"2014","(STRAT_mod0.09 - STRAT_mod0.1) - (STRAT_mod0.82 - STRAT_mod3.37)","Opaline/CCS",-0.0601715591911535,-0.221073257070494,0.087740898562635
"2015","(STRAT_mod0.09 - STRAT_mod0.1) - (STRAT_mod1.08 - STRAT_mod1.44)","Opaline/CCS",0.0292742505817196,-0.131169050419718,0.18460513693306
"2016","(STRAT_mod0.09 - STRAT_mod0.1) - (STRAT_mod1.08 - STRAT_mod2.15)","Opaline/CCS",-0.10018011672781,-0.283044127609338,0.0769744911436145
"2017","(STRAT_mod0.09 - STRAT_mod0.1) - (STRAT_mod1.08 - STRAT_mod2.88)","Opaline/CCS",-0.110472522769153,-0.27692419679259,0.0423305437720827
"2018","(STRAT_mod0.09 - STRAT_mod0.1) - (STRAT_mod1.08 - STRAT_mod3.37)","Opaline/CCS",-0.0466625364007281,-0.203392858633058,0.110008926995131
"2019","(STRAT_mod0.09 - STRAT_mod0.1) - (STRAT_mod1.44 - STRAT_mod2.15)","Opaline/CCS",-0.0998783577618551,-0.285154000942644,0.0751554612655009
"2020","(STRAT_mod0.09 - STRAT_mod0.1) - (STRAT_mod1.44 - STRAT_mod2.88)","Opaline/CCS",-0.110181022234633,-0.273518526502551,0.0407795800690613
"2021","(STRAT_mod0.09 - STRAT_mod0.1) - (STRAT_mod1.44 - STRAT_mod3.37)","Opaline/CCS",-0.0458636248146301,-0.203745661434365,0.10576580956745
"2022","(STRAT_mod0.09 - STRAT_mod0.1) - (STRAT_mod2.15 - STRAT_mod2.88)","Opaline/CCS",0.0201645595243568,-0.161186583859175,0.205186668556288
"2023","(STRAT_mod0.09 - STRAT_mod0.1) - (STRAT_mod2.15 - STRAT_mod3.37)","Opaline/CCS",0.086751753091158,-0.0907456188838826,0.268515847585666
"2024","(STRAT_mod0.09 - STRAT_mod0.1) - (STRAT_mod2.88 - STRAT_mod3.37)","Opaline/CCS",0.0963271901854304,-0.0622032734294866,0.24897578489317
"2025","(STRAT_mod0.09 - STRAT_mod0.2) - (STRAT_mod0.09 - STRAT_mod0.3)","Opaline/CCS",-0.120173731657081,-0.211699047696386,-0.0361513744512661
"2026","(STRAT_mod0.09 - STRAT_mod0.2) - (STRAT_mod0.09 - STRAT_mod0.82)","Opaline/CCS",-0.0632057983315798,-0.141716251828961,0.0101108872200878
"2027","(STRAT_mod0.09 - STRAT_mod0.2) - (STRAT_mod0.09 - STRAT_mod1.08)","Opaline/CCS",-0.0782403803127563,-0.156022800822616,-0.00585270428855605
"2028","(STRAT_mod0.09 - STRAT_mod0.2) - (STRAT_mod0.09 - STRAT_mod1.44)","Opaline/CCS",-0.0790426140608047,-0.155602482978873,-0.000360738365302093
"2029","(STRAT_mod0.09 - STRAT_mod0.2) - (STRAT_mod0.09 - STRAT_mod2.15)","Opaline/CCS",-0.211454835098995,-0.328896719356104,-0.0940175758347592
"2030","(STRAT_mod0.09 - STRAT_mod0.2) - (STRAT_mod0.09 - STRAT_mod2.88)","Opaline/CCS",-0.220599973832405,-0.294884391074309,-0.137617895646652
"2031","(STRAT_mod0.09 - STRAT_mod0.2) - (STRAT_mod0.09 - STRAT_mod3.37)","Opaline/CCS",-0.155628249731947,-0.229253928263257,-0.0808892673314447
"2032","(STRAT_mod0.09 - STRAT_mod0.2) - (STRAT_mod0.1 - STRAT_mod0.2)","Opaline/CCS",0.0308769345801055,-0.113185691209357,0.174752617145518
"2033","(STRAT_mod0.09 - STRAT_mod0.2) - (STRAT_mod0.1 - STRAT_mod0.3)","Opaline/CCS",-0.0901479211482486,-0.259732880139699,0.0789882640842388
"2034","(STRAT_mod0.09 - STRAT_mod0.2) - (STRAT_mod0.1 - STRAT_mod0.82)","Opaline/CCS",-0.0333013586291218,-0.187986053371256,0.138322022782292
"2035","(STRAT_mod0.09 - STRAT_mod0.2) - (STRAT_mod0.1 - STRAT_mod1.08)","Opaline/CCS",-0.0479646056416771,-0.210798121672045,0.111395433378196
"2036","(STRAT_mod0.09 - STRAT_mod0.2) - (STRAT_mod0.1 - STRAT_mod1.44)","Opaline/CCS",-0.0481745824007088,-0.212499792248832,0.118206757460845
"2037","(STRAT_mod0.09 - STRAT_mod0.2) - (STRAT_mod0.1 - STRAT_mod2.15)","Opaline/CCS",-0.179068745366618,-0.362995966622971,0.00735187504180906
"2038","(STRAT_mod0.09 - STRAT_mod0.2) - (STRAT_mod0.1 - STRAT_mod2.88)","Opaline/CCS",-0.190382169887221,-0.35649006059901,-0.0275721553397059
"2039","(STRAT_mod0.09 - STRAT_mod0.2) - (STRAT_mod0.1 - STRAT_mod3.37)","Opaline/CCS",-0.124485780321609,-0.283654169477863,0.0414906235099967
"2040","(STRAT_mod0.09 - STRAT_mod0.2) - (STRAT_mod0.2 - STRAT_mod0.3)","Opaline/CCS",-0.155853639807456,-0.347428108935307,0.0262696913252737
"2041","(STRAT_mod0.09 - STRAT_mod0.2) - (STRAT_mod0.2 - STRAT_mod0.82)","Opaline/CCS",-0.0985906160734037,-0.272469190041668,0.0932827114345208
"2042","(STRAT_mod0.09 - STRAT_mod0.2) - (STRAT_mod0.2 - STRAT_mod1.08)","Opaline/CCS",-0.114844369972918,-0.295139908508549,0.0651901352740014
"2043","(STRAT_mod0.09 - STRAT_mod0.2) - (STRAT_mod0.2 - STRAT_mod1.44)","Opaline/CCS",-0.114049812452519,-0.298768727489123,0.0661914587905954
"2044","(STRAT_mod0.09 - STRAT_mod0.2) - (STRAT_mod0.2 - STRAT_mod2.15)","Opaline/CCS",-0.246887613365858,-0.438026504773256,-0.0319228244758384
"2045","(STRAT_mod0.09 - STRAT_mod0.2) - (STRAT_mod0.2 - STRAT_mod2.88)","Opaline/CCS",-0.256132099099391,-0.438448680618344,-0.0728046184087618
"2046","(STRAT_mod0.09 - STRAT_mod0.2) - (STRAT_mod0.2 - STRAT_mod3.37)","Opaline/CCS",-0.190851068856947,-0.366622702698819,-0.00770864085104961
"2047","(STRAT_mod0.09 - STRAT_mod0.2) - (STRAT_mod0.3 - STRAT_mod0.82)","Opaline/CCS",0.0234856336299012,-0.135712198752867,0.176859592517231
"2048","(STRAT_mod0.09 - STRAT_mod0.2) - (STRAT_mod0.3 - STRAT_mod1.08)","Opaline/CCS",0.00764145294235116,-0.145756418013013,0.166969391168627
"2049","(STRAT_mod0.09 - STRAT_mod0.2) - (STRAT_mod0.3 - STRAT_mod1.44)","Opaline/CCS",0.00636714190236543,-0.148217877478548,0.166306236044478
"2050","(STRAT_mod0.09 - STRAT_mod0.2) - (STRAT_mod0.3 - STRAT_mod2.15)","Opaline/CCS",-0.1269121525914,-0.305057333387262,0.0568132413897209
"2051","(STRAT_mod0.09 - STRAT_mod0.2) - (STRAT_mod0.3 - STRAT_mod2.88)","Opaline/CCS",-0.134142383221875,-0.293248889316163,0.0227057589953096
"2052","(STRAT_mod0.09 - STRAT_mod0.2) - (STRAT_mod0.3 - STRAT_mod3.37)","Opaline/CCS",-0.0689155429758533,-0.230015020142359,0.0836094078946157
"2053","(STRAT_mod0.09 - STRAT_mod0.2) - (STRAT_mod0.82 - STRAT_mod1.08)","Opaline/CCS",-0.050935525361006,-0.201356456502949,0.0939363411924711
"2054","(STRAT_mod0.09 - STRAT_mod0.2) - (STRAT_mod0.82 - STRAT_mod1.44)","Opaline/CCS",-0.0506668018988514,-0.199459358829884,0.103308473957309
"2055","(STRAT_mod0.09 - STRAT_mod0.2) - (STRAT_mod0.82 - STRAT_mod2.15)","Opaline/CCS",-0.18346837588417,-0.360450059175963,-0.0115497835149431
"2056","(STRAT_mod0.09 - STRAT_mod0.2) - (STRAT_mod0.82 - STRAT_mod2.88)","Opaline/CCS",-0.193014308872245,-0.350049767311338,-0.0456773635790008
"2057","(STRAT_mod0.09 - STRAT_mod0.2) - (STRAT_mod0.82 - STRAT_mod3.37)","Opaline/CCS",-0.127669877016311,-0.270702497032573,0.0241775304627671
"2058","(STRAT_mod0.09 - STRAT_mod0.2) - (STRAT_mod1.08 - STRAT_mod1.44)","Opaline/CCS",-0.0356900145063674,-0.188991428878879,0.113405887992605
"2059","(STRAT_mod0.09 - STRAT_mod0.2) - (STRAT_mod1.08 - STRAT_mod2.15)","Opaline/CCS",-0.1684566652488,-0.34650267202498,0.00499221161856084
"2060","(STRAT_mod0.09 - STRAT_mod0.2) - (STRAT_mod1.08 - STRAT_mod2.88)","Opaline/CCS",-0.177846101635575,-0.320578433689254,-0.0144247327666315
"2061","(STRAT_mod0.09 - STRAT_mod0.2) - (STRAT_mod1.08 - STRAT_mod3.37)","Opaline/CCS",-0.111559366654284,-0.255383661695778,0.040469886398828
"2062","(STRAT_mod0.09 - STRAT_mod0.2) - (STRAT_mod1.44 - STRAT_mod2.15)","Opaline/CCS",-0.168903544774104,-0.341991863498423,0.00721160224033723
"2063","(STRAT_mod0.09 - STRAT_mod0.2) - (STRAT_mod1.44 - STRAT_mod2.88)","Opaline/CCS",-0.176749025307266,-0.328580163738496,-0.0233518301823882
"2064","(STRAT_mod0.09 - STRAT_mod0.2) - (STRAT_mod1.44 - STRAT_mod3.37)","Opaline/CCS",-0.110846239772509,-0.258800187746536,0.0365565058596503
"2065","(STRAT_mod0.09 - STRAT_mod0.2) - (STRAT_mod2.15 - STRAT_mod2.88)","Opaline/CCS",-0.0456298901207852,-0.216229340286623,0.135510680757759
"2066","(STRAT_mod0.09 - STRAT_mod0.2) - (STRAT_mod2.15 - STRAT_mod3.37)","Opaline/CCS",0.0213915223684253,-0.152899162834005,0.193379154500326
"2067","(STRAT_mod0.09 - STRAT_mod0.2) - (STRAT_mod2.88 - STRAT_mod3.37)","Opaline/CCS",0.0294810268415046,-0.111701713891106,0.186030723124755
"2068","(STRAT_mod0.09 - STRAT_mod0.3) - (STRAT_mod0.09 - STRAT_mod0.82)","Opaline/CCS",0.0572675691836984,-0.0169335401280961,0.129714255752487
"2069","(STRAT_mod0.09 - STRAT_mod0.3) - (STRAT_mod0.09 - STRAT_mod1.08)","Opaline/CCS",0.0421334273772164,-0.0358641653313072,0.114579584192519
"2070","(STRAT_mod0.09 - STRAT_mod0.3) - (STRAT_mod0.09 - STRAT_mod1.44)","Opaline/CCS",0.042444768026318,-0.0355734716187578,0.116886029832519
"2071","(STRAT_mod0.09 - STRAT_mod0.3) - (STRAT_mod0.09 - STRAT_mod2.15)","Opaline/CCS",-0.0912545020886237,-0.201327534807058,0.0309607774711927
"2072","(STRAT_mod0.09 - STRAT_mod0.3) - (STRAT_mod0.09 - STRAT_mod2.88)","Opaline/CCS",-0.0986658604577031,-0.17366318418859,-0.0230865245035371
"2073","(STRAT_mod0.09 - STRAT_mod0.3) - (STRAT_mod0.09 - STRAT_mod3.37)","Opaline/CCS",-0.0343364273714009,-0.104749299531668,0.0408668236257947
"2074","(STRAT_mod0.09 - STRAT_mod0.3) - (STRAT_mod0.1 - STRAT_mod0.2)","Opaline/CCS",0.150583526671776,-0.0155816659410202,0.322256361500826
"2075","(STRAT_mod0.09 - STRAT_mod0.3) - (STRAT_mod0.1 - STRAT_mod0.3)","Opaline/CCS",0.0308769345801055,-0.113185691209357,0.174752617145518
"2076","(STRAT_mod0.09 - STRAT_mod0.3) - (STRAT_mod0.1 - STRAT_mod0.82)","Opaline/CCS",0.0890250944954014,-0.0696272062843475,0.25593991779256
"2077","(STRAT_mod0.09 - STRAT_mod0.3) - (STRAT_mod0.1 - STRAT_mod1.08)","Opaline/CCS",0.0742649612596244,-0.0821546256559309,0.24181266086717
"2078","(STRAT_mod0.09 - STRAT_mod0.3) - (STRAT_mod0.1 - STRAT_mod1.44)","Opaline/CCS",0.0734659246618865,-0.0942375836133987,0.234267048498932
"2079","(STRAT_mod0.09 - STRAT_mod0.3) - (STRAT_mod0.1 - STRAT_mod2.15)","Opaline/CCS",-0.0589058984142691,-0.255361574537897,0.115799955166852
"2080","(STRAT_mod0.09 - STRAT_mod0.3) - (STRAT_mod0.1 - STRAT_mod2.88)","Opaline/CCS",-0.0674398252457983,-0.23118702259607,0.0976410296185038
"2081","(STRAT_mod0.09 - STRAT_mod0.3) - (STRAT_mod0.1 - STRAT_mod3.37)","Opaline/CCS",-0.0035285993410003,-0.160947754764699,0.160709162573999
"2082","(STRAT_mod0.09 - STRAT_mod0.3) - (STRAT_mod0.2 - STRAT_mod0.3)","Opaline/CCS",-0.0353199819989346,-0.182593926807094,0.0933378323738129
"2083","(STRAT_mod0.09 - STRAT_mod0.3) - (STRAT_mod0.2 - STRAT_mod0.82)","Opaline/CCS",0.0234856336299012,-0.135712198752867,0.176859592517231
"2084","(STRAT_mod0.09 - STRAT_mod0.3) - (STRAT_mod0.2 - STRAT_mod1.08)","Opaline/CCS",0.00764145294235116,-0.145756418013013,0.166969391168627
"2085","(STRAT_mod0.09 - STRAT_mod0.3) - (STRAT_mod0.2 - STRAT_mod1.44)","Opaline/CCS",0.00636714190236543,-0.148217877478548,0.166306236044478
"2086","(STRAT_mod0.09 - STRAT_mod0.3) - (STRAT_mod0.2 - STRAT_mod2.15)","Opaline/CCS",-0.1269121525914,-0.305057333387262,0.0568132413897209
"2087","(STRAT_mod0.09 - STRAT_mod0.3) - (STRAT_mod0.2 - STRAT_mod2.88)","Opaline/CCS",-0.134142383221875,-0.293248889316163,0.0227057589953096
"2088","(STRAT_mod0.09 - STRAT_mod0.3) - (STRAT_mod0.2 - STRAT_mod3.37)","Opaline/CCS",-0.0689155429758533,-0.230015020142359,0.0836094078946157
"2089","(STRAT_mod0.09 - STRAT_mod0.3) - (STRAT_mod0.3 - STRAT_mod0.82)","Opaline/CCS",0.145366938649848,-0.0442025121117745,0.312059316692528
"2090","(STRAT_mod0.09 - STRAT_mod0.3) - (STRAT_mod0.3 - STRAT_mod1.08)","Opaline/CCS",0.128727274053187,-0.0517635480605079,0.304642876508555
"2091","(STRAT_mod0.09 - STRAT_mod0.3) - (STRAT_mod0.3 - STRAT_mod1.44)","Opaline/CCS",0.129127572229783,-0.0533540341221596,0.306398436271619
"2092","(STRAT_mod0.09 - STRAT_mod0.3) - (STRAT_mod0.3 - STRAT_mod2.15)","Opaline/CCS",-0.00274675862665538,-0.200509570487245,0.199295929282589
"2093","(STRAT_mod0.09 - STRAT_mod0.3) - (STRAT_mod0.3 - STRAT_mod2.88)","Opaline/CCS",-0.0123613404828558,-0.188370334404925,0.168976662767565
"2094","(STRAT_mod0.09 - STRAT_mod0.3) - (STRAT_mod0.3 - STRAT_mod3.37)","Opaline/CCS",0.0530900312298561,-0.119304967367106,0.234854859854784
"2095","(STRAT_mod0.09 - STRAT_mod0.3) - (STRAT_mod0.82 - STRAT_mod1.08)","Opaline/CCS",0.0708461421135573,-0.0816590651692968,0.213412235822535
"2096","(STRAT_mod0.09 - STRAT_mod0.3) - (STRAT_mod0.82 - STRAT_mod1.44)","Opaline/CCS",0.0704972726871292,-0.0765360871837378,0.22160680763844
"2097","(STRAT_mod0.09 - STRAT_mod0.3) - (STRAT_mod0.82 - STRAT_mod2.15)","Opaline/CCS",-0.0606335968175949,-0.239954765221555,0.10802915291571
"2098","(STRAT_mod0.09 - STRAT_mod0.3) - (STRAT_mod0.82 - STRAT_mod2.88)","Opaline/CCS",-0.0715141320993579,-0.215740901191885,0.0828970774447836
"2099","(STRAT_mod0.09 - STRAT_mod0.3) - (STRAT_mod0.82 - STRAT_mod3.37)","Opaline/CCS",-0.00574519525595835,-0.151349119378735,0.140543668470176
"2100","(STRAT_mod0.09 - STRAT_mod0.3) - (STRAT_mod1.08 - STRAT_mod1.44)","Opaline/CCS",0.0855076871796974,-0.0650591435333291,0.237149264254691
"2101","(STRAT_mod0.09 - STRAT_mod0.3) - (STRAT_mod1.08 - STRAT_mod2.15)","Opaline/CCS",-0.0462139879998235,-0.21883131017023,0.131254139573037
"2102","(STRAT_mod0.09 - STRAT_mod0.3) - (STRAT_mod1.08 - STRAT_mod2.88)","Opaline/CCS",-0.0555227722155968,-0.200594214882041,0.100216893767354
"2103","(STRAT_mod0.09 - STRAT_mod0.3) - (STRAT_mod1.08 - STRAT_mod3.37)","Opaline/CCS",0.00966816120203048,-0.141596835680092,0.152308057769084
"2104","(STRAT_mod0.09 - STRAT_mod0.3) - (STRAT_mod1.44 - STRAT_mod2.15)","Opaline/CCS",-0.0445055497099916,-0.227154895287612,0.123798898678937
"2105","(STRAT_mod0.09 - STRAT_mod0.3) - (STRAT_mod1.44 - STRAT_mod2.88)","Opaline/CCS",-0.0554440716500592,-0.205073168360882,0.0964142136261522
"2106","(STRAT_mod0.09 - STRAT_mod0.3) - (STRAT_mod1.44 - STRAT_mod3.37)","Opaline/CCS",0.00975687718419163,-0.131166823921454,0.164383981216013
"2107","(STRAT_mod0.09 - STRAT_mod0.3) - (STRAT_mod2.15 - STRAT_mod2.88)","Opaline/CCS",0.0777344320024154,-0.0956701059506562,0.251359868187836
"2108","(STRAT_mod0.09 - STRAT_mod0.3) - (STRAT_mod2.15 - STRAT_mod3.37)","Opaline/CCS",0.141546646203034,-0.0277329987268006,0.314204980999765
"2109","(STRAT_mod0.09 - STRAT_mod0.3) - (STRAT_mod2.88 - STRAT_mod3.37)","Opaline/CCS",0.150747533081864,0.00215505688518047,0.299374354962304
"2110","(STRAT_mod0.09 - STRAT_mod0.82) - (STRAT_mod0.09 - STRAT_mod1.08)","Opaline/CCS",-0.0158013063543832,-0.0706403799176737,0.0432492763322258
"2111","(STRAT_mod0.09 - STRAT_mod0.82) - (STRAT_mod0.09 - STRAT_mod1.44)","Opaline/CCS",-0.0154449717742903,-0.0707438220893903,0.0491464938251067
"2112","(STRAT_mod0.09 - STRAT_mod0.82) - (STRAT_mod0.09 - STRAT_mod2.15)","Opaline/CCS",-0.148243409597541,-0.25200919656362,-0.0399990266308055
"2113","(STRAT_mod0.09 - STRAT_mod0.82) - (STRAT_mod0.09 - STRAT_mod2.88)","Opaline/CCS",-0.157046469948761,-0.217883472614933,-0.0967255268680755
"2114","(STRAT_mod0.09 - STRAT_mod0.82) - (STRAT_mod0.09 - STRAT_mod3.37)","Opaline/CCS",-0.0918563015198717,-0.146684411669241,-0.0356047747604847
"2115","(STRAT_mod0.09 - STRAT_mod0.82) - (STRAT_mod0.1 - STRAT_mod0.2)","Opaline/CCS",0.0939616409337153,-0.0731139626866355,0.253060277971958
"2116","(STRAT_mod0.09 - STRAT_mod0.82) - (STRAT_mod0.1 - STRAT_mod0.3)","Opaline/CCS",-0.0263968313077346,-0.192749961943699,0.134084068569364
"2117","(STRAT_mod0.09 - STRAT_mod0.82) - (STRAT_mod0.1 - STRAT_mod0.82)","Opaline/CCS",0.0308769345801055,-0.113185691209357,0.174752617145518
"2118","(STRAT_mod0.09 - STRAT_mod0.82) - (STRAT_mod0.1 - STRAT_mod1.08)","Opaline/CCS",0.0158575821377407,-0.14369563568164,0.164761726954602
"2119","(STRAT_mod0.09 - STRAT_mod0.82) - (STRAT_mod0.1 - STRAT_mod1.44)","Opaline/CCS",0.0163749343779987,-0.147933189242705,0.167027755383314
"2120","(STRAT_mod0.09 - STRAT_mod0.82) - (STRAT_mod0.1 - STRAT_mod2.15)","Opaline/CCS",-0.116265668230051,-0.297174760555074,0.0654155334042825
"2121","(STRAT_mod0.09 - STRAT_mod0.82) - (STRAT_mod0.1 - STRAT_mod2.88)","Opaline/CCS",-0.125062377386855,-0.281224411625981,0.0322561283129762
"2122","(STRAT_mod0.09 - STRAT_mod0.82) - (STRAT_mod0.1 - STRAT_mod3.37)","Opaline/CCS",-0.0601715591911535,-0.221073257070494,0.087740898562635
"2123","(STRAT_mod0.09 - STRAT_mod0.82) - (STRAT_mod0.2 - STRAT_mod0.3)","Opaline/CCS",-0.0939222095568301,-0.260175849679162,0.0524001967604323
"2124","(STRAT_mod0.09 - STRAT_mod0.82) - (STRAT_mod0.2 - STRAT_mod0.82)","Opaline/CCS",-0.0353199819989346,-0.182593926807094,0.0933378323738129
"2125","(STRAT_mod0.09 - STRAT_mod0.82) - (STRAT_mod0.2 - STRAT_mod1.08)","Opaline/CCS",-0.050935525361006,-0.201356456502949,0.0939363411924711
"2126","(STRAT_mod0.09 - STRAT_mod0.82) - (STRAT_mod0.2 - STRAT_mod1.44)","Opaline/CCS",-0.0506668018988514,-0.199459358829884,0.103308473957309
"2127","(STRAT_mod0.09 - STRAT_mod0.82) - (STRAT_mod0.2 - STRAT_mod2.15)","Opaline/CCS",-0.18346837588417,-0.360450059175963,-0.0115497835149431
"2128","(STRAT_mod0.09 - STRAT_mod0.82) - (STRAT_mod0.2 - STRAT_mod2.88)","Opaline/CCS",-0.193014308872245,-0.350049767311338,-0.0456773635790008
"2129","(STRAT_mod0.09 - STRAT_mod0.82) - (STRAT_mod0.2 - STRAT_mod3.37)","Opaline/CCS",-0.127669877016311,-0.270702497032573,0.0241775304627671
"2130","(STRAT_mod0.09 - STRAT_mod0.82) - (STRAT_mod0.3 - STRAT_mod0.82)","Opaline/CCS",0.0858051416529509,-0.0449803479022597,0.227679192127125
"2131","(STRAT_mod0.09 - STRAT_mod0.82) - (STRAT_mod0.3 - STRAT_mod1.08)","Opaline/CCS",0.0708461421135573,-0.0816590651692968,0.213412235822535
"2132","(STRAT_mod0.09 - STRAT_mod0.82) - (STRAT_mod0.3 - STRAT_mod1.44)","Opaline/CCS",0.0704972726871292,-0.0765360871837378,0.22160680763844
"2133","(STRAT_mod0.09 - STRAT_mod0.82) - (STRAT_mod0.3 - STRAT_mod2.15)","Opaline/CCS",-0.0606335968175949,-0.239954765221555,0.10802915291571
"2134","(STRAT_mod0.09 - STRAT_mod0.82) - (STRAT_mod0.3 - STRAT_mod2.88)","Opaline/CCS",-0.0715141320993579,-0.215740901191885,0.0828970774447836
"2135","(STRAT_mod0.09 - STRAT_mod0.82) - (STRAT_mod0.3 - STRAT_mod3.37)","Opaline/CCS",-0.00574519525595835,-0.151349119378735,0.140543668470176
"2136","(STRAT_mod0.09 - STRAT_mod0.82) - (STRAT_mod0.82 - STRAT_mod1.08)","Opaline/CCS",0.0125467412316326,-0.141226940927082,0.160517268507421
"2137","(STRAT_mod0.09 - STRAT_mod0.82) - (STRAT_mod0.82 - STRAT_mod1.44)","Opaline/CCS",0.0121227069810701,-0.138658545344845,0.165081686207719
"2138","(STRAT_mod0.09 - STRAT_mod0.82) - (STRAT_mod0.82 - STRAT_mod2.15)","Opaline/CCS",-0.118724263146358,-0.302973655645214,0.0534971363142214
"2139","(STRAT_mod0.09 - STRAT_mod0.82) - (STRAT_mod0.82 - STRAT_mod2.88)","Opaline/CCS",-0.128918413899648,-0.284083460135463,0.0217704195330905
"2140","(STRAT_mod0.09 - STRAT_mod0.82) - (STRAT_mod0.82 - STRAT_mod3.37)","Opaline/CCS",-0.0641607226358454,-0.217759437590655,0.0827802549385476
"2141","(STRAT_mod0.09 - STRAT_mod0.82) - (STRAT_mod1.08 - STRAT_mod1.44)","Opaline/CCS",0.0276715122415276,-0.12599770359983,0.160716365491305
"2142","(STRAT_mod0.09 - STRAT_mod0.82) - (STRAT_mod1.08 - STRAT_mod2.15)","Opaline/CCS",-0.104155239055401,-0.2812438373662,0.0570101237419394
"2143","(STRAT_mod0.09 - STRAT_mod0.82) - (STRAT_mod1.08 - STRAT_mod2.88)","Opaline/CCS",-0.114075859743524,-0.256595955468076,0.0302474086676814
"2144","(STRAT_mod0.09 - STRAT_mod0.82) - (STRAT_mod1.08 - STRAT_mod3.37)","Opaline/CCS",-0.0480989084718155,-0.187460834576252,0.0924840565074971
"2145","(STRAT_mod0.09 - STRAT_mod0.82) - (STRAT_mod1.44 - STRAT_mod2.15)","Opaline/CCS",-0.102968866031581,-0.273626699810215,0.0592601017336107
"2146","(STRAT_mod0.09 - STRAT_mod0.82) - (STRAT_mod1.44 - STRAT_mod2.88)","Opaline/CCS",-0.113692589307086,-0.259906755626943,0.0275992275898649
"2147","(STRAT_mod0.09 - STRAT_mod0.82) - (STRAT_mod1.44 - STRAT_mod3.37)","Opaline/CCS",-0.0485953178449579,-0.188642136855355,0.0910359097924057
"2148","(STRAT_mod0.09 - STRAT_mod0.82) - (STRAT_mod2.15 - STRAT_mod2.88)","Opaline/CCS",0.0189703690368438,-0.147094911164198,0.186136915671518
"2149","(STRAT_mod0.09 - STRAT_mod0.82) - (STRAT_mod2.15 - STRAT_mod3.37)","Opaline/CCS",0.0840588444112535,-0.0766134291968757,0.250916682116295
"2150","(STRAT_mod0.09 - STRAT_mod0.82) - (STRAT_mod2.88 - STRAT_mod3.37)","Opaline/CCS",0.0932563295457946,-0.0455902412547986,0.235294231681434
"2151","(STRAT_mod0.09 - STRAT_mod1.08) - (STRAT_mod0.09 - STRAT_mod1.44)","Opaline/CCS",0.000573472753758519,-0.0600679424231895,0.0607610343699505
"2152","(STRAT_mod0.09 - STRAT_mod1.08) - (STRAT_mod0.09 - STRAT_mod2.15)","Opaline/CCS",-0.132776261348623,-0.237083223238233,-0.0243585413811601
"2153","(STRAT_mod0.09 - STRAT_mod1.08) - (STRAT_mod0.09 - STRAT_mod2.88)","Opaline/CCS",-0.14109894382744,-0.199757482169247,-0.0768733168869054
"2154","(STRAT_mod0.09 - STRAT_mod1.08) - (STRAT_mod0.09 - STRAT_mod3.37)","Opaline/CCS",-0.0764569020154378,-0.134267388775454,-0.020346338740895
"2155","(STRAT_mod0.09 - STRAT_mod1.08) - (STRAT_mod0.1 - STRAT_mod0.2)","Opaline/CCS",0.109140950740859,-0.0534957998160579,0.276367930445155
"2156","(STRAT_mod0.09 - STRAT_mod1.08) - (STRAT_mod0.1 - STRAT_mod0.3)","Opaline/CCS",-0.0121808401888767,-0.178722534537158,0.150670820359886
"2157","(STRAT_mod0.09 - STRAT_mod1.08) - (STRAT_mod0.1 - STRAT_mod0.82)","Opaline/CCS",0.0463256962320979,-0.116114777749166,0.197792779571767
"2158","(STRAT_mod0.09 - STRAT_mod1.08) - (STRAT_mod0.1 - STRAT_mod1.08)","Opaline/CCS",0.0308769345801055,-0.113185691209357,0.174752617145518
"2159","(STRAT_mod0.09 - STRAT_mod1.08) - (STRAT_mod0.1 - STRAT_mod1.44)","Opaline/CCS",0.0292742505817196,-0.131169050419718,0.18460513693306
"2160","(STRAT_mod0.09 - STRAT_mod1.08) - (STRAT_mod0.1 - STRAT_mod2.15)","Opaline/CCS",-0.10018011672781,-0.283044127609338,0.0769744911436145
"2161","(STRAT_mod0.09 - STRAT_mod1.08) - (STRAT_mod0.1 - STRAT_mod2.88)","Opaline/CCS",-0.110472522769153,-0.27692419679259,0.0423305437720827
"2162","(STRAT_mod0.09 - STRAT_mod1.08) - (STRAT_mod0.1 - STRAT_mod3.37)","Opaline/CCS",-0.0466625364007281,-0.203392858633058,0.110008926995131
"2163","(STRAT_mod0.09 - STRAT_mod1.08) - (STRAT_mod0.2 - STRAT_mod0.3)","Opaline/CCS",-0.077747019885896,-0.242347750969055,0.0732881833278271
"2164","(STRAT_mod0.09 - STRAT_mod1.08) - (STRAT_mod0.2 - STRAT_mod0.82)","Opaline/CCS",-0.0196286634436726,-0.166342033199945,0.134544417159649
"2165","(STRAT_mod0.09 - STRAT_mod1.08) - (STRAT_mod0.2 - STRAT_mod1.08)","Opaline/CCS",-0.0353199819989346,-0.182593926807094,0.0933378323738129
"2166","(STRAT_mod0.09 - STRAT_mod1.08) - (STRAT_mod0.2 - STRAT_mod1.44)","Opaline/CCS",-0.0356900145063674,-0.188991428878879,0.113405887992605
"2167","(STRAT_mod0.09 - STRAT_mod1.08) - (STRAT_mod0.2 - STRAT_mod2.15)","Opaline/CCS",-0.1684566652488,-0.34650267202498,0.00499221161856084
"2168","(STRAT_mod0.09 - STRAT_mod1.08) - (STRAT_mod0.2 - STRAT_mod2.88)","Opaline/CCS",-0.177846101635575,-0.320578433689254,-0.0144247327666315
"2169","(STRAT_mod0.09 - STRAT_mod1.08) - (STRAT_mod0.2 - STRAT_mod3.37)","Opaline/CCS",-0.111559366654284,-0.255383661695778,0.040469886398828
"2170","(STRAT_mod0.09 - STRAT_mod1.08) - (STRAT_mod0.3 - STRAT_mod0.82)","Opaline/CCS",0.101552928839471,-0.0470913450251242,0.25069526280964
"2171","(STRAT_mod0.09 - STRAT_mod1.08) - (STRAT_mod0.3 - STRAT_mod1.08)","Opaline/CCS",0.0858051416529509,-0.0449803479022597,0.227679192127125
"2172","(STRAT_mod0.09 - STRAT_mod1.08) - (STRAT_mod0.3 - STRAT_mod1.44)","Opaline/CCS",0.0855076871796974,-0.0650591435333291,0.237149264254691
"2173","(STRAT_mod0.09 - STRAT_mod1.08) - (STRAT_mod0.3 - STRAT_mod2.15)","Opaline/CCS",-0.0462139879998235,-0.21883131017023,0.131254139573037
"2174","(STRAT_mod0.09 - STRAT_mod1.08) - (STRAT_mod0.3 - STRAT_mod2.88)","Opaline/CCS",-0.0555227722155968,-0.200594214882041,0.100216893767354
"2175","(STRAT_mod0.09 - STRAT_mod1.08) - (STRAT_mod0.3 - STRAT_mod3.37)","Opaline/CCS",0.00966816120203048,-0.141596835680092,0.152308057769084
"2176","(STRAT_mod0.09 - STRAT_mod1.08) - (STRAT_mod0.82 - STRAT_mod1.08)","Opaline/CCS",0.0274030450341815,-0.102109891511023,0.155656248556378
"2177","(STRAT_mod0.09 - STRAT_mod1.08) - (STRAT_mod0.82 - STRAT_mod1.44)","Opaline/CCS",0.0276715122415276,-0.12599770359983,0.160716365491305
"2178","(STRAT_mod0.09 - STRAT_mod1.08) - (STRAT_mod0.82 - STRAT_mod2.15)","Opaline/CCS",-0.104155239055401,-0.2812438373662,0.0570101237419394
"2179","(STRAT_mod0.09 - STRAT_mod1.08) - (STRAT_mod0.82 - STRAT_mod2.88)","Opaline/CCS",-0.114075859743524,-0.256595955468076,0.0302474086676814
"2180","(STRAT_mod0.09 - STRAT_mod1.08) - (STRAT_mod0.82 - STRAT_mod3.37)","Opaline/CCS",-0.0480989084718155,-0.187460834576252,0.0924840565074971
"2181","(STRAT_mod0.09 - STRAT_mod1.08) - (STRAT_mod1.08 - STRAT_mod1.44)","Opaline/CCS",0.0434498204051166,-0.101759528439835,0.20794955998205
"2182","(STRAT_mod0.09 - STRAT_mod1.08) - (STRAT_mod1.08 - STRAT_mod2.15)","Opaline/CCS",-0.0885504120494987,-0.254372817315938,0.0999788190788622
"2183","(STRAT_mod0.09 - STRAT_mod1.08) - (STRAT_mod1.08 - STRAT_mod2.88)","Opaline/CCS",-0.0979557625812156,-0.245207345387933,0.0645357135615499
"2184","(STRAT_mod0.09 - STRAT_mod1.08) - (STRAT_mod1.08 - STRAT_mod3.37)","Opaline/CCS",-0.0329128927767595,-0.186205686580916,0.118498325940444
"2185","(STRAT_mod0.09 - STRAT_mod1.08) - (STRAT_mod1.44 - STRAT_mod2.15)","Opaline/CCS",-0.0887990634756391,-0.256440034806274,0.0839106562689538
"2186","(STRAT_mod0.09 - STRAT_mod1.08) - (STRAT_mod1.44 - STRAT_mod2.88)","Opaline/CCS",-0.098258414901636,-0.24328125070608,0.0474137299826837
"2187","(STRAT_mod0.09 - STRAT_mod1.08) - (STRAT_mod1.44 - STRAT_mod3.37)","Opaline/CCS",-0.0327384393518897,-0.175185572143968,0.10807043776917
"2188","(STRAT_mod0.09 - STRAT_mod1.08) - (STRAT_mod2.15 - STRAT_mod2.88)","Opaline/CCS",0.0346215241216219,-0.135018179068432,0.200001566348894
"2189","(STRAT_mod0.09 - STRAT_mod1.08) - (STRAT_mod2.15 - STRAT_mod3.37)","Opaline/CCS",0.0994413642546253,-0.0681064405157357,0.261051007880483
"2190","(STRAT_mod0.09 - STRAT_mod1.08) - (STRAT_mod2.88 - STRAT_mod3.37)","Opaline/CCS",0.108348064137096,-0.0277852508295043,0.251218035740814
"2191","(STRAT_mod0.09 - STRAT_mod1.44) - (STRAT_mod0.09 - STRAT_mod2.15)","Opaline/CCS",-0.132854811995067,-0.241400795228089,-0.026750213222223
"2192","(STRAT_mod0.09 - STRAT_mod1.44) - (STRAT_mod0.09 - STRAT_mod2.88)","Opaline/CCS",-0.141670010973191,-0.203367296796693,-0.0767630365054005
"2193","(STRAT_mod0.09 - STRAT_mod1.44) - (STRAT_mod0.09 - STRAT_mod3.37)","Opaline/CCS",-0.0762861216218257,-0.133994515034564,-0.0158684936827709
"2194","(STRAT_mod0.09 - STRAT_mod1.44) - (STRAT_mod0.1 - STRAT_mod0.2)","Opaline/CCS",0.10962440619524,-0.0518744231568629,0.275746156827962
"2195","(STRAT_mod0.09 - STRAT_mod1.44) - (STRAT_mod0.1 - STRAT_mod0.3)","Opaline/CCS",-0.0128899485969809,-0.171688623679047,0.151509974660443
"2196","(STRAT_mod0.09 - STRAT_mod1.44) - (STRAT_mod0.1 - STRAT_mod0.82)","Opaline/CCS",0.0458132681879857,-0.112951906386045,0.198314870409171
"2197","(STRAT_mod0.09 - STRAT_mod1.44) - (STRAT_mod0.1 - STRAT_mod1.08)","Opaline/CCS",0.0318944503455866,-0.122139853183747,0.186136206946581
"2198","(STRAT_mod0.09 - STRAT_mod1.44) - (STRAT_mod0.1 - STRAT_mod1.44)","Opaline/CCS",0.0308769345801055,-0.113185691209357,0.174752617145518
"2199","(STRAT_mod0.09 - STRAT_mod1.44) - (STRAT_mod0.1 - STRAT_mod2.15)","Opaline/CCS",-0.0998783577618551,-0.285154000942644,0.0751554612655009
"2200","(STRAT_mod0.09 - STRAT_mod1.44) - (STRAT_mod0.1 - STRAT_mod2.88)","Opaline/CCS",-0.110181022234633,-0.273518526502551,0.0407795800690613
"2201","(STRAT_mod0.09 - STRAT_mod1.44) - (STRAT_mod0.1 - STRAT_mod3.37)","Opaline/CCS",-0.0458636248146301,-0.203745661434365,0.10576580956745
"2202","(STRAT_mod0.09 - STRAT_mod1.44) - (STRAT_mod0.2 - STRAT_mod0.3)","Opaline/CCS",-0.077421926906267,-0.240682411113361,0.0746356904780878
"2203","(STRAT_mod0.09 - STRAT_mod1.44) - (STRAT_mod0.2 - STRAT_mod0.82)","Opaline/CCS",-0.0195309981293635,-0.173849138521292,0.127048305320721
"2204","(STRAT_mod0.09 - STRAT_mod1.44) - (STRAT_mod0.2 - STRAT_mod1.08)","Opaline/CCS",-0.0360588408780436,-0.179069222106975,0.120324214430178
"2205","(STRAT_mod0.09 - STRAT_mod1.44) - (STRAT_mod0.2 - STRAT_mod1.44)","Opaline/CCS",-0.0353199819989346,-0.182593926807094,0.0933378323738129
"2206","(STRAT_mod0.09 - STRAT_mod1.44) - (STRAT_mod0.2 - STRAT_mod2.15)","Opaline/CCS",-0.168903544774104,-0.341991863498423,0.00721160224033723
"2207","(STRAT_mod0.09 - STRAT_mod1.44) - (STRAT_mod0.2 - STRAT_mod2.88)","Opaline/CCS",-0.176749025307266,-0.328580163738496,-0.0233518301823882
"2208","(STRAT_mod0.09 - STRAT_mod1.44) - (STRAT_mod0.2 - STRAT_mod3.37)","Opaline/CCS",-0.110846239772509,-0.258800187746536,0.0365565058596503
"2209","(STRAT_mod0.09 - STRAT_mod1.44) - (STRAT_mod0.3 - STRAT_mod0.82)","Opaline/CCS",0.1014702300394,-0.0471338235060442,0.250360777964296
"2210","(STRAT_mod0.09 - STRAT_mod1.44) - (STRAT_mod0.3 - STRAT_mod1.08)","Opaline/CCS",0.0859701965285316,-0.0601906952664248,0.236628262666602
"2211","(STRAT_mod0.09 - STRAT_mod1.44) - (STRAT_mod0.3 - STRAT_mod1.44)","Opaline/CCS",0.0858051416529509,-0.0449803479022597,0.227679192127125
"2212","(STRAT_mod0.09 - STRAT_mod1.44) - (STRAT_mod0.3 - STRAT_mod2.15)","Opaline/CCS",-0.0445055497099916,-0.227154895287612,0.123798898678937
"2213","(STRAT_mod0.09 - STRAT_mod1.44) - (STRAT_mod0.3 - STRAT_mod2.88)","Opaline/CCS",-0.0554440716500592,-0.205073168360882,0.0964142136261522
"2214","(STRAT_mod0.09 - STRAT_mod1.44) - (STRAT_mod0.3 - STRAT_mod3.37)","Opaline/CCS",0.00975687718419163,-0.131166823921454,0.164383981216013
"2215","(STRAT_mod0.09 - STRAT_mod1.44) - (STRAT_mod0.82 - STRAT_mod1.08)","Opaline/CCS",0.0285515778422665,-0.112324893500341,0.168709783493004
"2216","(STRAT_mod0.09 - STRAT_mod1.44) - (STRAT_mod0.82 - STRAT_mod1.44)","Opaline/CCS",0.0274030450341815,-0.102109891511023,0.155656248556378
"2217","(STRAT_mod0.09 - STRAT_mod1.44) - (STRAT_mod0.82 - STRAT_mod2.15)","Opaline/CCS",-0.102968866031581,-0.273626699810215,0.0592601017336107
"2218","(STRAT_mod0.09 - STRAT_mod1.44) - (STRAT_mod0.82 - STRAT_mod2.88)","Opaline/CCS",-0.113692589307086,-0.259906755626943,0.0275992275898649
"2219","(STRAT_mod0.09 - STRAT_mod1.44) - (STRAT_mod0.82 - STRAT_mod3.37)","Opaline/CCS",-0.0485953178449579,-0.188642136855355,0.0910359097924057
"2220","(STRAT_mod0.09 - STRAT_mod1.44) - (STRAT_mod1.08 - STRAT_mod1.44)","Opaline/CCS",0.0430642291548874,-0.0769060935275484,0.180660736074737
"2221","(STRAT_mod0.09 - STRAT_mod1.44) - (STRAT_mod1.08 - STRAT_mod2.15)","Opaline/CCS",-0.0887990634756391,-0.256440034806274,0.0839106562689538
"2222","(STRAT_mod0.09 - STRAT_mod1.44) - (STRAT_mod1.08 - STRAT_mod2.88)","Opaline/CCS",-0.098258414901636,-0.24328125070608,0.0474137299826837
"2223","(STRAT_mod0.09 - STRAT_mod1.44) - (STRAT_mod1.08 - STRAT_mod3.37)","Opaline/CCS",-0.0327384393518897,-0.175185572143968,0.10807043776917
"2224","(STRAT_mod0.09 - STRAT_mod1.44) - (STRAT_mod1.44 - STRAT_mod2.15)","Opaline/CCS",-0.0896343182567283,-0.270532626221725,0.0883652587227982
"2225","(STRAT_mod0.09 - STRAT_mod1.44) - (STRAT_mod1.44 - STRAT_mod2.88)","Opaline/CCS",-0.0991010146438068,-0.260029899871566,0.0566457221439503
"2226","(STRAT_mod0.09 - STRAT_mod1.44) - (STRAT_mod1.44 - STRAT_mod3.37)","Opaline/CCS",-0.0336596293990246,-0.18700046423321,0.120647554709207
"2227","(STRAT_mod0.09 - STRAT_mod1.44) - (STRAT_mod2.15 - STRAT_mod2.88)","Opaline/CCS",0.0337587277528176,-0.135374253326934,0.201537089668585
"2228","(STRAT_mod0.09 - STRAT_mod1.44) - (STRAT_mod2.15 - STRAT_mod3.37)","Opaline/CCS",0.0986332249816046,-0.0716338280452515,0.25777258153081
"2229","(STRAT_mod0.09 - STRAT_mod1.44) - (STRAT_mod2.88 - STRAT_mod3.37)","Opaline/CCS",0.107498602462678,-0.0348141680828493,0.2467220517776
"2230","(STRAT_mod0.09 - STRAT_mod2.15) - (STRAT_mod0.09 - STRAT_mod2.88)","Opaline/CCS",-0.0080655923816377,-0.121483832572253,0.0959821041571146
"2231","(STRAT_mod0.09 - STRAT_mod2.15) - (STRAT_mod0.09 - STRAT_mod3.37)","Opaline/CCS",0.0569698880961579,-0.049598048786514,0.159284546881346
"2232","(STRAT_mod0.09 - STRAT_mod2.15) - (STRAT_mod0.1 - STRAT_mod0.2)","Opaline/CCS",0.242029323663707,0.0563220168052255,0.431889212420227
"2233","(STRAT_mod0.09 - STRAT_mod2.15) - (STRAT_mod0.1 - STRAT_mod0.3)","Opaline/CCS",0.120550152482599,-0.065675048039167,0.305999186849188
"2234","(STRAT_mod0.09 - STRAT_mod2.15) - (STRAT_mod0.1 - STRAT_mod0.82)","Opaline/CCS",0.177539706931668,-0.00338941266459419,0.358422627229041
"2235","(STRAT_mod0.09 - STRAT_mod2.15) - (STRAT_mod0.1 - STRAT_mod1.08)","Opaline/CCS",0.162856966281121,-0.0196852075165701,0.338187509730762
"2236","(STRAT_mod0.09 - STRAT_mod2.15) - (STRAT_mod0.1 - STRAT_mod1.44)","Opaline/CCS",0.163312275354183,-0.00969285866181341,0.350605222679102
"2237","(STRAT_mod0.09 - STRAT_mod2.15) - (STRAT_mod0.1 - STRAT_mod2.15)","Opaline/CCS",0.0308769345801055,-0.113185691209357,0.174752617145518
"2238","(STRAT_mod0.09 - STRAT_mod2.15) - (STRAT_mod0.1 - STRAT_mod2.88)","Opaline/CCS",0.0201645595243568,-0.161186583859175,0.205186668556288
"2239","(STRAT_mod0.09 - STRAT_mod2.15) - (STRAT_mod0.1 - STRAT_mod3.37)","Opaline/CCS",0.086751753091158,-0.0907456188838826,0.268515847585666
"2240","(STRAT_mod0.09 - STRAT_mod2.15) - (STRAT_mod0.2 - STRAT_mod0.3)","Opaline/CCS",0.0540573775329437,-0.123440982777321,0.233316379999773
"2241","(STRAT_mod0.09 - STRAT_mod2.15) - (STRAT_mod0.2 - STRAT_mod0.82)","Opaline/CCS",0.111977691721907,-0.0624889150091456,0.286446118224814
"2242","(STRAT_mod0.09 - STRAT_mod2.15) - (STRAT_mod0.2 - STRAT_mod1.08)","Opaline/CCS",0.095206587562421,-0.0755224091947923,0.269616132901581
"2243","(STRAT_mod0.09 - STRAT_mod2.15) - (STRAT_mod0.2 - STRAT_mod1.44)","Opaline/CCS",0.0964150432514784,-0.0827473657177671,0.268962750027254
"2244","(STRAT_mod0.09 - STRAT_mod2.15) - (STRAT_mod0.2 - STRAT_mod2.15)","Opaline/CCS",-0.0353199819989346,-0.182593926807094,0.0933378323738129
"2245","(STRAT_mod0.09 - STRAT_mod2.15) - (STRAT_mod0.2 - STRAT_mod2.88)","Opaline/CCS",-0.0456298901207852,-0.216229340286623,0.135510680757759
"2246","(STRAT_mod0.09 - STRAT_mod2.15) - (STRAT_mod0.2 - STRAT_mod3.37)","Opaline/CCS",0.0213915223684253,-0.152899162834005,0.193379154500326
"2247","(STRAT_mod0.09 - STRAT_mod2.15) - (STRAT_mod0.3 - STRAT_mod0.82)","Opaline/CCS",0.233753486434107,0.0655301703636647,0.411848461979843
"2248","(STRAT_mod0.09 - STRAT_mod2.15) - (STRAT_mod0.3 - STRAT_mod1.08)","Opaline/CCS",0.218688883463227,0.0451579002201773,0.386664089774214
"2249","(STRAT_mod0.09 - STRAT_mod2.15) - (STRAT_mod0.3 - STRAT_mod1.44)","Opaline/CCS",0.217849133399182,0.0450354210082392,0.390525602543226
"2250","(STRAT_mod0.09 - STRAT_mod2.15) - (STRAT_mod0.3 - STRAT_mod2.15)","Opaline/CCS",0.0858051416529509,-0.0449803479022597,0.227679192127125
"2251","(STRAT_mod0.09 - STRAT_mod2.15) - (STRAT_mod0.3 - STRAT_mod2.88)","Opaline/CCS",0.0777344320024154,-0.0956701059506562,0.251359868187836
"2252","(STRAT_mod0.09 - STRAT_mod2.15) - (STRAT_mod0.3 - STRAT_mod3.37)","Opaline/CCS",0.141546646203034,-0.0277329987268006,0.314204980999765
"2253","(STRAT_mod0.09 - STRAT_mod2.15) - (STRAT_mod0.82 - STRAT_mod1.08)","Opaline/CCS",0.160894826591374,-0.00190527845973593,0.327365627437618
"2254","(STRAT_mod0.09 - STRAT_mod2.15) - (STRAT_mod0.82 - STRAT_mod1.44)","Opaline/CCS",0.161346680500856,0.00188108655884356,0.336012263122652
"2255","(STRAT_mod0.09 - STRAT_mod2.15) - (STRAT_mod0.82 - STRAT_mod2.15)","Opaline/CCS",0.0274030450341815,-0.102109891511023,0.155656248556378
"2256","(STRAT_mod0.09 - STRAT_mod2.15) - (STRAT_mod0.82 - STRAT_mod2.88)","Opaline/CCS",0.0189703690368438,-0.147094911164198,0.186136915671518
"2257","(STRAT_mod0.09 - STRAT_mod2.15) - (STRAT_mod0.82 - STRAT_mod3.37)","Opaline/CCS",0.0840588444112535,-0.0766134291968757,0.250916682116295
"2258","(STRAT_mod0.09 - STRAT_mod2.15) - (STRAT_mod1.08 - STRAT_mod1.44)","Opaline/CCS",0.175466870203827,0.0118096740005607,0.34482411312142
"2259","(STRAT_mod0.09 - STRAT_mod2.15) - (STRAT_mod1.08 - STRAT_mod2.15)","Opaline/CCS",0.0430642291548874,-0.0769060935275484,0.180660736074737
"2260","(STRAT_mod0.09 - STRAT_mod2.15) - (STRAT_mod1.08 - STRAT_mod2.88)","Opaline/CCS",0.0346215241216219,-0.135018179068432,0.200001566348894
"2261","(STRAT_mod0.09 - STRAT_mod2.15) - (STRAT_mod1.08 - STRAT_mod3.37)","Opaline/CCS",0.0994413642546253,-0.0681064405157357,0.261051007880483
"2262","(STRAT_mod0.09 - STRAT_mod2.15) - (STRAT_mod1.44 - STRAT_mod2.15)","Opaline/CCS",0.0426363489049514,-0.0872672811405502,0.173454400844372
"2263","(STRAT_mod0.09 - STRAT_mod2.15) - (STRAT_mod1.44 - STRAT_mod2.88)","Opaline/CCS",0.0337587277528176,-0.135374253326934,0.201537089668585
"2264","(STRAT_mod0.09 - STRAT_mod2.15) - (STRAT_mod1.44 - STRAT_mod3.37)","Opaline/CCS",0.0986332249816046,-0.0716338280452515,0.25777258153081
"2265","(STRAT_mod0.09 - STRAT_mod2.15) - (STRAT_mod2.15 - STRAT_mod2.88)","Opaline/CCS",0.167495098357166,-0.0671053068451462,0.402844424424616
"2266","(STRAT_mod0.09 - STRAT_mod2.15) - (STRAT_mod2.15 - STRAT_mod3.37)","Opaline/CCS",0.2331638764762,-0.00213268292801794,0.464409054459755
"2267","(STRAT_mod0.09 - STRAT_mod2.15) - (STRAT_mod2.88 - STRAT_mod3.37)","Opaline/CCS",0.240696891285921,0.0719822194497295,0.403496491909073
"2268","(STRAT_mod0.09 - STRAT_mod2.88) - (STRAT_mod0.09 - STRAT_mod3.37)","Opaline/CCS",0.064734682542481,0.00716142333419062,0.125242689121918
"2269","(STRAT_mod0.09 - STRAT_mod2.88) - (STRAT_mod0.1 - STRAT_mod0.2)","Opaline/CCS",0.250360527823023,0.0880398886277344,0.414810716312328
"2270","(STRAT_mod0.09 - STRAT_mod2.88) - (STRAT_mod0.1 - STRAT_mod0.3)","Opaline/CCS",0.13104725593619,-0.0318914156601548,0.29789119036989
"2271","(STRAT_mod0.09 - STRAT_mod2.88) - (STRAT_mod0.1 - STRAT_mod0.82)","Opaline/CCS",0.187395079370365,0.0231231717100499,0.335720550894503
"2272","(STRAT_mod0.09 - STRAT_mod2.88) - (STRAT_mod0.1 - STRAT_mod1.08)","Opaline/CCS",0.172862848970221,0.0126140903363,0.323446779148575
"2273","(STRAT_mod0.09 - STRAT_mod2.88) - (STRAT_mod0.1 - STRAT_mod1.44)","Opaline/CCS",0.173173303081778,0.0148915032049758,0.327454087615903
"2274","(STRAT_mod0.09 - STRAT_mod2.88) - (STRAT_mod0.1 - STRAT_mod2.15)","Opaline/CCS",0.0404835840644626,-0.142979073526976,0.216310902871988
"2275","(STRAT_mod0.09 - STRAT_mod2.88) - (STRAT_mod0.1 - STRAT_mod2.88)","Opaline/CCS",0.0308769345801055,-0.113185691209357,0.174752617145518
"2276","(STRAT_mod0.09 - STRAT_mod2.88) - (STRAT_mod0.1 - STRAT_mod3.37)","Opaline/CCS",0.0963271901854304,-0.0622032734294866,0.24897578489317
"2277","(STRAT_mod0.09 - STRAT_mod2.88) - (STRAT_mod0.2 - STRAT_mod0.3)","Opaline/CCS",0.0633682307316084,-0.0887108361341106,0.223598037386246
"2278","(STRAT_mod0.09 - STRAT_mod2.88) - (STRAT_mod0.2 - STRAT_mod0.82)","Opaline/CCS",0.121072806305692,-0.0362205527584201,0.264257735332029
"2279","(STRAT_mod0.09 - STRAT_mod2.88) - (STRAT_mod0.2 - STRAT_mod1.08)","Opaline/CCS",0.107096215909502,-0.0397186649318646,0.259716942495479
"2280","(STRAT_mod0.09 - STRAT_mod2.88) - (STRAT_mod0.2 - STRAT_mod1.44)","Opaline/CCS",0.105931886028273,-0.0432251099690875,0.258375366376381
"2281","(STRAT_mod0.09 - STRAT_mod2.88) - (STRAT_mod0.2 - STRAT_mod2.15)","Opaline/CCS",-0.0263214655160411,-0.196364825033365,0.154211949996269
"2282","(STRAT_mod0.09 - STRAT_mod2.88) - (STRAT_mod0.2 - STRAT_mod2.88)","Opaline/CCS",-0.0353199819989346,-0.182593926807094,0.0933378323738129
"2283","(STRAT_mod0.09 - STRAT_mod2.88) - (STRAT_mod0.2 - STRAT_mod3.37)","Opaline/CCS",0.0294810268415046,-0.111701713891106,0.186030723124755
"2284","(STRAT_mod0.09 - STRAT_mod2.88) - (STRAT_mod0.3 - STRAT_mod0.82)","Opaline/CCS",0.243401937424151,0.0971021630529204,0.396312462423332
"2285","(STRAT_mod0.09 - STRAT_mod2.88) - (STRAT_mod0.3 - STRAT_mod1.08)","Opaline/CCS",0.228786987706024,0.0717671080088531,0.370898646798852
"2286","(STRAT_mod0.09 - STRAT_mod2.88) - (STRAT_mod0.3 - STRAT_mod1.44)","Opaline/CCS",0.228554579749173,0.0794180462324439,0.379276202672164
"2287","(STRAT_mod0.09 - STRAT_mod2.88) - (STRAT_mod0.3 - STRAT_mod2.15)","Opaline/CCS",0.0964604662878554,-0.07802965476321,0.275055794752826
"2288","(STRAT_mod0.09 - STRAT_mod2.88) - (STRAT_mod0.3 - STRAT_mod2.88)","Opaline/CCS",0.0858051416529509,-0.0449803479022597,0.227679192127125
"2289","(STRAT_mod0.09 - STRAT_mod2.88) - (STRAT_mod0.3 - STRAT_mod3.37)","Opaline/CCS",0.150747533081864,0.00215505688518047,0.299374354962304
"2290","(STRAT_mod0.09 - STRAT_mod2.88) - (STRAT_mod0.82 - STRAT_mod1.08)","Opaline/CCS",0.169494556696704,0.0334283115222633,0.316739188094859
"2291","(STRAT_mod0.09 - STRAT_mod2.88) - (STRAT_mod0.82 - STRAT_mod1.44)","Opaline/CCS",0.16967932378812,0.0243437691489644,0.31083904564872
"2292","(STRAT_mod0.09 - STRAT_mod2.88) - (STRAT_mod0.82 - STRAT_mod2.15)","Opaline/CCS",0.0385455868042784,-0.134974036937201,0.203412167085952
"2293","(STRAT_mod0.09 - STRAT_mod2.88) - (STRAT_mod0.82 - STRAT_mod2.88)","Opaline/CCS",0.0274030450341815,-0.102109891511023,0.155656248556378
"2294","(STRAT_mod0.09 - STRAT_mod2.88) - (STRAT_mod0.82 - STRAT_mod3.37)","Opaline/CCS",0.0932563295457946,-0.0455902412547986,0.235294231681434
"2295","(STRAT_mod0.09 - STRAT_mod2.88) - (STRAT_mod1.08 - STRAT_mod1.44)","Opaline/CCS",0.184589003595743,0.0318894434134576,0.319942837142387
"2296","(STRAT_mod0.09 - STRAT_mod2.88) - (STRAT_mod1.08 - STRAT_mod2.15)","Opaline/CCS",0.0531301403019288,-0.125460179347249,0.215447879629606
"2297","(STRAT_mod0.09 - STRAT_mod2.88) - (STRAT_mod1.08 - STRAT_mod2.88)","Opaline/CCS",0.0430642291548874,-0.0769060935275484,0.180660736074737
"2298","(STRAT_mod0.09 - STRAT_mod2.88) - (STRAT_mod1.08 - STRAT_mod3.37)","Opaline/CCS",0.108348064137096,-0.0277852508295043,0.251218035740814
"2299","(STRAT_mod0.09 - STRAT_mod2.88) - (STRAT_mod1.44 - STRAT_mod2.15)","Opaline/CCS",0.0524674262618941,-0.117084336184601,0.219839569683198
"2300","(STRAT_mod0.09 - STRAT_mod2.88) - (STRAT_mod1.44 - STRAT_mod2.88)","Opaline/CCS",0.0426363489049514,-0.0872672811405502,0.173454400844372
"2301","(STRAT_mod0.09 - STRAT_mod2.88) - (STRAT_mod1.44 - STRAT_mod3.37)","Opaline/CCS",0.107498602462678,-0.0348141680828493,0.2467220517776
"2302","(STRAT_mod0.09 - STRAT_mod2.88) - (STRAT_mod2.15 - STRAT_mod2.88)","Opaline/CCS",0.177022375133092,0.0182751394807821,0.331279198958545
"2303","(STRAT_mod0.09 - STRAT_mod2.88) - (STRAT_mod2.15 - STRAT_mod3.37)","Opaline/CCS",0.240696891285921,0.0719822194497295,0.403496491909073
"2304","(STRAT_mod0.09 - STRAT_mod2.88) - (STRAT_mod2.88 - STRAT_mod3.37)","Opaline/CCS",0.250081172437095,0.0949889682230992,0.404799304602411
"2305","(STRAT_mod0.09 - STRAT_mod3.37) - (STRAT_mod0.1 - STRAT_mod0.2)","Opaline/CCS",0.18550826014936,0.0207859481614894,0.346626397978246
"2306","(STRAT_mod0.09 - STRAT_mod3.37) - (STRAT_mod0.1 - STRAT_mod0.3)","Opaline/CCS",0.0641365131303308,-0.0953718982879572,0.228301036630754
"2307","(STRAT_mod0.09 - STRAT_mod3.37) - (STRAT_mod0.1 - STRAT_mod0.82)","Opaline/CCS",0.122164098632786,-0.0322242573072778,0.278047548628216
"2308","(STRAT_mod0.09 - STRAT_mod3.37) - (STRAT_mod0.1 - STRAT_mod1.08)","Opaline/CCS",0.107751047456374,-0.0507599020730934,0.256593700812129
"2309","(STRAT_mod0.09 - STRAT_mod3.37) - (STRAT_mod0.1 - STRAT_mod1.44)","Opaline/CCS",0.106025067737997,-0.0483214009595169,0.264369578046417
"2310","(STRAT_mod0.09 - STRAT_mod3.37) - (STRAT_mod0.1 - STRAT_mod2.15)","Opaline/CCS",-0.0240867709054783,-0.206431496629727,0.152567310261587
"2311","(STRAT_mod0.09 - STRAT_mod3.37) - (STRAT_mod0.1 - STRAT_mod2.88)","Opaline/CCS",-0.0335870081230647,-0.190403148828314,0.124437225089175
"2312","(STRAT_mod0.09 - STRAT_mod3.37) - (STRAT_mod0.1 - STRAT_mod3.37)","Opaline/CCS",0.0308769345801055,-0.113185691209357,0.174752617145518
"2313","(STRAT_mod0.09 - STRAT_mod3.37) - (STRAT_mod0.2 - STRAT_mod0.3)","Opaline/CCS",-0.0021726895806998,-0.164073421341195,0.148323228264405
"2314","(STRAT_mod0.09 - STRAT_mod3.37) - (STRAT_mod0.2 - STRAT_mod0.82)","Opaline/CCS",0.0561477460293884,-0.0924904791211358,0.20488937220964
"2315","(STRAT_mod0.09 - STRAT_mod3.37) - (STRAT_mod0.2 - STRAT_mod1.08)","Opaline/CCS",0.0419353955992376,-0.109119101298397,0.189389005977903
"2316","(STRAT_mod0.09 - STRAT_mod3.37) - (STRAT_mod0.2 - STRAT_mod1.44)","Opaline/CCS",0.040815112868685,-0.106483463286994,0.193996771862883
"2317","(STRAT_mod0.09 - STRAT_mod3.37) - (STRAT_mod0.2 - STRAT_mod2.15)","Opaline/CCS",-0.0919074518914575,-0.256203901107749,0.0920341863383453
"2318","(STRAT_mod0.09 - STRAT_mod3.37) - (STRAT_mod0.2 - STRAT_mod2.88)","Opaline/CCS",-0.100479135808133,-0.257724217804943,0.0467135795102763
"2319","(STRAT_mod0.09 - STRAT_mod3.37) - (STRAT_mod0.2 - STRAT_mod3.37)","Opaline/CCS",-0.0353199819989346,-0.182593926807094,0.0933378323738129
"2320","(STRAT_mod0.09 - STRAT_mod3.37) - (STRAT_mod0.3 - STRAT_mod0.82)","Opaline/CCS",0.177255153836823,0.0299263912005785,0.326524647668574
"2321","(STRAT_mod0.09 - STRAT_mod3.37) - (STRAT_mod0.3 - STRAT_mod1.08)","Opaline/CCS",0.162052294723549,0.0177868067604601,0.313700654038527
"2322","(STRAT_mod0.09 - STRAT_mod3.37) - (STRAT_mod0.3 - STRAT_mod1.44)","Opaline/CCS",0.162071777069336,0.00976892215192054,0.309752241347384
"2323","(STRAT_mod0.09 - STRAT_mod3.37) - (STRAT_mod0.3 - STRAT_mod2.15)","Opaline/CCS",0.0313009555520554,-0.144241887179143,0.202942923828113
"2324","(STRAT_mod0.09 - STRAT_mod3.37) - (STRAT_mod0.3 - STRAT_mod2.88)","Opaline/CCS",0.0203384796530184,-0.132477798343127,0.167504164434139
"2325","(STRAT_mod0.09 - STRAT_mod3.37) - (STRAT_mod0.3 - STRAT_mod3.37)","Opaline/CCS",0.0858051416529509,-0.0449803479022597,0.227679192127125
"2326","(STRAT_mod0.09 - STRAT_mod3.37) - (STRAT_mod0.82 - STRAT_mod1.08)","Opaline/CCS",0.104402776938079,-0.0323912189596294,0.246770632678865
"2327","(STRAT_mod0.09 - STRAT_mod3.37) - (STRAT_mod0.82 - STRAT_mod1.44)","Opaline/CCS",0.104158947159734,-0.0410008348536497,0.242306531129866
"2328","(STRAT_mod0.09 - STRAT_mod3.37) - (STRAT_mod0.82 - STRAT_mod2.15)","Opaline/CCS",-0.0274027900254854,-0.20231531685308,0.134130349128164
"2329","(STRAT_mod0.09 - STRAT_mod3.37) - (STRAT_mod0.82 - STRAT_mod2.88)","Opaline/CCS",-0.0373314859199624,-0.175174271853053,0.108373842443627
"2330","(STRAT_mod0.09 - STRAT_mod3.37) - (STRAT_mod0.82 - STRAT_mod3.37)","Opaline/CCS",0.0274030450341815,-0.102109891511023,0.155656248556378
"2331","(STRAT_mod0.09 - STRAT_mod3.37) - (STRAT_mod1.08 - STRAT_mod1.44)","Opaline/CCS",0.119383041527278,-0.0225527230703513,0.264039596232174
"2332","(STRAT_mod0.09 - STRAT_mod3.37) - (STRAT_mod1.08 - STRAT_mod2.15)","Opaline/CCS",-0.0127290337530191,-0.181076421107883,0.156876161456394
"2333","(STRAT_mod0.09 - STRAT_mod3.37) - (STRAT_mod1.08 - STRAT_mod2.88)","Opaline/CCS",-0.0213639197400565,-0.165102519917943,0.121642786693635
"2334","(STRAT_mod0.09 - STRAT_mod3.37) - (STRAT_mod1.08 - STRAT_mod3.37)","Opaline/CCS",0.0430642291548874,-0.0769060935275484,0.180660736074737
"2335","(STRAT_mod0.09 - STRAT_mod3.37) - (STRAT_mod1.44 - STRAT_mod2.15)","Opaline/CCS",-0.0114776375332681,-0.186413572950154,0.148976364328777
"2336","(STRAT_mod0.09 - STRAT_mod3.37) - (STRAT_mod1.44 - STRAT_mod2.88)","Opaline/CCS",-0.022616252217441,-0.174513874167454,0.11284999822444
"2337","(STRAT_mod0.09 - STRAT_mod3.37) - (STRAT_mod1.44 - STRAT_mod3.37)","Opaline/CCS",0.0426363489049514,-0.0872672811405502,0.173454400844372
"2338","(STRAT_mod0.09 - STRAT_mod3.37) - (STRAT_mod2.15 - STRAT_mod2.88)","Opaline/CCS",0.110782325453491,-0.0492513889347122,0.28729684972398
"2339","(STRAT_mod0.09 - STRAT_mod3.37) - (STRAT_mod2.15 - STRAT_mod3.37)","Opaline/CCS",0.177022375133092,0.0182751394807821,0.331279198958545
"2340","(STRAT_mod0.09 - STRAT_mod3.37) - (STRAT_mod2.88 - STRAT_mod3.37)","Opaline/CCS",0.185460794147046,0.0515792905658223,0.308037308804377
"2341","(STRAT_mod0.1 - STRAT_mod0.2) - (STRAT_mod0.1 - STRAT_mod0.3)","Opaline/CCS",-0.120173731657081,-0.211699047696386,-0.0361513744512661
"2342","(STRAT_mod0.1 - STRAT_mod0.2) - (STRAT_mod0.1 - STRAT_mod0.82)","Opaline/CCS",-0.0632057983315798,-0.141716251828961,0.0101108872200878
"2343","(STRAT_mod0.1 - STRAT_mod0.2) - (STRAT_mod0.1 - STRAT_mod1.08)","Opaline/CCS",-0.0782403803127563,-0.156022800822616,-0.00585270428855605
"2344","(STRAT_mod0.1 - STRAT_mod0.2) - (STRAT_mod0.1 - STRAT_mod1.44)","Opaline/CCS",-0.0790426140608047,-0.155602482978873,-0.000360738365302093
"2345","(STRAT_mod0.1 - STRAT_mod0.2) - (STRAT_mod0.1 - STRAT_mod2.15)","Opaline/CCS",-0.211454835098995,-0.328896719356104,-0.0940175758347592
"2346","(STRAT_mod0.1 - STRAT_mod0.2) - (STRAT_mod0.1 - STRAT_mod2.88)","Opaline/CCS",-0.220599973832405,-0.294884391074309,-0.137617895646652
"2347","(STRAT_mod0.1 - STRAT_mod0.2) - (STRAT_mod0.1 - STRAT_mod3.37)","Opaline/CCS",-0.155628249731947,-0.229253928263257,-0.0808892673314447
"2348","(STRAT_mod0.1 - STRAT_mod0.2) - (STRAT_mod0.2 - STRAT_mod0.3)","Opaline/CCS",-0.186556859654006,-0.350715942525602,-0.027252633187815
"2349","(STRAT_mod0.1 - STRAT_mod0.2) - (STRAT_mod0.2 - STRAT_mod0.82)","Opaline/CCS",-0.129596489496372,-0.278348155708112,0.0326243561122903
"2350","(STRAT_mod0.1 - STRAT_mod0.2) - (STRAT_mod0.2 - STRAT_mod1.08)","Opaline/CCS",-0.144451762904752,-0.295058601772239,0.0148886470127443
"2351","(STRAT_mod0.1 - STRAT_mod0.2) - (STRAT_mod0.2 - STRAT_mod1.44)","Opaline/CCS",-0.144913166829497,-0.307587756349828,0.0061960474801212
"2352","(STRAT_mod0.1 - STRAT_mod0.2) - (STRAT_mod0.2 - STRAT_mod2.15)","Opaline/CCS",-0.275753808211021,-0.452382438687262,-0.0894786231765739
"2353","(STRAT_mod0.1 - STRAT_mod0.2) - (STRAT_mod0.2 - STRAT_mod2.88)","Opaline/CCS",-0.286723473279314,-0.437534646060412,-0.123636570215126
"2354","(STRAT_mod0.1 - STRAT_mod0.2) - (STRAT_mod0.2 - STRAT_mod3.37)","Opaline/CCS",-0.221756860569049,-0.365137878475262,-0.0529290974358588
"2355","(STRAT_mod0.1 - STRAT_mod0.2) - (STRAT_mod0.3 - STRAT_mod0.82)","Opaline/CCS",-0.00897444461106636,-0.137359647024121,0.115150483010637
"2356","(STRAT_mod0.1 - STRAT_mod0.2) - (STRAT_mod0.3 - STRAT_mod1.08)","Opaline/CCS",-0.0236565997086316,-0.149268844956131,0.104977449738729
"2357","(STRAT_mod0.1 - STRAT_mod0.2) - (STRAT_mod0.3 - STRAT_mod1.44)","Opaline/CCS",-0.0239928513142362,-0.153806910919526,0.100064342160582
"2358","(STRAT_mod0.1 - STRAT_mod0.2) - (STRAT_mod0.3 - STRAT_mod2.15)","Opaline/CCS",-0.155807579706619,-0.314192555831599,-0.00236576607949651
"2359","(STRAT_mod0.1 - STRAT_mod0.2) - (STRAT_mod0.3 - STRAT_mod2.88)","Opaline/CCS",-0.165231284271364,-0.290545302027103,-0.0358081837009703
"2360","(STRAT_mod0.1 - STRAT_mod0.2) - (STRAT_mod0.3 - STRAT_mod3.37)","Opaline/CCS",-0.100198106447541,-0.227168938427101,0.0241910565943211
"2361","(STRAT_mod0.1 - STRAT_mod0.2) - (STRAT_mod0.82 - STRAT_mod1.08)","Opaline/CCS",-0.08131701312438,-0.195554396025105,0.0375855001948491
"2362","(STRAT_mod0.1 - STRAT_mod0.2) - (STRAT_mod0.82 - STRAT_mod1.44)","Opaline/CCS",-0.0810549908123588,-0.197642758425119,0.0365094662614159
"2363","(STRAT_mod0.1 - STRAT_mod0.2) - (STRAT_mod0.82 - STRAT_mod2.15)","Opaline/CCS",-0.212979463697066,-0.368744298607801,-0.0734082878704762
"2364","(STRAT_mod0.1 - STRAT_mod0.2) - (STRAT_mod0.82 - STRAT_mod2.88)","Opaline/CCS",-0.222351379593056,-0.346982004606444,-0.110555536030829
"2365","(STRAT_mod0.1 - STRAT_mod0.2) - (STRAT_mod0.82 - STRAT_mod3.37)","Opaline/CCS",-0.158398715916359,-0.271634122952587,-0.0411632500998123
"2366","(STRAT_mod0.1 - STRAT_mod0.2) - (STRAT_mod1.08 - STRAT_mod1.44)","Opaline/CCS",-0.0651505385779527,-0.175788702676306,0.058992549772343
"2367","(STRAT_mod0.1 - STRAT_mod0.2) - (STRAT_mod1.08 - STRAT_mod2.15)","Opaline/CCS",-0.196905219050604,-0.34019234556203,-0.0428831514272293
"2368","(STRAT_mod0.1 - STRAT_mod0.2) - (STRAT_mod1.08 - STRAT_mod2.88)","Opaline/CCS",-0.206653180592989,-0.322877920830985,-0.085341019285598
"2369","(STRAT_mod0.1 - STRAT_mod0.2) - (STRAT_mod1.08 - STRAT_mod3.37)","Opaline/CCS",-0.142858391214047,-0.264041909693219,-0.031406141164195
"2370","(STRAT_mod0.1 - STRAT_mod0.2) - (STRAT_mod1.44 - STRAT_mod2.15)","Opaline/CCS",-0.198371145847176,-0.347349491296947,-0.0467635191642156
"2371","(STRAT_mod0.1 - STRAT_mod0.2) - (STRAT_mod1.44 - STRAT_mod2.88)","Opaline/CCS",-0.207256670881055,-0.327439880064924,-0.0848116983396416
"2372","(STRAT_mod0.1 - STRAT_mod0.2) - (STRAT_mod1.44 - STRAT_mod3.37)","Opaline/CCS",-0.14194364283997,-0.262774624676692,-0.0273368609752896
"2373","(STRAT_mod0.1 - STRAT_mod0.2) - (STRAT_mod2.15 - STRAT_mod2.88)","Opaline/CCS",-0.0747857106340067,-0.217106431066122,0.0772671738183704
"2374","(STRAT_mod0.1 - STRAT_mod0.2) - (STRAT_mod2.15 - STRAT_mod3.37)","Opaline/CCS",-0.00928874867482621,-0.154605184105886,0.132706436078986
"2375","(STRAT_mod0.1 - STRAT_mod0.2) - (STRAT_mod2.88 - STRAT_mod3.37)","Opaline/CCS",-0.000884977630450756,-0.118389951785953,0.118173259103868
"2376","(STRAT_mod0.1 - STRAT_mod0.3) - (STRAT_mod0.1 - STRAT_mod0.82)","Opaline/CCS",0.0572675691836984,-0.0169335401280961,0.129714255752487
"2377","(STRAT_mod0.1 - STRAT_mod0.3) - (STRAT_mod0.1 - STRAT_mod1.08)","Opaline/CCS",0.0421334273772164,-0.0358641653313072,0.114579584192519
"2378","(STRAT_mod0.1 - STRAT_mod0.3) - (STRAT_mod0.1 - STRAT_mod1.44)","Opaline/CCS",0.042444768026318,-0.0355734716187578,0.116886029832519
"2379","(STRAT_mod0.1 - STRAT_mod0.3) - (STRAT_mod0.1 - STRAT_mod2.15)","Opaline/CCS",-0.0912545020886237,-0.201327534807058,0.0309607774711927
"2380","(STRAT_mod0.1 - STRAT_mod0.3) - (STRAT_mod0.1 - STRAT_mod2.88)","Opaline/CCS",-0.0986658604577031,-0.17366318418859,-0.0230865245035371
"2381","(STRAT_mod0.1 - STRAT_mod0.3) - (STRAT_mod0.1 - STRAT_mod3.37)","Opaline/CCS",-0.0343364273714009,-0.104749299531668,0.0408668236257947
"2382","(STRAT_mod0.1 - STRAT_mod0.3) - (STRAT_mod0.2 - STRAT_mod0.3)","Opaline/CCS",-0.0653747163636383,-0.165610850240369,0.0402678263653142
"2383","(STRAT_mod0.1 - STRAT_mod0.3) - (STRAT_mod0.2 - STRAT_mod0.82)","Opaline/CCS",-0.00897444461106636,-0.137359647024121,0.115150483010637
"2384","(STRAT_mod0.1 - STRAT_mod0.3) - (STRAT_mod0.2 - STRAT_mod1.08)","Opaline/CCS",-0.0236565997086316,-0.149268844956131,0.104977449738729
"2385","(STRAT_mod0.1 - STRAT_mod0.3) - (STRAT_mod0.2 - STRAT_mod1.44)","Opaline/CCS",-0.0239928513142362,-0.153806910919526,0.100064342160582
"2386","(STRAT_mod0.1 - STRAT_mod0.3) - (STRAT_mod0.2 - STRAT_mod2.15)","Opaline/CCS",-0.155807579706619,-0.314192555831599,-0.00236576607949651
"2387","(STRAT_mod0.1 - STRAT_mod0.3) - (STRAT_mod0.2 - STRAT_mod2.88)","Opaline/CCS",-0.165231284271364,-0.290545302027103,-0.0358081837009703
"2388","(STRAT_mod0.1 - STRAT_mod0.3) - (STRAT_mod0.2 - STRAT_mod3.37)","Opaline/CCS",-0.100198106447541,-0.227168938427101,0.0241910565943211
"2389","(STRAT_mod0.1 - STRAT_mod0.3) - (STRAT_mod0.3 - STRAT_mod0.82)","Opaline/CCS",0.112253900226459,-0.0362774698373768,0.265895491003731
"2390","(STRAT_mod0.1 - STRAT_mod0.3) - (STRAT_mod0.3 - STRAT_mod1.08)","Opaline/CCS",0.0968790688781389,-0.0597307374462829,0.249422491683958
"2391","(STRAT_mod0.1 - STRAT_mod0.3) - (STRAT_mod0.3 - STRAT_mod1.44)","Opaline/CCS",0.0977278525549324,-0.0543096848853509,0.254347412471635
"2392","(STRAT_mod0.1 - STRAT_mod0.3) - (STRAT_mod0.3 - STRAT_mod2.15)","Opaline/CCS",-0.035182003169756,-0.213799396498246,0.143927461606578
"2393","(STRAT_mod0.1 - STRAT_mod0.3) - (STRAT_mod0.3 - STRAT_mod2.88)","Opaline/CCS",-0.0440492093485018,-0.19438636701161,0.110302851315517
"2394","(STRAT_mod0.1 - STRAT_mod0.3) - (STRAT_mod0.3 - STRAT_mod3.37)","Opaline/CCS",0.021220121705849,-0.127461719443479,0.175562801545483
"2395","(STRAT_mod0.1 - STRAT_mod0.3) - (STRAT_mod0.82 - STRAT_mod1.08)","Opaline/CCS",0.0400636690674873,-0.0738862083639523,0.159919541472732
"2396","(STRAT_mod0.1 - STRAT_mod0.3) - (STRAT_mod0.82 - STRAT_mod1.44)","Opaline/CCS",0.0400376030936586,-0.072601804851791,0.16063819407964
"2397","(STRAT_mod0.1 - STRAT_mod0.3) - (STRAT_mod0.82 - STRAT_mod2.15)","Opaline/CCS",-0.0918654613417706,-0.23668738843672,0.0565253943445946
"2398","(STRAT_mod0.1 - STRAT_mod0.3) - (STRAT_mod0.82 - STRAT_mod2.88)","Opaline/CCS",-0.101411674692806,-0.213580632452882,0.0165116082780663
"2399","(STRAT_mod0.1 - STRAT_mod0.3) - (STRAT_mod0.82 - STRAT_mod3.37)","Opaline/CCS",-0.0359997406898757,-0.150077305215526,0.0798049916675871
"2400","(STRAT_mod0.1 - STRAT_mod0.3) - (STRAT_mod1.08 - STRAT_mod1.44)","Opaline/CCS",0.0564982678348747,-0.0663472019580708,0.165820610354008
"2401","(STRAT_mod0.1 - STRAT_mod0.3) - (STRAT_mod1.08 - STRAT_mod2.15)","Opaline/CCS",-0.0763161584037248,-0.221217692014477,0.0737735166184958
"2402","(STRAT_mod0.1 - STRAT_mod0.3) - (STRAT_mod1.08 - STRAT_mod2.88)","Opaline/CCS",-0.0855528813160352,-0.203764320396151,0.0272921509399862
"2403","(STRAT_mod0.1 - STRAT_mod0.3) - (STRAT_mod1.08 - STRAT_mod3.37)","Opaline/CCS",-0.020986601529125,-0.134129867239531,0.0944103974889414
"2404","(STRAT_mod0.1 - STRAT_mod0.3) - (STRAT_mod1.44 - STRAT_mod2.15)","Opaline/CCS",-0.0785933842156227,-0.217686684122674,0.0800834432173359
"2405","(STRAT_mod0.1 - STRAT_mod0.3) - (STRAT_mod1.44 - STRAT_mod2.88)","Opaline/CCS",-0.0876420745432497,-0.206501936276984,0.0286671398390405
"2406","(STRAT_mod0.1 - STRAT_mod0.3) - (STRAT_mod1.44 - STRAT_mod3.37)","Opaline/CCS",-0.0213923863065691,-0.146800459712775,0.0869537297124314
"2407","(STRAT_mod0.1 - STRAT_mod0.3) - (STRAT_mod2.15 - STRAT_mod2.88)","Opaline/CCS",0.0478022818150905,-0.103458722309606,0.187072331596852
"2408","(STRAT_mod0.1 - STRAT_mod0.3) - (STRAT_mod2.15 - STRAT_mod3.37)","Opaline/CCS",0.111841558290953,-0.0323993087348705,0.256323362679461
"2409","(STRAT_mod0.1 - STRAT_mod0.3) - (STRAT_mod2.88 - STRAT_mod3.37)","Opaline/CCS",0.120293052216231,0.00449121545658177,0.238304000729387
"2410","(STRAT_mod0.1 - STRAT_mod0.82) - (STRAT_mod0.1 - STRAT_mod1.08)","Opaline/CCS",-0.0158013063543832,-0.0706403799176737,0.0432492763322258
"2411","(STRAT_mod0.1 - STRAT_mod0.82) - (STRAT_mod0.1 - STRAT_mod1.44)","Opaline/CCS",-0.0154449717742903,-0.0707438220893903,0.0491464938251067
"2412","(STRAT_mod0.1 - STRAT_mod0.82) - (STRAT_mod0.1 - STRAT_mod2.15)","Opaline/CCS",-0.148243409597541,-0.25200919656362,-0.0399990266308055
"2413","(STRAT_mod0.1 - STRAT_mod0.82) - (STRAT_mod0.1 - STRAT_mod2.88)","Opaline/CCS",-0.157046469948761,-0.217883472614933,-0.0967255268680755
"2414","(STRAT_mod0.1 - STRAT_mod0.82) - (STRAT_mod0.1 - STRAT_mod3.37)","Opaline/CCS",-0.0918563015198717,-0.146684411669241,-0.0356047747604847
"2415","(STRAT_mod0.1 - STRAT_mod0.82) - (STRAT_mod0.2 - STRAT_mod0.3)","Opaline/CCS",-0.123763797467454,-0.246761339783257,0.00314404722113398
"2416","(STRAT_mod0.1 - STRAT_mod0.82) - (STRAT_mod0.2 - STRAT_mod0.82)","Opaline/CCS",-0.0653747163636383,-0.165610850240369,0.0402678263653142
"2417","(STRAT_mod0.1 - STRAT_mod0.82) - (STRAT_mod0.2 - STRAT_mod1.08)","Opaline/CCS",-0.08131701312438,-0.195554396025105,0.0375855001948491
"2418","(STRAT_mod0.1 - STRAT_mod0.82) - (STRAT_mod0.2 - STRAT_mod1.44)","Opaline/CCS",-0.0810549908123588,-0.197642758425119,0.0365094662614159
"2419","(STRAT_mod0.1 - STRAT_mod0.82) - (STRAT_mod0.2 - STRAT_mod2.15)","Opaline/CCS",-0.212979463697066,-0.368744298607801,-0.0734082878704762
"2420","(STRAT_mod0.1 - STRAT_mod0.82) - (STRAT_mod0.2 - STRAT_mod2.88)","Opaline/CCS",-0.222351379593056,-0.346982004606444,-0.110555536030829
"2421","(STRAT_mod0.1 - STRAT_mod0.82) - (STRAT_mod0.2 - STRAT_mod3.37)","Opaline/CCS",-0.158398715916359,-0.271634122952587,-0.0411632500998123
"2422","(STRAT_mod0.1 - STRAT_mod0.82) - (STRAT_mod0.3 - STRAT_mod0.82)","Opaline/CCS",0.0560544447966876,-0.04322735480845,0.156900048847158
"2423","(STRAT_mod0.1 - STRAT_mod0.82) - (STRAT_mod0.3 - STRAT_mod1.08)","Opaline/CCS",0.0400636690674873,-0.0738862083639523,0.159919541472732
"2424","(STRAT_mod0.1 - STRAT_mod0.82) - (STRAT_mod0.3 - STRAT_mod1.44)","Opaline/CCS",0.0400376030936586,-0.072601804851791,0.16063819407964
"2425","(STRAT_mod0.1 - STRAT_mod0.82) - (STRAT_mod0.3 - STRAT_mod2.15)","Opaline/CCS",-0.0918654613417706,-0.23668738843672,0.0565253943445946
"2426","(STRAT_mod0.1 - STRAT_mod0.82) - (STRAT_mod0.3 - STRAT_mod2.88)","Opaline/CCS",-0.101411674692806,-0.213580632452882,0.0165116082780663
"2427","(STRAT_mod0.1 - STRAT_mod0.82) - (STRAT_mod0.3 - STRAT_mod3.37)","Opaline/CCS",-0.0359997406898757,-0.150077305215526,0.0798049916675871
"2428","(STRAT_mod0.1 - STRAT_mod0.82) - (STRAT_mod0.82 - STRAT_mod1.08)","Opaline/CCS",-0.017886819438946,-0.141375788851155,0.0980200556645799
"2429","(STRAT_mod0.1 - STRAT_mod0.82) - (STRAT_mod0.82 - STRAT_mod1.44)","Opaline/CCS",-0.0178619332075797,-0.130698533031126,0.108579561140413
"2430","(STRAT_mod0.1 - STRAT_mod0.82) - (STRAT_mod0.82 - STRAT_mod2.15)","Opaline/CCS",-0.149392669689182,-0.29796377143425,0.00143343897331361
"2431","(STRAT_mod0.1 - STRAT_mod0.82) - (STRAT_mod0.82 - STRAT_mod2.88)","Opaline/CCS",-0.158932516462276,-0.27961963430208,-0.0400790184781985
"2432","(STRAT_mod0.1 - STRAT_mod0.82) - (STRAT_mod0.82 - STRAT_mod3.37)","Opaline/CCS",-0.0946219380299482,-0.208435225419195,0.0295970215611882
"2433","(STRAT_mod0.1 - STRAT_mod0.82) - (STRAT_mod1.08 - STRAT_mod1.44)","Opaline/CCS",-0.00245639728626129,-0.112569853624051,0.0979918389519923
"2434","(STRAT_mod0.1 - STRAT_mod0.82) - (STRAT_mod1.08 - STRAT_mod2.15)","Opaline/CCS",-0.133167071947732,-0.277767690462785,-0.00210908272413779
"2435","(STRAT_mod0.1 - STRAT_mod0.82) - (STRAT_mod1.08 - STRAT_mod2.88)","Opaline/CCS",-0.143101461265504,-0.249585785563533,-0.0366072259658999
"2436","(STRAT_mod0.1 - STRAT_mod0.82) - (STRAT_mod1.08 - STRAT_mod3.37)","Opaline/CCS",-0.0792788391492393,-0.183814662040111,0.0250770461677207
"2437","(STRAT_mod0.1 - STRAT_mod0.82) - (STRAT_mod1.44 - STRAT_mod2.15)","Opaline/CCS",-0.134537922810777,-0.272935625860782,0.00831064015145372
"2438","(STRAT_mod0.1 - STRAT_mod0.82) - (STRAT_mod1.44 - STRAT_mod2.88)","Opaline/CCS",-0.142976128676485,-0.247928805383915,-0.0342484288911113
"2439","(STRAT_mod0.1 - STRAT_mod0.82) - (STRAT_mod1.44 - STRAT_mod3.37)","Opaline/CCS",-0.0784352261171112,-0.184207432229325,0.0286246791131701
"2440","(STRAT_mod0.1 - STRAT_mod0.82) - (STRAT_mod2.15 - STRAT_mod2.88)","Opaline/CCS",-0.0104736325734408,-0.144218607129978,0.132530726981886
"2441","(STRAT_mod0.1 - STRAT_mod0.82) - (STRAT_mod2.15 - STRAT_mod3.37)","Opaline/CCS",0.0532025039526698,-0.0768332037850932,0.195227914580019
"2442","(STRAT_mod0.1 - STRAT_mod0.82) - (STRAT_mod2.88 - STRAT_mod3.37)","Opaline/CCS",0.0623127794969727,-0.0404500351032778,0.173240115073588
"2443","(STRAT_mod0.1 - STRAT_mod1.08) - (STRAT_mod0.1 - STRAT_mod1.44)","Opaline/CCS",0.000573472753758519,-0.0600679424231895,0.0607610343699505
"2444","(STRAT_mod0.1 - STRAT_mod1.08) - (STRAT_mod0.1 - STRAT_mod2.15)","Opaline/CCS",-0.132776261348623,-0.237083223238233,-0.0243585413811601
"2445","(STRAT_mod0.1 - STRAT_mod1.08) - (STRAT_mod0.1 - STRAT_mod2.88)","Opaline/CCS",-0.14109894382744,-0.199757482169247,-0.0768733168869054
"2446","(STRAT_mod0.1 - STRAT_mod1.08) - (STRAT_mod0.1 - STRAT_mod3.37)","Opaline/CCS",-0.0764569020154378,-0.134267388775454,-0.020346338740895
"2447","(STRAT_mod0.1 - STRAT_mod1.08) - (STRAT_mod0.2 - STRAT_mod0.3)","Opaline/CCS",-0.107816586633499,-0.239486671373291,0.0116368725360076
"2448","(STRAT_mod0.1 - STRAT_mod1.08) - (STRAT_mod0.2 - STRAT_mod0.82)","Opaline/CCS",-0.0501898378246306,-0.166316470002029,0.0688464123163368
"2449","(STRAT_mod0.1 - STRAT_mod1.08) - (STRAT_mod0.2 - STRAT_mod1.08)","Opaline/CCS",-0.0653747163636383,-0.165610850240369,0.0402678263653142
"2450","(STRAT_mod0.1 - STRAT_mod1.08) - (STRAT_mod0.2 - STRAT_mod1.44)","Opaline/CCS",-0.0651505385779527,-0.175788702676306,0.058992549772343
"2451","(STRAT_mod0.1 - STRAT_mod1.08) - (STRAT_mod0.2 - STRAT_mod2.15)","Opaline/CCS",-0.196905219050604,-0.34019234556203,-0.0428831514272293
"2452","(STRAT_mod0.1 - STRAT_mod1.08) - (STRAT_mod0.2 - STRAT_mod2.88)","Opaline/CCS",-0.206653180592989,-0.322877920830985,-0.085341019285598
"2453","(STRAT_mod0.1 - STRAT_mod1.08) - (STRAT_mod0.2 - STRAT_mod3.37)","Opaline/CCS",-0.142858391214047,-0.264041909693219,-0.031406141164195
"2454","(STRAT_mod0.1 - STRAT_mod1.08) - (STRAT_mod0.3 - STRAT_mod0.82)","Opaline/CCS",0.0708294162714913,-0.0414220704328284,0.183663824732201
"2455","(STRAT_mod0.1 - STRAT_mod1.08) - (STRAT_mod0.3 - STRAT_mod1.08)","Opaline/CCS",0.0560544447966876,-0.04322735480845,0.156900048847158
"2456","(STRAT_mod0.1 - STRAT_mod1.08) - (STRAT_mod0.3 - STRAT_mod1.44)","Opaline/CCS",0.0564982678348747,-0.0663472019580708,0.165820610354008
"2457","(STRAT_mod0.1 - STRAT_mod1.08) - (STRAT_mod0.3 - STRAT_mod2.15)","Opaline/CCS",-0.0763161584037248,-0.221217692014477,0.0737735166184958
"2458","(STRAT_mod0.1 - STRAT_mod1.08) - (STRAT_mod0.3 - STRAT_mod2.88)","Opaline/CCS",-0.0855528813160352,-0.203764320396151,0.0272921509399862
"2459","(STRAT_mod0.1 - STRAT_mod1.08) - (STRAT_mod0.3 - STRAT_mod3.37)","Opaline/CCS",-0.020986601529125,-0.134129867239531,0.0944103974889414
"2460","(STRAT_mod0.1 - STRAT_mod1.08) - (STRAT_mod0.82 - STRAT_mod1.08)","Opaline/CCS",-0.00241474885471599,-0.0891662760204299,0.0862391956715793
"2461","(STRAT_mod0.1 - STRAT_mod1.08) - (STRAT_mod0.82 - STRAT_mod1.44)","Opaline/CCS",-0.00245639728626129,-0.112569853624051,0.0979918389519923
"2462","(STRAT_mod0.1 - STRAT_mod1.08) - (STRAT_mod0.82 - STRAT_mod2.15)","Opaline/CCS",-0.133167071947732,-0.277767690462785,-0.00210908272413779
"2463","(STRAT_mod0.1 - STRAT_mod1.08) - (STRAT_mod0.82 - STRAT_mod2.88)","Opaline/CCS",-0.143101461265504,-0.249585785563533,-0.0366072259658999
"2464","(STRAT_mod0.1 - STRAT_mod1.08) - (STRAT_mod0.82 - STRAT_mod3.37)","Opaline/CCS",-0.0792788391492393,-0.183814662040111,0.0250770461677207
"2465","(STRAT_mod0.1 - STRAT_mod1.08) - (STRAT_mod1.08 - STRAT_mod1.44)","Opaline/CCS",0.0135079753987713,-0.104255119995915,0.13646114943592
"2466","(STRAT_mod0.1 - STRAT_mod1.08) - (STRAT_mod1.08 - STRAT_mod2.15)","Opaline/CCS",-0.117967876283836,-0.26721197366939,0.0345372340407709
"2467","(STRAT_mod0.1 - STRAT_mod1.08) - (STRAT_mod1.08 - STRAT_mod2.88)","Opaline/CCS",-0.126661731369734,-0.253504516839207,-0.00899631694223244
"2468","(STRAT_mod0.1 - STRAT_mod1.08) - (STRAT_mod1.08 - STRAT_mod3.37)","Opaline/CCS",-0.0630985813501118,-0.183645598375798,0.0521563270612852
"2469","(STRAT_mod0.1 - STRAT_mod1.08) - (STRAT_mod1.44 - STRAT_mod2.15)","Opaline/CCS",-0.119615039260129,-0.261408357405808,0.016421121732269
"2470","(STRAT_mod0.1 - STRAT_mod1.08) - (STRAT_mod1.44 - STRAT_mod2.88)","Opaline/CCS",-0.128213390953857,-0.235025992421596,-0.0185358721688193
"2471","(STRAT_mod0.1 - STRAT_mod1.08) - (STRAT_mod1.44 - STRAT_mod3.37)","Opaline/CCS",-0.0634805763339687,-0.169923391470903,0.0424383675944993
"2472","(STRAT_mod0.1 - STRAT_mod1.08) - (STRAT_mod2.15 - STRAT_mod2.88)","Opaline/CCS",0.00456079061680134,-0.135155008289743,0.142432846799321
"2473","(STRAT_mod0.1 - STRAT_mod1.08) - (STRAT_mod2.15 - STRAT_mod3.37)","Opaline/CCS",0.0689898071917638,-0.0730675238727775,0.200001832115973
"2474","(STRAT_mod0.1 - STRAT_mod1.08) - (STRAT_mod2.88 - STRAT_mod3.37)","Opaline/CCS",0.0775886935174521,-0.0242256010096658,0.190442435448043
"2475","(STRAT_mod0.1 - STRAT_mod1.44) - (STRAT_mod0.1 - STRAT_mod2.15)","Opaline/CCS",-0.132854811995067,-0.241400795228089,-0.026750213222223
"2476","(STRAT_mod0.1 - STRAT_mod1.44) - (STRAT_mod0.1 - STRAT_mod2.88)","Opaline/CCS",-0.141670010973191,-0.203367296796693,-0.0767630365054005
"2477","(STRAT_mod0.1 - STRAT_mod1.44) - (STRAT_mod0.1 - STRAT_mod3.37)","Opaline/CCS",-0.0762861216218257,-0.133994515034564,-0.0158684936827709
"2478","(STRAT_mod0.1 - STRAT_mod1.44) - (STRAT_mod0.2 - STRAT_mod0.3)","Opaline/CCS",-0.107472182240854,-0.232386571372185,0.0194808842722704
"2479","(STRAT_mod0.1 - STRAT_mod1.44) - (STRAT_mod0.2 - STRAT_mod0.82)","Opaline/CCS",-0.0487840296892296,-0.17221123554679,0.0665231294028615
"2480","(STRAT_mod0.1 - STRAT_mod1.44) - (STRAT_mod0.2 - STRAT_mod1.08)","Opaline/CCS",-0.0662119243632815,-0.180391507623088,0.0551964499855919
"2481","(STRAT_mod0.1 - STRAT_mod1.44) - (STRAT_mod0.2 - STRAT_mod1.44)","Opaline/CCS",-0.0653747163636383,-0.165610850240369,0.0402678263653142
"2482","(STRAT_mod0.1 - STRAT_mod1.44) - (STRAT_mod0.2 - STRAT_mod2.15)","Opaline/CCS",-0.198371145847176,-0.347349491296947,-0.0467635191642156
"2483","(STRAT_mod0.1 - STRAT_mod1.44) - (STRAT_mod0.2 - STRAT_mod2.88)","Opaline/CCS",-0.207256670881055,-0.327439880064924,-0.0848116983396416
"2484","(STRAT_mod0.1 - STRAT_mod1.44) - (STRAT_mod0.2 - STRAT_mod3.37)","Opaline/CCS",-0.14194364283997,-0.262774624676692,-0.0273368609752896
"2485","(STRAT_mod0.1 - STRAT_mod1.44) - (STRAT_mod0.3 - STRAT_mod0.82)","Opaline/CCS",0.0695454639031562,-0.0410058187154776,0.192826773971026
"2486","(STRAT_mod0.1 - STRAT_mod1.44) - (STRAT_mod0.3 - STRAT_mod1.08)","Opaline/CCS",0.0537253971283537,-0.0570920349134927,0.178832934656845
"2487","(STRAT_mod0.1 - STRAT_mod1.44) - (STRAT_mod0.3 - STRAT_mod1.44)","Opaline/CCS",0.0560544447966876,-0.04322735480845,0.156900048847158
"2488","(STRAT_mod0.1 - STRAT_mod1.44) - (STRAT_mod0.3 - STRAT_mod2.15)","Opaline/CCS",-0.0785933842156227,-0.217686684122674,0.0800834432173359
"2489","(STRAT_mod0.1 - STRAT_mod1.44) - (STRAT_mod0.3 - STRAT_mod2.88)","Opaline/CCS",-0.0876420745432497,-0.206501936276984,0.0286671398390405
"2490","(STRAT_mod0.1 - STRAT_mod1.44) - (STRAT_mod0.3 - STRAT_mod3.37)","Opaline/CCS",-0.0213923863065691,-0.146800459712775,0.0869537297124314
"2491","(STRAT_mod0.1 - STRAT_mod1.44) - (STRAT_mod0.82 - STRAT_mod1.08)","Opaline/CCS",-0.00222704443382263,-0.111638904123547,0.103446278096179
"2492","(STRAT_mod0.1 - STRAT_mod1.44) - (STRAT_mod0.82 - STRAT_mod1.44)","Opaline/CCS",-0.00241474885471599,-0.0891662760204299,0.0862391956715793
"2493","(STRAT_mod0.1 - STRAT_mod1.44) - (STRAT_mod0.82 - STRAT_mod2.15)","Opaline/CCS",-0.134537922810777,-0.272935625860782,0.00831064015145372
"2494","(STRAT_mod0.1 - STRAT_mod1.44) - (STRAT_mod0.82 - STRAT_mod2.88)","Opaline/CCS",-0.142976128676485,-0.247928805383915,-0.0342484288911113
"2495","(STRAT_mod0.1 - STRAT_mod1.44) - (STRAT_mod0.82 - STRAT_mod3.37)","Opaline/CCS",-0.0784352261171112,-0.184207432229325,0.0286246791131701
"2496","(STRAT_mod0.1 - STRAT_mod1.44) - (STRAT_mod1.08 - STRAT_mod1.44)","Opaline/CCS",0.0132372806827244,-0.0759029481685817,0.0984808959365685
"2497","(STRAT_mod0.1 - STRAT_mod1.44) - (STRAT_mod1.08 - STRAT_mod2.15)","Opaline/CCS",-0.119615039260129,-0.261408357405808,0.016421121732269
"2498","(STRAT_mod0.1 - STRAT_mod1.44) - (STRAT_mod1.08 - STRAT_mod2.88)","Opaline/CCS",-0.128213390953857,-0.235025992421596,-0.0185358721688193
"2499","(STRAT_mod0.1 - STRAT_mod1.44) - (STRAT_mod1.08 - STRAT_mod3.37)","Opaline/CCS",-0.0634805763339687,-0.169923391470903,0.0424383675944993
"2500","(STRAT_mod0.1 - STRAT_mod1.44) - (STRAT_mod1.44 - STRAT_mod2.15)","Opaline/CCS",-0.11974783512514,-0.280669607349089,0.0319936346993683
"2501","(STRAT_mod0.1 - STRAT_mod1.44) - (STRAT_mod1.44 - STRAT_mod2.88)","Opaline/CCS",-0.127600856705813,-0.25646109844853,-0.00444220110195948
"2502","(STRAT_mod0.1 - STRAT_mod1.44) - (STRAT_mod1.44 - STRAT_mod3.37)","Opaline/CCS",-0.0625581336402022,-0.190649652389781,0.0588061017630766
"2503","(STRAT_mod0.1 - STRAT_mod1.44) - (STRAT_mod2.15 - STRAT_mod2.88)","Opaline/CCS",0.00444248098945302,-0.132705885284906,0.145539584349321
"2504","(STRAT_mod0.1 - STRAT_mod1.44) - (STRAT_mod2.15 - STRAT_mod3.37)","Opaline/CCS",0.0691980784342185,-0.0711529995998888,0.203930020338219
"2505","(STRAT_mod0.1 - STRAT_mod1.44) - (STRAT_mod2.88 - STRAT_mod3.37)","Opaline/CCS",0.0780695849562723,-0.0297723428368567,0.187573118627285
"2506","(STRAT_mod0.1 - STRAT_mod2.15) - (STRAT_mod0.1 - STRAT_mod2.88)","Opaline/CCS",-0.0080655923816377,-0.121483832572253,0.0959821041571146
"2507","(STRAT_mod0.1 - STRAT_mod2.15) - (STRAT_mod0.1 - STRAT_mod3.37)","Opaline/CCS",0.0569698880961579,-0.049598048786514,0.159284546881346
"2508","(STRAT_mod0.1 - STRAT_mod2.15) - (STRAT_mod0.2 - STRAT_mod0.3)","Opaline/CCS",0.0234240719797829,-0.1271645865883,0.179644341468437
"2509","(STRAT_mod0.1 - STRAT_mod2.15) - (STRAT_mod0.2 - STRAT_mod0.82)","Opaline/CCS",0.0820410454571755,-0.0645440208083415,0.227319623773948
"2510","(STRAT_mod0.1 - STRAT_mod2.15) - (STRAT_mod0.2 - STRAT_mod1.08)","Opaline/CCS",0.0654311686953696,-0.0738734028117418,0.218428180049549
"2511","(STRAT_mod0.1 - STRAT_mod2.15) - (STRAT_mod0.2 - STRAT_mod1.44)","Opaline/CCS",0.067151565281167,-0.0788853897501488,0.214063253831492
"2512","(STRAT_mod0.1 - STRAT_mod2.15) - (STRAT_mod0.2 - STRAT_mod2.15)","Opaline/CCS",-0.0653747163636383,-0.165610850240369,0.0402678263653142
"2513","(STRAT_mod0.1 - STRAT_mod2.15) - (STRAT_mod0.2 - STRAT_mod2.88)","Opaline/CCS",-0.0747857106340067,-0.217106431066122,0.0772671738183704
"2514","(STRAT_mod0.1 - STRAT_mod2.15) - (STRAT_mod0.2 - STRAT_mod3.37)","Opaline/CCS",-0.00928874867482621,-0.154605184105886,0.132706436078986
"2515","(STRAT_mod0.1 - STRAT_mod2.15) - (STRAT_mod0.3 - STRAT_mod0.82)","Opaline/CCS",0.20361534773413,0.0533177910628756,0.34389098911793
"2516","(STRAT_mod0.1 - STRAT_mod2.15) - (STRAT_mod0.3 - STRAT_mod1.08)","Opaline/CCS",0.188639729326021,0.046372638804786,0.336690913777349
"2517","(STRAT_mod0.1 - STRAT_mod2.15) - (STRAT_mod0.3 - STRAT_mod1.44)","Opaline/CCS",0.188473947582699,0.039234375038484,0.330847859539072
"2518","(STRAT_mod0.1 - STRAT_mod2.15) - (STRAT_mod0.3 - STRAT_mod2.15)","Opaline/CCS",0.0560544447966876,-0.04322735480845,0.156900048847158
"2519","(STRAT_mod0.1 - STRAT_mod2.15) - (STRAT_mod0.3 - STRAT_mod2.88)","Opaline/CCS",0.0478022818150905,-0.103458722309606,0.187072331596852
"2520","(STRAT_mod0.1 - STRAT_mod2.15) - (STRAT_mod0.3 - STRAT_mod3.37)","Opaline/CCS",0.111841558290953,-0.0323993087348705,0.256323362679461
"2521","(STRAT_mod0.1 - STRAT_mod2.15) - (STRAT_mod0.82 - STRAT_mod1.08)","Opaline/CCS",0.130318847093587,0.000109046717891359,0.274075068409515
"2522","(STRAT_mod0.1 - STRAT_mod2.15) - (STRAT_mod0.82 - STRAT_mod1.44)","Opaline/CCS",0.130071263003772,-0.00618378892518801,0.267573757501305
"2523","(STRAT_mod0.1 - STRAT_mod2.15) - (STRAT_mod0.82 - STRAT_mod2.15)","Opaline/CCS",-0.00241474885471599,-0.0891662760204299,0.0862391956715793
"2524","(STRAT_mod0.1 - STRAT_mod2.15) - (STRAT_mod0.82 - STRAT_mod2.88)","Opaline/CCS",-0.0104736325734408,-0.144218607129978,0.132530726981886
"2525","(STRAT_mod0.1 - STRAT_mod2.15) - (STRAT_mod0.82 - STRAT_mod3.37)","Opaline/CCS",0.0532025039526698,-0.0768332037850932,0.195227914580019
"2526","(STRAT_mod0.1 - STRAT_mod2.15) - (STRAT_mod1.08 - STRAT_mod1.44)","Opaline/CCS",0.146205847318449,0.00786624850538115,0.283358960479046
"2527","(STRAT_mod0.1 - STRAT_mod2.15) - (STRAT_mod1.08 - STRAT_mod2.15)","Opaline/CCS",0.0132372806827244,-0.0759029481685817,0.0984808959365685
"2528","(STRAT_mod0.1 - STRAT_mod2.15) - (STRAT_mod1.08 - STRAT_mod2.88)","Opaline/CCS",0.00456079061680134,-0.135155008289743,0.142432846799321
"2529","(STRAT_mod0.1 - STRAT_mod2.15) - (STRAT_mod1.08 - STRAT_mod3.37)","Opaline/CCS",0.0689898071917638,-0.0730675238727775,0.200001832115973
"2530","(STRAT_mod0.1 - STRAT_mod2.15) - (STRAT_mod1.44 - STRAT_mod2.15)","Opaline/CCS",0.0134247836340021,-0.0781002566442797,0.100049138497065
"2531","(STRAT_mod0.1 - STRAT_mod2.15) - (STRAT_mod1.44 - STRAT_mod2.88)","Opaline/CCS",0.00444248098945302,-0.132705885284906,0.145539584349321
"2532","(STRAT_mod0.1 - STRAT_mod2.15) - (STRAT_mod1.44 - STRAT_mod3.37)","Opaline/CCS",0.0691980784342185,-0.0711529995998888,0.203930020338219
"2533","(STRAT_mod0.1 - STRAT_mod2.15) - (STRAT_mod2.15 - STRAT_mod2.88)","Opaline/CCS",0.139689794751257,-0.0860923025552119,0.341986739390429
"2534","(STRAT_mod0.1 - STRAT_mod2.15) - (STRAT_mod2.15 - STRAT_mod3.37)","Opaline/CCS",0.203898971964314,-0.00177119071259191,0.421029311828712
"2535","(STRAT_mod0.1 - STRAT_mod2.15) - (STRAT_mod2.88 - STRAT_mod3.37)","Opaline/CCS",0.210336640347111,0.0742870055608617,0.346285937764677
"2536","(STRAT_mod0.1 - STRAT_mod2.88) - (STRAT_mod0.1 - STRAT_mod3.37)","Opaline/CCS",0.064734682542481,0.00716142333419062,0.125242689121918
"2537","(STRAT_mod0.1 - STRAT_mod2.88) - (STRAT_mod0.2 - STRAT_mod0.3)","Opaline/CCS",0.033363423947096,-0.0926845795614382,0.15999229093456
"2538","(STRAT_mod0.1 - STRAT_mod2.88) - (STRAT_mod0.2 - STRAT_mod0.82)","Opaline/CCS",0.0917026274295198,-0.0223527116551815,0.215732176927191
"2539","(STRAT_mod0.1 - STRAT_mod2.88) - (STRAT_mod0.2 - STRAT_mod1.08)","Opaline/CCS",0.0757447943590279,-0.0422769694477905,0.193965336440903
"2540","(STRAT_mod0.1 - STRAT_mod2.88) - (STRAT_mod0.2 - STRAT_mod1.44)","Opaline/CCS",0.0762213562538927,-0.0452950113781505,0.192937993277287
"2541","(STRAT_mod0.1 - STRAT_mod2.88) - (STRAT_mod0.2 - STRAT_mod2.15)","Opaline/CCS",-0.0569123432980392,-0.217173483039321,0.0829311965077073
"2542","(STRAT_mod0.1 - STRAT_mod2.88) - (STRAT_mod0.2 - STRAT_mod2.88)","Opaline/CCS",-0.0653747163636383,-0.165610850240369,0.0402678263653142
"2543","(STRAT_mod0.1 - STRAT_mod2.88) - (STRAT_mod0.2 - STRAT_mod3.37)","Opaline/CCS",-0.000884977630450756,-0.118389951785953,0.118173259103868
"2544","(STRAT_mod0.1 - STRAT_mod2.88) - (STRAT_mod0.3 - STRAT_mod0.82)","Opaline/CCS",0.212474848617012,0.0911898929102458,0.325941597990068
"2545","(STRAT_mod0.1 - STRAT_mod2.88) - (STRAT_mod0.3 - STRAT_mod1.08)","Opaline/CCS",0.196724052994196,0.0825184441775253,0.319701833515405
"2546","(STRAT_mod0.1 - STRAT_mod2.88) - (STRAT_mod0.3 - STRAT_mod1.44)","Opaline/CCS",0.196600615824709,0.0810216780318957,0.31860269757166
"2547","(STRAT_mod0.1 - STRAT_mod2.88) - (STRAT_mod0.3 - STRAT_mod2.15)","Opaline/CCS",0.0651618366514838,-0.0850238704082956,0.2153661581231
"2548","(STRAT_mod0.1 - STRAT_mod2.88) - (STRAT_mod0.3 - STRAT_mod2.88)","Opaline/CCS",0.0560544447966876,-0.04322735480845,0.156900048847158
"2549","(STRAT_mod0.1 - STRAT_mod2.88) - (STRAT_mod0.3 - STRAT_mod3.37)","Opaline/CCS",0.120293052216231,0.00449121545658177,0.238304000729387
"2550","(STRAT_mod0.1 - STRAT_mod2.88) - (STRAT_mod0.82 - STRAT_mod1.08)","Opaline/CCS",0.139007064938816,0.0311223774566511,0.246665379501868
"2551","(STRAT_mod0.1 - STRAT_mod2.88) - (STRAT_mod0.82 - STRAT_mod1.44)","Opaline/CCS",0.138994071458912,0.0296600674661285,0.243916830692223
"2552","(STRAT_mod0.1 - STRAT_mod2.88) - (STRAT_mod0.82 - STRAT_mod2.15)","Opaline/CCS",0.00786889742538205,-0.126761785378557,0.153967462679317
"2553","(STRAT_mod0.1 - STRAT_mod2.88) - (STRAT_mod0.82 - STRAT_mod2.88)","Opaline/CCS",-0.00241474885471599,-0.0891662760204299,0.0862391956715793
"2554","(STRAT_mod0.1 - STRAT_mod2.88) - (STRAT_mod0.82 - STRAT_mod3.37)","Opaline/CCS",0.0623127794969727,-0.0404500351032778,0.173240115073588
"2555","(STRAT_mod0.1 - STRAT_mod2.88) - (STRAT_mod1.08 - STRAT_mod1.44)","Opaline/CCS",0.154240872775824,0.0466355783524647,0.261015728321322
"2556","(STRAT_mod0.1 - STRAT_mod2.88) - (STRAT_mod1.08 - STRAT_mod2.15)","Opaline/CCS",0.0219749083963688,-0.122739772285639,0.157673069892504
"2557","(STRAT_mod0.1 - STRAT_mod2.88) - (STRAT_mod1.08 - STRAT_mod2.88)","Opaline/CCS",0.0132372806827244,-0.0759029481685817,0.0984808959365685
"2558","(STRAT_mod0.1 - STRAT_mod2.88) - (STRAT_mod1.08 - STRAT_mod3.37)","Opaline/CCS",0.0775886935174521,-0.0242256010096658,0.190442435448043
"2559","(STRAT_mod0.1 - STRAT_mod2.88) - (STRAT_mod1.44 - STRAT_mod2.15)","Opaline/CCS",0.0210992103623915,-0.12165789390656,0.165117414492838
"2560","(STRAT_mod0.1 - STRAT_mod2.88) - (STRAT_mod1.44 - STRAT_mod2.88)","Opaline/CCS",0.0134247836340021,-0.0781002566442797,0.100049138497065
"2561","(STRAT_mod0.1 - STRAT_mod2.88) - (STRAT_mod1.44 - STRAT_mod3.37)","Opaline/CCS",0.0780695849562723,-0.0297723428368567,0.187573118627285
"2562","(STRAT_mod0.1 - STRAT_mod2.88) - (STRAT_mod2.15 - STRAT_mod2.88)","Opaline/CCS",0.144924735754024,0.019694363250517,0.26673961191945
"2563","(STRAT_mod0.1 - STRAT_mod2.88) - (STRAT_mod2.15 - STRAT_mod3.37)","Opaline/CCS",0.210336640347111,0.0742870055608617,0.346285937764677
"2564","(STRAT_mod0.1 - STRAT_mod2.88) - (STRAT_mod2.88 - STRAT_mod3.37)","Opaline/CCS",0.218991820102655,0.0883199123740732,0.341852775281387
"2565","(STRAT_mod0.1 - STRAT_mod3.37) - (STRAT_mod0.2 - STRAT_mod0.3)","Opaline/CCS",-0.030223745488292,-0.151625087405451,0.0973883788336712
"2566","(STRAT_mod0.1 - STRAT_mod3.37) - (STRAT_mod0.2 - STRAT_mod0.82)","Opaline/CCS",0.0269335650010981,-0.0879598142663129,0.143604486081257
"2567","(STRAT_mod0.1 - STRAT_mod3.37) - (STRAT_mod0.2 - STRAT_mod1.08)","Opaline/CCS",0.010896275394387,-0.109156710146262,0.121752883987087
"2568","(STRAT_mod0.1 - STRAT_mod3.37) - (STRAT_mod0.2 - STRAT_mod1.44)","Opaline/CCS",0.0114399715462653,-0.107090860325673,0.126661299494571
"2569","(STRAT_mod0.1 - STRAT_mod3.37) - (STRAT_mod0.2 - STRAT_mod2.15)","Opaline/CCS",-0.120974286152668,-0.268399328218987,0.0254223017570629
"2570","(STRAT_mod0.1 - STRAT_mod3.37) - (STRAT_mod0.2 - STRAT_mod2.88)","Opaline/CCS",-0.13004207604861,-0.260076853799377,-0.0234645037932795
"2571","(STRAT_mod0.1 - STRAT_mod3.37) - (STRAT_mod0.2 - STRAT_mod3.37)","Opaline/CCS",-0.0653747163636383,-0.165610850240369,0.0402678263653142
"2572","(STRAT_mod0.1 - STRAT_mod3.37) - (STRAT_mod0.3 - STRAT_mod0.82)","Opaline/CCS",0.147008211275821,0.03144870603101,0.258599243443382
"2573","(STRAT_mod0.1 - STRAT_mod3.37) - (STRAT_mod0.3 - STRAT_mod1.08)","Opaline/CCS",0.131773864185399,0.0172939197803615,0.248195069511475
"2574","(STRAT_mod0.1 - STRAT_mod3.37) - (STRAT_mod0.3 - STRAT_mod1.44)","Opaline/CCS",0.132628870305285,0.0146545202471532,0.247477007051928
"2575","(STRAT_mod0.1 - STRAT_mod3.37) - (STRAT_mod0.3 - STRAT_mod2.15)","Opaline/CCS",-0.000694170979781639,-0.14448296814158,0.146149250449821
"2576","(STRAT_mod0.1 - STRAT_mod3.37) - (STRAT_mod0.3 - STRAT_mod2.88)","Opaline/CCS",-0.00959848059219354,-0.12675635399243,0.104125558609431
"2577","(STRAT_mod0.1 - STRAT_mod3.37) - (STRAT_mod0.3 - STRAT_mod3.37)","Opaline/CCS",0.0560544447966876,-0.04322735480845,0.156900048847158
"2578","(STRAT_mod0.1 - STRAT_mod3.37) - (STRAT_mod0.82 - STRAT_mod1.08)","Opaline/CCS",0.074585929204472,-0.0323413802126898,0.176502732977226
"2579","(STRAT_mod0.1 - STRAT_mod3.37) - (STRAT_mod0.82 - STRAT_mod1.44)","Opaline/CCS",0.0740127982792614,-0.0331426231048398,0.177893825657435
"2580","(STRAT_mod0.1 - STRAT_mod3.37) - (STRAT_mod0.82 - STRAT_mod2.15)","Opaline/CCS",-0.057316339206195,-0.194334015486259,0.0815049672427042
"2581","(STRAT_mod0.1 - STRAT_mod3.37) - (STRAT_mod0.82 - STRAT_mod2.88)","Opaline/CCS",-0.0670808705900493,-0.166986038588439,0.0427963166594741
"2582","(STRAT_mod0.1 - STRAT_mod3.37) - (STRAT_mod0.82 - STRAT_mod3.37)","Opaline/CCS",-0.00241474885471599,-0.0891662760204299,0.0862391956715793
"2583","(STRAT_mod0.1 - STRAT_mod3.37) - (STRAT_mod1.08 - STRAT_mod1.44)","Opaline/CCS",0.0898694471610097,-0.0199116440577886,0.188578411963613
"2584","(STRAT_mod0.1 - STRAT_mod3.37) - (STRAT_mod1.08 - STRAT_mod2.15)","Opaline/CCS",-0.0419820916559668,-0.184922273029071,0.0882208605633027
"2585","(STRAT_mod0.1 - STRAT_mod3.37) - (STRAT_mod1.08 - STRAT_mod2.88)","Opaline/CCS",-0.0515729903190675,-0.157624887380903,0.0527841652292683
"2586","(STRAT_mod0.1 - STRAT_mod3.37) - (STRAT_mod1.08 - STRAT_mod3.37)","Opaline/CCS",0.0132372806827244,-0.0759029481685817,0.0984808959365685
"2587","(STRAT_mod0.1 - STRAT_mod3.37) - (STRAT_mod1.44 - STRAT_mod2.15)","Opaline/CCS",-0.0437998537409179,-0.187962890590567,0.0907458234974549
"2588","(STRAT_mod0.1 - STRAT_mod3.37) - (STRAT_mod1.44 - STRAT_mod2.88)","Opaline/CCS",-0.0516771627741308,-0.161182490510004,0.051441783544243
"2589","(STRAT_mod0.1 - STRAT_mod3.37) - (STRAT_mod1.44 - STRAT_mod3.37)","Opaline/CCS",0.0134247836340021,-0.0781002566442797,0.100049138497065
"2590","(STRAT_mod0.1 - STRAT_mod3.37) - (STRAT_mod2.15 - STRAT_mod2.88)","Opaline/CCS",0.0807849892701584,-0.0540503859193973,0.221348032827721
"2591","(STRAT_mod0.1 - STRAT_mod3.37) - (STRAT_mod2.15 - STRAT_mod3.37)","Opaline/CCS",0.144924735754024,0.019694363250517,0.26673961191945
"2592","(STRAT_mod0.1 - STRAT_mod3.37) - (STRAT_mod2.88 - STRAT_mod3.37)","Opaline/CCS",0.155101350714098,0.0657434549952226,0.24789048047816
"2593","(STRAT_mod0.2 - STRAT_mod0.3) - (STRAT_mod0.2 - STRAT_mod0.82)","Opaline/CCS",0.0572675691836984,-0.0169335401280961,0.129714255752487
"2594","(STRAT_mod0.2 - STRAT_mod0.3) - (STRAT_mod0.2 - STRAT_mod1.08)","Opaline/CCS",0.0421334273772164,-0.0358641653313072,0.114579584192519
"2595","(STRAT_mod0.2 - STRAT_mod0.3) - (STRAT_mod0.2 - STRAT_mod1.44)","Opaline/CCS",0.042444768026318,-0.0355734716187578,0.116886029832519
"2596","(STRAT_mod0.2 - STRAT_mod0.3) - (STRAT_mod0.2 - STRAT_mod2.15)","Opaline/CCS",-0.0912545020886237,-0.201327534807058,0.0309607774711927
"2597","(STRAT_mod0.2 - STRAT_mod0.3) - (STRAT_mod0.2 - STRAT_mod2.88)","Opaline/CCS",-0.0986658604577031,-0.17366318418859,-0.0230865245035371
"2598","(STRAT_mod0.2 - STRAT_mod0.3) - (STRAT_mod0.2 - STRAT_mod3.37)","Opaline/CCS",-0.0343364273714009,-0.104749299531668,0.0408668236257947
"2599","(STRAT_mod0.2 - STRAT_mod0.3) - (STRAT_mod0.3 - STRAT_mod0.82)","Opaline/CCS",0.177132393880973,0.0393266601097403,0.328468311959885
"2600","(STRAT_mod0.2 - STRAT_mod0.3) - (STRAT_mod0.3 - STRAT_mod1.08)","Opaline/CCS",0.161923776967526,0.0142254243667582,0.306609639827991
"2601","(STRAT_mod0.2 - STRAT_mod0.3) - (STRAT_mod0.3 - STRAT_mod1.44)","Opaline/CCS",0.162492477759934,0.0156103645983464,0.307816021870429
"2602","(STRAT_mod0.2 - STRAT_mod0.3) - (STRAT_mod0.3 - STRAT_mod2.15)","Opaline/CCS",0.0306929020155402,-0.143329028873511,0.198839818167208
"2603","(STRAT_mod0.2 - STRAT_mod0.3) - (STRAT_mod0.3 - STRAT_mod2.88)","Opaline/CCS",0.0210966720807673,-0.117686410965253,0.170923072976588
"2604","(STRAT_mod0.2 - STRAT_mod0.3) - (STRAT_mod0.3 - STRAT_mod3.37)","Opaline/CCS",0.0846529167843777,-0.0500033461822039,0.236005739636944
"2605","(STRAT_mod0.2 - STRAT_mod0.3) - (STRAT_mod0.82 - STRAT_mod1.08)","Opaline/CCS",0.105837443669883,-0.00556269896742795,0.207092908130864
"2606","(STRAT_mod0.2 - STRAT_mod0.3) - (STRAT_mod0.82 - STRAT_mod1.44)","Opaline/CCS",0.105446813132265,-0.00163326725720664,0.211186538723202
"2607","(STRAT_mod0.2 - STRAT_mod0.3) - (STRAT_mod0.82 - STRAT_mod2.15)","Opaline/CCS",-0.0261737133571002,-0.1662289974345,0.108604209085145
"2608","(STRAT_mod0.2 - STRAT_mod0.3) - (STRAT_mod0.82 - STRAT_mod2.88)","Opaline/CCS",-0.0361741713782344,-0.137416827048671,0.0740739662299036
"2609","(STRAT_mod0.2 - STRAT_mod0.3) - (STRAT_mod0.82 - STRAT_mod3.37)","Opaline/CCS",0.0277523683474181,-0.0753700104529126,0.132028505926041
"2610","(STRAT_mod0.2 - STRAT_mod0.3) - (STRAT_mod1.08 - STRAT_mod1.44)","Opaline/CCS",0.120587727942157,0.0133602019593569,0.224057418383736
"2611","(STRAT_mod0.2 - STRAT_mod0.3) - (STRAT_mod1.08 - STRAT_mod2.15)","Opaline/CCS",-0.0113857160832829,-0.153661226454877,0.121606049057061
"2612","(STRAT_mod0.2 - STRAT_mod0.3) - (STRAT_mod1.08 - STRAT_mod2.88)","Opaline/CCS",-0.0204573046261348,-0.125853220715506,0.0847343035592763
"2613","(STRAT_mod0.2 - STRAT_mod0.3) - (STRAT_mod1.08 - STRAT_mod3.37)","Opaline/CCS",0.044287110383418,-0.0555391715117643,0.149575558616847
"2614","(STRAT_mod0.2 - STRAT_mod0.3) - (STRAT_mod1.44 - STRAT_mod2.15)","Opaline/CCS",-0.0112669278202008,-0.149192080365292,0.126297238497248
"2615","(STRAT_mod0.2 - STRAT_mod0.3) - (STRAT_mod1.44 - STRAT_mod2.88)","Opaline/CCS",-0.0209155537351992,-0.127387177558022,0.0882063495046751
"2616","(STRAT_mod0.2 - STRAT_mod0.3) - (STRAT_mod1.44 - STRAT_mod3.37)","Opaline/CCS",0.0434875198113995,-0.0629366898212366,0.149681843568115
"2617","(STRAT_mod0.2 - STRAT_mod0.3) - (STRAT_mod2.15 - STRAT_mod2.88)","Opaline/CCS",0.111554625791816,-0.0224268517814231,0.255309723575924
"2618","(STRAT_mod0.2 - STRAT_mod0.3) - (STRAT_mod2.15 - STRAT_mod3.37)","Opaline/CCS",0.176625495390864,0.0412175353436883,0.316702992984555
"2619","(STRAT_mod0.2 - STRAT_mod0.3) - (STRAT_mod2.88 - STRAT_mod3.37)","Opaline/CCS",0.185374331893675,0.0773069960663826,0.292068194199661
"2620","(STRAT_mod0.2 - STRAT_mod0.82) - (STRAT_mod0.2 - STRAT_mod1.08)","Opaline/CCS",-0.0158013063543832,-0.0706403799176737,0.0432492763322258
"2621","(STRAT_mod0.2 - STRAT_mod0.82) - (STRAT_mod0.2 - STRAT_mod1.44)","Opaline/CCS",-0.0154449717742903,-0.0707438220893903,0.0491464938251067
"2622","(STRAT_mod0.2 - STRAT_mod0.82) - (STRAT_mod0.2 - STRAT_mod2.15)","Opaline/CCS",-0.148243409597541,-0.25200919656362,-0.0399990266308055
"2623","(STRAT_mod0.2 - STRAT_mod0.82) - (STRAT_mod0.2 - STRAT_mod2.88)","Opaline/CCS",-0.157046469948761,-0.217883472614933,-0.0967255268680755
"2624","(STRAT_mod0.2 - STRAT_mod0.82) - (STRAT_mod0.2 - STRAT_mod3.37)","Opaline/CCS",-0.0918563015198717,-0.146684411669241,-0.0356047747604847
"2625","(STRAT_mod0.2 - STRAT_mod0.82) - (STRAT_mod0.3 - STRAT_mod0.82)","Opaline/CCS",0.120173731657081,0.0361513744512661,0.211699047696386
"2626","(STRAT_mod0.2 - STRAT_mod0.82) - (STRAT_mod0.3 - STRAT_mod1.08)","Opaline/CCS",0.105837443669883,-0.00556269896742795,0.207092908130864
"2627","(STRAT_mod0.2 - STRAT_mod0.82) - (STRAT_mod0.3 - STRAT_mod1.44)","Opaline/CCS",0.105446813132265,-0.00163326725720664,0.211186538723202
"2628","(STRAT_mod0.2 - STRAT_mod0.82) - (STRAT_mod0.3 - STRAT_mod2.15)","Opaline/CCS",-0.0261737133571002,-0.1662289974345,0.108604209085145
"2629","(STRAT_mod0.2 - STRAT_mod0.82) - (STRAT_mod0.3 - STRAT_mod2.88)","Opaline/CCS",-0.0361741713782344,-0.137416827048671,0.0740739662299036
"2630","(STRAT_mod0.2 - STRAT_mod0.82) - (STRAT_mod0.3 - STRAT_mod3.37)","Opaline/CCS",0.0277523683474181,-0.0753700104529126,0.132028505926041
"2631","(STRAT_mod0.2 - STRAT_mod0.82) - (STRAT_mod0.82 - STRAT_mod1.08)","Opaline/CCS",0.046983807097893,-0.0630456607164479,0.159144536450989
"2632","(STRAT_mod0.2 - STRAT_mod0.82) - (STRAT_mod0.82 - STRAT_mod1.44)","Opaline/CCS",0.0467930797270856,-0.0656497529675492,0.155663234969527
"2633","(STRAT_mod0.2 - STRAT_mod0.82) - (STRAT_mod0.82 - STRAT_mod2.15)","Opaline/CCS",-0.0833577105471587,-0.229913172638525,0.051432541778734
"2634","(STRAT_mod0.2 - STRAT_mod0.82) - (STRAT_mod0.82 - STRAT_mod2.88)","Opaline/CCS",-0.0936525198583221,-0.204769620340403,0.0168107549503425
"2635","(STRAT_mod0.2 - STRAT_mod0.82) - (STRAT_mod0.82 - STRAT_mod3.37)","Opaline/CCS",-0.0292114460303138,-0.1333125809543,0.0858003836166967
"2636","(STRAT_mod0.2 - STRAT_mod0.82) - (STRAT_mod1.08 - STRAT_mod1.44)","Opaline/CCS",0.063256872943094,-0.0313886075053173,0.159554784276382
"2637","(STRAT_mod0.2 - STRAT_mod0.82) - (STRAT_mod1.08 - STRAT_mod2.15)","Opaline/CCS",-0.0688994457506219,-0.20728680881289,0.0510840152495874
"2638","(STRAT_mod0.2 - STRAT_mod0.82) - (STRAT_mod1.08 - STRAT_mod2.88)","Opaline/CCS",-0.0786028478669197,-0.175840037284658,0.0155676658427569
"2639","(STRAT_mod0.2 - STRAT_mod0.82) - (STRAT_mod1.08 - STRAT_mod3.37)","Opaline/CCS",-0.0134547131286056,-0.104020082780079,0.0825949362628275
"2640","(STRAT_mod0.2 - STRAT_mod0.82) - (STRAT_mod1.44 - STRAT_mod2.15)","Opaline/CCS",-0.0682257596001762,-0.201864314339108,0.0608697698125599
"2641","(STRAT_mod0.2 - STRAT_mod0.82) - (STRAT_mod1.44 - STRAT_mod2.88)","Opaline/CCS",-0.0784369741896552,-0.178340387956296,0.015601154851497
"2642","(STRAT_mod0.2 - STRAT_mod0.82) - (STRAT_mod1.44 - STRAT_mod3.37)","Opaline/CCS",-0.013420754636933,-0.111233318963873,0.0787143233806896
"2643","(STRAT_mod0.2 - STRAT_mod0.82) - (STRAT_mod2.15 - STRAT_mod2.88)","Opaline/CCS",0.0543877400648574,-0.0740374948013622,0.188130808748437
"2644","(STRAT_mod0.2 - STRAT_mod0.82) - (STRAT_mod2.15 - STRAT_mod3.37)","Opaline/CCS",0.119220031614721,-0.00859809414180318,0.249621627650194
"2645","(STRAT_mod0.2 - STRAT_mod0.82) - (STRAT_mod2.88 - STRAT_mod3.37)","Opaline/CCS",0.127991060265143,0.0330783590906584,0.22739046991655
"2646","(STRAT_mod0.2 - STRAT_mod1.08) - (STRAT_mod0.2 - STRAT_mod1.44)","Opaline/CCS",0.000573472753758519,-0.0600679424231895,0.0607610343699505
"2647","(STRAT_mod0.2 - STRAT_mod1.08) - (STRAT_mod0.2 - STRAT_mod2.15)","Opaline/CCS",-0.132776261348623,-0.237083223238233,-0.0243585413811601
"2648","(STRAT_mod0.2 - STRAT_mod1.08) - (STRAT_mod0.2 - STRAT_mod2.88)","Opaline/CCS",-0.14109894382744,-0.199757482169247,-0.0768733168869054
"2649","(STRAT_mod0.2 - STRAT_mod1.08) - (STRAT_mod0.2 - STRAT_mod3.37)","Opaline/CCS",-0.0764569020154378,-0.134267388775454,-0.020346338740895
"2650","(STRAT_mod0.2 - STRAT_mod1.08) - (STRAT_mod0.3 - STRAT_mod0.82)","Opaline/CCS",0.136103061816269,0.0349541688527945,0.242958610836776
"2651","(STRAT_mod0.2 - STRAT_mod1.08) - (STRAT_mod0.3 - STRAT_mod1.08)","Opaline/CCS",0.120173731657081,0.0361513744512661,0.211699047696386
"2652","(STRAT_mod0.2 - STRAT_mod1.08) - (STRAT_mod0.3 - STRAT_mod1.44)","Opaline/CCS",0.120587727942157,0.0133602019593569,0.224057418383736
"2653","(STRAT_mod0.2 - STRAT_mod1.08) - (STRAT_mod0.3 - STRAT_mod2.15)","Opaline/CCS",-0.0113857160832829,-0.153661226454877,0.121606049057061
"2654","(STRAT_mod0.2 - STRAT_mod1.08) - (STRAT_mod0.3 - STRAT_mod2.88)","Opaline/CCS",-0.0204573046261348,-0.125853220715506,0.0847343035592763
"2655","(STRAT_mod0.2 - STRAT_mod1.08) - (STRAT_mod0.3 - STRAT_mod3.37)","Opaline/CCS",0.044287110383418,-0.0555391715117643,0.149575558616847
"2656","(STRAT_mod0.2 - STRAT_mod1.08) - (STRAT_mod0.82 - STRAT_mod1.08)","Opaline/CCS",0.0632057983315798,-0.0101108872200878,0.141716251828961
"2657","(STRAT_mod0.2 - STRAT_mod1.08) - (STRAT_mod0.82 - STRAT_mod1.44)","Opaline/CCS",0.063256872943094,-0.0313886075053173,0.159554784276382
"2658","(STRAT_mod0.2 - STRAT_mod1.08) - (STRAT_mod0.82 - STRAT_mod2.15)","Opaline/CCS",-0.0688994457506219,-0.20728680881289,0.0510840152495874
"2659","(STRAT_mod0.2 - STRAT_mod1.08) - (STRAT_mod0.82 - STRAT_mod2.88)","Opaline/CCS",-0.0786028478669197,-0.175840037284658,0.0155676658427569
"2660","(STRAT_mod0.2 - STRAT_mod1.08) - (STRAT_mod0.82 - STRAT_mod3.37)","Opaline/CCS",-0.0134547131286056,-0.104020082780079,0.0825949362628275
"2661","(STRAT_mod0.2 - STRAT_mod1.08) - (STRAT_mod1.08 - STRAT_mod1.44)","Opaline/CCS",0.0789436295597136,-0.0371197536643404,0.187709600993413
"2662","(STRAT_mod0.2 - STRAT_mod1.08) - (STRAT_mod1.08 - STRAT_mod2.15)","Opaline/CCS",-0.0534619947324176,-0.199408297260741,0.0848714477154608
"2663","(STRAT_mod0.2 - STRAT_mod1.08) - (STRAT_mod1.08 - STRAT_mod2.88)","Opaline/CCS",-0.06294840114744,-0.173496203783981,0.0526318262108601
"2664","(STRAT_mod0.2 - STRAT_mod1.08) - (STRAT_mod1.08 - STRAT_mod3.37)","Opaline/CCS",0.00210044672637388,-0.109743674638688,0.110266434306386
"2665","(STRAT_mod0.2 - STRAT_mod1.08) - (STRAT_mod1.44 - STRAT_mod2.15)","Opaline/CCS",-0.0532908141426101,-0.183866921826296,0.081267980790601
"2666","(STRAT_mod0.2 - STRAT_mod1.08) - (STRAT_mod1.44 - STRAT_mod2.88)","Opaline/CCS",-0.063237214616739,-0.164668312166127,0.0287633168224457
"2667","(STRAT_mod0.2 - STRAT_mod1.08) - (STRAT_mod1.44 - STRAT_mod3.37)","Opaline/CCS",0.00198670285037972,-0.0923822267172757,0.0962062696038866
"2668","(STRAT_mod0.2 - STRAT_mod1.08) - (STRAT_mod2.15 - STRAT_mod2.88)","Opaline/CCS",0.0694467409172027,-0.0589378527251589,0.203668186536693
"2669","(STRAT_mod0.2 - STRAT_mod1.08) - (STRAT_mod2.15 - STRAT_mod3.37)","Opaline/CCS",0.135412640688347,-0.00134787111294943,0.257529517447424
"2670","(STRAT_mod0.2 - STRAT_mod1.08) - (STRAT_mod2.88 - STRAT_mod3.37)","Opaline/CCS",0.143770210649389,0.0492868090552345,0.241049506064368
"2671","(STRAT_mod0.2 - STRAT_mod1.44) - (STRAT_mod0.2 - STRAT_mod2.15)","Opaline/CCS",-0.132854811995067,-0.241400795228089,-0.026750213222223
"2672","(STRAT_mod0.2 - STRAT_mod1.44) - (STRAT_mod0.2 - STRAT_mod2.88)","Opaline/CCS",-0.141670010973191,-0.203367296796693,-0.0767630365054005
"2673","(STRAT_mod0.2 - STRAT_mod1.44) - (STRAT_mod0.2 - STRAT_mod3.37)","Opaline/CCS",-0.0762861216218257,-0.133994515034564,-0.0158684936827709
"2674","(STRAT_mod0.2 - STRAT_mod1.44) - (STRAT_mod0.3 - STRAT_mod0.82)","Opaline/CCS",0.136945643248047,0.0268126506624415,0.241118613611153
"2675","(STRAT_mod0.2 - STRAT_mod1.44) - (STRAT_mod0.3 - STRAT_mod1.08)","Opaline/CCS",0.12070555454535,0.0127079790052958,0.230180435262703
"2676","(STRAT_mod0.2 - STRAT_mod1.44) - (STRAT_mod0.3 - STRAT_mod1.44)","Opaline/CCS",0.120173731657081,0.0361513744512661,0.211699047696386
"2677","(STRAT_mod0.2 - STRAT_mod1.44) - (STRAT_mod0.3 - STRAT_mod2.15)","Opaline/CCS",-0.0112669278202008,-0.149192080365292,0.126297238497248
"2678","(STRAT_mod0.2 - STRAT_mod1.44) - (STRAT_mod0.3 - STRAT_mod2.88)","Opaline/CCS",-0.0209155537351992,-0.127387177558022,0.0882063495046751
"2679","(STRAT_mod0.2 - STRAT_mod1.44) - (STRAT_mod0.3 - STRAT_mod3.37)","Opaline/CCS",0.0434875198113995,-0.0629366898212366,0.149681843568115
"2680","(STRAT_mod0.2 - STRAT_mod1.44) - (STRAT_mod0.82 - STRAT_mod1.08)","Opaline/CCS",0.0633697728667302,-0.0359152754849393,0.158921090309212
"2681","(STRAT_mod0.2 - STRAT_mod1.44) - (STRAT_mod0.82 - STRAT_mod1.44)","Opaline/CCS",0.0632057983315798,-0.0101108872200878,0.141716251828961
"2682","(STRAT_mod0.2 - STRAT_mod1.44) - (STRAT_mod0.82 - STRAT_mod2.15)","Opaline/CCS",-0.0682257596001762,-0.201864314339108,0.0608697698125599
"2683","(STRAT_mod0.2 - STRAT_mod1.44) - (STRAT_mod0.82 - STRAT_mod2.88)","Opaline/CCS",-0.0784369741896552,-0.178340387956296,0.015601154851497
"2684","(STRAT_mod0.2 - STRAT_mod1.44) - (STRAT_mod0.82 - STRAT_mod3.37)","Opaline/CCS",-0.013420754636933,-0.111233318963873,0.0787143233806896
"2685","(STRAT_mod0.2 - STRAT_mod1.44) - (STRAT_mod1.08 - STRAT_mod1.44)","Opaline/CCS",0.0782403803127563,0.00585270428855605,0.156022800822616
"2686","(STRAT_mod0.2 - STRAT_mod1.44) - (STRAT_mod1.08 - STRAT_mod2.15)","Opaline/CCS",-0.0532908141426101,-0.183866921826296,0.081267980790601
"2687","(STRAT_mod0.2 - STRAT_mod1.44) - (STRAT_mod1.08 - STRAT_mod2.88)","Opaline/CCS",-0.063237214616739,-0.164668312166127,0.0287633168224457
"2688","(STRAT_mod0.2 - STRAT_mod1.44) - (STRAT_mod1.08 - STRAT_mod3.37)","Opaline/CCS",0.00198670285037972,-0.0923822267172757,0.0962062696038866
"2689","(STRAT_mod0.2 - STRAT_mod1.44) - (STRAT_mod1.44 - STRAT_mod2.15)","Opaline/CCS",-0.054700904967449,-0.203042246897013,0.0883782792474467
"2690","(STRAT_mod0.2 - STRAT_mod1.44) - (STRAT_mod1.44 - STRAT_mod2.88)","Opaline/CCS",-0.0619117637696934,-0.175458435156349,0.0607256059207665
"2691","(STRAT_mod0.2 - STRAT_mod1.44) - (STRAT_mod1.44 - STRAT_mod3.37)","Opaline/CCS",0.00274291342755706,-0.115165745896836,0.115539687506975
"2692","(STRAT_mod0.2 - STRAT_mod1.44) - (STRAT_mod2.15 - STRAT_mod2.88)","Opaline/CCS",0.070349033368868,-0.0624681119958732,0.204073523551998
"2693","(STRAT_mod0.2 - STRAT_mod1.44) - (STRAT_mod2.15 - STRAT_mod3.37)","Opaline/CCS",0.135189703739819,0.00579669931140109,0.267634177474246
"2694","(STRAT_mod0.2 - STRAT_mod1.44) - (STRAT_mod2.88 - STRAT_mod3.37)","Opaline/CCS",0.144481506601545,0.0368016643846879,0.23378117951961
"2695","(STRAT_mod0.2 - STRAT_mod2.15) - (STRAT_mod0.2 - STRAT_mod2.88)","Opaline/CCS",-0.0080655923816377,-0.121483832572253,0.0959821041571146
"2696","(STRAT_mod0.2 - STRAT_mod2.15) - (STRAT_mod0.2 - STRAT_mod3.37)","Opaline/CCS",0.0569698880961579,-0.049598048786514,0.159284546881346
"2697","(STRAT_mod0.2 - STRAT_mod2.15) - (STRAT_mod0.3 - STRAT_mod0.82)","Opaline/CCS",0.269033586428558,0.133399605282426,0.408281285483383
"2698","(STRAT_mod0.2 - STRAT_mod2.15) - (STRAT_mod0.3 - STRAT_mod1.08)","Opaline/CCS",0.253363770045863,0.115829254219083,0.392496900398251
"2699","(STRAT_mod0.2 - STRAT_mod2.15) - (STRAT_mod0.3 - STRAT_mod1.44)","Opaline/CCS",0.252675694830363,0.112466419613626,0.389975687214652
"2700","(STRAT_mod0.2 - STRAT_mod2.15) - (STRAT_mod0.3 - STRAT_mod2.15)","Opaline/CCS",0.120173731657081,0.0361513744512661,0.211699047696386
"2701","(STRAT_mod0.2 - STRAT_mod2.15) - (STRAT_mod0.3 - STRAT_mod2.88)","Opaline/CCS",0.111554625791816,-0.0224268517814231,0.255309723575924
"2702","(STRAT_mod0.2 - STRAT_mod2.15) - (STRAT_mod0.3 - STRAT_mod3.37)","Opaline/CCS",0.176625495390864,0.0412175353436883,0.316702992984555
"2703","(STRAT_mod0.2 - STRAT_mod2.15) - (STRAT_mod0.82 - STRAT_mod1.08)","Opaline/CCS",0.195946849098694,0.0579293073266092,0.319183120256978
"2704","(STRAT_mod0.2 - STRAT_mod2.15) - (STRAT_mod0.82 - STRAT_mod1.44)","Opaline/CCS",0.196117344374482,0.0598420105319623,0.321035962637334
"2705","(STRAT_mod0.2 - STRAT_mod2.15) - (STRAT_mod0.82 - STRAT_mod2.15)","Opaline/CCS",0.0632057983315798,-0.0101108872200878,0.141716251828961
"2706","(STRAT_mod0.2 - STRAT_mod2.15) - (STRAT_mod0.82 - STRAT_mod2.88)","Opaline/CCS",0.0543877400648574,-0.0740374948013622,0.188130808748437
"2707","(STRAT_mod0.2 - STRAT_mod2.15) - (STRAT_mod0.82 - STRAT_mod3.37)","Opaline/CCS",0.119220031614721,-0.00859809414180318,0.249621627650194
"2708","(STRAT_mod0.2 - STRAT_mod2.15) - (STRAT_mod1.08 - STRAT_mod1.44)","Opaline/CCS",0.211206008193813,0.0795498117323041,0.343419563586215
"2709","(STRAT_mod0.2 - STRAT_mod2.15) - (STRAT_mod1.08 - STRAT_mod2.15)","Opaline/CCS",0.0782403803127563,0.00585270428855605,0.156022800822616
"2710","(STRAT_mod0.2 - STRAT_mod2.15) - (STRAT_mod1.08 - STRAT_mod2.88)","Opaline/CCS",0.0694467409172027,-0.0589378527251589,0.203668186536693
"2711","(STRAT_mod0.2 - STRAT_mod2.15) - (STRAT_mod1.08 - STRAT_mod3.37)","Opaline/CCS",0.135412640688347,-0.00134787111294943,0.257529517447424
"2712","(STRAT_mod0.2 - STRAT_mod2.15) - (STRAT_mod1.44 - STRAT_mod2.15)","Opaline/CCS",0.0790426140608047,0.000360738365302093,0.155602482978873
"2713","(STRAT_mod0.2 - STRAT_mod2.15) - (STRAT_mod1.44 - STRAT_mod2.88)","Opaline/CCS",0.070349033368868,-0.0624681119958732,0.204073523551998
"2714","(STRAT_mod0.2 - STRAT_mod2.15) - (STRAT_mod1.44 - STRAT_mod3.37)","Opaline/CCS",0.135189703739819,0.00579669931140109,0.267634177474246
"2715","(STRAT_mod0.2 - STRAT_mod2.15) - (STRAT_mod2.15 - STRAT_mod2.88)","Opaline/CCS",0.203690553178485,-0.0087266413087253,0.415608202345824
"2716","(STRAT_mod0.2 - STRAT_mod2.15) - (STRAT_mod2.15 - STRAT_mod3.37)","Opaline/CCS",0.270221558536865,0.0566566971730299,0.477324545345717
"2717","(STRAT_mod0.2 - STRAT_mod2.15) - (STRAT_mod2.88 - STRAT_mod3.37)","Opaline/CCS",0.275980723497131,0.147875307561831,0.405462051282622
"2718","(STRAT_mod0.2 - STRAT_mod2.88) - (STRAT_mod0.2 - STRAT_mod3.37)","Opaline/CCS",0.064734682542481,0.00716142333419062,0.125242689121918
"2719","(STRAT_mod0.2 - STRAT_mod2.88) - (STRAT_mod0.3 - STRAT_mod0.82)","Opaline/CCS",0.277187697001282,0.170348810912819,0.38450182414833
"2720","(STRAT_mod0.2 - STRAT_mod2.88) - (STRAT_mod0.3 - STRAT_mod1.08)","Opaline/CCS",0.263427098902652,0.155539708997357,0.376111877225916
"2721","(STRAT_mod0.2 - STRAT_mod2.88) - (STRAT_mod0.3 - STRAT_mod1.44)","Opaline/CCS",0.262520146699301,0.1540788116905,0.37205362060855
"2722","(STRAT_mod0.2 - STRAT_mod2.88) - (STRAT_mod0.3 - STRAT_mod2.15)","Opaline/CCS",0.12981942039894,-0.00810834639248259,0.274267092350293
"2723","(STRAT_mod0.2 - STRAT_mod2.88) - (STRAT_mod0.3 - STRAT_mod2.88)","Opaline/CCS",0.120173731657081,0.0361513744512661,0.211699047696386
"2724","(STRAT_mod0.2 - STRAT_mod2.88) - (STRAT_mod0.3 - STRAT_mod3.37)","Opaline/CCS",0.185374331893675,0.0773069960663826,0.292068194199661
"2725","(STRAT_mod0.2 - STRAT_mod2.88) - (STRAT_mod0.82 - STRAT_mod1.08)","Opaline/CCS",0.204801027456015,0.108197862461374,0.306976098653221
"2726","(STRAT_mod0.2 - STRAT_mod2.88) - (STRAT_mod0.82 - STRAT_mod1.44)","Opaline/CCS",0.205063700376595,0.10636228431937,0.302331556419582
"2727","(STRAT_mod0.2 - STRAT_mod2.88) - (STRAT_mod0.82 - STRAT_mod2.15)","Opaline/CCS",0.073434872153721,-0.0615643041203257,0.202584395776911
"2728","(STRAT_mod0.2 - STRAT_mod2.88) - (STRAT_mod0.82 - STRAT_mod2.88)","Opaline/CCS",0.0632057983315798,-0.0101108872200878,0.141716251828961
"2729","(STRAT_mod0.2 - STRAT_mod2.88) - (STRAT_mod0.82 - STRAT_mod3.37)","Opaline/CCS",0.127991060265143,0.0330783590906584,0.22739046991655
"2730","(STRAT_mod0.2 - STRAT_mod2.88) - (STRAT_mod1.08 - STRAT_mod1.44)","Opaline/CCS",0.21989095923439,0.125511545089521,0.32014423536515
"2731","(STRAT_mod0.2 - STRAT_mod2.88) - (STRAT_mod1.08 - STRAT_mod2.15)","Opaline/CCS",0.0883082436909962,-0.0493614928515027,0.213477594937429
"2732","(STRAT_mod0.2 - STRAT_mod2.88) - (STRAT_mod1.08 - STRAT_mod2.88)","Opaline/CCS",0.0782403803127563,0.00585270428855605,0.156022800822616
"2733","(STRAT_mod0.2 - STRAT_mod2.88) - (STRAT_mod1.08 - STRAT_mod3.37)","Opaline/CCS",0.143770210649389,0.0492868090552345,0.241049506064368
"2734","(STRAT_mod0.2 - STRAT_mod2.88) - (STRAT_mod1.44 - STRAT_mod2.15)","Opaline/CCS",0.0891458881264006,-0.0444988402246238,0.224002296777011
"2735","(STRAT_mod0.2 - STRAT_mod2.88) - (STRAT_mod1.44 - STRAT_mod2.88)","Opaline/CCS",0.0790426140608047,0.000360738365302093,0.155602482978873
"2736","(STRAT_mod0.2 - STRAT_mod2.88) - (STRAT_mod1.44 - STRAT_mod3.37)","Opaline/CCS",0.144481506601545,0.0368016643846879,0.23378117951961
"2737","(STRAT_mod0.2 - STRAT_mod2.88) - (STRAT_mod2.15 - STRAT_mod2.88)","Opaline/CCS",0.211454835098995,0.0940175758347592,0.328896719356104
"2738","(STRAT_mod0.2 - STRAT_mod2.88) - (STRAT_mod2.15 - STRAT_mod3.37)","Opaline/CCS",0.275980723497131,0.147875307561831,0.405462051282622
"2739","(STRAT_mod0.2 - STRAT_mod2.88) - (STRAT_mod2.88 - STRAT_mod3.37)","Opaline/CCS",0.285537121331392,0.16474060416077,0.40080197901882
"2740","(STRAT_mod0.2 - STRAT_mod3.37) - (STRAT_mod0.3 - STRAT_mod0.82)","Opaline/CCS",0.213174064961604,0.103975164969498,0.31160215502073
"2741","(STRAT_mod0.2 - STRAT_mod3.37) - (STRAT_mod0.3 - STRAT_mod1.08)","Opaline/CCS",0.198077222568977,0.0861435324721088,0.300649673518509
"2742","(STRAT_mod0.2 - STRAT_mod3.37) - (STRAT_mod0.3 - STRAT_mod1.44)","Opaline/CCS",0.196930951383306,0.0904820793679882,0.304044530694678
"2743","(STRAT_mod0.2 - STRAT_mod3.37) - (STRAT_mod0.3 - STRAT_mod2.15)","Opaline/CCS",0.0651740956598956,-0.0751298968439786,0.200419855970623
"2744","(STRAT_mod0.2 - STRAT_mod3.37) - (STRAT_mod0.3 - STRAT_mod2.88)","Opaline/CCS",0.0565106390023109,-0.0524300937278913,0.159791354566635
"2745","(STRAT_mod0.2 - STRAT_mod3.37) - (STRAT_mod0.3 - STRAT_mod3.37)","Opaline/CCS",0.120173731657081,0.0361513744512661,0.211699047696386
"2746","(STRAT_mod0.2 - STRAT_mod3.37) - (STRAT_mod0.82 - STRAT_mod1.08)","Opaline/CCS",0.139510606243015,0.0422617827049687,0.233825858050223
"2747","(STRAT_mod0.2 - STRAT_mod3.37) - (STRAT_mod0.82 - STRAT_mod1.44)","Opaline/CCS",0.139649470881498,0.0414147330716558,0.235648631497273
"2748","(STRAT_mod0.2 - STRAT_mod3.37) - (STRAT_mod0.82 - STRAT_mod2.15)","Opaline/CCS",0.00775927577369701,-0.123706064740933,0.135316098687472
"2749","(STRAT_mod0.2 - STRAT_mod3.37) - (STRAT_mod0.82 - STRAT_mod2.88)","Opaline/CCS",-0.00232206405221427,-0.0965046590494129,0.0955529784942016
"2750","(STRAT_mod0.2 - STRAT_mod3.37) - (STRAT_mod0.82 - STRAT_mod3.37)","Opaline/CCS",0.0632057983315798,-0.0101108872200878,0.141716251828961
"2751","(STRAT_mod0.2 - STRAT_mod3.37) - (STRAT_mod1.08 - STRAT_mod1.44)","Opaline/CCS",0.153950259914243,0.0577305788122927,0.248102715271521
"2752","(STRAT_mod0.2 - STRAT_mod3.37) - (STRAT_mod1.08 - STRAT_mod2.15)","Opaline/CCS",0.0221755895195583,-0.104554753887787,0.15401887420425
"2753","(STRAT_mod0.2 - STRAT_mod3.37) - (STRAT_mod1.08 - STRAT_mod2.88)","Opaline/CCS",0.0130061592702354,-0.0776666335295689,0.113426236850017
"2754","(STRAT_mod0.2 - STRAT_mod3.37) - (STRAT_mod1.08 - STRAT_mod3.37)","Opaline/CCS",0.0782403803127563,0.00585270428855605,0.156022800822616
"2755","(STRAT_mod0.2 - STRAT_mod3.37) - (STRAT_mod1.44 - STRAT_mod2.15)","Opaline/CCS",0.0219574570798507,-0.109581269335984,0.152678940921932
"2756","(STRAT_mod0.2 - STRAT_mod3.37) - (STRAT_mod1.44 - STRAT_mod2.88)","Opaline/CCS",0.0142728645891194,-0.0811029804392859,0.112950251597891
"2757","(STRAT_mod0.2 - STRAT_mod3.37) - (STRAT_mod1.44 - STRAT_mod3.37)","Opaline/CCS",0.0790426140608047,0.000360738365302093,0.155602482978873
"2758","(STRAT_mod0.2 - STRAT_mod3.37) - (STRAT_mod2.15 - STRAT_mod2.88)","Opaline/CCS",0.145320920604396,0.0149181106875505,0.274403184873452
"2759","(STRAT_mod0.2 - STRAT_mod3.37) - (STRAT_mod2.15 - STRAT_mod3.37)","Opaline/CCS",0.211454835098995,0.0940175758347592,0.328896719356104
"2760","(STRAT_mod0.2 - STRAT_mod3.37) - (STRAT_mod2.88 - STRAT_mod3.37)","Opaline/CCS",0.220599973832405,0.137617895646652,0.294884391074309
"2761","(STRAT_mod0.3 - STRAT_mod0.82) - (STRAT_mod0.3 - STRAT_mod1.08)","Opaline/CCS",-0.0158013063543832,-0.0706403799176737,0.0432492763322258
"2762","(STRAT_mod0.3 - STRAT_mod0.82) - (STRAT_mod0.3 - STRAT_mod1.44)","Opaline/CCS",-0.0154449717742903,-0.0707438220893903,0.0491464938251067
"2763","(STRAT_mod0.3 - STRAT_mod0.82) - (STRAT_mod0.3 - STRAT_mod2.15)","Opaline/CCS",-0.148243409597541,-0.25200919656362,-0.0399990266308055
"2764","(STRAT_mod0.3 - STRAT_mod0.82) - (STRAT_mod0.3 - STRAT_mod2.88)","Opaline/CCS",-0.157046469948761,-0.217883472614933,-0.0967255268680755
"2765","(STRAT_mod0.3 - STRAT_mod0.82) - (STRAT_mod0.3 - STRAT_mod3.37)","Opaline/CCS",-0.0918563015198717,-0.146684411669241,-0.0356047747604847
"2766","(STRAT_mod0.3 - STRAT_mod0.82) - (STRAT_mod0.82 - STRAT_mod1.08)","Opaline/CCS",-0.0737926298428665,-0.176367509417553,0.0406582629930909
"2767","(STRAT_mod0.3 - STRAT_mod0.82) - (STRAT_mod0.82 - STRAT_mod1.44)","Opaline/CCS",-0.0731038244349876,-0.185044432378819,0.035460683767051
"2768","(STRAT_mod0.3 - STRAT_mod0.82) - (STRAT_mod0.82 - STRAT_mod2.15)","Opaline/CCS",-0.205613186392031,-0.349559932224251,-0.0683663134820351
"2769","(STRAT_mod0.3 - STRAT_mod0.82) - (STRAT_mod0.82 - STRAT_mod2.88)","Opaline/CCS",-0.214349980149088,-0.31997137797982,-0.0961783852568092
"2770","(STRAT_mod0.3 - STRAT_mod0.82) - (STRAT_mod0.82 - STRAT_mod3.37)","Opaline/CCS",-0.1499986787769,-0.253124602153932,-0.0363590443910129
"2771","(STRAT_mod0.3 - STRAT_mod0.82) - (STRAT_mod1.08 - STRAT_mod1.44)","Opaline/CCS",-0.0566635276937535,-0.150738246411875,0.0385762197196667
"2772","(STRAT_mod0.3 - STRAT_mod0.82) - (STRAT_mod1.08 - STRAT_mod2.15)","Opaline/CCS",-0.190726491199933,-0.324967867890458,-0.0653279182264702
"2773","(STRAT_mod0.3 - STRAT_mod0.82) - (STRAT_mod1.08 - STRAT_mod2.88)","Opaline/CCS",-0.198499452090099,-0.296850724281459,-0.10191863044262
"2774","(STRAT_mod0.3 - STRAT_mod0.82) - (STRAT_mod1.08 - STRAT_mod3.37)","Opaline/CCS",-0.133896824783662,-0.228670418612098,-0.0405417605990646
"2775","(STRAT_mod0.3 - STRAT_mod0.82) - (STRAT_mod1.44 - STRAT_mod2.15)","Opaline/CCS",-0.190610552751927,-0.318033969309233,-0.0565234759717229
"2776","(STRAT_mod0.3 - STRAT_mod0.82) - (STRAT_mod1.44 - STRAT_mod2.88)","Opaline/CCS",-0.199169171533098,-0.299973445686383,-0.102971936165872
"2777","(STRAT_mod0.3 - STRAT_mod0.82) - (STRAT_mod1.44 - STRAT_mod3.37)","Opaline/CCS",-0.134751666975546,-0.231974221621121,-0.0416213620973682
"2778","(STRAT_mod0.3 - STRAT_mod0.82) - (STRAT_mod2.15 - STRAT_mod2.88)","Opaline/CCS",-0.0665859050969103,-0.201922649067297,0.0634175345805461
"2779","(STRAT_mod0.3 - STRAT_mod0.82) - (STRAT_mod2.15 - STRAT_mod3.37)","Opaline/CCS",-0.00117794033514071,-0.133979039079766,0.124572874504107
"2780","(STRAT_mod0.3 - STRAT_mod0.82) - (STRAT_mod2.88 - STRAT_mod3.37)","Opaline/CCS",0.00761385838980111,-0.0843314782914111,0.102991112822075
"2781","(STRAT_mod0.3 - STRAT_mod1.08) - (STRAT_mod0.3 - STRAT_mod1.44)","Opaline/CCS",0.000573472753758519,-0.0600679424231895,0.0607610343699505
"2782","(STRAT_mod0.3 - STRAT_mod1.08) - (STRAT_mod0.3 - STRAT_mod2.15)","Opaline/CCS",-0.132776261348623,-0.237083223238233,-0.0243585413811601
"2783","(STRAT_mod0.3 - STRAT_mod1.08) - (STRAT_mod0.3 - STRAT_mod2.88)","Opaline/CCS",-0.14109894382744,-0.199757482169247,-0.0768733168869054
"2784","(STRAT_mod0.3 - STRAT_mod1.08) - (STRAT_mod0.3 - STRAT_mod3.37)","Opaline/CCS",-0.0764569020154378,-0.134267388775454,-0.020346338740895
"2785","(STRAT_mod0.3 - STRAT_mod1.08) - (STRAT_mod0.82 - STRAT_mod1.08)","Opaline/CCS",-0.0572675691836984,-0.129714255752487,0.0169335401280961
"2786","(STRAT_mod0.3 - STRAT_mod1.08) - (STRAT_mod0.82 - STRAT_mod1.44)","Opaline/CCS",-0.0566635276937535,-0.150738246411875,0.0385762197196667
"2787","(STRAT_mod0.3 - STRAT_mod1.08) - (STRAT_mod0.82 - STRAT_mod2.15)","Opaline/CCS",-0.190726491199933,-0.324967867890458,-0.0653279182264702
"2788","(STRAT_mod0.3 - STRAT_mod1.08) - (STRAT_mod0.82 - STRAT_mod2.88)","Opaline/CCS",-0.198499452090099,-0.296850724281459,-0.10191863044262
"2789","(STRAT_mod0.3 - STRAT_mod1.08) - (STRAT_mod0.82 - STRAT_mod3.37)","Opaline/CCS",-0.133896824783662,-0.228670418612098,-0.0405417605990646
"2790","(STRAT_mod0.3 - STRAT_mod1.08) - (STRAT_mod1.08 - STRAT_mod1.44)","Opaline/CCS",-0.0409319093428721,-0.152698594009909,0.0729678266279843
"2791","(STRAT_mod0.3 - STRAT_mod1.08) - (STRAT_mod1.08 - STRAT_mod2.15)","Opaline/CCS",-0.17550165430629,-0.315246951762196,-0.0302145553619216
"2792","(STRAT_mod0.3 - STRAT_mod1.08) - (STRAT_mod1.08 - STRAT_mod2.88)","Opaline/CCS",-0.183064489057285,-0.297983089127344,-0.0709323409241431
"2793","(STRAT_mod0.3 - STRAT_mod1.08) - (STRAT_mod1.08 - STRAT_mod3.37)","Opaline/CCS",-0.117738652325244,-0.228413015782981,-0.00537164179553634
"2794","(STRAT_mod0.3 - STRAT_mod1.08) - (STRAT_mod1.44 - STRAT_mod2.15)","Opaline/CCS",-0.174722721685427,-0.303945691620972,-0.0434788246995185
"2795","(STRAT_mod0.3 - STRAT_mod1.08) - (STRAT_mod1.44 - STRAT_mod2.88)","Opaline/CCS",-0.183831430258339,-0.284455105144517,-0.0869506925758328
"2796","(STRAT_mod0.3 - STRAT_mod1.08) - (STRAT_mod1.44 - STRAT_mod3.37)","Opaline/CCS",-0.118302921382101,-0.21885917087827,-0.0268681944679032
"2797","(STRAT_mod0.3 - STRAT_mod1.08) - (STRAT_mod2.15 - STRAT_mod2.88)","Opaline/CCS",-0.0505675548651829,-0.185478157384978,0.0791849048554171
"2798","(STRAT_mod0.3 - STRAT_mod1.08) - (STRAT_mod2.15 - STRAT_mod3.37)","Opaline/CCS",0.0137403202991786,-0.116097026591467,0.13996827747345
"2799","(STRAT_mod0.3 - STRAT_mod1.08) - (STRAT_mod2.88 - STRAT_mod3.37)","Opaline/CCS",0.0226354613728569,-0.0674736055641764,0.12414499131322
"2800","(STRAT_mod0.3 - STRAT_mod1.44) - (STRAT_mod0.3 - STRAT_mod2.15)","Opaline/CCS",-0.132854811995067,-0.241400795228089,-0.026750213222223
"2801","(STRAT_mod0.3 - STRAT_mod1.44) - (STRAT_mod0.3 - STRAT_mod2.88)","Opaline/CCS",-0.141670010973191,-0.203367296796693,-0.0767630365054005
"2802","(STRAT_mod0.3 - STRAT_mod1.44) - (STRAT_mod0.3 - STRAT_mod3.37)","Opaline/CCS",-0.0762861216218257,-0.133994515034564,-0.0158684936827709
"2803","(STRAT_mod0.3 - STRAT_mod1.44) - (STRAT_mod0.82 - STRAT_mod1.08)","Opaline/CCS",-0.0583661182353782,-0.147728630182084,0.0437146209121183
"2804","(STRAT_mod0.3 - STRAT_mod1.44) - (STRAT_mod0.82 - STRAT_mod1.44)","Opaline/CCS",-0.0572675691836984,-0.129714255752487,0.0169335401280961
"2805","(STRAT_mod0.3 - STRAT_mod1.44) - (STRAT_mod0.82 - STRAT_mod2.15)","Opaline/CCS",-0.190610552751927,-0.318033969309233,-0.0565234759717229
"2806","(STRAT_mod0.3 - STRAT_mod1.44) - (STRAT_mod0.82 - STRAT_mod2.88)","Opaline/CCS",-0.199169171533098,-0.299973445686383,-0.102971936165872
"2807","(STRAT_mod0.3 - STRAT_mod1.44) - (STRAT_mod0.82 - STRAT_mod3.37)","Opaline/CCS",-0.134751666975546,-0.231974221621121,-0.0416213620973682
"2808","(STRAT_mod0.3 - STRAT_mod1.44) - (STRAT_mod1.08 - STRAT_mod1.44)","Opaline/CCS",-0.0421334273772164,-0.114579584192519,0.0358641653313072
"2809","(STRAT_mod0.3 - STRAT_mod1.44) - (STRAT_mod1.08 - STRAT_mod2.15)","Opaline/CCS",-0.174722721685427,-0.303945691620972,-0.0434788246995185
"2810","(STRAT_mod0.3 - STRAT_mod1.44) - (STRAT_mod1.08 - STRAT_mod2.88)","Opaline/CCS",-0.183831430258339,-0.284455105144517,-0.0869506925758328
"2811","(STRAT_mod0.3 - STRAT_mod1.44) - (STRAT_mod1.08 - STRAT_mod3.37)","Opaline/CCS",-0.118302921382101,-0.21885917087827,-0.0268681944679032
"2812","(STRAT_mod0.3 - STRAT_mod1.44) - (STRAT_mod1.44 - STRAT_mod2.15)","Opaline/CCS",-0.175519932072523,-0.319200188400575,-0.0297608805425463
"2813","(STRAT_mod0.3 - STRAT_mod1.44) - (STRAT_mod1.44 - STRAT_mod2.88)","Opaline/CCS",-0.183951928255927,-0.303174510771937,-0.0687784655442442
"2814","(STRAT_mod0.3 - STRAT_mod1.44) - (STRAT_mod1.44 - STRAT_mod3.37)","Opaline/CCS",-0.118910180724563,-0.232260221078728,-0.0013568715292594
"2815","(STRAT_mod0.3 - STRAT_mod1.44) - (STRAT_mod2.15 - STRAT_mod2.88)","Opaline/CCS",-0.0506340921129524,-0.186198003345984,0.0779004553188464
"2816","(STRAT_mod0.3 - STRAT_mod1.44) - (STRAT_mod2.15 - STRAT_mod3.37)","Opaline/CCS",0.0143375333852911,-0.120784581495352,0.138916971890097
"2817","(STRAT_mod0.3 - STRAT_mod1.44) - (STRAT_mod2.88 - STRAT_mod3.37)","Opaline/CCS",0.022434868645038,-0.0718212493658594,0.120143016425606
"2818","(STRAT_mod0.3 - STRAT_mod2.15) - (STRAT_mod0.3 - STRAT_mod2.88)","Opaline/CCS",-0.0080655923816377,-0.121483832572253,0.0959821041571146
"2819","(STRAT_mod0.3 - STRAT_mod2.15) - (STRAT_mod0.3 - STRAT_mod3.37)","Opaline/CCS",0.0569698880961579,-0.049598048786514,0.159284546881346
"2820","(STRAT_mod0.3 - STRAT_mod2.15) - (STRAT_mod0.82 - STRAT_mod1.08)","Opaline/CCS",0.075031014476387,-0.0577535099640215,0.200860395010014
"2821","(STRAT_mod0.3 - STRAT_mod2.15) - (STRAT_mod0.82 - STRAT_mod1.44)","Opaline/CCS",0.0751542250522816,-0.0544238980501267,0.207232920657141
"2822","(STRAT_mod0.3 - STRAT_mod2.15) - (STRAT_mod0.82 - STRAT_mod2.15)","Opaline/CCS",-0.0572675691836984,-0.129714255752487,0.0169335401280961
"2823","(STRAT_mod0.3 - STRAT_mod2.15) - (STRAT_mod0.82 - STRAT_mod2.88)","Opaline/CCS",-0.0665859050969103,-0.201922649067297,0.0634175345805461
"2824","(STRAT_mod0.3 - STRAT_mod2.15) - (STRAT_mod0.82 - STRAT_mod3.37)","Opaline/CCS",-0.00117794033514071,-0.133979039079766,0.124572874504107
"2825","(STRAT_mod0.3 - STRAT_mod2.15) - (STRAT_mod1.08 - STRAT_mod1.44)","Opaline/CCS",0.0900196879228871,-0.0412055252343603,0.21938137009009
"2826","(STRAT_mod0.3 - STRAT_mod2.15) - (STRAT_mod1.08 - STRAT_mod2.15)","Opaline/CCS",-0.0421334273772164,-0.114579584192519,0.0358641653313072
"2827","(STRAT_mod0.3 - STRAT_mod2.15) - (STRAT_mod1.08 - STRAT_mod2.88)","Opaline/CCS",-0.0505675548651829,-0.185478157384978,0.0791849048554171
"2828","(STRAT_mod0.3 - STRAT_mod2.15) - (STRAT_mod1.08 - STRAT_mod3.37)","Opaline/CCS",0.0137403202991786,-0.116097026591467,0.13996827747345
"2829","(STRAT_mod0.3 - STRAT_mod2.15) - (STRAT_mod1.44 - STRAT_mod2.15)","Opaline/CCS",-0.042444768026318,-0.116886029832519,0.0355734716187578
"2830","(STRAT_mod0.3 - STRAT_mod2.15) - (STRAT_mod1.44 - STRAT_mod2.88)","Opaline/CCS",-0.0506340921129524,-0.186198003345984,0.0779004553188464
"2831","(STRAT_mod0.3 - STRAT_mod2.15) - (STRAT_mod1.44 - STRAT_mod3.37)","Opaline/CCS",0.0143375333852911,-0.120784581495352,0.138916971890097
"2832","(STRAT_mod0.3 - STRAT_mod2.15) - (STRAT_mod2.15 - STRAT_mod2.88)","Opaline/CCS",0.0816926425234676,-0.136289018302811,0.288162297100284
"2833","(STRAT_mod0.3 - STRAT_mod2.15) - (STRAT_mod2.15 - STRAT_mod3.37)","Opaline/CCS",0.147648958846703,-0.0562003465929671,0.362472361537689
"2834","(STRAT_mod0.3 - STRAT_mod2.15) - (STRAT_mod2.88 - STRAT_mod3.37)","Opaline/CCS",0.155606799122642,0.0239095128523483,0.281082168026877
"2835","(STRAT_mod0.3 - STRAT_mod2.88) - (STRAT_mod0.3 - STRAT_mod3.37)","Opaline/CCS",0.064734682542481,0.00716142333419062,0.125242689121918
"2836","(STRAT_mod0.3 - STRAT_mod2.88) - (STRAT_mod0.82 - STRAT_mod1.08)","Opaline/CCS",0.0830168029792763,-0.00832342339330572,0.181890499719048
"2837","(STRAT_mod0.3 - STRAT_mod2.88) - (STRAT_mod0.82 - STRAT_mod1.44)","Opaline/CCS",0.0844416516504987,-0.0133799083931193,0.17981512564738
"2838","(STRAT_mod0.3 - STRAT_mod2.88) - (STRAT_mod0.82 - STRAT_mod2.15)","Opaline/CCS",-0.048427082713881,-0.174838818133902,0.0870713563614113
"2839","(STRAT_mod0.3 - STRAT_mod2.88) - (STRAT_mod0.82 - STRAT_mod2.88)","Opaline/CCS",-0.0572675691836984,-0.129714255752487,0.0169335401280961
"2840","(STRAT_mod0.3 - STRAT_mod2.88) - (STRAT_mod0.82 - STRAT_mod3.37)","Opaline/CCS",0.00761385838980111,-0.0843314782914111,0.102991112822075
"2841","(STRAT_mod0.3 - STRAT_mod2.88) - (STRAT_mod1.08 - STRAT_mod1.44)","Opaline/CCS",0.0985602282845017,0.0111588018588,0.204906237505449
"2842","(STRAT_mod0.3 - STRAT_mod2.88) - (STRAT_mod1.08 - STRAT_mod2.15)","Opaline/CCS",-0.0332158534105147,-0.161482161045967,0.103554994981967
"2843","(STRAT_mod0.3 - STRAT_mod2.88) - (STRAT_mod1.08 - STRAT_mod2.88)","Opaline/CCS",-0.0421334273772164,-0.114579584192519,0.0358641653313072
"2844","(STRAT_mod0.3 - STRAT_mod2.88) - (STRAT_mod1.08 - STRAT_mod3.37)","Opaline/CCS",0.0226354613728569,-0.0674736055641764,0.12414499131322
"2845","(STRAT_mod0.3 - STRAT_mod2.88) - (STRAT_mod1.44 - STRAT_mod2.15)","Opaline/CCS",-0.0347488307123189,-0.166872440970349,0.095661127719049
"2846","(STRAT_mod0.3 - STRAT_mod2.88) - (STRAT_mod1.44 - STRAT_mod2.88)","Opaline/CCS",-0.042444768026318,-0.116886029832519,0.0355734716187578
"2847","(STRAT_mod0.3 - STRAT_mod2.88) - (STRAT_mod1.44 - STRAT_mod3.37)","Opaline/CCS",0.022434868645038,-0.0718212493658594,0.120143016425606
"2848","(STRAT_mod0.3 - STRAT_mod2.88) - (STRAT_mod2.15 - STRAT_mod2.88)","Opaline/CCS",0.0912545020886237,-0.0309607774711927,0.201327534807058
"2849","(STRAT_mod0.3 - STRAT_mod2.88) - (STRAT_mod2.15 - STRAT_mod3.37)","Opaline/CCS",0.155606799122642,0.0239095128523483,0.281082168026877
"2850","(STRAT_mod0.3 - STRAT_mod2.88) - (STRAT_mod2.88 - STRAT_mod3.37)","Opaline/CCS",0.163645186702492,0.0483042361407878,0.279716767982819
"2851","(STRAT_mod0.3 - STRAT_mod3.37) - (STRAT_mod0.82 - STRAT_mod1.08)","Opaline/CCS",0.0189433926128695,-0.0762969618505417,0.109046264718646
"2852","(STRAT_mod0.3 - STRAT_mod3.37) - (STRAT_mod0.82 - STRAT_mod1.44)","Opaline/CCS",0.0187668214846954,-0.0679061550346696,0.119407157186632
"2853","(STRAT_mod0.3 - STRAT_mod3.37) - (STRAT_mod0.82 - STRAT_mod2.15)","Opaline/CCS",-0.113966470476459,-0.237193791534755,0.0195926166886212
"2854","(STRAT_mod0.3 - STRAT_mod3.37) - (STRAT_mod0.82 - STRAT_mod2.88)","Opaline/CCS",-0.122480959764579,-0.216176301035719,-0.0262773910114524
"2855","(STRAT_mod0.3 - STRAT_mod3.37) - (STRAT_mod0.82 - STRAT_mod3.37)","Opaline/CCS",-0.0572675691836984,-0.129714255752487,0.0169335401280961
"2856","(STRAT_mod0.3 - STRAT_mod3.37) - (STRAT_mod1.08 - STRAT_mod1.44)","Opaline/CCS",0.0343807505891629,-0.0619022464012496,0.127792129519816
"2857","(STRAT_mod0.3 - STRAT_mod3.37) - (STRAT_mod1.08 - STRAT_mod2.15)","Opaline/CCS",-0.0982197275368185,-0.224656720688759,0.0321903891004917
"2858","(STRAT_mod0.3 - STRAT_mod3.37) - (STRAT_mod1.08 - STRAT_mod2.88)","Opaline/CCS",-0.107801796048448,-0.200297548673792,-0.00945304645058204
"2859","(STRAT_mod0.3 - STRAT_mod3.37) - (STRAT_mod1.08 - STRAT_mod3.37)","Opaline/CCS",-0.0421334273772164,-0.114579584192519,0.0358641653313072
"2860","(STRAT_mod0.3 - STRAT_mod3.37) - (STRAT_mod1.44 - STRAT_mod2.15)","Opaline/CCS",-0.0995585154175656,-0.231818547887227,0.0282563350680763
"2861","(STRAT_mod0.3 - STRAT_mod3.37) - (STRAT_mod1.44 - STRAT_mod2.88)","Opaline/CCS",-0.106105796736468,-0.207184529874955,-0.0133617662121893
"2862","(STRAT_mod0.3 - STRAT_mod3.37) - (STRAT_mod1.44 - STRAT_mod3.37)","Opaline/CCS",-0.042444768026318,-0.116886029832519,0.0355734716187578
"2863","(STRAT_mod0.3 - STRAT_mod3.37) - (STRAT_mod2.15 - STRAT_mod2.88)","Opaline/CCS",0.0255106163785384,-0.113126182482521,0.151072586355895
"2864","(STRAT_mod0.3 - STRAT_mod3.37) - (STRAT_mod2.15 - STRAT_mod3.37)","Opaline/CCS",0.0912545020886237,-0.0309607774711927,0.201327534807058
"2865","(STRAT_mod0.3 - STRAT_mod3.37) - (STRAT_mod2.88 - STRAT_mod3.37)","Opaline/CCS",0.0986658604577031,0.0230865245035371,0.17366318418859
"2866","(STRAT_mod0.82 - STRAT_mod1.08) - (STRAT_mod0.82 - STRAT_mod1.44)","Opaline/CCS",0.000573472753758519,-0.0600679424231895,0.0607610343699505
"2867","(STRAT_mod0.82 - STRAT_mod1.08) - (STRAT_mod0.82 - STRAT_mod2.15)","Opaline/CCS",-0.132776261348623,-0.237083223238233,-0.0243585413811601
"2868","(STRAT_mod0.82 - STRAT_mod1.08) - (STRAT_mod0.82 - STRAT_mod2.88)","Opaline/CCS",-0.14109894382744,-0.199757482169247,-0.0768733168869054
"2869","(STRAT_mod0.82 - STRAT_mod1.08) - (STRAT_mod0.82 - STRAT_mod3.37)","Opaline/CCS",-0.0764569020154378,-0.134267388775454,-0.020346338740895
"2870","(STRAT_mod0.82 - STRAT_mod1.08) - (STRAT_mod1.08 - STRAT_mod1.44)","Opaline/CCS",0.0162359802497035,-0.0856974876398183,0.118798012999328
"2871","(STRAT_mod0.82 - STRAT_mod1.08) - (STRAT_mod1.08 - STRAT_mod2.15)","Opaline/CCS",-0.11802844771,-0.248061334674102,0.0207736738598135
"2872","(STRAT_mod0.82 - STRAT_mod1.08) - (STRAT_mod1.08 - STRAT_mod2.88)","Opaline/CCS",-0.125522017707463,-0.228944088666912,-0.022589407836037
"2873","(STRAT_mod0.82 - STRAT_mod1.08) - (STRAT_mod1.08 - STRAT_mod3.37)","Opaline/CCS",-0.0599055054779197,-0.162979762708075,0.0365265237497123
"2874","(STRAT_mod0.82 - STRAT_mod1.08) - (STRAT_mod1.44 - STRAT_mod2.15)","Opaline/CCS",-0.118898427081451,-0.24064142597174,0.00352796378989761
"2875","(STRAT_mod0.82 - STRAT_mod1.08) - (STRAT_mod1.44 - STRAT_mod2.88)","Opaline/CCS",-0.125975769988752,-0.213143623060992,-0.0421213431039597
"2876","(STRAT_mod0.82 - STRAT_mod1.08) - (STRAT_mod1.44 - STRAT_mod3.37)","Opaline/CCS",-0.0609078592954959,-0.144974009441374,0.0183701182239069
"2877","(STRAT_mod0.82 - STRAT_mod1.08) - (STRAT_mod2.15 - STRAT_mod2.88)","Opaline/CCS",0.00669107978172706,-0.116229288438605,0.129546804054891
"2878","(STRAT_mod0.82 - STRAT_mod1.08) - (STRAT_mod2.15 - STRAT_mod3.37)","Opaline/CCS",0.071230284187222,-0.049769185283224,0.191304709556439
"2879","(STRAT_mod0.82 - STRAT_mod1.08) - (STRAT_mod2.88 - STRAT_mod3.37)","Opaline/CCS",0.0804488214579408,-0.00270238577281406,0.161294098885459
"2880","(STRAT_mod0.82 - STRAT_mod1.44) - (STRAT_mod0.82 - STRAT_mod2.15)","Opaline/CCS",-0.132854811995067,-0.241400795228089,-0.026750213222223
"2881","(STRAT_mod0.82 - STRAT_mod1.44) - (STRAT_mod0.82 - STRAT_mod2.88)","Opaline/CCS",-0.141670010973191,-0.203367296796693,-0.0767630365054005
"2882","(STRAT_mod0.82 - STRAT_mod1.44) - (STRAT_mod0.82 - STRAT_mod3.37)","Opaline/CCS",-0.0762861216218257,-0.133994515034564,-0.0158684936827709
"2883","(STRAT_mod0.82 - STRAT_mod1.44) - (STRAT_mod1.08 - STRAT_mod1.44)","Opaline/CCS",0.0158013063543832,-0.0432492763322258,0.0706403799176737
"2884","(STRAT_mod0.82 - STRAT_mod1.44) - (STRAT_mod1.08 - STRAT_mod2.15)","Opaline/CCS",-0.118898427081451,-0.24064142597174,0.00352796378989761
"2885","(STRAT_mod0.82 - STRAT_mod1.44) - (STRAT_mod1.08 - STRAT_mod2.88)","Opaline/CCS",-0.125975769988752,-0.213143623060992,-0.0421213431039597
"2886","(STRAT_mod0.82 - STRAT_mod1.44) - (STRAT_mod1.08 - STRAT_mod3.37)","Opaline/CCS",-0.0609078592954959,-0.144974009441374,0.0183701182239069
"2887","(STRAT_mod0.82 - STRAT_mod1.44) - (STRAT_mod1.44 - STRAT_mod2.15)","Opaline/CCS",-0.117287460998714,-0.253180778170793,0.0216252727692624
"2888","(STRAT_mod0.82 - STRAT_mod1.44) - (STRAT_mod1.44 - STRAT_mod2.88)","Opaline/CCS",-0.125497405451192,-0.237338725088911,-0.0224782212686767
"2889","(STRAT_mod0.82 - STRAT_mod1.44) - (STRAT_mod1.44 - STRAT_mod3.37)","Opaline/CCS",-0.0603631169102397,-0.162599651784876,0.0461517133412408
"2890","(STRAT_mod0.82 - STRAT_mod1.44) - (STRAT_mod2.15 - STRAT_mod2.88)","Opaline/CCS",0.0057221976955974,-0.118102515684092,0.129853903540043
"2891","(STRAT_mod0.82 - STRAT_mod1.44) - (STRAT_mod2.15 - STRAT_mod3.37)","Opaline/CCS",0.071997882037685,-0.0521411942038045,0.190205176168517
"2892","(STRAT_mod0.82 - STRAT_mod1.44) - (STRAT_mod2.88 - STRAT_mod3.37)","Opaline/CCS",0.0808745261579152,-0.00331286844074163,0.163189379892813
"2893","(STRAT_mod0.82 - STRAT_mod2.15) - (STRAT_mod0.82 - STRAT_mod2.88)","Opaline/CCS",-0.0080655923816377,-0.121483832572253,0.0959821041571146
"2894","(STRAT_mod0.82 - STRAT_mod2.15) - (STRAT_mod0.82 - STRAT_mod3.37)","Opaline/CCS",0.0569698880961579,-0.049598048786514,0.159284546881346
"2895","(STRAT_mod0.82 - STRAT_mod2.15) - (STRAT_mod1.08 - STRAT_mod1.44)","Opaline/CCS",0.148461221660726,0.029112753906572,0.271469735315766
"2896","(STRAT_mod0.82 - STRAT_mod2.15) - (STRAT_mod1.08 - STRAT_mod2.15)","Opaline/CCS",0.0158013063543832,-0.0432492763322258,0.0706403799176737
"2897","(STRAT_mod0.82 - STRAT_mod2.15) - (STRAT_mod1.08 - STRAT_mod2.88)","Opaline/CCS",0.00669107978172706,-0.116229288438605,0.129546804054891
"2898","(STRAT_mod0.82 - STRAT_mod2.15) - (STRAT_mod1.08 - STRAT_mod3.37)","Opaline/CCS",0.071230284187222,-0.049769185283224,0.191304709556439
"2899","(STRAT_mod0.82 - STRAT_mod2.15) - (STRAT_mod1.44 - STRAT_mod2.15)","Opaline/CCS",0.0154449717742903,-0.0491464938251067,0.0707438220893903
"2900","(STRAT_mod0.82 - STRAT_mod2.15) - (STRAT_mod1.44 - STRAT_mod2.88)","Opaline/CCS",0.0057221976955974,-0.118102515684092,0.129853903540043
"2901","(STRAT_mod0.82 - STRAT_mod2.15) - (STRAT_mod1.44 - STRAT_mod3.37)","Opaline/CCS",0.071997882037685,-0.0521411942038045,0.190205176168517
"2902","(STRAT_mod0.82 - STRAT_mod2.15) - (STRAT_mod2.15 - STRAT_mod2.88)","Opaline/CCS",0.140608418554538,-0.0735350194638291,0.337109426849014
"2903","(STRAT_mod0.82 - STRAT_mod2.15) - (STRAT_mod2.15 - STRAT_mod3.37)","Opaline/CCS",0.206106372082741,-0.0042833575877731,0.402990881723706
"2904","(STRAT_mod0.82 - STRAT_mod2.15) - (STRAT_mod2.88 - STRAT_mod3.37)","Opaline/CCS",0.212689620957007,0.0905191123953422,0.33163722923841
"2905","(STRAT_mod0.82 - STRAT_mod2.88) - (STRAT_mod0.82 - STRAT_mod3.37)","Opaline/CCS",0.064734682542481,0.00716142333419062,0.125242689121918
"2906","(STRAT_mod0.82 - STRAT_mod2.88) - (STRAT_mod1.08 - STRAT_mod1.44)","Opaline/CCS",0.156967042654223,0.0681723107752364,0.237569534264629
"2907","(STRAT_mod0.82 - STRAT_mod2.88) - (STRAT_mod1.08 - STRAT_mod2.15)","Opaline/CCS",0.0241280590745347,-0.0910352020081777,0.154937652877643
"2908","(STRAT_mod0.82 - STRAT_mod2.88) - (STRAT_mod1.08 - STRAT_mod2.88)","Opaline/CCS",0.0158013063543832,-0.0432492763322258,0.0706403799176737
"2909","(STRAT_mod0.82 - STRAT_mod2.88) - (STRAT_mod1.08 - STRAT_mod3.37)","Opaline/CCS",0.0804488214579408,-0.00270238577281406,0.161294098885459
"2910","(STRAT_mod0.82 - STRAT_mod2.88) - (STRAT_mod1.44 - STRAT_mod2.15)","Opaline/CCS",0.0247668922370567,-0.104615653371514,0.144136806980777
"2911","(STRAT_mod0.82 - STRAT_mod2.88) - (STRAT_mod1.44 - STRAT_mod2.88)","Opaline/CCS",0.0154449717742903,-0.0491464938251067,0.0707438220893903
"2912","(STRAT_mod0.82 - STRAT_mod2.88) - (STRAT_mod1.44 - STRAT_mod3.37)","Opaline/CCS",0.0808745261579152,-0.00331286844074163,0.163189379892813
"2913","(STRAT_mod0.82 - STRAT_mod2.88) - (STRAT_mod2.15 - STRAT_mod2.88)","Opaline/CCS",0.148243409597541,0.0399990266308055,0.25200919656362
"2914","(STRAT_mod0.82 - STRAT_mod2.88) - (STRAT_mod2.15 - STRAT_mod3.37)","Opaline/CCS",0.212689620957007,0.0905191123953422,0.33163722923841
"2915","(STRAT_mod0.82 - STRAT_mod2.88) - (STRAT_mod2.88 - STRAT_mod3.37)","Opaline/CCS",0.22258217118009,0.1095706546276,0.320696661290235
"2916","(STRAT_mod0.82 - STRAT_mod3.37) - (STRAT_mod1.08 - STRAT_mod1.44)","Opaline/CCS",0.0914070050275786,0.00730718131396829,0.17019333630113
"2917","(STRAT_mod0.82 - STRAT_mod3.37) - (STRAT_mod1.08 - STRAT_mod2.15)","Opaline/CCS",-0.0415439397671827,-0.154255832399071,0.084268799487223
"2918","(STRAT_mod0.82 - STRAT_mod3.37) - (STRAT_mod1.08 - STRAT_mod2.88)","Opaline/CCS",-0.0491894229421171,-0.131408384578201,0.0331291581855112
"2919","(STRAT_mod0.82 - STRAT_mod3.37) - (STRAT_mod1.08 - STRAT_mod3.37)","Opaline/CCS",0.0158013063543832,-0.0432492763322258,0.0706403799176737
"2920","(STRAT_mod0.82 - STRAT_mod3.37) - (STRAT_mod1.44 - STRAT_mod2.15)","Opaline/CCS",-0.0401076088779519,-0.15465294210592,0.0875103061165862
"2921","(STRAT_mod0.82 - STRAT_mod3.37) - (STRAT_mod1.44 - STRAT_mod2.88)","Opaline/CCS",-0.0490300164087431,-0.13728305081533,0.0310692637492533
"2922","(STRAT_mod0.82 - STRAT_mod3.37) - (STRAT_mod1.44 - STRAT_mod3.37)","Opaline/CCS",0.0154449717742903,-0.0491464938251067,0.0707438220893903
"2923","(STRAT_mod0.82 - STRAT_mod3.37) - (STRAT_mod2.15 - STRAT_mod2.88)","Opaline/CCS",0.082799301191556,-0.0379582645237376,0.204182024659159
"2924","(STRAT_mod0.82 - STRAT_mod3.37) - (STRAT_mod2.15 - STRAT_mod3.37)","Opaline/CCS",0.148243409597541,0.0399990266308055,0.25200919656362
"2925","(STRAT_mod0.82 - STRAT_mod3.37) - (STRAT_mod2.88 - STRAT_mod3.37)","Opaline/CCS",0.157046469948761,0.0967255268680755,0.217883472614933
"2926","(STRAT_mod1.08 - STRAT_mod1.44) - (STRAT_mod1.08 - STRAT_mod2.15)","Opaline/CCS",-0.132854811995067,-0.241400795228089,-0.026750213222223
"2927","(STRAT_mod1.08 - STRAT_mod1.44) - (STRAT_mod1.08 - STRAT_mod2.88)","Opaline/CCS",-0.141670010973191,-0.203367296796693,-0.0767630365054005
"2928","(STRAT_mod1.08 - STRAT_mod1.44) - (STRAT_mod1.08 - STRAT_mod3.37)","Opaline/CCS",-0.0762861216218257,-0.133994515034564,-0.0158684936827709
"2929","(STRAT_mod1.08 - STRAT_mod1.44) - (STRAT_mod1.44 - STRAT_mod2.15)","Opaline/CCS",-0.132438604588734,-0.273672275026624,0.00135950347394609
"2930","(STRAT_mod1.08 - STRAT_mod1.44) - (STRAT_mod1.44 - STRAT_mod2.88)","Opaline/CCS",-0.141336244865229,-0.255317242242525,-0.0390967273008629
"2931","(STRAT_mod1.08 - STRAT_mod1.44) - (STRAT_mod1.44 - STRAT_mod3.37)","Opaline/CCS",-0.0761456094265074,-0.180339182926734,0.0271887591718231
"2932","(STRAT_mod1.08 - STRAT_mod1.44) - (STRAT_mod2.15 - STRAT_mod2.88)","Opaline/CCS",-0.00915223586450364,-0.135400546016614,0.110452718658203
"2933","(STRAT_mod1.08 - STRAT_mod1.44) - (STRAT_mod2.15 - STRAT_mod3.37)","Opaline/CCS",0.0568838557458506,-0.0717206106738731,0.169334541648156
"2934","(STRAT_mod1.08 - STRAT_mod1.44) - (STRAT_mod2.88 - STRAT_mod3.37)","Opaline/CCS",0.0645125262104921,-0.0206665591817659,0.14808361504745
"2935","(STRAT_mod1.08 - STRAT_mod2.15) - (STRAT_mod1.08 - STRAT_mod2.88)","Opaline/CCS",-0.0080655923816377,-0.121483832572253,0.0959821041571146
"2936","(STRAT_mod1.08 - STRAT_mod2.15) - (STRAT_mod1.08 - STRAT_mod3.37)","Opaline/CCS",0.0569698880961579,-0.049598048786514,0.159284546881346
"2937","(STRAT_mod1.08 - STRAT_mod2.15) - (STRAT_mod1.44 - STRAT_mod2.15)","Opaline/CCS",-0.000573472753758519,-0.0607610343699505,0.0600679424231895
"2938","(STRAT_mod1.08 - STRAT_mod2.15) - (STRAT_mod1.44 - STRAT_mod2.88)","Opaline/CCS",-0.00915223586450364,-0.135400546016614,0.110452718658203
"2939","(STRAT_mod1.08 - STRAT_mod2.15) - (STRAT_mod1.44 - STRAT_mod3.37)","Opaline/CCS",0.0568838557458506,-0.0717206106738731,0.169334541648156
"2940","(STRAT_mod1.08 - STRAT_mod2.15) - (STRAT_mod2.15 - STRAT_mod2.88)","Opaline/CCS",0.124539518562624,-0.07793368216593,0.333645967167739
"2941","(STRAT_mod1.08 - STRAT_mod2.15) - (STRAT_mod2.15 - STRAT_mod3.37)","Opaline/CCS",0.190020025824957,-0.0141930122889194,0.392823327279751
"2942","(STRAT_mod1.08 - STRAT_mod2.15) - (STRAT_mod2.88 - STRAT_mod3.37)","Opaline/CCS",0.198774498342428,0.0695590638288692,0.312438435033007
"2943","(STRAT_mod1.08 - STRAT_mod2.88) - (STRAT_mod1.08 - STRAT_mod3.37)","Opaline/CCS",0.064734682542481,0.00716142333419062,0.125242689121918
"2944","(STRAT_mod1.08 - STRAT_mod2.88) - (STRAT_mod1.44 - STRAT_mod2.15)","Opaline/CCS",0.00934051011503478,-0.123000501325335,0.127013464905901
"2945","(STRAT_mod1.08 - STRAT_mod2.88) - (STRAT_mod1.44 - STRAT_mod2.88)","Opaline/CCS",-0.000573472753758519,-0.0607610343699505,0.0600679424231895
"2946","(STRAT_mod1.08 - STRAT_mod2.88) - (STRAT_mod1.44 - STRAT_mod3.37)","Opaline/CCS",0.0645125262104921,-0.0206665591817659,0.14808361504745
"2947","(STRAT_mod1.08 - STRAT_mod2.88) - (STRAT_mod2.15 - STRAT_mod2.88)","Opaline/CCS",0.132776261348623,0.0243585413811601,0.237083223238233
"2948","(STRAT_mod1.08 - STRAT_mod2.88) - (STRAT_mod2.15 - STRAT_mod3.37)","Opaline/CCS",0.198774498342428,0.0695590638288692,0.312438435033007
"2949","(STRAT_mod1.08 - STRAT_mod2.88) - (STRAT_mod2.88 - STRAT_mod3.37)","Opaline/CCS",0.20678921111753,0.0949739779060883,0.307341307821171
"2950","(STRAT_mod1.08 - STRAT_mod3.37) - (STRAT_mod1.44 - STRAT_mod2.15)","Opaline/CCS",-0.0569909808719645,-0.175250227503791,0.0658278541881541
"2951","(STRAT_mod1.08 - STRAT_mod3.37) - (STRAT_mod1.44 - STRAT_mod2.88)","Opaline/CCS",-0.0646182255518231,-0.150223410439187,0.0188020196848301
"2952","(STRAT_mod1.08 - STRAT_mod3.37) - (STRAT_mod1.44 - STRAT_mod3.37)","Opaline/CCS",-0.000573472753758519,-0.0607610343699505,0.0600679424231895
"2953","(STRAT_mod1.08 - STRAT_mod3.37) - (STRAT_mod2.15 - STRAT_mod2.88)","Opaline/CCS",0.0679655535660336,-0.0539732801638964,0.187626198023333
"2954","(STRAT_mod1.08 - STRAT_mod3.37) - (STRAT_mod2.15 - STRAT_mod3.37)","Opaline/CCS",0.132776261348623,0.0243585413811601,0.237083223238233
"2955","(STRAT_mod1.08 - STRAT_mod3.37) - (STRAT_mod2.88 - STRAT_mod3.37)","Opaline/CCS",0.14109894382744,0.0768733168869054,0.199757482169247
"2956","(STRAT_mod1.44 - STRAT_mod2.15) - (STRAT_mod1.44 - STRAT_mod2.88)","Opaline/CCS",-0.0080655923816377,-0.121483832572253,0.0959821041571146
"2957","(STRAT_mod1.44 - STRAT_mod2.15) - (STRAT_mod1.44 - STRAT_mod3.37)","Opaline/CCS",0.0569698880961579,-0.049598048786514,0.159284546881346
"2958","(STRAT_mod1.44 - STRAT_mod2.15) - (STRAT_mod2.15 - STRAT_mod2.88)","Opaline/CCS",0.123635900008432,-0.0867365281880517,0.3257537903193
"2959","(STRAT_mod1.44 - STRAT_mod2.15) - (STRAT_mod2.15 - STRAT_mod3.37)","Opaline/CCS",0.189618778469154,-0.0255787996473777,0.380337765290858
"2960","(STRAT_mod1.44 - STRAT_mod2.15) - (STRAT_mod2.88 - STRAT_mod3.37)","Opaline/CCS",0.198221320748302,0.0789828983925458,0.323748203741006
"2961","(STRAT_mod1.44 - STRAT_mod2.88) - (STRAT_mod1.44 - STRAT_mod3.37)","Opaline/CCS",0.064734682542481,0.00716142333419062,0.125242689121918
"2962","(STRAT_mod1.44 - STRAT_mod2.88) - (STRAT_mod2.15 - STRAT_mod2.88)","Opaline/CCS",0.132854811995067,0.026750213222223,0.241400795228089
"2963","(STRAT_mod1.44 - STRAT_mod2.88) - (STRAT_mod2.15 - STRAT_mod3.37)","Opaline/CCS",0.198221320748302,0.0789828983925458,0.323748203741006
"2964","(STRAT_mod1.44 - STRAT_mod2.88) - (STRAT_mod2.88 - STRAT_mod3.37)","Opaline/CCS",0.205976654101506,0.0978305992675902,0.313363602623552
"2965","(STRAT_mod1.44 - STRAT_mod3.37) - (STRAT_mod2.15 - STRAT_mod2.88)","Opaline/CCS",0.0679204282648825,-0.0563196898923173,0.191788566002856
"2966","(STRAT_mod1.44 - STRAT_mod3.37) - (STRAT_mod2.15 - STRAT_mod3.37)","Opaline/CCS",0.132854811995067,0.026750213222223,0.241400795228089
"2967","(STRAT_mod1.44 - STRAT_mod3.37) - (STRAT_mod2.88 - STRAT_mod3.37)","Opaline/CCS",0.141670010973191,0.0767630365054005,0.203367296796693
"2968","(STRAT_mod2.15 - STRAT_mod2.88) - (STRAT_mod2.15 - STRAT_mod3.37)","Opaline/CCS",0.064734682542481,0.00716142333419062,0.125242689121918
"2969","(STRAT_mod2.15 - STRAT_mod2.88) - (STRAT_mod2.88 - STRAT_mod3.37)","Opaline/CCS",0.074975433482877,-0.0641955912794899,0.21414071587818
"2970","(STRAT_mod2.15 - STRAT_mod3.37) - (STRAT_mod2.88 - STRAT_mod3.37)","Opaline/CCS",0.0080655923816377,-0.0959821041571146,0.121483832572253
