ID,SITE,STRAT,UNIT,NAMED_ID,OTHERUNIT,RAWMATERIAL,CORTEX,CORTEXTYPE,ARTIFACTCLASS,COMPLETENESS,CORECOMPLETENESS,RETOUCHEDPIECETYPOLOGY,RETOUCHTYPE,RETOUCHFACE,RETOUCHREGIONNUMBER,RETOUCHREGIONLOCATION,LENGTHLONGESTRETOUCH,RETOUCHINVASIVENESS,EDGETHICKNESS_1,EDGETHICKNESS_2,EDGETHICKNESS_3,BACKEDTOOLEDGE_1,BACKEDTOOLEDGE_2,BACKEDTOOLEDGE_3,BACKEDTOOLWIDTH_1,BACKEDTOOLWIDTH_2,BACKEDTOOLWIDTH_3,BACKEDTOOLTHICKNESS_1,BACKEDTOOLTHICKNESS_2,BACKEDTOOLTHICKNESS_3,BACKEDTOOLARRIS,PLATFORM,FLAKEINITIATION,FLAKETERMINATION,PIECEBLANK,SCRAPERMAXTHICKNESS,SCRAPERRETOUCHLENGTH,SCRAPERRETOUCHANGLE1,SCRAPERRETOUCHANGLE2,SCRAPERRETOUCHANGLE3,SCRAPERDORSALANGLE1,SCRAPERDORSALANGLE2,SCRAPERDORSALANGLE3,SCRAPERRETOUCHHEIGHT1,SCRAPERRETOUCHHEIGHT2,SCRAPERRETOUCHHEIGHT3,FLAKEGEOMETRY,PLATFORMPREP,PLATABRASION,PLATFORMWIDTH,PLATFORMTHICKNESS,STAGE,CONARDUNIFIEDTYPE,CORESUBTYPOLOGY,COREBLANKSPHERICITY,COREPLATFACETED,SCARCOUNT,EXPLOITEDFACES,FLAKEGENERATIONSLENGTH,FLAKEGENERATIONSWIDTH,FLAKEGENERATIONSTHICKNESS,LENGHTLONGESTFLAKESCAR,MAXLENGTH,TECHLENGTH,MAXWIDTH,TECHWIDTH,MAXTHICKNESS,MASS,COMMMENTS,PHOTO,
1,LIK,XV,O5c-057,,,Opaline/CCS,0%,,Flake,Complete,,,,,,,,,,,,,,,,,,,,,,Yes,Hertzian,Feather,,,,,,,,,,,,,RECTANGULAR,NotPrepared,No,3.29,1.29,Main,,,,,,,,,,,12.01,12.01,3.62,3.62,1.53,0.07,,N,
10,LIK,XV,O5c-057,,,Opaline/CCS,0%,,Flake,Complete,,,,,,,,,,,,,,,,,,,,,,Yes,Hertzian,Feather,,,,,,,,,,,,,KITE,NotPrepared,No,6.78,2.82,Main,,,,,,,,,,,25.49,25.49,21.34,21.34,2.85,1.77,,N,
100,LIK,XV,O4a-057,,,Opaline/CCS,0%,,Flake,Complete,,,,,,,,,,,,,,,,,,,,,,Yes,Bending,Overshot,,,,,,,,,,,,,RECTANGULAR,Indeterminate,No,10.65,1.6,Main,,,,,,,,,,,30.24,30.24,13.66,13.66,4.82,2.84,,N,
1003,LIK,XIII,O4a-049,,,Opaline/CCS,0%,,Flake,Complete,,,,,,,,,,,,,,,,,,,,,,Yes,Hertzian,Step,,,,,,,,,,,,,OVAL,NotPrepared,No,6.35,2.08,Main,,,,,,,,,,,13.64,13.64,14.34,14.34,2.54,0.51,,N,
1004,LIK,XIII,O4a-049,,,Opaline/CCS,0%,,Flake,Complete,,,,,,,,,,,,,,,,,,,,,,Yes,Hertzian,Overshot,,,,,,,,,,,,,RECTANGULAR,NotPrepared,No,5.76,3.76,Main,,,,,,,,,,,20.77,20.77,12.76,10.89,8.94,2.53,,N,
1005,LIK,XIII,O4a-049,,,Opaline/CCS,0%,,Flake,Complete,,,,,,,,,,,,,,,,,,,,,,Yes,Hertzian,Feather,,,,,,,,,,,,,RECTANGULAR,NotPrepared,No,9.6,6.07,Main,,,,,,,,,,,49.54,49.54,30.79,30.79,12.06,20.12,,N,
1006,LIK,XIII,O4a-049,,,Opaline/CCS,0%,,Flake,Complete,,,,,,,,,,,,,,,,,,,,,,Yes,Hertzian,Feather,,,,,,,,,,,,,RECTANGULAR,NotPrepared,No,7.22,2.88,Main,,,,,,,,,,,28.41,28.41,19.53,19.53,1.73,1.53,,N,
1007,LIK,XIII,O4a-049,,,Opaline/CCS,0%,,Flake,Complete,,,,,,,,,,,,,,,,,,,,,,Yes,Hertzian,Feather,,,,,,,,,,,,,TRAPEZOIDAL,NotPrepared,No,2.97,1.48,Main,,,,,,,,,,,9.13,9.13,14.32,10.92,2.32,0.24,,N,
1008,LIK,XIII,O4a-049,,,Opaline/CCS,0%,,Flake,Proximal,,,,,,,,,,,,,,,,,,,,,,Yes,Hertzian,,,,,,,,,,,,,,RECTANGULAR,NotPrepared,No,4.02,2.32,,,,,,,,,,,,17.48,,11.6,,4.85,1.29,,N,
1009,LIK,XIII,O4a-049,,,Opaline/CCS,0%,,Flake,Complete,,,,,,,,,,,,,,,,,,,,,,Yes,Hertzian,Feather,,,,,,,,,,,,,KITE,NotPrepared,No,9.86,5.83,Main,,,,,,,,,,,13.42,13.42,20.1,20.1,3.89,1.1,,N,
1010,LIK,XIII,O4a-049,,,Opaline/CCS,0%,,Flake,Complete,,,,,,,,,,,,,,,,,,,,,,Yes,Hertzian,Feather,,,,,,,,,,,,,RECTANGULAR,NotPrepared,No,5.91,1.09,Main,,,,,,,,,,,28.51,28.51,24.48,21.39,1.64,1.97,,N,
1011,LIK,XIII,,,,Opaline/CCS,0%,,Flake,Complete,,,,,,,,,,,,,,,,,,,,,,Yes,Hertzian,Feather,,,,,,,,,,,,,OVAL,NotPrepared,No,8.1,3.56,Main,,,,,,,,,,,19.34,19.34,16.55,16.55,6.07,2.76,,N,
1012,LIK,XIII,O4a-049,,,Opaline/CCS,0%,,Flake,Complete,,,,,,,,,,,,,,,,,,,,,,Yes,Hertzian,Overshot,,,,,,,,,,,,,RECTANGULAR,NotPrepared,No,11.26,3.19,Main,,,,,,,,,,,21.34,21.34,26.43,26.43,4,2.68,,N,
101,LIK,XV,O4a-057,,,Opaline/CCS,10-40%,Outcrop,Flake,Complete,,,,,,,,,,,,,,,,,,,,,,Yes,Bending,Feather,,,,,,,,,,,,,TRIANGULAR,NotPrepared,No,10.55,3.36,Main,,,,,,,,,,,20.06,20.06,9.66,9.66,5.55,0.97,,N,
1013,LIK,XIII,O4a-049,,,Opaline/CCS,0%,,Flake,Complete,,,,,,,,,,,,,,,,,,,,,,Yes,Hertzian,Step,,,,,,,,,,,,,RECTANGULAR,NotPrepared,No,9.96,4.67,Main,,,,,,,,,,,31.38,31.38,18.99,18.99,7.36,5.47,,N,
1014,LIK,XIII,O4a-049,,,Opaline/CCS,0%,,Flake,Complete,,,,,,,,,,,,,,,,,,,,,,Yes,Hertzian,Feather,,,,,,,,,,,,,RECTANGULAR,NotPrepared,No,23.04,7.64,Main,,,,,,,,,,,17.71,13.88,25.12,25.12,5.43,3.2,,N,
1015,LIK,XIII,O4a-049,,,Opaline/CCS,0%,,Flake,Distal,,,,,,,,,,,,,,,,,,,,,,,,Feather,,,,,,,,,,,,,RECTANGULAR,,,,,,,,,,,,,,,,17.64,,14.33,,1.92,1.05,,N,
1016,LIK,XIII,O4a-049,,,Opaline/CCS,0%,,Flake,Complete,,,,,,,,,,,,,,,,,,,,,,Yes,Hertzian,Feather,,,,,,,,,,,,,RECTANGULAR,ResidualFacetWithBulb,No,5.35,2.38,Main,,,,,,,,,,,23.78,23.78,14.02,9.77,1.85,0.99,,N,
1017,LIK,XIII,O4a-049,,,Opaline/CCS,0%,,Flake,Complete,,,,,,,,,,,,,,,,,,,,,,Yes,Hertzian,Feather,,,,,,,,,,,,,RHOMBUS,NotPrepared,No,17.59,3.83,Main,,,,,,,,,,,25.44,25.44,24.71,20.2,5.82,4.27,Ut,N,
1018,LIK,XIII,O4a-049,,,Opaline/CCS,0%,,Flake,Complete,,,,,,,,,,,,,,,,,,,,,,Yes,Hertzian,Feather,,,,,,,,,,,,,RECTANGULAR,NotPrepared,No,10.86,4,Main,,,,,,,,,,,29.81,29.82,20.24,17.58,4.07,3.44,,N,
1019,LIK,XIII,O4a-049,,,Opaline/CCS,0%,,Flake,Complete,,,,,,,,,,,,,,,,,,,,,,Yes,Hertzian,Feather,,,,,,,,,,,,,RECTANGULAR,NotPrepared,No,5.21,1.76,Main,,,,,,,,,,,12.29,12.29,6.61,6.61,0.94,0.17,,N,
1020,LIK,XIII,O4a-049,,,Opaline/CCS,0%,,Flake,Complete,,,,,,,,,,,,,,,,,,,,,,Yes,Hertzian,Bipolar,,,,,,,,,,,,,RECTANGULAR,NotPrepared,No,6.7,3.53,Main,,,,,,,,,,,22.12,19.17,17.02,14.54,3.31,1.78,,N,
1021,LIK,XIII,O4a-049,,,Opaline/CCS,0%,,Flake,Complete,,,,,,,,,,,,,,,,,,,,,,Yes,Wedging,Feather,,,,,,,,,,,,,TRIANGULAR,NotPrepared,No,3.57,0.59,Main,,,,,,,,,,,17.55,17.55,10.78,10.78,1.53,0.32,,N,
1022,LIK,XIII,O4a-049,,,Opaline/CCS,0%,,Flake,Proximal,,,,,,,,,,,,,,,,,,,,,,Yes,Hertzian,,,,,,,,,,,,,,TRIANGULAR,NotPrepared,No,4.39,1.63,,,,,,,,,,,,7.84,,11.92,,2.09,0.21,,N,
102,LIK,XV,O4a-057,,,Opaline/CCS,0%,,Flake,Complete,,,,,,,,,,,,,,,,,,,,,,Yes,Bending,Feather,,,,,,,,,,,,,RECTANGULAR,NotPrepared,No,4.06,0.79,Main,,,,,,,,,,,14.12,14.12,5.49,5.49,1.72,0.13,,N,
1023,LIK,XIII,O4a-049,,,Opaline/CCS,0%,,Flake,Proximal,,,,,,,,,,,,,,,,,,,,,,Yes,Hertzian,,,,,,,,,,,,,,RECTANGULAR,NotPrepared,No,4.67,1.26,,,,,,,,,,,,17.72,,11.51,,3.03,0.81,,N,
1024,LIK,XIII,O4a-049,,,Opaline/CCS,0%,,Flake,Complete,,,,,,,,,,,,,,,,,,,,,,Yes,Hertzian,Feather,,,,,,,,,,,,,RECTANGULAR,NotPrepared,No,6.25,2.8,Main,,,,,,,,,,,30.35,30.35,16.3,16.3,3.29,2.33,,N,
1025,LIK,XIII,O4a-049,,,Opaline/CCS,0%,,Flake,Complete,,,,,,,,,,,,,,,,,,,,,,Yes,Hertzian,Feather,,,,,,,,,,,,,RECTANGULAR,NotPrepared,No,3.92,1.77,Main,,,,,,,,,,,22.69,22.69,9.37,9.37,2.7,0.69,,N,
1026,LIK,XIII,O4a-049,,,Opaline/CCS,0%,,Flake,Complete,,,,,,,,,,,,,,,,,,,,,,Yes,Hertzian,Feather,,,,,,,,,,,,,RECTANGULAR,NotPrepared,No,5.35,2.23,Main,,,,,,,,,,,18.02,18.02,18.45,13,4.42,1.69,,N,
1027,LIK,XIII,O4a-049,,,Opaline/CCS,0%,,Flake,Complete,,,,,,,,,,,,,,,,,,,,,,Yes,Hertzian,Feather,,,,,,,,,,,,,RECTANGULAR,NotPrepared,No,2.38,1.51,Main,,,,,,,,,,,15.26,15.26,5.46,5.46,2.08,0.24,,N,
1028,LIK,XIII,O4a-049,,,Opaline/CCS,0%,,Flake,Complete,,,,,,,,,,,,,,,,,,,,,,Yes,Hertzian,Feather,,,,,,,,,,,,,TRIANGULAR,NotPrepared,No,2.68,1.4,Main,,,,,,,,,,,14.77,14.77,5.2,5.2,0.94,0.1,,N,
1029,LIK,XIII,O4a-049,,,Opaline/CCS,0%,,Flake,Complete,,,,,,,,,,,,,,,,,,,,,,Yes,Hertzian,Feather,,,,,,,,,,,,,RECTANGULAR,NotPrepared,No,4.02,0.67,Main,,,,,,,,,,,14.87,14.87,7.62,5.16,1.15,0.16,,N,
1030,LIK,XIII,O4a-049,,,Opaline/CCS,0%,,Flake,Complete,,,,,,,,,,,,,,,,,,,,,,Yes,Hertzian,Feather,,,,,,,,,,,,,RECTANGULAR,NotPrepared,No,4.23,1.2,Main,,,,,,,,,,,13.81,13.81,11.64,5.84,2.02,0.28,,N,
1031,LIK,XIII,O4a-049,,,Opaline/CCS,0%,,Flake,Mesial,,,,,,,,,,,,,,,,,,,,,,,,,,,,,,,,,,,,,TRAPEZOIDAL,,,,,,,,,,,,,,,,16.7,,13.24,,1.6,0.43,,N,
1032,LIK,XIII,O4a-049,,,Opaline/CCS,0%,,Flake,Complete,,,,,,,,,,,,,,,,,,,,,,Yes,Hertzian,Feather,,,,,,,,,,,,,KITE,NotPrepared,No,5.46,1.75,Main,,,,,,,,,,,15.35,12.65,11.4,11.4,2.33,0.43,,N,
103,LIK,XV,O4a-057,,,Opaline/CCS,0%,,Flake,Proximal,,,,,,,,,,,,,,,,,,,,,,Yes,Hertzian,,,,,,,,,,,,,,RECTANGULAR,NotPrepared,No,8.04,4.55,,,,,,,,,,,,11.95,,10.06,,2.7,0.44,,N,
1033,LIK,XIII,O4a-049,,,Hornfels,0%,,Flake,Complete,,,,,,,,,,,,,,,,,,,,,,Yes,Hertzian,Feather,,,,,,,,,,,,,RECTANGULAR,NotPrepared,No,9.7,10.61,Main,,,,,,,,,,,36.55,36.55,19.21,19.21,7.66,7.19,Ut,N,
1034,LIK,XIII,O4a-049,,,Hornfels,0%,,Flake,Complete,,,,,,,,,,,,,,,,,,,,,,Yes,Hertzian,Feather,,,,,,,,,,,,,RECTANGULAR,NotPrepared,No,6.81,3.94,Main,,,,,,,,,,,12.08,12.08,8.38,8.38,2.04,0.3,,N,
1035,LIK,XIII,O4a-049,,,Hornfels,0%,,Flake,Complete,,,,,,,,,,,,,,,,,,,,,,Yes,Hertzian,Feather,,,,,,,,,,,,,RECTANGULAR,NotPrepared,No,9.49,8.75,Main,,,,,,,,,,,16.15,16.15,10.89,10.89,3.92,1.22,,N,
1036,LIK,XIII,O4a-049,,,Hornfels,0%,,Flake,Complete,,,,,,,,,,,,,,,,,,,,,,Yes,Hertzian,Feather,,,,,,,,,,,,,RECTANGULAR,NotPrepared,No,5.48,1.55,Main,,,,,,,,,,,14.72,14.72,18.73,18.73,1.78,0.43,,N,
1037,LIK,XIII,O4a-049,,,Hornfels,0%,,Flake,Complete,,,,,,,,,,,,,,,,,,,,,,Yes,Hertzian,Bipolar,,,,,,,,,,,,,TRIANGULAR,NotPrepared,No,11.79,4.69,Main,,,,,,,,,,,21.73,21.73,16.57,13.37,3.14,1.66,,N,
1038,LIK,XIII,O4a-049,,,Hornfels,0%,,Flake,Complete,,,,,,,,,,,,,,,,,,,,,,Yes,Hertzian,Feather,,,,,,,,,,,,,TRIANGULAR,NotPrepared,No,17.42,1.14,Main,,,,,,,,,,,15.31,15.31,21.94,15.11,2.68,0.85,,N,
1039,LIK,XIII,O4a-049,,,Hornfels,0%,,Flake,Proximal,,,,,,,,,,,,,,,,,,,,,,Yes,Hertzian,,,,,,,,,,,,,,RECTANGULAR,NotPrepared,No,9.44,1.74,,,,,,,,,,,,13.49,,20.87,,2.3,0.92,,N,
1040,LIK,XIII,O4a-049,,,Hornfels,0%,,Flake,Distal,,,,,,,,,,,,,,,,,,,,,,,,Feather,,,,,,,,,,,,,RECTANGULAR,,,,,,,,,,,,,,,,22.94,,11.13,,2.94,1,,N,
1041,LIK,XIII,O4a-049,,,Hornfels,0%,,Flake,Complete,,,,,,,,,,,,,,,,,,,,,,Yes,Hertzian,Feather,,,,,,,,,,,,,OVAL,NotPrepared,No,8.21,1.35,Main,,,,,,,,,,,28.95,28.95,23.57,23.57,4.19,2.77,,N,
1042,LIK,XIII,O4a-049,,,Hornfels,0%,,Flake,Proximal,,,,,,,,,,,,,,,,,,,,,,Yes,Hertzian,,,,,,,,,,,,,,TRAPEZOIDAL,NotPrepared,No,11.9,3.34,,,,,,,,,,,,17.82,,22.23,,4.95,2.2,,N,
104,LIK,XV,O4a-057,,,Opaline/CCS,0%,,Flake,Complete,,,,,,,,,,,,,,,,,,,,,,Yes,Wedging,Feather,,,,,,,,,,,,,OVAL,Indeterminate,No,5.93,1.65,Main,,,,,,,,,,,20.18,20.18,17.15,17.15,4.06,1.51,,N,
1043,LIK,XIII,O4a-049,,,Hornfels,0%,,Flake,Proximal,,,,,,,,,,,,,,,,,,,,,,Yes,Hertzian,,,,,,,,,,,,,,RECTANGULAR,NotPrepared,No,5.72,0.83,,,,,,,,,,,,15.29,,9.15,,1.8,0.27,,N,
1044,LIK,XIII,O4a-049,,,Hornfels,0%,,Flake,Complete,,,,,,,0,,0,0,0,0,0,0,0,0,0,0,0,0,0,Yes,Hertzian,Feather,,0,0,0,0,0,0,0,0,0,0,0,RECTANGULAR,NotPrepared,No,8.49,4.27,Main,,,,,0,0,0,0,0,0,16.57,16.57,16.4,11.3,4.31,1.34,Ut,N,
1045,LIK,XIII,O4a-049,,,Hornfels,0%,,Flake,Complete,,,,,,,,,,,,,,,,,,,,,,Yes,Hertzian,Hinge,,,,,,,,,,,,,RECTANGULAR,NotPrepared,No,11.47,2.54,Main,,,,,,,,,,,15.4,15.4,27.18,27.18,4.69,2.06,,N,
1046,LIK,XIII,O4a-049,,,Hornfels,0%,,Flake,Complete,,,,,,,,,,,,,,,,,,,,,,Yes,Hertzian,Feather,,,,,,,,,,,,,TRIANGULAR,NotPrepared,No,20.08,4.88,Main,,,,,,,,,,,30.52,30.52,24.34,17.67,5,3.46,,N,
1047,LIK,XIII,O4a-049,,,Hornfels,0%,,Flake,Complete,,,,,,,,,,,,,,,,,,,,,,Yes,Hertzian,Feather,,,,,,,,,,,,,TRIANGULAR,NotPrepared,No,11.05,2.99,Main,,,,,,,,,,,11.29,11.29,13.99,11.89,1.89,0.35,,N,
1048,LIK,XIII,O4a-049,,,Hornfels,0%,,Core,,Complete,,,,,,,,,,,,,,,,,,,,,,,,,,,,,,,,,,,,,,,,,,Platform,Bladelet,Cubic,0%,4,1,1,1,4,18.96,22.23,,29.54,,6.3,6,Core om flake,N,
1049,LIK,XIII,O4a-049,,,Opaline/CCS,0%,,Flake,Complete,,,,,,,,,,,,,,,,,,,,,,Yes,Hertzian,Feather,,,,,,,,,,,,,RECTANGULAR,NotPrepared,No,13.53,7.18,Main,,,,,,,,,,,26.09,26.09,22.48,22.48,6.93,5.22,,N,
1050,LIK,XIII,O4a-049,,,Opaline/CCS,0%,,Flake,Complete,,,,,,,,,,,,,,,,,,,,,,Yes,Hertzian,Feather,,,,,,,,,,,,,TRIANGULAR,NotPrepared,No,7.8,2.78,Main,,,,,,,,,,,19.26,19.26,14.62,13.14,4.42,1.14,,N,
1051,LIK,XIII,O4a-049,,,Opaline/CCS,0%,,Flake,Complete,,,,,,,,,,,,,,,,,,,,,,Yes,Hertzian,Feather,,,,,,,,,,,,,OVAL,Indeterminate,No,2.56,1.56,Main,,,,,,,,,,,16.58,16.58,11.61,11.61,2.73,0.52,,N,
1052,LIK,XIII,O4a-049,,,Quartzite,0%,,Flake,Complete,,,,,,,,,,,,,,,,,,,,,,Yes,Bending,Feather,,,,,,,,,,,,,TRIANGULAR,NotPrepared,No,4.28,1.37,Main,,,,,,,,,,,15.98,15.98,6.95,6.95,1.67,0.24,,N,
105,LIK,XV,O4a-057,,,Opaline/CCS,0%,,Flake,Complete,,,,,,,,,,,,,,,,,,,,,,Yes,Bending,Feather,,,,,,,,,,,,,TRIANGULAR,NotPrepared,No,8.21,2.58,Main,,,,,,,,,,,18.72,18.72,10.57,10.57,2.08,0.51,,N,
1053,LIK,XIII,O4a-049,,,Quartzite,0%,,Flake,Complete,,,,,,,,,,,,,,,,,,,,,,Yes,Hertzian,Feather,,,,,,,,,,,,,RECTANGULAR,NotPrepared,No,12.35,3.77,Main,,,,,,,,,,,19.42,19.42,15.83,15.83,2.94,1.2,,N,
1054,LIK,XIII,O4a-049,,,Quartzite,0%,,Flake,Distal,,,,,,,,,,,,,,,,,,,,,,,,Feather,,,,,,,,,,,,,RECTANGULAR,,,,,,,,,,,,,,,,21.94,,12.72,,2.81,0.85,,N,
1055,LIK,XIII,O4a-049,,,Quartzite,0%,,Flake,Complete,,,,,,,,,,,,,,,,,,,,,,Yes,Hertzian,Feather,,,,,,,,,,,,,TRAPEZOIDAL,NotPrepared,No,4.42,0.79,Main,,,,,,,,,,,15.05,15.05,22.54,22.54,3.34,0.92,,N,
1056,LIK,XIII,O4a-049,,,Quartzite,0%,,Flake,Complete,,,,,,,,,,,,,,,,,,,,,,Yes,Hertzian,Feather,,,,,,,,,,,,,CIRCULAR,NotPrepared,No,12.76,3.63,Main,,,,,,,,,,,30.56,30.56,38.57,38.57,6.86,7.7,,N,
1057,LIK,XIII,O4a-049,,,Quartzite,0%,,Flake,Fragment,,,,,,,,,,,,,,,,,,,,,,,,,,,,,,,,,,,,,KITE,,,,,,,,,,,,,,,,64.22,,26,,15.86,15.65,,N,
1058,LIK,XIII,O4a-049,,,Hornfels,0%,,Flake,Complete,,,,,,,,,,,,,,,,,,,,,,Yes,Hertzian,Feather,,,,,,,,,,,,,RECTANGULAR,NotPrepared,No,16.56,9.76,Main,,,,,,,,,,,48.62,48.62,34.23,34.23,5.59,7.47,,N,
1059,LIK,XIII,O4a-049O4a-049,,,Siltstone,0%,,Flake,Complete,,,,,,,,,,,,,,,,,,,,,,Yes,Hertzian,Feather,,,,,,,,,,,,,RECTANGULAR,NotPrepared,No,9.22,2.64,Main,,,,,,,,,,,13.92,10.94,21.5,18.01,2.58,0.75,,N,
1060,LIK,XIII,O4a-049,,,Siltstone,0%,,Core,,Complete,,,,,,,,,,,,,,,,,,,,,,,,,,,,,,,,,,,,,,,,,,Platform,Irregular,Cubic,0%,3,3,2,3,4,13.3,59.55,,25.39,,14.38,28.44,,N,
1061,LIK,XI,O4b-039,,,Opaline/CCS,0%,,Flake,Complete,,,,,,,,,,,,,,,,,,,,,,Yes,Hertzian,Feather,,,,,,,,,,,,,RECTANGULAR,NotPrepared,No,12.61,3.12,Main,,,,,,,,,,,36.58,36.58,20.26,20.26,4.4,4.34,Ut,N,
1062,LIK,XI,O4b-039,,,Opaline/CCS,0%,,Flake,Complete,,,,,,,,,,,,,,,,,,,,,,Yes,Wedging,Feather,,,,,,,,,,,,,OVAL,Indeterminate,No,7.77,1.07,Main,,,,,,,,,,,24.81,24.81,20.32,20.32,2.97,1.6,Ret,N,
106,LIK,XV,O4a-057,,,Opaline/CCS,0%,,Flake,Complete,,,,,,,,,,,,,,,,,,,,,,Yes,Wedging,Feather,,,,,,,,,,,,,RECTANGULAR,Indeterminate,No,8.05,1.86,Main,,,,,,,,,,,13.41,13.41,18.84,18.84,2.54,0.86,,N,
1063,LIK,XI,O4b-039,,,Opaline/CCS,0%,,Flake,Complete,,,,,,,,,,,,,,,,,,,,,,Yes,Hertzian,Overshot,,,,,,,,,,,,,RECTANGULAR,NotPrepared,No,17.01,6.02,Main,,,,,,,,,,,28.19,28.19,30.3,30.3,14.94,21,,N,
1064,LIK,XI,O4b-039,,,Opaline/CCS,0%,,Flake,Complete,,,,,,,,,,,,,,,,,,,,,,Yes,Hertzian,Feather,,,,,,,,,,,,,RECTANGULAR,NotPrepared,No,3.72,2.03,Main,,,,,,,,,,,28.59,28.59,5.24,5.24,1.8,0.63,,N,
1065,LIK,XI,O4b-039,,,Opaline/CCS,0%,,Flake,Complete,,,,,,,,,,,,,,,,,,,,,,Yes,Hertzian,Bipolar,,,,,,,,,,,,,RECTANGULAR,NotPrepared,No,6.48,3.76,Main,,,,,,,,,,,47.91,47.91,21.51,21.51,7.19,8.41,Ret,N,
1066,LIK,XI,O4b-039,,,Opaline/CCS,0%,,Flake,Proximal,,,,,,,,,,,,,,,,,,,,,,Yes,Hertzian,,,,,,,,,,,,,,RECTANGULAR,NotPrepared,No,6.45,3.93,,,,,,,,,,,,14.72,,13.38,,3.42,62,,N,
1067,LIK,XI,O4b-039,,,Opaline/CCS,0%,,Flake,Proximal,,,,,,,,,,,,,,,,,,,,,,Yes,Hertzian,,,,,,,,,,,,,,TRIANGULAR,NotPrepared,No,2.66,1.3,,,,,,,,,,,,16.06,,8.14,,2.43,0.31,Ut,N,
1068,LIK,XI,O4b-039,,,Opaline/CCS,0%,,Flake,Complete,,,,,,,,,,,,,,,,,,,,,,Yes,Hertzian,Overshot,,,,,,,,,,,,,RECTANGULAR,NotPrepared,No,12.44,3.09,Main,,,,,,,,,,,20.71,20.71,19.91,19.91,8.83,4.61,,N,
1069,LIK,XI,O4b-039,,,Opaline/CCS,0%,,Flake,Complete,,,,,,,,,,,,,,,,,,,,,,Yes,Bending,Feather,,,,,,,,,,,,,TRAPEZOIDAL,NotPrepared,No,6.82,10.15,Main,,,,,,,,,,,23.87,23.87,19.41,14.47,9.16,3.88,,N,
1070,LIK,XI,O4b-039,,,Opaline/CCS,40-60%,Cobble,Flake,Complete,,,,,,,0,,0,0,0,0,0,0,0,0,0,0,0,0,0,Yes,Bending,Feather,,0,0,0,0,0,0,0,0,0,0,0,RECTANGULAR,NotPrepared,No,8.31,2.96,Main,,,,,0,0,0,0,0,0,25.63,25.63,30.32,24.88,5.58,3.8,Ut,N,
1071,LIK,XI,O4b-039,,,Opaline/CCS,10-40%,Outcrop,Flake,Complete,,,,,,,,,,,,,,,,,,,,,,Yes,Wedging,Bipolar,,,,,,,,,,,,,RECTANGULAR,NotPrepared,No,12.7,2.07,Main,,,,,,,,,,,34.45,34.45,19.96,19.96,4.03,3.34,,N,
1072,LIK,XI,O4b-039,,,Opaline/CCS,0%,,Flake,Proximal,,,,,,,,,,,,,,,,,,,,,,Yes,Hertzian,,,,,,,,,,,,,,RECTANGULAR,NotPrepared,No,13.99,3.85,,,,,,,,,,,,16,,13.37,,3.52,1.2,,N,
107,LIK,XV,O4a-057,,,Opaline/CCS,0%,,Flake,Distal,,,,,,,,,,,,,,,,,,,,,,,,Feather,,,,,,,,,,,,,RECTANGULAR,,,,,,,,,,,,,,,,17.58,,11.53,,1.35,0.54,,N,
1073,LIK,XI,O4b-039,,,Opaline/CCS,0%,,Flake,Complete,,,,,,,,,,,,,,,,,,,,,,Yes,Hertzian,Feather,,,,,,,,,,,,,TRIANGULAR,NotPrepared,No,6.57,1.65,Main,,,,,,,,,,,17.69,13.24,16.41,11.45,1.31,0.51,,N,
1074,LIK,XI,O4b-039,,,Opaline/CCS,0%,,Flake,Complete,,,,,,,,,,,,,,,,,,,,,,Yes,Hertzian,Feather,,,,,,,,,,,,,TRIANGULAR,NotPrepared,No,6.18,1.62,Main,,,,,,,,,,,16.52,13.88,12.27,10.83,1.1,0.3,,N,
1075,LIK,XI,O4b-039,,,Opaline/CCS,10-40%,Outcrop,Flake,Complete,,,,,,,,,,,,,,,,,,,,,,Yes,Bending,Feather,,,,,,,,,,,,,RECTANGULAR,NotPrepared,No,12.43,5.32,Main,,,,,,,,,,,14.78,14.78,17.98,16.31,8.15,2.47,,N,
1076,LIK,XI,O4b-039,,,Opaline/CCS,0%,,Flake,Complete,,,,,,,,,,,,,,,,,,,,,,Yes,Hertzian,Feather,,,,,,,,,,,,,RECTANGULAR,NotPrepared,No,10.07,2.6,Main,,,,,,,,,,,13.86,13.86,11.35,8.7,1.83,0.32,Ret,N,
1077,LIK,XI,O4b-039,,,Opaline/CCS,0%,,Flake,Complete,,,,,,,0,,0,0,0,0,0,0,0,0,0,0,0,0,0,Yes,Bending,Feather,,0,0,0,0,0,0,0,0,0,0,0,TRIANGULAR,FacetWithBulb,No,19.73,4.74,Main,,,,,0,0,0,0,0,0,26.61,20.59,23.42,17.75,7.23,4.16,Ret,N,
1078,LIK,XI,O4b-039,,,Opaline/CCS,10-40%,Outcrop,Flake,Complete,,,,,,,,,,,,,,,,,,,,,,Yes,Hertzian,Feather,,,,,,,,,,,,,RECTANGULAR,NotPrepared,No,8.65,5.33,Main,,,,,,,,,,,16.28,16.28,11.47,11.47,4.64,1.43,,N,
1079,LIK,XI,O4b-039,,,Opaline/CCS,0%,,Flake,Mesial,,,,,,,,,,,,,,,,,,,,,,,,,,,,,,,,,,,,,RECTANGULAR,,,,,,,,,,,,,,,,12.49,,15.06,,3.66,0.87,Ret,N,
1080,LIK,XI,O4b-039,,,Opaline/CCS,0%,,Flake,Complete,,,,,,,,,,,,,,,,,,,,,,Yes,Hertzian,Feather,,,,,,,,,,,,,TRAPEZOIDAL,NotPrepared,No,5.43,1.3,Main,,,,,,,,,,,15.23,15.23,13.09,10.77,2.05,0.49,,N,
1081,LIK,XI,O4b-039,,,Opaline/CCS,0%,,Flake,Complete,,,,,,,,,,,,,,,,,,,,,,Yes,Bending,Feather,,,,,,,,,,,,,RECTANGULAR,NotPrepared,No,15.29,8.29,Main,,,,,,,,,,,18.27,18.27,19.67,16.55,5.05,1.97,Ut,N,
1082,LIK,XI,O4b-039,,,Opaline/CCS,0%,,Flake,Proximal,,,,,,,,,,,,,,,,,,,,,,Yes,Hertzian,,,,,,,,,,,,,,RECTANGULAR,NotPrepared,No,20.58,5.82,,,,,,,,,,,,8.83,,22.87,,5.01,1.53,,N,
108,LIK,XV,O4a-057,,,Opaline/CCS,0%,,Flake,Distal,,,,,,,,,,,,,,,,,,,,,,,,Feather,,,,,,,,,,,,,RECTANGULAR,,,,,,,,,,,,,,,,25.64,,15.39,,2.99,0.96,,N,
1083,LIK,XI,O4b-039,,,Opaline/CCS,10-40%,Outcrop,Flake,Proximal,,,,,,,,,,,,,,,,,,,,,,Yes,Hertzian,,,,,,,,,,,,,,RECTANGULAR,NotPrepared,No,9.87,3.81,,,,,,,,,,,,17.56,,12.25,,5.44,1.26,,N,
1084,LIK,XI,O4b-039,,,Opaline/CCS,0%,,Flake,Complete,,,,,,,,,,,,,,,,,,,,,,Yes,Hertzian,Hinge,,,,,,,,,,,,,RHOMBUS,NotPrepared,No,6.83,2.62,Main,,,,,,,,,,,19.88,19.88,15.86,15.43,2.76,0.83,,N,
1085,LIK,XI,O4b-039,,,Opaline/CCS,0%,,Flake,Complete,,,,,,,,,,,,,,,,,,,,,,Yes,Bending,Feather,,,,,,,,,,,,,TRIANGULAR,NotPrepared,No,6.55,2.88,Main,,,,,,,,,,,16.39,10.06,16.82,9.67,5.29,0.72,Ret; Possible scraper,N,
1086,LIK,XI,O4b-039,,,Opaline/CCS,0%,,Flake,Complete,,,,,,,,,,,,,,,,,,,,,,Yes,Hertzian,Feather,,,,,,,,,,,,,RECTANGULAR,NotPrepared,No,11.52,2.93,Main,,,,,,,,,,,15.23,14.14,14.03,12.21,3.04,1,,N,
1087,LIK,XI,O4b-039,,,Opaline/CCS,0%,,Flake,Complete,,,,,,,,,,,,,,,,,,,,,,Yes,Hertzian,Overshot,,,,,,,,,,,,,TRIANGULAR,NotPrepared,No,4.24,2.24,Main,,,,,,,,,,,17.66,17.66,13.39,11.58,5.53,1.25,Ret,N,
1088,LIK,XI,O4b-039,,,Opaline/CCS,0%,,Flake,Complete,,,,,,,,,,,,,,,,,,,,,,Yes,Hertzian,Feather,,,,,,,,,,,,,OVAL,NotPrepared,No,8.98,3.61,Main,,,,,,,,,,,9.46,9.46,11.49,10.05,3.09,0.33,,N,
1089,LIK,XI,O4b-039,,,Opaline/CCS,0%,,Flake,Proximal,,,,,,,,,,,,,,,,,,,,,,Yes,Hertzian,,,,,,,,,,,,,,RECTANGULAR,NotPrepared,No,3.38,1.25,,,,,,,,,,,,10.23,,9,,1.64,0.2,,N,
1090,LIK,XI,O4b-039,,,Opaline/CCS,0%,,Flake,Mesial,,,,,,,,,,,,,,,,,,,,,,,,,,,,,,,,,,,,,RECTANGULAR,,,,,,,,,,,,,,,,9.58,,9.86,,1.43,0.18,,N,
1091,LIK,XI,O4b-039,,,Opaline/CCS,0%,,Flake,Distal,,,,,,,,,,,,,,,,,,,,,,,,Feather,,,,,,,,,,,,,TRAPEZOIDAL,,,,,,,,,,,,,,,,13.77,,11.86,,2.92,0.43,,N,
1092,LIK,XI,O4b-039,,,Opaline/CCS,0%,,Flake,Distal,,,,,,,,,,,,,,,,,,,,,,,,Feather,,,,,,,,,,,,,RECTANGULAR,,,,,,,,,,,,,,,,13.33,,10.75,,0.79,0.16,,N,
109,LIK,XV,O4a-057,,,Quartzite,0%,,Flake,Complete,,,,,,,,,,,,,,,,,,,,,,Yes,Bending,Feather,,,,,,,,,,,,,RECTANGULAR,NotPrepared,No,21.56,4.72,Main,,,,,,,,,,,10.26,10.26,22.84,22.84,3.68,1,,N,
1093,LIK,XI,O4b-039,,,Opaline/CCS,10-40%,Cobble,Flake,Complete,,,,,,,,,,,,,,,,,,,,,,Yes,Bending,Feather,,,,,,,,,,,,,TRIANGULAR,NotPrepared,No,7.23,1.59,Main,,,,,,,,,,,12.99,12.99,7.23,5.47,1.67,0.25,,N,
1094,LIK,XI,O4b-039,,,Opaline/CCS,10-40%,Outcrop,Flake,Proximal,,,,,,,,,,,,,,,,,,,,,,Yes,Hertzian,,,,,,,,,,,,,,RECTANGULAR,NotPrepared,No,4.94,2.06,,,,,,,,,,,,10.07,,16.82,,2.03,0.45,,N,
1095,LIK,XI,O4b-039,,,Opaline/CCS,0%,,Flake,Complete,,,,,,,,,,,,,,,,,,,,,,Yes,Hertzian,Feather,,,,,,,,,,,,,TRIANGULAR,NotPrepared,No,10.34,3.37,Main,,,,,,,,,,,13.52,13.52,10.3,5.99,3.03,0.31,,N,
1096,LIK,XI,O4b-039,,,Hornfels,0%,,Flake,Complete,,,,,,,,,,,,,,,,,,,,,,Yes,Hertzian,Feather,,,,,,,,,,,,,OVAL,NotPrepared,No,19.24,9.44,Main,,,,,,,,,,,65.31,65.31,65.75,65.75,21.85,94.47,Ret,N,
1097,LIK,XI,O4b-039,,,Hornfels,0%,,Flake,Distal,,,,,,,,,,,,,,,,,,,,,,,,Feather,,,,,,,,,,,,,RECTANGULAR,,,,,,,,,,,,,,,,33.1,,27.48,,11.21,10.85,Ret,N,
1098,LIK,XI,O4b-039,,,Hornfels,0%,,Flake,Mesial,,,,,,,,,,,,,,,,,,,,,,,,,,,,,,,,,,,,,RECTANGULAR,,,,,,,,,,,,,,,,22.04,,22.78,,6.05,9.68,,N,
1099,LIK,XI,O4b-039,,,Hornfels,0%,,Flake,Complete,,,,,,,,,,,,,,,,,,,,,,Yes,Hertzian,Feather,,,,,,,,,,,,,TRIANGULAR,NotPrepared,No,5.61,2,Main,,,,,,,,,,,9.68,9.68,14.37,8.44,2.29,0.24,,N,
1100,LIK,XI,O4b-039,,,Hornfels,0%,,Flake,Proximal,,,,,,,,,,,,,,,,,,,,,,Yes,Hertzian,,,,,,,,,,,,,,RECTANGULAR,NotPrepared,No,8.25,3.34,,,,,,,,,,,,15.54,,16.56,,3.73,1.8,,N,
1101,LIK,XI,O4b-039,,,Opaline/CCS,0%,,Flake,Mesial,,,,,,,,,,,,,,,,,,,,,,,,,,,,,,,,,,,,,RECTANGULAR,,,,,,,,,,,,,,,,25.46,,34.25,,9.37,13.49,Ut,N,
1102,LIK,XI,O4b-039,,,Opaline/CCS,0%,,Flake,Complete,,,,,,,,,,,,,,,,,,,,,,Yes,Hertzian,Feather,,,,,,,,,,,,,RECTANGULAR,NotPrepared,No,17.81,10.77,Main,,,,,,,,,,,63.21,63.21,42.78,42.78,13.71,66,Ret,N,
11,LIK,XV,O5c-057,,,Opaline/CCS,0%,,Flake,Complete,,,,,,,,,,,,,,,,,,,,,,Yes,Hertzian,Feather,,,,,,,,,,,,,RECTANGULAR,NotPrepared,No,9.97,1.09,Main,,,,,,,,,,,24.69,24.69,28.64,17.61,9.47,4.76,,N,
110,LIK,XV,O4a-057,,,Quartzite,0%,,Flake,Complete,,,,,,,,,,,,,,,,,,,,,,Yes,Hertzian,Feather,,,,,,,,,,,,,TRIANGULAR,NotPrepared,No,13.89,4.18,Main,,,,,,,,,,,32.97,32.97,29.29,26.07,8.28,8.88,,N,
1103,LIK,XI,O4b-039,,,Opaline/CCS,0%,,Flake,Complete,,,,,,,,,,,,,,,,,,,,,,Yes,Hertzian,Feather,,,,,,,,,,,,,RECTANGULAR,NotPrepared,No,11.19,3.6,Main,,,,,,,,,,,27.3,27.3,22,22,5.1,3.31,,N,
1104,LIK,XI,O4b-039,,,Opaline/CCS,0%,,Flake,Complete,,,,,,,,,,,,,,,,,,,,,,Yes,Bending,Feather,,,,,,,,,,,,,RECTANGULAR,NotPrepared,No,5.09,1.61,Main,,,,,,,,,,,22.14,22.14,10.14,10.14,3.92,1.26,Ut,N,
1105,LIK,XI,O4b-039,,,Basalt,0%,,Flake,Complete,,,,,,,,,,,,,,,,,,,,,,Yes,Hertzian,Feather,,,,,,,,,,,,,RECTANGULAR,NotPrepared,No,13.93,5.11,Main,,,,,,,,,,,28.23,28.23,20.13,19.77,4.42,4.31,,N,
1106,LIK,XI,O4b-039,,,Basalt,0%,,Flake,Complete,,,,,,,,,,,,,,,,,,,,,,Yes,Bending,Feather,,,,,,,,,,,,,TRIANGULAR,NotPrepared,No,16.09,5.49,Main,,,,,,,,,,,28.77,28.77,17.58,12.48,5.36,2.68,Ut,N,
1107,LIK,XI,O4b-039,,,Quartzite,0%,,Flake,Complete,,,,,,,,,,,,,,,,,,,,,,Yes,Hertzian,Overshot,,,,,,,,,,,,,TRAPEZOIDAL,NotPrepared,No,7.89,2.7,Main,,,,,,,,,,,30.14,30.14,23.02,17.96,8.28,6.83,,N,
1108,LIK,XI,O4b-039,,,Opaline/CCS,1-10%,Cobble,Flake,Complete,,,,,,,,,,,,,,,,,,,,,,Yes,Hertzian,Overshot,,,,,,,,,,,,,OVAL,NotPrepared,No,5.09,2.24,Main,,,,,,,,,,,34.57,34.57,21.58,21.58,4.4,4.91,,N,
1109,LIK,XI,O4b-039,,,Opaline/CCS,0%,,Core,,Complete,,,,,,,,,,,,,,,,,,,,,,,,,,,,,,,,,,,,,,,,,,Platform,Irregular,Cubic,0%,4,3,5,3,3,26.34,26.38,,23.38,,10.9,9.79,,N,
1110,LIK,XI,O4b-039,,,Opaline/CCS,0%,,Flake,Complete,,,,,,,,,,,,,,,,,,,,,,Yes,Hertzian,Feather,,,,,,,,,,,,,RECTANGULAR,NotPrepared,No,6.06,5.12,Main,,,,,,,,,,,25.45,25.45,16.52,16.52,11.72,5.69,Ret,N,
1111,LIK,XI,O4b-039,,,Opaline/CCS,10-40%,Cobble,Core,,Complete,,,,,,,,,,,,,,,,,,,,,,,,,,,,,,,,,,,,,,,,,,Bipolar,Bladelet,Cubic,0%,3,3,3,1,3,14.11,16.65,,11.8,,3.7,2.37,,N,
1112,LIK,XI,O4b-039,,,Opaline/CCS,0%,,Core,,Fragment,,,,,,,,,,,,,,,,,,,,,,,,,,,,,,,,,,,,,,,,,,Bipolar,Bladelet,Spherical,0%,4,2,4,3,3,8.75,19.18,,9.23,,9.12,1.19,,N,
112,LIK,XV,O4a-057,,,Quartzite,0%,,Flake,Distal,,,,,,,,,,,,,,,,,,,,,,,,Feather,,,,,,,,,,,,,RECTANGULAR,,,,,,,,,,,,,,,,27.78,,40.75,,11.98,12.86,,N,
1113,LIK,XI,O4b-039,,,Opaline/CCS,0%,,RetouchedTool,Complete,,BackedPiece,Backing,Indeteriminate,,6,,,,,,,,,7.89,8.94,7.84,5.14,4.43,3.26,1,,,,Indeterminate,,,,,,,,,,,,,,,,,,,,,,,,,,,,12.15,,9.27,,,4.78,0.68,Y,
1114,LIK,XI,O4b-039,,,Hornfels,10-40%,Cobble,Core,,Complete,,,,,,0,,0,0,0,0,0,0,0,0,0,0,0,0,0,,,,,0,0,0,0,0,0,0,0,0,0,0,,,,0,0,,Platform,Radial,Cubic,0%,4,3,5,3,2,18.55,23.62,0,19.68,0,18.17,9.19,,N,
1115,LIK,XI,O4b-039,,,Opaline/CCS,0%,,Core,,Complete,,,,,,,,,,,,,,,,,,,,,,,,,,,,,,,,,,,,,,,,,,Platform,Bladelet,Cubic,0%,4,3,4,4,5,21.62,44.43,,30.46,,21.42,36.8,,N,
1116,LIK,XI,O4b-039,,,Opaline/CCS,1-10%,Cobble,Core,,Complete,,,,,,,,,,,,,,,,,,,,,,,,,,,,,,,,,,,,,,,,,,Platform,Bladelet,Spherical,0%,8,4,6,3,4,34.46,36.26,,37.43,,22.42,46.86,,N,
1117,LIK,XI,O4b-039,,,Opaline/CCS,0%,,Flake,Complete,,,,,,,,,,,,,,,,,,,,,,Yes,Hertzian,Feather,,,,,,,,,,,,,TRIANGULAR,NotPrepared,No,17.77,8.48,Main,,,,,,,,,,,45.04,45.04,20.55,20.55,18.19,17.92,,N,
1118,LIK,XI,M5c-039,,,Opaline/CCS,0%,,Flake,Complete,,,,,,,,,,,,,,,,,,,,,,Yes,Bending,Feather,,,,,,,,,,,,,RECTANGULAR,NotPrepared,No,18.86,3.89,Main,,,,,,,,,,,25.29,21.72,19.87,19.87,4.27,3.31,,N,
1119,LIK,XI,M5c-039,,,Opaline/CCS,0%,,Flake,Complete,,,,,,,,,,,,,,,,,,,,,,Yes,Hertzian,Feather,,,,,,,,,,,,,RECTANGULAR,NotPrepared,No,6.62,1.31,Main,,,,,,,,,,,15.2,15.2,13.83,13.83,1.8,0.34,,N,
1120,LIK,XI,M5c-039,,,Opaline/CCS,0%,,Flake,Proximal,,,,,,,,,,,,,,,,,,,,,,Yes,Bending,,,,,,,,,,,,,,TRAPEZOIDAL,NotPrepared,No,10.09,1.43,,,,,,,,,,,,24.27,,12.43,,3.44,1.3,,N,
1121,LIK,XI,M5c-039,,,Opaline/CCS,0%,,Flake,Complete,,,,,,,,,,,,,,,,,,,,,,Yes,Bending,Feather,,,,,,,,,,,,,RECTANGULAR,NotPrepared,No,10.44,3.47,Main,,,,,,,,,,,11.74,11.74,12.48,12.48,2.51,0.73,Ret,N,
1122,LIK,XI,M5c-039,,,Opaline/CCS,0%,,Flake,Complete,,,,,,,,,,,,,,,,,,,,,,Yes,Hertzian,Feather,,,,,,,,,,,,,RECTANGULAR,NotPrepared,No,5.32,2.64,Main,,,,,,,,,,,11.31,11.31,15.81,15.81,2.1,0.46,,N,
113,LIK,XV,O4a-057,,,Quartzite,0%,,Flake,Complete,,,,,,,,,,,,,,,,,,,,,,Yes,Hertzian,Feather,,,,,,,,,,,,,RECTANGULAR,NotPrepared,No,10.79,3.04,Main,,,,,,,,,,,17.6,13.84,17.8,13.22,2.19,0.87,,N,
1123,LIK,XI,M5c-039,,,Opaline/CCS,0%,,Flake,Distal,,,,,,,,,,,,,,,,,,,,,,,,Bipolar,,,,,,,,,,,,,RECTANGULAR,,,,,,,,,,,,,,,,14.4,,6.93,,2.9,0.33,,N,
1124,LIK,XI,M5c-039,,,Opaline/CCS,0%,,Flake,Complete,,,,,,,,,,,,,,,,,,,,,,Yes,Hertzian,Feather,,,,,,,,,,,,,TRAPEZOIDAL,NotPrepared,No,7.72,3.47,Main,,,,,,,,,,,9.5,9.5,14.28,14.28,6.68,0.86,,N,
1125,LIK,XI,M5c-039,,,Opaline/CCS,0%,,Flake,Complete,,,,,,,,,,,,,,,,,,,,,,Yes,Hertzian,Overshot,,,,,,,,,,,,,TRIANGULAR,NotPrepared,No,6.83,3.87,Main,,,,,,,,,,,22.35,22.35,18.29,18.29,8.8,4.28,Ret,N,
1126,LIK,XI,M5c-039,,,Opaline/CCS,0%,,Flake,Proximal,,,,,,,,,,,,,,,,,,,,,,Yes,Hertzian,,,,,,,,,,,,,,RECTANGULAR,NotPrepared,No,12.21,1.97,,,,,,,,,,,,12.28,,15.43,,4.55,0.89,,N,
1127,LIK,XI,M5c-039,,,Opaline/CCS,0%,,Flake,Complete,,,,,,,,,,,,,,,,,,,,,,Yes,Hertzian,Feather,,,,,,,,,,,,,TRIANGULAR,NotPrepared,No,3.92,1.6,Main,,,,,,,,,,,15.9,15.9,13.55,13.55,2.27,0.47,,N,
1128,LIK,XI,M5c-039,,,Opaline/CCS,0%,,Flake,Complete,,,,,,,,,,,,,,,,,,,,,,Yes,Hertzian,Feather,,,,,,,,,,,,,TRIANGULAR,NotPrepared,No,4.26,1,Main,,,,,,,,,,,10.4,8.89,10.87,9.34,1.45,0.17,,N,
1129,LIK,XI,M5c-039,,,Opaline/CCS,0%,,Flake,Complete,,,,,,,,,,,,,,,,,,,,,,Yes,Hertzian,Feather,,,,,,,,,,,,,RECTANGULAR,NotPrepared,No,4.31,1.04,Main,,,,,,,,,,,10.58,10.58,6.65,6.65,1.49,0.15,,N,
\,LIK,XI,M5c-039,,,Opaline/CCS,0%,,Flake,Complete,,,,,,,,,,,,,,,,,,,,,,Yes,Hertzian,Feather,,,,,,,,,,,,,KITE,NotPrepared,No,9.26,1.56,Main,,,,,,,,,,,6.7,6.7,14.48,14.48,1.29,0.13,,N,
1131,LIK,XI,M5c-039,,,Hornfels,0%,,Flake,Proximal,,,,,,,,,,,,,,,,,,,,,,Yes,Hertzian,,,,,,,,,,,,,,RECTANGULAR,NotPrepared,No,11.64,3.41,,,,,,,,,,,,12.05,,16.71,,2.27,0.58,,N,
1132,LIK,XI,M5c-039,,,Hornfels,0%,,Flake,Complete,,,,,,,,,,,,,,,,,,,,,,Yes,Wedging,Feather,,,,,,,,,,,,,TRIANGULAR,NotPrepared,No,6.94,1.85,Main,,,,,,,,,,,18.15,14.59,9.9,7.64,2.61,0.44,,N,
114,LIK,XV,O4a-057,,,Tuff,0%,,Flake,Complete,,,,,,,,,,,,,,,,,,,,,,Yes,Bending,Feather,,,,,,,,,,,,,RHOMBUS,NotPrepared,No,20.17,7.98,Main,,,,,,,,,,,12.17,12.17,22.55,22.55,5.21,1.45,,N,
1133,LIK,XI,M5c-039,,,Opaline/CCS,0%,,Flake,Complete,,,,,,,,,,,,,,,,,,,,,,Yes,Hertzian,Feather,,,,,,,,,,,,,RECTANGULAR,NotPrepared,No,5.89,1.92,Main,,,,,,,,,,,14.72,14.72,8.68,8.68,1.28,0.24,,N,
1134,LIK,XI,M5c-039,,,Hornfels,0%,,Flake,Complete,,,,,,,0,,0,0,0,0,0,0,0,0,0,0,0,0,0,Yes,Hertzian,Feather,,0,0,0,0,0,0,0,0,0,0,0,RECTANGULAR,NotPrepared,No,4,0.87,Main,,,,,0,0,0,0,0,0,11.34,11.34,7.33,7.33,1.3,0.17,,N,
1135,LIK,XI,M5c-039,,,Hornfels,1-10%,Cobble,Flake,Proximal,,,,,,,,,,,,,,,,,,,,,,Yes,Hertzian,,,,,,,,,,,,,,TRIANGULAR,NotPrepared,No,9.92,1.39,,,,,,,,,,,,8.22,,11.37,,2.09,0.16,,N,
1136,LIK,XI,M5c-039,,,Hornfels,0%,,Flake,Distal,,,,,,,,,,,,,,,,,,,,,,,,Feather,,,,,,,,,,,,,TRIANGULAR,,,,,,,,,,,,,,,,12.62,,10.24,,2.53,0.35,,N,
1137,LIK,XI,M5c-039,,,Opaline/CCS,0%,,Flake,Complete,,,,,,,,,,,,,,,,,,,,,,Yes,Hertzian,Hinge,,,,,,,,,,,,,RECTANGULAR,NotPrepared,No,10.93,2.17,Main,,,,,,,,,,,17.9,17.9,13.47,13.47,1.97,0.87,,N,
1138,LIK,XI,M5c-039,,,Hornfels,0%,,Flake,Complete,,,,,,,,,,,,,,,,,,,,,,Yes,Bending,Feather,,,,,,,,,,,,,RECTANGULAR,NotPrepared,No,1.82,0.94,Main,,,,,,,,,,,22.03,22.03,8.66,8.66,1.53,0.3,,N,
1139,LIK,XI,M5c-039,,,Hornfels,0%,,Flake,Complete,,,,,,,,,,,,,,,,,,,,,,Yes,Hertzian,Feather,,,,,,,,,,,,,RECTANGULAR,NotPrepared,No,4.8,2.77,Main,,,,,,,,,,,14.32,14.32,5.53,5.53,1.3,0.16,,N,
1140,LIK,XI,M5c-039,,,Opaline/CCS,0%,,Flake,Complete,,,,,,,,,,,,,,,,,,,,,,Yes,Hertzian,Feather,,,,,,,,,,,,,OVAL,NotPrepared,No,4.64,1.25,Main,,,,,,,,,,,9.77,9.77,9.29,9.29,1.63,0.2,,N,
1141,LIK,XI,M5c-039,,,Opaline/CCS,0%,,Flake,Complete,,,,,,,,,,,,,,,,,,,,,,Yes,Hertzian,Feather,,,,,,,,,,,,,RECTANGULAR,NotPrepared,Yes,11.9,4.3,Main,,,,,,,,,,,11.86,11.86,12.71,12.71,4.29,0.77,Ret; Possible end-scraper,N,
1142,LIK,XI,O5B-039,,,Opaline/CCS,0%,,Flake,Complete,,,,,,,,,,,,,,,,,,,,,,Yes,Hertzian,Feather,,,,,,,,,,,,,RECTANGULAR,NotPrepared,No,12.09,3.08,Main,,,,,,,,,,,22.34,22.34,14.54,14.54,4.15,1.92,Ut,N,
115,LIK,XV,O4a-057,,,Opaline/CCS,0%,,Core,,Complete,,,,,,,,,,,,,,,,,,,,,,,,,,,,,,,,,,,,,,,,,,Platform,Bladelet,Spherical,10-40%,4,3,3,3,4,13.82,39.12,,26.32,,16.61,31.76,,N,
1143,LIK,XI,O5B-039,,,Opaline/CCS,0%,,Flake,Complete,,,,,,,,,,,,,,,,,,,,,,Yes,Hertzian,Feather,,,,,,,,,,,,,RECTANGULAR,NotPrepared,No,10.46,5.2,Main,,,,,,,,,,,34.42,34.42,23.82,23.82,10.53,9.77,,N,
1144,LIK,XI,O5B-039,,,Opaline/CCS,0%,,Flake,Complete,,,,,,,,,,,,,,,,,,,,,,Yes,Hertzian,Feather,,,,,,,,,,,,,RECTANGULAR,NotPrepared,No,9.18,7.3,Main,,,,,,,,,,,46.73,46.73,21.53,21.53,12.57,15.41,,N,
1145,LIK,XI,O5B-039,,,Opaline/CCS,0%,,Flake,Complete,,,,,,,,,,,,,,,,,,,,,,Yes,Bending,Feather,,,,,,,,,,,,,RECTANGULAR,NotPrepared,No,9.88,2.54,Main,,,,,,,,,,,31.89,31.89,14.52,14.52,10.23,6.29,Ret,N,
1146,LIK,XI,O5B-039,,,Opaline/CCS,0%,,Flake,Proximal,,,,,,,,,,,,,,,,,,,,,,Yes,Hertzian,,,,,,,,,,,,,,RECTANGULAR,NotPrepared,No,9.75,6.34,,,,,,,,,,,,36.85,,19.27,,9.67,4.8,Ret,N,
1147,LIK,XI,O5B-039,,,Opaline/CCS,0%,,Flake,Complete,,,,,,,,,,,,,,,,,,,,,,Yes,Hertzian,Feather,,,,,,,,,,,,,TRAPEZOIDAL,NotPrepared,No,6.05,2.09,Main,,,,,,,,,,,18.98,18.98,25.2,19.66,2.19,1.47,,N,
1148,LIK,XI,O5B-039,,,Opaline/CCS,0%,,Flake,Mesial,,,,,,,,,,,,,,,,,,,,,,,,,,,,,,,,,,,,,RECTANGULAR,,,,,,,,,,,,,,,,19.28,,16.93,,1.33,0.89,,N,
1149,LIK,XI,O5B-039,,,Opaline/CCS,0%,,Flake,Complete,,,,,,,,,,,,,,,,,,,,,,Yes,Hertzian,Feather,,,,,,,,,,,,,RECTANGULAR,NotPrepared,No,11.34,5.55,Main,,,,,,,,,,,43.75,43.75,23.71,21.06,3.28,4.53,Ret,N,
1150,LIK,XI,O5B-039,,,Opaline/CCS,0%,,Flake,Mesial,,,,,,,,,,,,,,,,,,,,,,,,,,,,,,,,,,,,,RECTANGULAR,,,,,,,,,,,,,,,,9.1,,28.5,,2.86,1.23,,N,
1151,LIK,XI,O5B-039,,,Opaline/CCS,0%,,Flake,Complete,,,,,,,,,,,,,,,,,,,,,,Yes,Hertzian,Feather,,,,,,,,,,,,,TRIANGULAR,NotPrepared,No,3.3,0.84,Main,,,,,,,,,,,31.5,31.5,12.04,8.12,1.59,0.73,Ret,N,
1152,LIK,XI,O5B-039,,,Opaline/CCS,0%,,Flake,Complete,,,,,,,,,,,,,,,,,,,,,,Yes,Hertzian,Feather,,,,,,,,,,,,,TRAPEZOIDAL,NotPrepared,No,7.85,1.24,Main,,,,,,,,,,,18.15,14.95,24.84,17.54,1.26,0.78,,N,
116,LIK,XV,O5b-057,,,Hornfels,0%,,Flake,Complete,,,,,,,,,,,,,,,,,,,,,,Yes,Hertzian,Feather,,,,,,,,,,,,,RECTANGULAR,NotPrepared,No,41.32,9.58,Main,,,,,,,,,,,24.96,24.96,54.53,54.53,10.24,16.49,,N,
1153,LIK,XI,O5B-039,,,Opaline/CCS,0%,,Flake,Distal,,,,,,,,,,,,,,,,,,,,,,,,Feather,,,,,,,,,,,,,RECTANGULAR,,,,,,,,,,,,,,,,17.99,,20.98,,3.05,1,,N,
1154,LIK,XI,O5B-039,,,Opaline/CCS,0%,,Flake,Proximal,,,,,,,,,,,,,,,,,,,,,,Yes,Hertzian,,,,,,,,,,,,,,TRAPEZOIDAL,ResidualFacetWithBulb,No,9.16,3.56,,,,,,,,,,,,14.83,,20.05,,2.76,0.97,,N,
1155,LIK,XI,O5B-039,,,Opaline/CCS,0%,,Flake,Complete,,,,,,,,,,,,,,,,,,,,,,Yes,Hertzian,Feather,,,,,,,,,,,,,RECTANGULAR,ResidualFacetWithBulb,No,7.61,6.62,Main,,,,,,,,,,,24.5,24.5,9.01,9.01,7.11,2.47,,N,
1156,LIK,XI,O5B-039,,,Opaline/CCS,0%,,Flake,Complete,,,,,,,,,,,,,,,,,,,,,,Yes,Bending,Feather,,,,,,,,,,,,,RHOMBUS,NotPrepared,No,8.99,2.98,Main,,,,,,,,,,,21.64,17.38,16.74,16.74,3.05,1.47,,N,
1157,LIK,XI,O5B-039,,,Opaline/CCS,40-60%,Cobble,Flake,Complete,,,,,,,,,,,,,,,,,,,,,,Yes,Hertzian,Crushed,,,,,,,,,,,,,RECTANGULAR,NotPrepared,No,8.74,4.21,Main,,,,,,,,,,,36.65,36.65,21.57,21.57,10.41,8.6,,N,
1158,LIK,XI,O5B-039,,,Opaline/CCS,10-40%,Cobble,Flake,Complete,,,,,,,,,,,,,,,,,,,,,,Yes,Hertzian,Feather,,,,,,,,,,,,,RECTANGULAR,Indeterminate,No,6.57,3.78,Main,,,,,,,,,,,28.97,28.97,8.93,8.93,4.82,1.31,,N,
1159,LIK,XI,O5B-039,,,Opaline/CCS,0%,,Flake,Complete,,,,,,,,,,,,,,,,,,,,,,Yes,Hertzian,Feather,,,,,,,,,,,,,RECTANGULAR,FacetWithBulb,No,9.84,4.58,Main,,,,,,,,,,,25.97,25.97,21.65,16.51,3.82,2.81,Ut,N,
1160,LIK,XI,O5B-039,,,Opaline/CCS,0%,,Flake,Complete,,,,,,,,,,,,,,,,,,,,,,Yes,Hertzian,Feather,,,,,,,,,,,,,RECTANGULAR,NotPrepared,No,7.57,2.03,Main,,,,,,,,,,,18.99,16.29,14.63,14.63,1.65,0.79,Ret,N,
1161,LIK,XI,O5B-039,,,Opaline/CCS,0%,,Flake,Complete,,,,,,,,,,,,,,,,,,,,,,Yes,Hertzian,Feather,,,,,,,,,,,,,RECTANGULAR,NotPrepared,No,4.95,1.61,Main,,,,,,,,,,,13.85,13.85,8.64,8.64,1.22,0.23,,N,
1162,LIK,XI,O5B-039,,,Opaline/CCS,0%,,Flake,Complete,,,,,,,,,,,,,,,,,,,,,,Yes,Hertzian,Feather,,,,,,,,,,,,,TRIANGULAR,NotPrepared,No,4.17,2.32,Main,,,,,,,,,,,27.11,27.11,16.2,9.91,4.59,1.72,Ret,N,
117,LIK,XV,O5b-057,,,Hornfels,0%,,Flake,Complete,,,,,,,,,,,,,,,,,,,,,,Yes,Wedging,Hinge,,,,,,,,,,,,,TRIANGULAR,NotPrepared,No,8.71,2.57,Main,,,,,,,,,,,19.22,19.22,28.01,18.66,3.24,2.45,,N,
1163,LIK,XI,O5b-039,,,Opaline/CCS,0%,,Flake,Complete,,,,,,,,,,,,,,,,,,,,,,Yes,Hertzian,Feather,,,,,,,,,,,,,RECTANGULAR,NotPrepared,No,6.17,1.63,Main,,,,,,,,,,,13.75,13.75,13.4,9.93,2.65,0.56,,N,
1164,LIK,XI,O5b-039,,,Opaline/CCS,0%,,Flake,Distal,,,,,,,,,,,,,,,,,,,,,,,,Feather,,,,,,,,,,,,,RECTANGULAR,,,,,,,,,,,,,,,,23.35,,10.86,,1.97,0.67,,N,
1165,LIK,XI,O5b-039,,,Opaline/CCS,0%,,Flake,Complete,,,,,,,,,,,,,,,,,,,,,,Yes,Hertzian,Feather,,,,,,,,,,,,,RECTANGULAR,NotPrepared,No,3.3,1.24,Main,,,,,,,,,,,31.2,31.2,12.67,12.67,2.19,1.49,,N,
1166,LIK,XI,O5b-039,,,Opaline/CCS,0%,,Flake,Complete,,,,,,,,,,,,,,,,,,,,,,Yes,Hertzian,Feather,,,,,,,,,,,,,RECTANGULAR,NotPrepared,No,4.96,1.82,Main,,,,,,,,,,,22.37,22.37,8.72,8.72,3.37,0.54,Ut,N,
1167,LIK,XI,O5b-039,,,Opaline/CCS,0%,,Flake,Complete,,,,,,,,,,,,,,,,,,,,,,Yes,Hertzian,Feather,,,,,,,,,,,,,TRIANGULAR,NotPrepared,No,12.79,4.38,Main,,,,,,,,,,,14.76,12.35,12.76,12.24,4.3,0.84,Ut,N,
1168,LIK,XI,O5b-039,,,Opaline/CCS,0%,,Flake,Mesial,,,,,,,,,,,,,,,,,,,,,,,,,,,,,,,,,,,,,TRAPEZOIDAL,,,,,,,,,,,,,,,,14.04,,13.51,,2.8,0.65,,N,
1169,LIK,XI,O5b-039,,,Opaline/CCS,0%,,Flake,Complete,,,,,,,,,,,,,,,,,,,,,,Yes,Hertzian,Feather,,,,,,,,,,,,,RECTANGULAR,NotPrepared,No,7.12,1.43,Main,,,,,,,,,,,12.76,12.76,21.26,19.28,2.45,0.84,,N,
1170,LIK,XI,O5b-039,,,Opaline/CCS,0%,,Flake,Fragment,,,,,,,,,,,,,,,,,,,,,,,,,,,,,,,,,,,,,TRIANGULAR,,,,,,,,,,,,,,,,21.72,,11.85,,4.6,0.85,Ut; Possible point; image on phone,Y,
1171,LIK,XI,O5b-039,,,Opaline/CCS,0%,,Flake,Distal,,,,,,,,,,,,,,,,,,,,,,,,Feather,,,,,,,,,,,,,RECTANGULAR,,,,,,,,,,,,,,,,23.84,,10.91,,1.78,0.54,,N,
1172,LIK,XI,O5b-039,,,Opaline/CCS,0%,,Flake,Complete,,,,,,,,,,,,,,,,,,,,,,Yes,Hertzian,Hinge,,,,,,,,,,,,,TRAPEZOIDAL,NotPrepared,No,7.23,2.54,Main,,,,,,,,,,,13.44,13.44,27.73,13.05,2.85,0.91,,N,
118,LIK,XV,O5b-057,,,Hornfels,10-40%,Outcrop,Flake,Complete,,,,,,,,,,,,,,,,,,,,,,Yes,Hertzian,Feather,,,,,,,,,,,,,TRIANGULAR,NotPrepared,No,37.4,13.31,Main,,,,,,,,,,,80.47,80.47,61.4,51.81,9.12,49.75,,N,
1173,LIK,XI,O5b-039,,,Opaline/CCS,0%,,Flake,Complete,,,,,,,,,,,,,,,,,,,,,,Yes,Hertzian,Feather,,,,,,,,,,,,,RECTANGULAR,NotPrepared,No,7.02,3.2,Main,,,,,,,,,,,14.35,14.35,12.93,7.33,2.18,0.41,,N,
1174,LIK,XI,O5b-039,,,Opaline/CCS,0%,,Flake,Complete,,,,,,,,,,,,,,,,,,,,,,Yes,Hertzian,Feather,,,,,,,,,,,,,RECTANGULAR,ResidualFacetWithBulb,No,11.03,2.2,Main,,,,,,,,,,,11.87,11.87,14.45,12.7,2.21,0.48,,N,
1175,LIK,XI,O5b-039,,,Opaline/CCS,0%,,Flake,Complete,,,,,,,,,,,,,,,,,,,,,,Yes,Hertzian,Feather,,,,,,,,,,,,,RECTANGULAR,NotPrepared,No,2.39,1.08,Main,,,,,,,,,,,14.27,14.27,6.8,6.8,1.91,0.22,,N,
1176,LIK,XI,O5b-039,,,Opaline/CCS,0%,,Flake,Complete,,,,,,,,,,,,,,,,,,,,,,Yes,Hertzian,Feather,,,,,,,,,,,,,TRIANGULAR,NotPrepared,No,5.78,1.77,Main,,,,,,,,,,,11.99,11.99,8.75,8.23,1.72,0.21,,N,
1177,LIK,XI,O5b-039,,,Opaline/CCS,0%,,Flake,Complete,,,,,,,,,,,,,,,,,,,,,,Yes,Hertzian,Feather,,,,,,,,,,,,,RECTANGULAR,NotPrepared,No,3.5,1.91,Main,,,,,,,,,,,12.05,12.05,6.85,6.85,1.68,0.26,,N,
1178,LIK,XI,O5b-039,,,Opaline/CCS,0%,,Flake,Complete,,,,,,,,,,,,,,,,,,,,,,Yes,Hertzian,Feather,,,,,,,,,,,,,RECTANGULAR,NotPrepared,No,4.7,2.11,Main,,,,,,,,,,,17.15,17.15,11.33,8.14,2.23,0.49,,N,
1179,LIK,XI,O5b-039,,,Opaline/CCS,0%,,Flake,Complete,,,,,,,,,,,,,,,,,,,,,,Yes,Hertzian,Feather,,,,,,,,,,,,,TRIANGULAR,NotPrepared,No,5.02,1.49,Main,,,,,,,,,,,12.05,12.05,7.64,5.75,1.42,0.11,,N,
1180,LIK,XI,O5b-039,,,Opaline/CCS,0%,,Flake,Complete,,,,,,,,,,,,,,,,,,,,,,Yes,Hertzian,Feather,,,,,,,,,,,,,RECTANGULAR,NotPrepared,No,4.21,1.7,Main,,,,,,,,,,,10.83,10.25,12.9,9.29,1.87,0.32,Ret,N,
1181,LIK,XI,O5b-039,,,Opaline/CCS,0%,,Flake,Complete,,,,,,,,,,,,,,,,,,,,,,Yes,Hertzian,Feather,,,,,,,,,,,,,TRAPEZOIDAL,NotPrepared,No,3.73,1.1,Main,,,,,,,,,,,7.96,7.96,13.15,13.15,1.71,0.16,,N,
1182,LIK,XI,O5b-039,,,Opaline/CCS,0%,,Flake,Complete,,,,,,,,,,,,,,,,,,,,,,Yes,Hertzian,Feather,,,,,,,,,,,,,OVAL,NotPrepared,No,3.54,1.39,Main,,,,,,,,,,,10.57,10.57,10.88,10.88,1.79,0.19,Ut,N,
119,LIK,XV,O5b-057,,,Hornfels,0%,,Flake,Complete,,,,,,,,,,,,,,,,,,,,,,Yes,Hertzian,Feather,,,,,,,,,,,,,TRIANGULAR,NotPrepared,No,6.49,1.9,Main,,,,,,,,,,,21.03,21.03,14,10.62,2.25,0.52,,N,
1183,LIK,XI,O5b-039,,,Opaline/CCS,0%,,Flake,Proximal,,,,,,,,,,,,,,,,,,,,,,Yes,Hertzian,,,,,,,,,,,,,,RECTANGULAR,NotPrepared,No,6.45,3.03,,,,,,,,,,,,15.83,,8.44,,3.93,0.58,,N,
1184,LIK,XI,O5b-039,,,Opaline/CCS,0%,,Flake,Complete,,,,,,,,,,,,,,,,,,,,,,Yes,Hertzian,Feather,,,,,,,,,,,,,RECTANGULAR,NotPrepared,No,4.82,1.99,Main,,,,,,,,,,,12.31,12.31,4.33,4.33,3.52,0.2,,N,
1185,LIK,XI,O5b-039,,,Opaline/CCS,0%,,Flake,Complete,,,,,,,,,,,,,,,,,,,,,,Yes,Hertzian,Feather,,,,,,,,,,,,,TRIANGULAR,ResidualFacetWithBulb,No,7.72,2.35,Main,,,,,,,,,,,13.78,12.23,9.07,7.81,0.89,0.21,,N,
1186,LIK,XI,O5b-039,,,Opaline/CCS,0%,,Flake,Complete,,,,,,,,,,,,,,,,,,,,,,Yes,Bending,Feather,,,,,,,,,,,,,TRIANGULAR,NotPrepared,No,7.48,1.02,Main,,,,,,,,,,,11.26,11.26,8.16,5.91,1.36,0.11,,N,
1187,LIK,XI,O5b-039,,,Opaline/CCS,0%,,Flake,Complete,,,,,,,,,,,,,,,,,,,,,,Yes,Hertzian,Feather,,,,,,,,,,,,,TRIANGULAR,NotPrepared,No,6.14,1.99,Main,,,,,,,,,,,13.37,13.37,6.58,6.68,1.43,0.16,Ut,N,
1188,LIK,XI,O5b-039,,,Opaline/CCS,0%,,Flake,Proximal,,,,,,,,,,,,,,,,,,,,,,Yes,Hertzian,,,,,,,,,,,,,,TRAPEZOIDAL,NotPrepared,No,5.85,1.65,,,,,,,,,,,,8.51,,11.81,,2.23,0.21,,N,
1189,LIK,XI,O5b-039,,,Hornfels,0%,,Flake,Complete,,,,,,,,,,,,,,,,,,,,,,Yes,Hertzian,Feather,,,,,,,,,,,,,TRIANGULAR,NotPrepared,Yes,17.51,13.4,Main,,,,,,,,,,,27.88,27.88,24.61,24.61,9.7,8.89,Ut,N,
1190,LIK,XI,O5b-039,,,Hornfels,0%,,Flake,Complete,,,,,,,,,,,,,,,,,,,,,,Yes,Hertzian,Feather,,,,,,,,,,,,,RECTANGULAR,NotPrepared,No,9.29,1.99,Main,,,,,,,,,,,21.46,21.46,14.43,14.43,3.87,1,,N,
1191,LIK,XI,O5b-039,,,Hornfels,0%,,Flake,Complete,,,,,,,,,,,,,,,,,,,,,,Yes,Bending,Feather,,,,,,,,,,,,,TRIANGULAR,NotPrepared,No,17.99,3.56,Main,,,,,,,,,,,29.86,29.86,20.37,15.61,4.47,3.21,,N,
1192,LIK,XI,O5b-039,,,Hornfels,0%,,Flake,Complete,,,,,,,,,,,,,,,,,,,,,,Yes,Hertzian,Feather,,,,,,,,,,,,,RECTANGULAR,NotPrepared,No,19.05,7.46,Main,,,,,,,,,,,38.78,38.78,16.29,16.29,10.64,12.49,Ut,N,
120,LIK,XV,O5b-057,,,Hornfels,0%,,Flake,Complete,,,,,,,,,,,,,,,,,,,,,,Yes,Hertzian,Feather,,,,,,,,,,,,,RECTANGULAR,NotPrepared,No,5.03,2.68,Main,,,,,,,,,,,16.36,16.36,14.25,14.25,1.54,0.41,,N,
1193,LIK,XI,O5b-039,,,Hornfels,0%,,Flake,Complete,,,,,,,,,,,,,,,,,,,,,,Yes,Hertzian,Feather,,,,,,,,,,,,,TRIANGULAR,NotPrepared,No,22.23,3.07,Main,,,,,,,,,,,22.54,15.08,27.94,22.53,3.35,2.38,,N,
1194,LIK,XI,O5b-039,,,Hornfels,0%,,Flake,Complete,,,,,,,,,,,,,,,,,,,,,,Yes,Hertzian,Feather,,,,,,,,,,,,,TRIANGULAR,NotPrepared,No,6.11,4.62,Main,,,,,,,,,,,18.79,18.79,27.44,22.16,4.71,2.21,,N,
1195,LIK,XI,O5b-039,,,Hornfels,0%,,Flake,Complete,,,,,,,,,,,,,,,,,,,,,,Yes,Hertzian,Feather,,,,,,,,,,,,,RECTANGULAR,NotPrepared,No,7.32,5.34,Main,,,,,,,,,,,27.2,27.2,12.66,12.66,7.24,2.8,,N,
1196,LIK,XI,O5b-039,,,Hornfels,0%,,Flake,Complete,,,,,,,,,,,,,,,,,,,,,,Yes,Hertzian,Feather,,,,,,,,,,,,,TRIANGULAR,NotPrepared,No,16.12,2.96,Main,,,,,,,,,,,9.63,9.63,22.33,14.08,2.51,0.53,,N,
1197,LIK,XI,O5b-039,,,Hornfels,0%,,Flake,Complete,,,,,,,,,,,,,,,,,,,,,,Yes,Hertzian,Feather,,,,,,,,,,,,,TRIANGULAR,NotPrepared,No,8.3,6.02,Main,,,,,,,,,,,14.18,14.18,8.97,8.97,3.25,0.36,,N,
1198,LIK,XI,O5b-039,,,Hornfels,0%,,Flake,Complete,,,,,,,,,,,,,,,,,,,,,,Yes,Hertzian,Feather,,,,,,,,,,,,,RECTANGULAR,NotPrepared,No,6.59,2.09,Main,,,,,,,,,,,13.68,13.68,22.05,22.05,3.21,0.66,,N,
1199,LIK,XI,O5b-039,,,Hornfels,0%,,Flake,Proximal,,,,,,,,,,,,,,,,,,,,,,Yes,Hertzian,,,,,,,,,,,,,,RECTANGULAR,NotPrepared,No,15.61,5.79,,,,,,,,,,,,11.15,,16.65,,3.95,0.79,,N,
1200,LIK,XI,O5b-039,,,Hornfels,0%,,Flake,Complete,,,,,,,,,,,,,,,,,,,,,,Yes,Hertzian,Feather,,,,,,,,,,,,,RECTANGULAR,NotPrepared,No,9.04,3.96,Main,,,,,,,,,,,13.38,13.38,12.09,12.09,3.24,0.47,,N,
1201,LIK,XI,O5b-039,,,Hornfels,0%,,Flake,Complete,,,,,,,,,,,,,,,,,,,,,,Yes,Hertzian,Feather,,,,,,,,,,,,,RECTANGULAR,NotPrepared,No,6.87,1.94,Main,,,,,,,,,,,11.47,11.47,8.59,8.59,1.39,0.19,,N,
1202,LIK,XI,O5b-039,,,Hornfels,0%,,Flake,Complete,,,,,,,,,,,,,,,,,,,,,,Yes,Hertzian,Feather,,,,,,,,,,,,,KITE,NotPrepared,No,9.04,4.3,Main,,,,,,,,,,,10.43,10.43,20.94,13.66,3.14,0.68,,N,
12,LIK,XV,O5c-057,,,Opaline/CCS,0%,,Flake,Complete,,,,,,,,,,,,,,,,,,,,,,Yes,Bending,Feather,,,,,,,,,,,,,TRAPEZOIDAL,NotPrepared,No,14.28,7.41,Main,,,,,,,,,,,18.88,18.88,22.44,18.29,2.69,1.86,,N,
121,LIK,XV,O5b-057,,,Hornfels,0%,,Flake,Proximal,,,,,,,,,,,,,,,,,,,,,,Yes,Hertzian,,,,,,,,,,,,,,TRIANGULAR,NotPrepared,No,8.03,1.31,,,,,,,,,,,,10.15,,16.04,,1.96,0.29,,N,
1203,LIK,XI,O5b-039,,,Hornfels,0%,,Flake,Proximal,,,,,,,,,,,,,,,,,,,,,,Yes,Hertzian,,,,,,,,,,,,,,OVAL,NotPrepared,No,5.16,2.03,,,,,,,,,,,,11.39,,13.89,,2.67,0.46,,N,
1204,LIK,XI,O5b-039,,,Quartzite,0%,,Flake,Complete,,,,,,,,,,,,,,,,,,,,,,Yes,Hertzian,Feather,,,,,,,,,,,,,RECTANGULAR,NotPrepared,No,3.9,1.08,Main,,,,,,,,,,,13.8,13.8,7.3,7.3,1.51,0.17,Ut,N,
1205,LIK,XI,O5b-039,,,Quartzite,0%,,Flake,Complete,,,,,,,,,,,,,,,,,,,,,,Yes,Hertzian,Feather,,,,,,,,,,,,,RECTANGULAR,NotPrepared,No,5.6,2.46,Main,,,,,,,,,,,17.84,17.84,9.58,9.58,3.13,0.48,Ut,N,
1206,LIK,XI,O5b-039,,,Quartzite,0%,,Flake,Proximal,,,,,,,,,,,,,,,,,,,,,,Yes,Hertzian,,,,,,,,,,,,,,TRIANGULAR,NotPrepared,No,15.3,3.85,,,,,,,,,,,,10.39,,17.73,,3.25,0.61,,N,
1207,LIK,XI,O5b-039,,,Quartzite,0%,,Flake,Complete,,,,,,,,,,,,,,,,,,,,,,Yes,Hertzian,Feather,,,,,,,,,,,,,RECTANGULAR,NotPrepared,No,10.51,5.53,Main,,,,,,,,,,,18.26,18.26,15.29,15.29,3.94,1.43,,N,
1208,LIK,XI,O5b-039,,,Quartzite,0%,,Flake,Complete,,,,,,,,,,,,,,,,,,,,,,Yes,Bending,Feather,,,,,,,,,,,,,RECTANGULAR,NotPrepared,No,11.24,3.81,Main,,,,,,,,,,,13.66,13.66,14.87,14.87,2.53,0.69,,N,
1209,LIK,XI,O5b-039,,,Quartzite,0%,,Flake,Complete,,,,,,,,,,,,,,,,,,,,,,Yes,Hertzian,Feather,,,,,,,,,,,,,RECTANGULAR,NotPrepared,No,8.58,2.01,Main,,,,,,,,,,,12.8,12.8,11.65,9.13,1.51,0.27,,N,
1210,LIK,XI,O5b-039,,,Quartzite,0%,,Flake,Complete,,,,,,,,,,,,,,,,,,,,,,Yes,Hertzian,Feather,,,,,,,,,,,,,TRAPEZOIDAL,NotPrepared,No,11.58,2.36,Main,,,,,,,,,,,34.81,25.57,43.5,32.1,9.12,8.82,Ut,N,
1211,LIK,XI,O5b-039,,,Tuff,0%,,Flake,Complete,,,,,,,,,,,,,,,,,,,,,,Yes,Hertzian,Feather,,,,,,,,,,,,,TRIANGULAR,NotPrepared,No,11.64,1.63,Main,,,,,,,,,,,12.34,12.34,14,9.93,1.74,0.25,,N,
1212,LIK,XI,O5b-039,,,Tuff,0%,,Flake,Complete,,,,,,,,,,,,,,,,,,,,,,Yes,Hertzian,Feather,,,,,,,,,,,,,TRIANGULAR,NotPrepared,No,19.21,2.96,Main,,,,,,,,,,,28.52,28.52,27.22,23.63,6.85,5,,N,
122,LIK,XV,O5b-057,,,Hornfels,1-10%,Outcrop,Flake,Complete,,,,,,,,,,,,,,,,,,,,,,Yes,Bending,Feather,,,,,,,,,,,,,TRAPEZOIDAL,NotPrepared,No,24.64,2.95,Main,,,,,,,,,,,15.62,15.62,25.36,19.64,3.26,1.28,,N,
1213,LIK,XI,O5b-039,,,Hornfels,40-60%,Cobble,Flake,Complete,,,,,,,,,,,,,,,,,,,,,,Yes,Bending,Feather,,,,,,,,,,,,,TRIANGULAR,NotPrepared,No,16.39,11.34,Main,,,,,,,,,,,25.72,25.72,16.75,14.76,7.85,4.84,,N,
1214,LIK,XI,O5b-039,,,Hornfels,0%,,Flake,Complete,,,,,,,,,,,,,,,,,,,,,,Yes,Hertzian,Feather,,,,,,,,,,,,,OVAL,NotPrepared,No,21.5,5.87,Main,,,,,,,,,,,34.5,34.5,36.02,33.87,4.6,6.36,Ut,N,
1215,LIK,XI,O5b-039,,,Hornfels,0%,,Flake,Complete,,,,,,,,,,,,,,,,,,,,,,Yes,Hertzian,Feather,,,,,,,,,,,,,RECTANGULAR,NotPrepared,No,17.08,6.09,Main,,,,,,,,,,,47.68,47.68,18.03,18.03,9.62,10.14,Ut,N,
1216,LIK,XI,O5b-039,,,Hornfels,0%,,Flake,Complete,,,,,,,,,,,,,,,,,,,,,,Yes,Hertzian,Feather,,,,,,,,,,,,,RECTANGULAR,ResidualFacetWithBulb,No,21.24,5.99,Main,,,,,,,,,,,29.93,22.19,33.5,33.5,9.05,7.31,Ut,N,
1217,LIK,XI,O5b-039,,,Quartzite,0%,,Flake,Complete,,,,,,,,,,,,,,,,,,,,,,Yes,Hertzian,Feather,,,,,,,,,,,,,TRAPEZOIDAL,NotPrepared,No,28.38,5.34,Main,,,,,,,,,,,36.95,36.95,64.04,42.02,12.89,30.07,Ut,N,
1218,LIK,XI,O5b-039,,,Opaline/CCS,0%,,Flake,Complete,,,,,,,,,,,,,,,,,,,,,,Yes,Hertzian,Feather,,,,,,,,,,,,,RECTANGULAR,NotPrepared,No,11.14,5.44,Initial,,,,,,,,,,,45.68,36.58,16.5,16.5,9.13,11.45,Ret,N,
1219,LIK,XI,O5b-039,,,Opaline/CCS,0%,,Flake,Complete,,,,,,,,,,,,,,,,,,,,,,Yes,Hertzian,Feather,,,,,,,,,,,,,RECTANGULAR,NotPrepared,No,8.12,1.99,Main,,,,,,,,,,,38.25,38.25,16.55,16.55,3.39,2.8,Ut,N,
1220,LIK,XI,O5b-039,,,Opaline/CCS,1-10%,Cobble,Flake,Complete,,,,,,,,,,,,,,,,,,,,,,Yes,Hertzian,Feather,,,,,,,,,,,,,KITE,NotPrepared,No,5.82,1.73,Main,,,,,,,,,,,45.77,45.77,30.01,30.01,7.15,9.41,Ut,N,
1221,LIK,XI,O5b-039,,,Opaline/CCS,0%,,Flake,Complete,,,,,,,,,,,,,,,,,,,,,,Yes,Hertzian,Feather,,,,,,,,,,,,,RECTANGULAR,NotPrepared,No,4.77,1.4,Main,,,,,,,,,,,11.61,11.61,8.76,6.73,1.57,0.22,Ut,N,
1222,LIK,XI,O5b-039,,,Hornfels,0%,,Flake,Complete,,,,,,,,,,,,,,,,,,,,,,Yes,Hertzian,Feather,,,,,,,,,,,,,RECTANGULAR,ResidualFacetWithBulb,No,18.49,4.54,Main,,,,,,,,,,,34.69,32.88,30.01,30.01,8.82,9.29,Ut,N,
123,LIK,XV,O5b-057,,,Opaline/CCS,0%,,Flake,Complete,,,,,,,,,,,,,,,,,,,,,,Yes,Hertzian,Overshot,,,,,,,,,,,,,RECTANGULAR,NotPrepared,No,11.81,3.19,Main,,,,,,,,,,,19.93,19.93,19.83,19.83,4.23,1.82,,N,
1223,LIK,XI,O5b-039,,,Tuff,0%,,Flake,Complete,,,,,,,,,,,,,,,,,,,,,,Yes,Hertzian,Feather,,,,,,,,,,,,,TRIANGULAR,NotPrepared,No,6.17,1.99,Main,,,,,,,,,,,34.17,34.17,11.91,11.91,2.33,1.5,Ut; Possible point,N,
1224,LIK,XI,O5b-039,,,Tuff,0%,,Flake,Complete,,,,,,,,,,,,,,,,,,,,,,Yes,Hertzian,Feather,,,,,,,,,,,,,TRIANGULAR,NotPrepared,No,20.27,7.18,Main,,,,,,,,,,,42.32,42.32,21.92,20.29,7.05,6.59,Ut; Possible point,N,
1225,LIK,XI,O5b-039,,,Quartzite,0%,,Flake,Complete,,,,,,,,,,,,,,,,,,,,,,Yes,Hertzian,Feather,,,,,,,,,,,,,TRAPEZOIDAL,NotPrepared,No,13.33,4.31,Main,,,,,,,,,,,21.58,21.58,30.13,25.19,5.94,4.93,Ut,N,
1226,LIK,XI,O5b-039,,,Quartzite,0%,,Flake,Complete,,,,,,,,,,,,,,,,,,,,,,Yes,Hertzian,Feather,,,,,,,,,,,,,RHOMBUS,NotPrepared,No,18.92,4.65,Main,,,,,,,,,,,51.93,40.72,54.39,41.9,13.4,38.23,Ut,N,
1227,LIK,XI,P4-039,,,Opaline/CCS,0%,,Flake,Complete,,,,,,,,,,,,,,,,,,,,,,Yes,Bending,Feather,,,,,,,,,,,,,RECTANGULAR,NotPrepared,No,30.93,9.81,Main,,,,,,,,,,,15.52,15.52,44.87,38.52,11.25,9.91,Ret,N,
1228,LIK,XI,P4-039,,,Opaline/CCS,0%,,Flake,Complete,,,,,,,,,,,,,,,,,,,,,,Yes,Wedging,Feather,,,,,,,,,,,,,KITE,NotPrepared,No,5.78,1.75,Main,,,,,,,,,,,38.53,38.53,21.75,21.75,3.79,2.57,Ut,N,
1229,LIK,XI,P4-039,,,Opaline/CCS,0%,,Flake,Complete,,,,,,,,,,,,,,,,,,,,,,Yes,Hertzian,Feather,,,,,,,,,,,,,OVAL,NotPrepared,No,11.12,4.59,Main,,,,,,,,,,,26.22,26.22,21.14,21.14,7.23,4.86,,N,
1230,LIK,I,P4-039,,,Opaline/CCS,0%,,Flake,Complete,,,,,,,,,,,,,,,,,,,,,,Yes,Hertzian,Feather,,,,,,,,,,,,,RECTANGULAR,NotPrepared,No,20.56,9.59,Main,,,,,,,,,,,17.49,17.49,34.62,28.89,11.27,10.27,,N,
1231,LIK,XI,P4-039,,,Opaline/CCS,10-40%,Outcrop,Flake,Complete,,,,,,,,,,,,,,,,,,,,,,Yes,Hertzian,Feather,,,,,,,,,,,,,RECTANGULAR,NotPrepared,No,14.68,5.31,Main,,,,,,,,,,,17.06,17.06,29.74,29.74,8.98,4.68,Ret; Ut,N,
1232,LIK,XI,P4-039,,,Opaline/CCS,0%,,Flake,Complete,,,,,,,,,,,,,,,,,,,,,,Yes,Hertzian,Feather,,,,,,,,,,,,,RECTANGULAR,NotPrepared,No,5.13,3.21,Main,,,,,,,,,,,37.1,37.1,13.17,10.69,4.61,2.2,,N,
124,LIK,XV,O5b-057,,,Opaline/CCS,0%,,Flake,Complete,,,,,,,,,,,,,,,,,,,,,,Yes,Bending,Feather,,,,,,,,,,,,,TRAPEZOIDAL,NotPrepared,No,4.46,1.32,Main,,,,,,,,,,,12.81,12.81,12.36,9.67,1.48,0.29,,N,
1233,LIK,XI,P4-039,,,Opaline/CCS,0%,,Flake,Complete,,,,,,,,,,,,,,,,,,,,,,Yes,Hertzian,Feather,,,,,,,,,,,,,RECTANGULAR,NotPrepared,No,6.72,1.83,Main,,,,,,,,,,,38.33,38.33,17.15,17.15,5.29,4.03,,N,
1234,LIK,XI,P4-039,,,Opaline/CCS,0%,,Flake,Complete,,,,,,,,,,,,,,,,,,,,,,Yes,Hertzian,Feather,,,,,,,,,,,,,TRIANGULAR,NotPrepared,No,16.57,6.09,Main,,,,,,,,,,,26.67,19.36,20.15,20.15,8.92,5.38,,N,
1235,LIK,XI,P4-039,,,Opaline/CCS,0%,,Flake,Complete,,,,,,,,,,,,,,,,,,,,,,Yes,Hertzian,Feather,,,,,,,,,,,,,OVAL,NotPrepared,No,15.49,9.75,Main,,,,,,,,,,,31.26,26.66,34.56,31.66,8.85,7.7,,N,
1236,LIK,XI,P4-039,,,Opaline/CCS,0%,,Flake,Proximal,,,,,,,,,,,,,,,,,,,,,,Yes,Hertzian,,,,,,,,,,,,,,RECTANGULAR,NotPrepared,No,9.16,3.48,,,,,,,,,,,,30.2,,21.36,,8.96,6.04,,N,
1237,LIK,XI,P4-039,,,Opaline/CCS,0%,,Flake,Proximal,,,,,,,,,,,,,,,,,,,,,,Yes,Hertzian,,,,,,,,,,,,,,RECTANGULAR,NotPrepared,No,22.35,6.52,,,,,,,,,,,,17.72,,34.84,,9.18,9.41,,N,
1238,LIK,XI,P4-039,,,Opaline/CCS,0%,,Flake,Complete,,,,,,,,,,,,,,,,,,,,,,Yes,Hertzian,Feather,,,,,,,,,,,,,TRAPEZOIDAL,NotPrepared,No,22.47,7.17,Main,,,,,,,,,,,18.61,15.36,44.19,31.72,10.77,7.59,Yuck!,N,
1239,LIK,XI,P4-039,,,Opaline/CCS,0%,,Flake,Mesial,,,,,,,,,,,,,,,,,,,,,,,,,,,,,,,,,,,,,RECTANGULAR,,,,,,,,,,,,,,,,31.1,,23.73,,3.67,4.24,,N,
1240,LIK,XI,P4-039,,,Opaline/CCS,0%,,Flake,Complete,,,,,,,,,,,,,,,,,,,,,,Yes,Hertzian,Feather,,,,,,,,,,,,,TRIANGULAR,NotPrepared,No,17.45,6.82,Main,,,,,,,,,,,34.28,34.28,24.46,23.61,4.44,5.44,Ut,N,
1241,LIK,XI,P4-039,,,Opaline/CCS,10-40%,Outcrop,Flake,Complete,,,,,,,,,,,,,,,,,,,,,,Yes,Hertzian,Feather,,,,,,,,,,,,,TRIANGULAR,NotPrepared,No,30.48,14.53,Main,,,,,,,,,,,31.61,31.61,31.73,26.17,11.12,11.72,,N,
1242,LIK,XI,P4-039,,,Opaline/CCS,0%,,Flake,Complete,,,,,,,,,,,,,,,,,,,,,,Yes,Hertzian,Feather,,,,,,,,,,,,,RECTANGULAR,NotPrepared,No,5.49,2.47,Main,,,,,,,,,,,29.32,29.32,10.23,10.23,3.57,1.45,,N,
125,LIK,XV,O5b-057,,,Opaline/CCS,0%,,Flake,Complete,,,,,,,,,,,,,,,,,,,,,,Yes,Hertzian,Feather,,,,,,,,,,,,,RECTANGULAR,NotPrepared,No,6.76,5.15,Main,,,,,,,,,,,32.63,32.63,12.77,12.77,10.25,5.57,,N,
1243,LIK,XI,P4-039,,,Opaline/CCS,0%,,Flake,Complete,,,,,,,,,,,,,,,,,,,,,,Yes,Hertzian,Feather,,,,,,,,,,,,,OVAL,NotPrepared,No,27.24,12.55,Main,,,,,,,,,,,23.45,23.45,33.33,33.33,16.55,15.35,,N,
1244,LIK,XI,P4-039,,,Opaline/CCS,0%,,Flake,Complete,,,,,,,,,,,,,,,,,,,,,,Yes,Hertzian,Feather,,,,,,,,,,,,,TRAPEZOIDAL,NotPrepared,No,18.95,4.01,Main,,,,,,,,,,,23.81,23.81,20.05,16.95,5.55,3.05,1244,Y,
1245,LIK,XI,P4-039,,,Opaline/CCS,0%,,Flake,Complete,,,,,,,,,,,,,,,,,,,,,,Yes,Hertzian,Feather,,,,,,,,,,,,,RECTANGULAR,NotPrepared,No,3.8,1.75,Main,,,,,,,,,,,23.55,23.55,12.33,12.33,2.58,0.69,Ut,N,
1246,LIK,XI,P4-039,,,Opaline/CCS,0%,,Core,,Complete,,,,,,,,,,,,,,,,,,,,,,,,,,,,,,,,,,,,,,,,,,Platform,Radial,Cubic,0%,3,3,2,1,4,9.73,16.95,,11.01,,5.51,1.18,,N,
1247,LIK,XI,P4-039,,,Opaline/CCS,0%,,Flake,Complete,,,,,,,,,,,,,,,,,,,,,,Yes,Hertzian,Feather,,,,,,,,,,,,,RECTANGULAR,NotPrepared,No,14.42,6.09,Main,,,,,,,,,,,28.8,28.8,25.63,25.63,6.75,7.22,Ut,N,
1248,LIK,XI,P4-039,,,Opaline/CCS,0%,,Flake,Complete,,,,,,,,,,,,,,,,,,,,,,Yes,Hertzian,Feather,,,,,,,,,,,,,RECTANGULAR,NotPrepared,No,10.93,4.28,Main,,,,,,,,,,,29.79,29.79,13.56,13.56,6.73,3.28,Ret,N,
1249,LIK,XI,P4-039,,,Opaline/CCS,1-10%,Cobble,Flake,Complete,,,,,,,,,,,,,,,,,,,,,,Yes,Hertzian,Overshot,,,,,,,,,,,,,RECTANGULAR,NotPrepared,No,15.22,8.5,Main,,,,,,,,,,,32.81,32.81,19.06,19.06,9.07,7.77,,N,
1250,LIK,XI,P4-039,,,Opaline/CCS,0%,,Flake,Fragment,,,,,,,,,,,,,,,,,,,,,,,,,,,,,,,,,,,,,RECTANGULAR,,,,,,,,,,,,,,,,30.48,,18.95,,7.02,4.63,Ret,N,
1251,LIK,XI,P4-039,,,Opaline/CCS,0%,,Flake,Complete,,,,,,,,,,,,,,,,,,,,,,Yes,Hertzian,Feather,,,,,,,,,,,,,TRIANGULAR,NotPrepared,No,12.49,5.65,Main,,,,,,,,,,,30.07,30.07,20.43,19.46,8.53,3.96,,N,
1252,LIK,XI,P4-039,,,Opaline/CCS,0%,,Flake,Complete,,,,,,,,,,,,,,,,,,,,,,Yes,Hertzian,Feather,,,,,,,,,,,,,RECTANGULAR,NotPrepared,No,5.33,2.07,Main,,,,,,,,,,,22.1,22.1,16.3,16.3,2.23,0.94,,N,
126,LIK,XV,O5b-057,,,Opaline/CCS,0%,,Flake,Complete,,,,,,,,,,,,,,,,,,,,,,Yes,Hertzian,Step,,,,,,,,,,,,,RECTANGULAR,NotPrepared,No,8.84,3.06,Main,,,,,,,,,,,21.27,21.27,9.62,9.62,2.62,0.75,,N,
1253,LIK,XI,P4-039,,,Opaline/CCS,0%,,Flake,Complete,,,,,,,,,,,,,,,,,,,,,,Yes,Hertzian,Feather,,,,,,,,,,,,,TRAPEZOIDAL,NotPrepared,No,7.43,3.42,Main,,,,,,,,,,,30.55,25.83,21.33,21.33,5.9,4.75,Ut,N,
1254,LIK,XI,P4-039,,,Opaline/CCS,0%,,Flake,Complete,,,,,,,,,,,,,,,,,,,,,,Yes,Hertzian,Feather,,,,,,,,,,,,,OVAL,NotPrepared,No,5.75,2.67,Main,,,,,,,,,,,26.05,26.05,16.05,16.5,7.96,2.4,,N,
1255,LIK,XI,P4-039,,,Opaline/CCS,0%,,Flake,Distal,,,,,,,,,,,,,,,,,,,,,,,,Feather,,,,,,,,,,,,,TRIANGULAR,,,,,,,,,,,,,,,,27.76,,17.19,,4.66,1.76,Ut,N,
1256,LIK,XI,P4-039,,,Opaline/CCS,0%,,Flake,Complete,,,,,,,,,,,,,,,,,,,,,,Yes,Hertzian,Hinge,,,,,,,,,,,,,TRAPEZOIDAL,NotPrepared,No,16.06,3.29,Main,,,,,,,,,,,24.91,24.91,36.81,36.81,8.38,7.37,,N,
1257,LIK,XI,P4-039,,,Opaline/CCS,0%,,Flake,Complete,,,,,,,,,,,,,,,,,,,,,,Yes,Hertzian,Feather,,,,,,,,,,,,,TRIANGULAR,NotPrepared,No,13.93,8.89,Main,,,,,,,,,,,32.46,27.22,30.85,30.85,9.67,11.53,,N,
1258,LIK,XI,P4-039,,,Opaline/CCS,0%,,Flake,Complete,,,,,,,,,,,,,,,,,,,,,,Yes,Hertzian,Feather,,,,,,,,,,,,,RECTANGULAR,NotPrepared,No,10.13,4.43,Main,,,,,,,,,,,33.15,33.15,22.76,22.76,4.11,3.96,Ut,N,
1259,LIK,XI,P4-039,,,Opaline/CCS,0%,,Flake,Mesial,,,,,,,,,,,,,,,,,,,,,,,,,,,,,,,,,,,,,RECTANGULAR,,,,,,,,,,,,,,,,26.68,,31.07,,8.6,6.62,Ut,N,
1260,LIK,XI,P4-039,,,Opaline/CCS,0%,,Flake,Complete,,,,,,,,,,,,,,,,,,,,,,Yes,Hertzian,Feather,,,,,,,,,,,,,RECTANGULAR,NotPrepared,No,5.06,3.39,Main,,,,,,,,,,,31.56,24.95,9.37,9.37,3.9,1.77,,N,
1261,LIK,XI,P4-039,,,Opaline/CCS,0%,,Flake,Complete,,,,,,,,,,,,,,,,,,,,,,Yes,Hertzian,Feather,,,,,,,,,,,,,RECTANGULAR,NotPrepared,No,3.86,1.3,Main,,,,,,,,,,,15.67,12.35,16.34,16.34,3.48,0.6,,N,
1262,LIK,XI,P4-039,,,Opaline/CCS,0%,,Flake,Complete,,,,,,,,,,,,,,,,,,,,,,Yes,Hertzian,Feather,,,,,,,,,,,,,RECTANGULAR,NotPrepared,No,4.63,1.94,Main,,,,,,,,,,,29.39,15.74,9.37,9.37,2.99,1,Ut,N,
127,LIK,XV,O5b-057,,,Opaline/CCS,0%,,Flake,Complete,,,,,,,,,,,,,,,,,,,,,,Yes,Hertzian,Feather,,,,,,,,,,,,,RECTANGULAR,Indeterminate,No,6.32,1.57,Main,,,,,,,,,,,19.23,14.84,24.78,24.78,4.31,1.94,,N,
1263,LIK,XI,P4-039,,,Opaline/CCS,0%,,Flake,Complete,,,,,,,,,,,,,,,,,,,,,,Yes,Hertzian,Feather,,,,,,,,,,,,,RECTANGULAR,NotPrepared,No,5.38,2.11,Main,,,,,,,,,,,28.18,28.18,8.3,8.3,3.5,1.05,Ut,N,
1264,LIK,XI,P4-039,,,Opaline/CCS,0%,,Flake,Complete,,,,,,,,,,,,,,,,,,,,,,Yes,Hertzian,Feather,,,,,,,,,,,,,RECTANGULAR,NotPrepared,No,5.87,2.5,Main,,,,,,,,,,,24.53,24.53,11.49,9.28,4.35,1.36,,N,
1265,LIK,XI,P4-039,,,Opaline/CCS,0%,,Flake,Complete,,,,,,,,,,,,,,,,,,,,,,Yes,Hertzian,Feather,,,,,,,,,,,,,RECTANGULAR,NotPrepared,No,5.44,1.76,Main,,,,,,,,,,,35.4,35.4,13.81,13.81,3.61,2.55,Ut,N,
1266,LIK,XI,P4-039,,,Opaline/CCS,0%,,Flake,Complete,,,,,,,,,,,,,,,,,,,,,,Yes,Hertzian,Feather,,,,,,,,,,,,,TRIANGULAR,NotPrepared,No,10.35,4.44,Main,,,,,,,,,,,22.98,22.98,14.55,12.43,7.67,3.95,,N,
1267,LIK,XI,P4-039,,,Opaline/CCS,0%,,Flake,Complete,,,,,,,,,,,,,,,,,,,,,,Yes,Hertzian,Feather,,,,,,,,,,,,,RECTANGULAR,NotPrepared,No,3.57,2.49,Main,,,,,,,,,,,27.05,27.05,9.06,9.06,2.34,0.75,Ut,N,
1268,LIK,XI,P4-039,,,Opaline/CCS,0%,,Flake,Complete,,,,,,,,,,,,,,,,,,,,,,Yes,Hertzian,Feather,,,,,,,,,,,,,TRIANGULAR,NotPrepared,No,11.15,2.37,Main,,,,,,,,,,,16.81,16.81,15.05,13.08,2.44,0.68,,N,
1269,LIK,XI,P4-039,,,Opaline/CCS,0%,,Flake,Complete,,,,,,,,,,,,,,,,,,,,,,Yes,Hertzian,Feather,,,,,,,,,,,,,RECTANGULAR,NotPrepared,No,4.76,1.56,Main,,,,,,,,,,,34.44,34.44,13.6,10.16,3.19,1.97,Ut,N,
1270,LIK,XI,P4-039,,,Opaline/CCS,0%,,Flake,Complete,,,,,,,,,,,,,,,,,,,,,,Yes,Hertzian,Feather,,,,,,,,,,,,,RECTANGULAR,NotPrepared,No,8.14,4.45,Main,,,,,,,,,,,26.12,26.12,19.15,15.06,6.33,5.18,,N,
1271,LIK,XI,P4-039,,,Opaline/CCS,0%,,Flake,Complete,,,,,,,,,,,,,,,,,,,,,,Yes,Hertzian,Feather,,,,,,,,,,,,,OVAL,NotPrepared,No,5.73,3.39,Main,,,,,,,,,,,16.08,16.08,14.07,11.77,2.75,0.89,Ut,N,
1272,LIK,XI,P4-039,,,Opaline/CCS,0%,,Flake,Complete,,,,,,,,,,,,,,,,,,,,,,Yes,Hertzian,Feather,,,,,,,,,,,,,TRIANGULAR,NotPrepared,No,4.97,2.21,Main,,,,,,,,,,,17.28,17.28,19.27,14.31,3.56,1.11,,N,
128,LIK,XV,O5b-057,,,Opaline/CCS,0%,,Flake,Complete,,,,,,,,,,,,,,,,,,,,,,Yes,Wedging,Feather,,,,,,,,,,,,,TRIANGULAR,NotPrepared,No,7.3,2.2,Main,,,,,,,,,,,21.96,21.96,11.74,11.74,6.32,1.76,,N,
1273,LIK,XI,P4-039,,,Opaline/CCS,0%,,Flake,Complete,,,,,,,,,,,,,,,,,,,,,,Yes,Hertzian,Step,,,,,,,,,,,,,RECTANGULAR,NotPrepared,No,3.41,3.17,Main,,,,,,,,,,,29.47,29.47,6.99,6.99,4.07,1.11,,N,
1274,LIK,XI,P4-039,,,Opaline/CCS,0%,,Flake,Proximal,,,,,,,,,,,,,,,,,,,,,,Yes,Hertzian,,,,,,,,,,,,,,RECTANGULAR,NotPrepared,No,4.23,1.82,,,,,,,,,,,,18.7,,13.41,,3.01,0.91,,N,
1275,LIK,XI,P4-039,,,Opaline/CCS,0%,,Flake,Distal,,,,,,,,,,,,,,,,,,,,,,,,Feather,,,,,,,,,,,,,RECTANGULAR,,,,,,,,,,,,,,,,30.12,,12.26,,3.42,1.13,Ut,N,
1276,LIK,XI,P4-039,,,Opaline/CCS,0%,,Flake,Complete,,,,,,,,,,,,,,,,,,,,,,Yes,Hertzian,Feather,,,,,,,,,,,,,RECTANGULAR,NotPrepared,No,8.1,1.44,Main,,,,,,,,,,,31.79,31.79,14.75,14.75,4.57,2.61,Ut,N,
1277,LIK,XI,P4-039,,,Opaline/CCS,0%,,Flake,Complete,,,,,,,,,,,,,,,,,,,,,,Yes,Hertzian,Feather,,,,,,,,,,,,,RECTANGULAR,NotPrepared,No,6.07,2.42,Main,,,,,,,,,,,19.55,19.55,15.05,12.68,2.19,0.7,,N,
1278,LIK,XI,P4-039,,,Opaline/CCS,0%,,Flake,Complete,,,,,,,,,,,,,,,,,,,,,,Yes,Hertzian,Feather,,,,,,,,,,,,,TRIANGULAR,NotPrepared,No,4.91,1.88,Main,,,,,,,,,,,28.16,28.16,18.91,15.78,2.52,1.04,,N,
1279,LIK,XI,P4-039,,,Opaline/CCS,0%,,Flake,Complete,,,,,,,,,,,,,,,,,,,,,,Yes,Hertzian,Feather,,,,,,,,,,,,,RECTANGULAR,NotPrepared,No,7.28,1.59,Main,,,,,,,,,,,19.91,19.91,14.86,14.86,3.05,1.18,,N,
1280,LIK,XI,P4-039,,,Opaline/CCS,0%,,Flake,Complete,,,,,,,,,,,,,,,,,,,,,,Yes,Hertzian,Overshot,,,,,,,,,,,,,TRIANGULAR,NotPrepared,No,4.45,4.99,Main,,,,,,,,,,,24.15,24.15,17.51,17.51,6.33,3.24,,N,
1281,LIK,XI,P4-039,,,Opaline/CCS,0%,,Flake,Complete,,,,,,,,,,,,,,,,,,,,,,Yes,Hertzian,Feather,,,,,,,,,,,,,RECTANGULAR,NotPrepared,No,4.94,3.52,Main,,,,,,,,,,,28.03,28.03,9.49,9.49,3.32,1.09,Ut,N,
1282,LIK,XI,P4-039,,,Opaline/CCS,0%,,Flake,Complete,,,,,,,,,,,,,,,,,,,,,,Yes,Hertzian,Feather,,,,,,,,,,,,,RECTANGULAR,NotPrepared,No,8.92,2.61,Main,,,,,,,,,,,30.23,30.23,13.94,13.94,3.15,1.59,,N,
129,LIK,XV,O5b-057,,,Quartzite,0%,,Flake,Complete,,,,,,,,,,,,,,,,,,,,,,Yes,Hertzian,Feather,,,,,,,,,,,,,TRAPEZOIDAL,NotPrepared,No,18.33,5.45,Main,,,,,,,,,,,30.86,30.86,44.42,34.07,8.33,11.26,,N,
1283,LIK,XI,P4-039,,,Opaline/CCS,0%,,Flake,Complete,,,,,,,,,,,,,,,,,,,,,,Yes,Hertzian,Feather,,,,,,,,,,,,,RECTANGULAR,Indeterminate,No,3.63,1.16,Main,,,,,,,,,,,27.4,27.4,11.68,11.68,3.46,1.67,,N,
1284,LIK,XI,P4-039,,,Opaline/CCS,0%,,Flake,Complete,,,,,,,,,,,,,,,,,,,,,,Yes,Hertzian,Feather,,,,,,,,,,,,,RECTANGULAR,NotPrepared,No,3.17,1.63,Main,,,,,,,,,,,26.84,26.84,7.33,7.33,3.87,0.64,,N,
1285,LIK,XI,P4-039,,,Opaline/CCS,0%,,Flake,Complete,,,,,,,,,,,,,,,,,,,,,,Yes,Hertzian,Feather,,,,,,,,,,,,,RECTANGULAR,NotPrepared,No,4.32,1.22,Main,,,,,,,,,,,18.76,18.76,12.54,12.54,2.86,0.59,,N,
1286,LIK,XI,P4-039,,,Opaline/CCS,0%,,Flake,Complete,,,,,,,,,,,,,,,,,,,,,,Yes,Hertzian,Feather,,,,,,,,,,,,,TRIANGULAR,NotPrepared,No,4.6,1.88,Main,,,,,,,,,,,22.69,22.41,17.34,12.91,1.9,0.73,,N,
1287,LIK,XI,P4-039,,,Opaline/CCS,0%,,Flake,Complete,,,,,,,,,,,,,,,,,,,,,,Yes,Hertzian,Feather,,,,,,,,,,,,,TRIANGULAR,NotPrepared,No,7.48,1.65,Main,,,,,,,,,,,14.16,14.16,8.08,8.08,2.29,0.33,,N,
1288,LIK,XI,P4-039,,,Opaline/CCS,0%,,Flake,Fragment,,,,,,,,,,,,,,,,,,,,,,,,,,,,,,,,,,,,,RECTANGULAR,,,,,,,,,,,,,,,,16.88,,15.5,,4.54,1.68,,N,
1289,LIK,XI,P4-039,,,Opaline/CCS,0%,,Flake,Complete,,,,,,,,,,,,,,,,,,,,,,Yes,Hertzian,Feather,,,,,,,,,,,,,RECTANGULAR,NotPrepared,No,12.42,7.93,Main,,,,,,,,,,,22.08,22.08,14.43,14.43,7.26,2.81,,N,
1290,LIK,XI,P4-039,,,Opaline/CCS,0%,,Flake,Complete,,,,,,,,,,,,,,,,,,,,,,Yes,Hertzian,Feather,,,,,,,,,,,,,TRIANGULAR,NotPrepared,No,14.67,3.58,Main,,,,,,,,,,,15.13,15.13,17.88,14.06,1.82,0.55,,N,
1291,LIK,XI,P4-039,,,Opaline/CCS,0%,,Flake,Complete,,,,,,,,,,,,,,,,,,,,,,Yes,Hertzian,Feather,,,,,,,,,,,,,RECTANGULAR,NotPrepared,No,12.89,3.53,Main,,,,,,,,,,,12.6,12.6,14.22,14.22,2.73,0.95,,N,
1292,LIK,XI,P4-039,,,Opaline/CCS,0%,,Flake,Complete,,,,,,,,,,,,,,,,,,,,,,Yes,Hertzian,Feather,,,,,,,,,,,,,RECTANGULAR,NotPrepared,No,3.92,2.99,Main,,,,,,,,,,,19.31,19.31,11.74,11.74,3.89,1.1,,N,
130,LIK,XV,O5b-057,,,Quartzite,0%,,Flake,Complete,,,,,,,,,,,,,,,,,,,,,,Yes,Hertzian,Feather,,,,,,,,,,,,,OVAL,NotPrepared,No,21.78,7.17,Main,,,,,,,,,,,34.81,22.16,24.05,24.05,5.9,5.17,,N,
1293,LIK,XI,P4-039,,,Opaline/CCS,0%,,Flake,Distal,,,,,,,,,,,,,,,,,,,,,,,,Feather,,,,,,,,,,,,,RECTANGULAR,,,,,,,,,,,,,,,,28.71,,8.28,,2.18,0.43,,N,
1294,LIK,XI,P4-039,,,Opaline/CCS,0%,,Flake,Complete,,,,,,,,,,,,,,,,,,,,,,Yes,Hertzian,Feather,,,,,,,,,,,,,RECTANGULAR,NotPrepared,No,3.72,1.38,Main,,,,,,,,,,,24.42,24.42,9.94,9.94,1.84,0.72,,N,
1295,LIK,XI,P4-039,,,Opaline/CCS,0%,,RetouchedTool,Complete,,BackedPiece,Backing,Indeteriminate,,234,,,,,,,,,12.6,10.98,11.63,4.5,6.25,6.76,0,,,,Flake,,,,,,,,,,,,,,,,,,,,,,,,,,,,20.07,,17.76,,3.79,1.73,,N,
1296,LIK,XI,P4-039,,,Opaline/CCS,0%,,Flake,Complete,,,,,,,,,,,,,,,,,,,,,,Yes,Hertzian,Feather,,,,,,,,,,,,,TRIANGULAR,ResidualFacetWithBulb,No,13.87,3.79,Main,,,,,,,,,,,21.85,18.64,17.5,13.54,4.75,1.59,,N,
1297,LIK,XI,P4-039,,,Opaline/CCS,0%,,Flake,Complete,,,,,,,,,,,,,,,,,,,,,,Yes,Hertzian,Feather,,,,,,,,,,,,,TRIANGULAR,Indeterminate,No,4.3,1.29,Main,,,,,,,,,,,19.46,19.46,8.93,8.93,1.14,0.26,,N,
1298,LIK,XI,P4-039,,,Opaline/CCS,0%,,Flake,Complete,,,,,,,,,,,,,,,,,,,,,,Yes,Hertzian,Feather,,,,,,,,,,,,,RECTANGULAR,NotPrepared,No,8.73,2.35,Main,,,,,,,,,,,18.18,18.18,17.64,17.64,4.05,1.97,Ut,N,
1299,LIK,XI,P4-039,,,Opaline/CCS,0%,,Flake,Complete,,,,,,,,,,,,,,,,,,,,,,Yes,Hertzian,Feather,,,,,,,,,,,,,RECTANGULAR,NotPrepared,No,8.26,4.35,Main,,,,,,,,,,,18.83,18.83,9.9,9.9,1.56,0.51,,N,
1300,LIK,XI,P4-039,,,Opaline/CCS,0%,,Flake,Complete,,,,,,,,,,,,,,,,,,,,,,Yes,Hertzian,Feather,,,,,,,,,,,,,TRAPEZOIDAL,ResidualFacetWithBulb,No,5.49,2.21,Main,,,,,,,,,,,17.97,17.97,22.8,18.42,1.87,0.8,,N,
1301,LIK,XI,P4-039,,,Opaline/CCS,0%,,Flake,Complete,,,,,,,,,,,,,,,,,,,,,,Yes,Hertzian,Feather,,,,,,,,,,,,,TRIANGULAR,NotPrepared,No,15.64,4.59,Main,,,,,,,,,,,25.53,25.53,16.16,15.52,4.66,3,,N,
1302,LIK,XI,P4-039,,,Opaline/CCS,0%,,Flake,Complete,,,,,,,,,,,,,,,,,,,,,,Yes,Hertzian,Feather,,,,,,,,,,,,,RHOMBUS,NotPrepared,No,11.21,3.74,Main,,,,,,,,,,,20.86,15.37,22.43,15.73,5.03,1.78,,N,
13,LIK,XV,O5c-057,,,Opaline/CCS,0%,,Flake,Complete,,,,,,,,,,,,,,,,,,,,,,Yes,Hertzian,Feather,,,,,,,,,,,,,OVAL,NotPrepared,No,9.95,1.97,Main,,,,,,,,,,,35.63,28.8,28.21,21.82,6.86,6.29,,N,
131,LIK,XV,O5b-057,,,Quartzite,0%,,Flake,Complete,,,,,,,,,,,,,,,,,,,,,,Yes,Wedging,Feather,,,,,,,,,,,,,RECTANGULAR,Indeterminate,No,7.63,2.14,Main,,,,,,,,,,,31.93,31.93,20.75,20.75,3.99,3.29,,N,
1303,LIK,XI,P4-039,,,Opaline/CCS,0%,,Flake,Complete,,,,,,,,,,,,,,,,,,,,,,Yes,Hertzian,Feather,,,,,,,,,,,,,TRIANGULAR,NotPrepared,No,4.18,1.15,Main,,,,,,,,,,,17.73,15.25,13.25,11.25,3.41,0.7,,N,
1304,LIK,XI,P4-039,,,Opaline/CCS,0%,,Flake,Complete,,,,,,,,,,,,,,,,,,,,,,Yes,Hertzian,Feather,,,,,,,,,,,,,RECTANGULAR,NotPrepared,No,6.83,5.65,Main,,,,,,,,,,,17.08,17.08,12.88,12.88,2.96,0.77,1304,Y,
1305,LIK,XI,P4-039,,,Opaline/CCS,0%,,Flake,Complete,,,,,,,,,,,,,,,,,,,,,,Yes,Hertzian,Feather,,,,,,,,,,,,,RECTANGULAR,NotPrepared,No,12.18,3.77,Main,,,,,,,,,,,10.65,10.65,13.89,13.89,4.77,0.84,,N,
1306,LIK,XI,P4-039,,,Opaline/CCS,0%,,Flake,Complete,,,,,,,,,,,,,,,,,,,,,,Yes,Hertzian,Feather,,,,,,,,,,,,,TRAPEZOIDAL,NotPrepared,No,8.82,4.66,Main,,,,,,,,,,,18.69,18.69,22.8,17.48,7.63,2.76,,N,
1307,LIK,XI,P4-039,,,Opaline/CCS,0%,,Flake,Complete,,,,,,,,,,,,,,,,,,,,,,Yes,Hertzian,Feather,,,,,,,,,,,,,TRIANGULAR,NotPrepared,No,9.9,2.62,Main,,,,,,,,,,,21.25,21.25,14.16,11.85,2.09,0.9,,N,
1308,LIK,XI,P4-039,,,Opaline/CCS,0%,,Flake,Complete,,,,,,,,,,,,,,,,,,,,,,Yes,Hertzian,Feather,,,,,,,,,,,,,RECTANGULAR,NotPrepared,No,9.08,2.93,Main,,,,,,,,,,,20.82,20.82,8.68,8.68,2.6,0.63,Ut,N,
1309,LIK,XI,P4-039,,,Opaline/CCS,0%,,Flake,Distal,,,,,,,,,,,,,,,,,,,,,,,,Feather,,,,,,,,,,,,,RECTANGULAR,,,,,,,,,,,,,,,,17.66,,24.83,,7.2,2.65,,N,
1310,LIK,XI,P4-039,,,Opaline/CCS,0%,,Flake,Complete,,,,,,,,,,,,,,,,,,,,,,Yes,Hertzian,Feather,,,,,,,,,,,,,RECTANGULAR,NotPrepared,No,4.54,2.71,Main,,,,,,,,,,,29.51,29.51,12.31,5.4,3.94,1,,N,
1311,LIK,XI,P4-039,,,Opaline/CCS,0%,,Flake,Complete,,,,,,,,,,,,,,,,,,,,,,Yes,Hertzian,Feather,,,,,,,,,,,,,KITE,NotPrepared,No,5.92,2.88,Main,,,,,,,,,,,26.82,26.82,20.12,20.12,3.49,1.29,,N,
1312,LIK,XI,P4-039,,,Opaline/CCS,0%,,Flake,Complete,,,,,,,,,,,,,,,,,,,,,,Yes,Hertzian,Feather,,,,,,,,,,,,,TRAPEZOIDAL,NotPrepared,No,11.17,2.68,Main,,,,,,,,,,,11.44,11.44,26.6,16.69,2.12,0.88,Ut,N,
132,LIK,XV,O5b-057,,,Quartzite,0%,,Flake,Distal,,,,,,,,,,,,,,,,,,,,,,,,Hinge,,,,,,,,,,,,,OVAL,,,,,,,,,,,,,,,,16.29,,59.46,,7.52,8.79,,N,
1313,LIK,XI,P4-039,,,Opaline/CCS,0%,,Flake,Complete,,,,,,,,,,,,,,,,,,,,,,Yes,Hertzian,Feather,,,,,,,,,,,,,RECTANGULAR,NotPrepared,No,9.1,7.33,Main,,,,,,,,,,,17.3,17.3,14.8,10.05,5.99,1.21,Ut,N,
1314,LIK,XI,P4-039,,,Opaline/CCS,0%,,Flake,Complete,,,,,,,,,,,,,,,,,,,,,,Yes,Hertzian,Feather,,,,,,,,,,,,,RECTANGULAR,NotPrepared,No,4.55,1.35,Main,,,,,,,,,,,9.48,9.48,15.13,15.13,1.9,0.45,,N,
1315,LIK,XI,P4-039,,,Opaline/CCS,0%,,Flake,Complete,,,,,,,,,,,,,,,,,,,,,,Yes,Hertzian,Feather,,,,,,,,,,,,,RECTANGULAR,NotPrepared,No,5.75,1.63,Main,,,,,,,,,,,19.61,19.61,11.27,11.27,1.91,0.6,,N,
1316,LIK,XI,P4-039,,,Opaline/CCS,0%,,Flake,Distal,,,,,,,,,,,,,,,,,,,,,,,,Feather,,,,,,,,,,,,,RECTANGULAR,,,,,,,,,,,,,,,,18.24,,11.91,,1.99,0.52,,N,
1317,LIK,XI,P4-039,,,Opaline/CCS,0%,,Flake,Complete,,,,,,,,,,,,,,,,,,,,,,Yes,Hertzian,Feather,,,,,,,,,,,,,RECTANGULAR,NotPrepared,No,5.22,1.18,Main,,,,,,,,,,,15.02,15.02,11.07,11.07,1.81,0.34,,N,
1318,LIK,XI,P4-039,,,Opaline/CCS,0%,,Flake,Complete,,,,,,,,,,,,,,,,,,,,,,Yes,Hertzian,Feather,,,,,,,,,,,,,RECTANGULAR,NotPrepared,No,3.7,1.43,Main,,,,,,,,,,,24.63,24.63,5.77,5.77,1.62,0.39,,N,
1319,LIK,XI,P4-039,,,Opaline/CCS,0%,,Flake,Complete,,,,,,,,,,,,,,,,,,,,,,Yes,Hertzian,Feather,,,,,,,,,,,,,RECTANGULAR,NotPrepared,No,7.53,2.81,Main,,,,,,,,,,,15.85,15.85,7.51,7.51,2.1,0.43,,N,
1320,LIK,XI,P4-039,,,Opaline/CCS,0%,,Flake,Complete,,,,,,,,,,,,,,,,,,,,,,Yes,Hertzian,Feather,,,,,,,,,,,,,RECTANGULAR,NotPrepared,No,4.25,1.52,Main,,,,,,,,,,,19.76,19.76,6.85,6.85,1.77,0.32,,N,
1321,LIK,XI,P4-039,,,Opaline/CCS,0%,,Flake,Distal,,,,,,,,,,,,,,,,,,,,,,,,Feather,,,,,,,,,,,,,RECTANGULAR,,,,,,,,,,,,,,,,15.67,,9.65,,2.36,0.48,,N,
1322,LIK,XI,P4-039,,,Opaline/CCS,0%,,Flake,Complete,,,,,,,,,,,,,,,,,,,,,,Yes,Bending,Feather,,,,,,,,,,,,,RECTANGULAR,NotPrepared,No,8.54,2.02,Main,,,,,,,,,,,27.1,27.1,13.05,13.05,7.16,2.46,,N,
133,LIK,XV,O5b-057,,,Quartzite,0%,,Core,,Complete,,,,,,,,,,,,,,,,,,,,,,,,,,,,,,,,,,,,,,,,,,Platform,Bladelet,Cubic,0%,4,2,1,6,3,25.45,83.06,,25.3,,17.47,32.48,,N,
1323,LIK,XI,P4-039,,,Opaline/CCS,0%,,Flake,Distal,,,,,,,,,,,,,,,,,,,,,,Yes,Hertzian,Feather,,,,,,,,,,,,,RECTANGULAR,ResidualFacetWithBulb,Yes,5.4,2.4,Main,,,,,,,,,,,22.65,,8.2,,2.54,0.95,Ut,N,
1324,LIK,XI,P4-039,,,Opaline/CCS,0%,,Flake,Complete,,,,,,,,,,,,,,,,,,,,,,Yes,Hertzian,Feather,,,,,,,,,,,,,RECTANGULAR,NotPrepared,No,5.62,2.21,Main,,,,,,,,,,,16.61,16.61,15.71,15.71,3.04,1.2,,N,
1325,LIK,I,P4-039,,,Opaline/CCS,0%,,Flake,Complete,,,,,,,,,,,,,,,,,,,,,,Yes,Hertzian,Feather,,,,,,,,,,,,,RECTANGULAR,NotPrepared,No,13.54,4.79,Main,,,,,,,,,,,15.69,12.34,17.38,17.38,3.89,1.04,,N,
1326,LIK,XI,P4-039,,,Opaline/CCS,0%,,Flake,Complete,,,,,,,,,,,,,,,,,,,,,,Yes,Hertzian,Feather,,,,,,,,,,,,,RECTANGULAR,Indeterminate,No,3.15,1.57,Main,,,,,,,,,,,21.99,21.99,6.27,5.89,1.31,0.25,,N,
1327,LIK,XI,P4-039,,,Opaline/CCS,0%,,Flake,Distal,,,,,,,,,,,,,,,,,,,,,,,,Feather,,,,,,,,,,,,,RECTANGULAR,,,,,,,,,,,,,,,,16.67,,13.71,,1.92,0.6,,N,
1328,LIK,XI,P4-039,,,Opaline/CCS,0%,,Flake,Proximal,,,,,,,,,,,,,,,,,,,,,,Yes,Hertzian,,,,,,,,,,,,,,RECTANGULAR,NotPrepared,No,4.19,1.12,,,,,,,,,,,,16.99,,11,,3.69,0.62,,N,
1329,LIK,XI,P4-039,,,Opaline/CCS,0%,,Flake,Complete,,,,,,,0,,0,0,0,0,0,0,0,0,0,0,0,0,0,Yes,Hertzian,Feather,,0,0,0,0,0,0,0,0,0,0,0,RECTANGULAR,NotPrepared,No,4.99,1.41,Main,,,,,0,0,0,0,0,0,29.43,29.43,13.77,7.75,2.19,0.77,Ut,N,
1330,LIK,XI,P4-039,,,Opaline/CCS,0%,,Flake,Complete,,,,,,,,,,,,,,,,,,,,,,Yes,Hertzian,Feather,,,,,,,,,,,,,TRIANGULAR,NotPrepared,No,14.75,4.51,Main,,,,,,,,,,,11.41,11.41,16.55,12.81,3.51,0.59,,N,
1331,LIK,XI,,,,Opaline/CCS,0%,,Flake,Proximal,,,,,,,,,,,,,,,,,,,,,,Yes,Hertzian,,,,,,,,,,,,,,RECTANGULAR,NotPrepared,No,5.88,1.77,,,,,,,,,,,,17.04,,12.67,,3.14,0.59,,N,
1332,LIK,XI,P4-039,,,Opaline/CCS,0%,,Flake,Proximal,,,,,,,,,,,,,,,,,,,,,,Yes,Hertzian,,,,,,,,,,,,,,RECTANGULAR,NotPrepared,No,7.79,3.36,,,,,,,,,,,,26.69,,15.7,,3.9,2.21,,N,
134,LIK,XV,O5b-057,,,Tuff,0%,,Flake,Complete,,,,,,,,,,,,,,,,,,,,,,Yes,Bending,Feather,,,,,,,,,,,,,RHOMBUS,NotPrepared,No,3.65,1.29,Main,,,,,,,,,,,14.69,14.69,12.7,12.7,1.84,0.37,,N,
1333,LIK,XI,P4-039,,,Opaline/CCS,0%,,Flake,Complete,,,,,,,,,,,,,,,,,,,,,,Yes,Hertzian,Feather,,,,,,,,,,,,,RECTANGULAR,NotPrepared,No,5.09,1.77,Main,,,,,,,,,,,18.09,18.09,13.46,13.46,2.05,0.7,,N,
1334,LIK,XI,P4-039,,,Opaline/CCS,0%,,Flake,Distal,,,,,,,,,,,,,,,,,,,,,,,,Feather,,,,,,,,,,,,,RECTANGULAR,,,,,,,,,,,,,,,,14.8,,16.7,,2.07,0.78,,N,
1335,LIK,XI,P4-039,,,Opaline/CCS,0%,,Flake,Complete,,,,,,,,,,,,,,,,,,,,,,Yes,Hertzian,Feather,,,,,,,,,,,,,RECTANGULAR,NotPrepared,No,4.07,2.6,Main,,,,,,,,,,,17.33,17.33,7.62,7.62,2.73,0.45,,N,
1336,LIK,XI,P4-039,,,Opaline/CCS,0%,,Flake,Complete,,,,,,,,,,,,,,,,,,,,,,Yes,Hertzian,Feather,,,,,,,,,,,,,RECTANGULAR,NotPrepared,No,7.51,0.9,Main,,,,,,,,,,,13.78,13.78,12.3,12.3,2.25,0.54,,N,
1337,LIK,XI,P4-039,,,Opaline/CCS,0%,,Flake,Complete,,,,,,,,,,,,,,,,,,,,,,Yes,Hertzian,Feather,,,,,,,,,,,,,RECTANGULAR,NotPrepared,No,2.27,0.74,Main,,,,,,,,,,,16.83,16.83,3.73,3.73,0.75,0.07,,N,
1338,LIK,XI,P4-039,,,Opaline/CCS,0%,,Flake,Complete,,,,,,,,,,,,,,,,,,,,,,Yes,Hertzian,Feather,,,,,,,,,,,,,OVAL,NotPrepared,No,5.21,1.39,Main,,,,,,,,,,,12.13,12.13,13.16,13.16,1.64,0.3,,N,
1339,LIK,XI,P4-039,,,Opaline/CCS,0%,,Flake,Complete,,,,,,,,,,,,,,,,,,,,,,Yes,Hertzian,Feather,,,,,,,,,,,,,OVAL,NotPrepared,No,4.79,3.24,Main,,,,,,,,,,,12.06,12.06,13.05,13.05,3.28,0.69,,N,
1340,LIK,XI,P4-039,,,Opaline/CCS,40-60%,Cobble,Flake,Complete,,,,,,,,,,,,,,,,,,,,,,Yes,Hertzian,Feather,,,,,,,,,,,,,TRIANGULAR,NotPrepared,No,4.64,2.18,Main,,,,,,,,,,,15.97,15.97,10.94,10.94,4.4,0.72,,N,
1341,LIK,XI,P4-039,,,Opaline/CCS,0%,,Flake,Complete,,,,,,,,,,,,,,,,,,,,,,Yes,Hertzian,Feather,,,,,,,,,,,,,TRIANGULAR,Indeterminate,No,2.98,1.23,Main,,,,,,,,,,,12.04,12.04,10.07,7.75,2.83,0.3,,N,
1342,LIK,XI,P4-039,,,Opaline/CCS,0%,,Flake,Complete,,,,,,,,,,,,,,,,,,,,,,Yes,Hertzian,Feather,,,,,,,,,,,,,OVAL,NotPrepared,No,3.22,2.85,Main,,,,,,,,,,,13.62,13.62,7.66,7.66,2.48,0.23,,N,
135,LIK,XV,O5b-057,,,Tuff,0%,,Flake,Complete,,,,,,,,,,,,,,,,,,,,,,Yes,Hertzian,Feather,,,,,,,,,,,,,TRIANGULAR,NotPrepared,No,10.8,0.84,Main,,,,,,,,,,,18.07,18.07,12.79,9.57,1.67,0.38,,N,
1343,LIK,XI,P4-039,,,Opaline/CCS,0%,,Flake,Complete,,,,,,,,,,,,,,,,,,,,,,Yes,Hertzian,Feather,,,,,,,,,,,,,RECTANGULAR,NotPrepared,No,9.6,4.51,Main,,,,,,,,,,,14.31,14.31,9.34,9.34,2.07,0.43,,N,
1344,LIK,XI,P4-039,,,Opaline/CCS,40-60%,Cobble,Flake,Complete,,,,,,,,,,,,,,,,,,,,,,Yes,Hertzian,Feather,,,,,,,,,,,,,TRIANGULAR,NotPrepared,No,15,2.62,Main,,,,,,,,,,,15.98,15.98,21.7,15.48,6,1.83,,N,
1345,LIK,XI,P4-039,,,Opaline/CCS,0%,,Flake,Complete,,,,,,,,,,,,,,,,,,,,,,Yes,Hertzian,Feather,,,,,,,,,,,,,RECTANGULAR,NotPrepared,No,4.73,2.25,Main,,,,,,,,,,,11.18,11.18,14.08,14.08,1.24,0.33,,N,
1346,LIK,XI,P4-039,,,Opaline/CCS,0%,,Flake,Proximal,,,,,,,,,,,,,,,,,,,,,,Yes,Hertzian,,,,,,,,,,,,,,RECTANGULAR,NotPrepared,No,5.63,1.92,,,,,,,,,,,,14.81,,10.53,,3.14,0.53,,N,
1347,LIK,XI,P4-039,,,Opaline/CCS,0%,,Flake,Complete,,,,,,,0,,0,0,0,0,0,0,0,0,0,0,0,0,0,Yes,Hertzian,Step,,0,0,0,0,0,0,0,0,0,0,0,RECTANGULAR,NotPrepared,No,5.41,2.11,Main,,,,,0,0,0,0,0,0,15.96,15.96,11.48,11.48,4.42,0.84,Ut,N,
1348,LIK,XI,P4-039,,,Opaline/CCS,0%,,Flake,Complete,,,,,,,,,,,,,,,,,,,,,,Yes,Hertzian,Feather,,,,,,,,,,,,,RECTANGULAR,NotPrepared,No,5.51,1.86,Main,,,,,,,,,,,12.83,12.83,12.16,12.16,1.29,0.28,,N,
1349,LIK,XI,P4-039,,,Opaline/CCS,0%,,Flake,Proximal,,,,,,,,,,,,,,,,,,,,,,Yes,Hertzian,,,,,,,,,,,,,,RECTANGULAR,NotPrepared,No,10.45,2.68,,,,,,,,,,,,12.99,,16.68,,5.17,1.25,,N,
1350,LIK,XI,P4-039,,,Opaline/CCS,0%,,Flake,Complete,,,,,,,,,,,,,,,,,,,,,,Yes,Hertzian,Feather,,,,,,,,,,,,,RECTANGULAR,NotPrepared,No,9.7,2.38,Main,,,,,,,,,,,14.83,14.83,11.9,11.9,2.34,0.41,,N,
1351,LIK,XI,P4-039,,,Opaline/CCS,0%,,Flake,Proximal,,,,,,,,,,,,,,,,,,,,,,Yes,Hertzian,,,,,,,,,,,,,,RECTANGULAR,NotPrepared,No,3.23,0.97,,,,,,,,,,,,7.71,,14.77,,1.02,0.14,,N,
1352,LIK,XI,P4-039,,,Opaline/CCS,0%,,Flake,Complete,,,,,,,,,,,,,,,,,,,,,,Yes,Hertzian,Feather,,,,,,,,,,,,,TRIANGULAR,NotPrepared,No,5.26,1.81,Main,,,,,,,,,,,17.31,17.31,8.1,8.1,2.48,0.43,,N,
136,LIK,XV,O5b-057,,,Tuff,0%,,Flake,Complete,,,,,,,,,,,,,,,,,,,,,,Yes,Hertzian,Feather,,,,,,,,,,,,,RECTANGULAR,NotPrepared,No,8.27,2.72,Main,,,,,,,,,,,10.99,10.99,15.64,15.64,2.19,0.4,,N,
1353,LIK,XI,P4-039,,,Opaline/CCS,0%,,Flake,Complete,,,,,,,,,,,,,,,,,,,,,,Yes,Hertzian,Feather,,,,,,,,,,,,,RECTANGULAR,NotPrepared,No,9.14,4.4,Main,,,,,,,,,,,9.7,9.7,13.69,13.69,2.48,0.39,,N,
1354,LIK,XI,P4-039,,,Opaline/CCS,0%,,Flake,Complete,,,,,,,,,,,,,,,,,,,,,,Yes,Hertzian,Feather,,,,,,,,,,,,,RECTANGULAR,NotPrepared,No,7.08,2.8,Main,,,,,,,,,,,12.17,12.17,13.47,13.47,1.73,0.3,,N,
1355,LIK,XI,P4-039,,,Opaline/CCS,0%,,Flake,Complete,,,,,,,,,,,,,,,,,,,,,,Yes,Hertzian,Feather,,,,,,,,,,,,,RECTANGULAR,NotPrepared,No,11.26,4.26,Main,,,,,,,,,,,5.34,5.34,12.23,12.23,3.41,0.25,,N,
1356,LIK,XI,P4-039,,,Opaline/CCS,0%,,Flake,Complete,,,,,,,,,,,,,,,,,,,,,,Yes,Hertzian,Feather,,,,,,,,,,,,,RECTANGULAR,NotPrepared,No,4.07,1.76,Main,,,,,,,,,,,14.61,14.61,9.86,9.86,1.1,0.24,,N,
1357,LIK,XI,P4-039,,,Opaline/CCS,10-40%,Cobble,Flake,Complete,,,,,,,,,,,,,,,,,,,,,,Yes,Hertzian,Overshot,,,,,,,,,,,,,RECTANGULAR,NotPrepared,No,9.26,3.23,Main,,,,,,,,,,,16.4,16.4,15.92,15.92,12.11,1.29,,N,
1358,LIK,XI,P4-039,,,Opaline/CCS,0%,,Flake,Complete,,,,,,,,,,,,,,,,,,,,,,Yes,Bending,Feather,,,,,,,,,,,,,RECTANGULAR,NotPrepared,No,10.64,6.24,Main,,,,,,,,,,,18.92,18.92,10.86,10.86,3.89,0.71,,N,
1359,LIK,XI,P4-039,,,Opaline/CCS,0%,,Flake,Complete,,,,,,,,,,,,,,,,,,,,,,Yes,Hertzian,Feather,,,,,,,,,,,,,RHOMBUS,NotPrepared,No,8.79,2.42,Main,,,,,,,,,,,10.84,10.84,16.34,16.34,2.77,0.64,,N,
1360,LIK,XI,P4-039,,,Opaline/CCS,0%,,Flake,Mesial,,,,,,,,,,,,,,,,,,,,,,,,,,,,,,,,,,,,,TRIANGULAR,,,,,,,,,,,,,,,,9.81,,18.4,,5.54,0.77,,N,
1361,LIK,XI,P4-039,,,Opaline/CCS,0%,,Flake,Complete,,,,,,,,,,,,,,,,,,,,,,Yes,Hertzian,Feather,,,,,,,,,,,,,RECTANGULAR,NotPrepared,No,4.26,1.7,Main,,,,,,,,,,,18.25,18.25,7.64,7.64,1.84,0.23,Ut,N,
1362,LIK,XI,P4-039,,,Opaline/CCS,0%,,Flake,Proximal,,,,,,,,,,,,,,,,,,,,,,Yes,Hertzian,,,,,,,,,,,,,,RECTANGULAR,NotPrepared,No,5.37,2.05,,,,,,,,,,,,20.63,,7.08,,2.71,0.5,,N,
137,LIK,XV,O5b-057,,,Tuff,0%,,Flake,Proximal,,,,,,,,,,,,,,,,,,,,,,Yes,Hertzian,,,,,,,,,,,,,,TRAPEZOIDAL,NotPrepared,No,5.21,1.12,,,,,,,,,,,,10.36,,17.05,,2.39,0.47,,N,
1363,LIK,XI,P4-039,,,Opaline/CCS,0%,,Flake,Complete,,,,,,,,,,,,,,,,,,,,,,Yes,Hertzian,Feather,,,,,,,,,,,,,TRIANGULAR,NotPrepared,No,7.36,2.27,Main,,,,,,,,,,,14.94,14.94,10.1,7.95,3.44,0.46,,N,
1364,LIK,XI,P4-039,,,Opaline/CCS,0%,,Flake,Mesial,,,,,,,,,,,,,,,,,,,,,,,,,,,,,,,,,,,,,RECTANGULAR,,,,,,,,,,,,,,,,15.48,,8.95,,2.51,0.31,,N,
1365,LIK,XI,,,,Opaline/CCS,0%,,Flake,Complete,,,,,,,,,,,,,,,,,,,,,,Yes,Hertzian,Feather,,,,,,,,,,,,,RHOMBUS,NotPrepared,No,15.49,5.71,Main,,,,,,,,,,,10.68,10.68,15.41,15.41,6.6,1.77,Ut,N,
1366,LIK,XI,P4-039,,,Opaline/CCS,0%,,Flake,Complete,,,,,,,,,,,,,,,,,,,,,,Yes,Hertzian,Feather,,,,,,,,,,,,,RECTANGULAR,NotPrepared,No,2.71,1.79,Main,,,,,,,,,,,15.75,15.75,5.14,5.14,2.95,0.24,,N,
1367,LIK,XI,P4-039,,,Opaline/CCS,0%,,Flake,Proximal,,,,,,,,,,,,,,,,,,,,,,Yes,Hertzian,,,,,,,,,,,,,,TRAPEZOIDAL,NotPrepared,No,3.19,2.3,,,,,,,,,,,,8.25,,13.29,,2.25,0.31,,N,
1368,LIK,XI,P4-039,,,Opaline/CCS,0%,,Flake,Complete,,,,,,,,,,,,,,,,,,,,,,Yes,Hertzian,Feather,,,,,,,,,,,,,OVAL,NotPrepared,No,4.24,1.43,Main,,,,,,,,,,,12.94,12.94,10.28,10.28,1.38,0.19,,N,
1369,LIK,XI,P4-039,,,Opaline/CCS,0%,,Flake,Complete,,,,,,,,,,,,,,,,,,,,,,Yes,Hertzian,Feather,,,,,,,,,,,,,RECTANGULAR,NotPrepared,No,9.64,2.34,Main,,,,,,,,,,,9.73,9.73,14.93,14.93,2.43,0.43,Ut,N,
1370,LIK,XI,P4-039,,,Opaline/CCS,0%,,Flake,Distal,,,,,,,,,,,,,,,,,,,,,,,,Feather,,,,,,,,,,,,,TRAPEZOIDAL,,,,,,,,,,,,,,,,9.08,,22.5,,1.5,0.25,,N,
1371,LIK,I,P4-039,,,Opaline/CCS,0%,,Flake,Complete,,,,,,,,,,,,,,,,,,,,,,Yes,Hertzian,Feather,,,,,,,,,,,,,TRAPEZOIDAL,NotPrepared,No,6.11,2.6,Initial,,,,,,,,,,,10.91,10.91,14.08,11.56,1.77,0.27,,N,
1372,LIK,XI,P4-039,,,Opaline/CCS,0%,,Flake,Distal,,,,,,,,,,,,,,,,,,,,,,,,Feather,,,,,,,,,,,,,OVAL,,,,,,,,,,,,,,,,10.13,,15.45,,3.67,0.63,,N,
138,LIK,XV,O5b-057,,,Tuff,0%,,Flake,Complete,,,,,,,,,,,,,,,,,,,,,,Yes,Bending,Feather,,,,,,,,,,,,,RECTANGULAR,Indeterminate,No,2.85,1.06,Main,,,,,,,,,,,11.6,11.6,9.42,9.42,1.39,0.17,,N,
1373,LIK,XI,P4-039,,,Opaline/CCS,0%,,Flake,Complete,,,,,,,,,,,,,,,,,,,,,,Yes,Hertzian,Feather,,,,,,,,,,,,,RECTANGULAR,NotPrepared,No,4.17,1.18,Main,,,,,,,,,,,10.97,10.97,10.75,10.75,1.22,0.19,,N,
1374,LIK,XI,P4-039,,,Opaline/CCS,0%,,Flake,Proximal,,,,,,,,,,,,,,,,,,,,,,Yes,Hertzian,,,,,,,,,,,,,,TRIANGULAR,NotPrepared,No,6.54,2.24,,,,,,,,,,,,14.02,,14.91,,4.82,1.13,Ut,N,
1375,LIK,XI,P4-039,,,Opaline/CCS,0%,,Flake,Proximal,,,,,,,,,,,,,,,,,,,,,,Yes,Hertzian,,,,,,,,,,,,,,RECTANGULAR,ResidualFacetWithBulb,No,8.14,3.08,,,,,,,,,,,,14.72,,12.46,,1.78,0.48,,N,
1376,LIK,XI,P4-039,,,Opaline/CCS,0%,,Flake,Complete,,,,,,,,,,,,,,,,,,,,,,Yes,Hertzian,Feather,,,,,,,,,,,,,RECTANGULAR,NotPrepared,No,9.02,3.1,Main,,,,,,,,,,,16.63,16.63,8.79,8.79,3.58,0.87,,N,
1377,LIK,XI,,,,Opaline/CCS,0%,,Flake,Complete,,,,,,,,,,,,,,,,,,,,,,Yes,Hertzian,Feather,,,,,,,,,,,,,RECTANGULAR,NotPrepared,No,4.05,1.75,Main,,,,,,,,,,,19.22,19.22,9.83,9.83,2.32,0.69,,N,
1378,LIK,XI,P4-039,,,Opaline/CCS,0%,,Flake,Complete,,,,,,,,,,,,,,,,,,,,,,Yes,Hertzian,Feather,,,,,,,,,,,,,TRIANGULAR,NotPrepared,No,4.23,1.25,Main,,,,,,,,,,,10.48,10.48,11.33,8.48,1.29,0.16,,N,
1379,LIK,XI,P4-039,,,Opaline/CCS,0%,,Flake,Complete,,,,,,,,,,,,,,,,,,,,,,Yes,Hertzian,Feather,,,,,,,,,,,,,TRIANGULAR,NotPrepared,No,4.25,3.25,Main,,,,,,,,,,,12.15,12.15,6.73,6.73,2.55,0.21,,N,
1380,LIK,XI,P4-039,,,Opaline/CCS,0%,,Flake,Complete,,,,,,,,,,,,,,,,,,,,,,Yes,Hertzian,Feather,,,,,,,,,,,,,RECTANGULAR,NotPrepared,No,9.64,1.63,Main,,,,,,,,,,,8.36,8.36,14.6,14.6,2.1,0.28,,N,
1381,LIK,XI,P4-039,,,Opaline/CCS,0%,,Flake,Proximal,,,,,,,,,,,,,,,,,,,,,,Yes,Hertzian,,,,,,,,,,,,,,RECTANGULAR,NotPrepared,No,5.52,2.24,,,,,,,,,,,,11.44,,11.8,,1.46,0.28,,N,
1382,LIK,XI,P4-039,,,Opaline/CCS,0%,,Flake,Complete,,,,,,,,,,,,,,,,,,,,,,Yes,Hertzian,Feather,,,,,,,,,,,,,RECTANGULAR,NotPrepared,No,3.55,1.54,Main,,,,,,,,,,,17.32,17.32,5.64,5.64,1.94,0.28,,N,
139,LIK,XV,O4c-057,,,Opaline/CCS,0%,,Flake,Complete,,,,,,,,,,,,,,,,,,,,,,Yes,Hertzian,Feather,,,,,,,,,,,,,RECTANGULAR,ResidualFacetWithBulb,No,20.66,6.28,Main,,,,,,,,,,,16.18,16.18,20.45,20.45,4.76,1.76,,N,
1383,LIK,XI,P4-039,,,Opaline/CCS,10-40%,Outcrop,Flake,Complete,,,,,,,0,,0,0,0,0,0,0,0,0,0,0,0,0,0,Yes,Hertzian,Feather,,0,0,0,0,0,0,0,0,0,0,0,TRIANGULAR,NotPrepared,No,4.2,3.1,Main,,,,,0,0,0,0,0,0,11.32,11.32,5.39,5.39,2.78,0.22,Ret; Cool retouch on the edge,N,
1384,LIK,XI,P4-039,,,Opaline/CCS,0%,,Flake,Proximal,,,,,,,,,,,,,,,,,,,,,,Yes,Hertzian,,,,,,,,,,,,,,RECTANGULAR,NotPrepared,No,3.65,1.33,,,,,,,,,,,,12.96,,8.72,,2.38,0.31,,N,
1385,LIK,XI,P4-039,,,Opaline/CCS,0%,,Flake,Distal,,,,,,,,,,,,,,,,,,,,,,,,Feather,,,,,,,,,,,,,RECTANGULAR,,,,,,,,,,,,,,,,16.03,,6.36,,2.19,0.23,,N,
1386,LIK,XI,P4-039,,,Opaline/CCS,0%,,Flake,Complete,,,,,,,,,,,,,,,,,,,,,,Yes,Hertzian,Feather,,,,,,,,,,,,,RECTANGULAR,NotPrepared,No,3.15,1.68,Main,,,,,,,,,,,19.33,19.33,6.05,6.05,1.64,0.17,,N,
1387,LIK,XI,P4-039,,,Opaline/CCS,0%,,Flake,Complete,,,,,,,,,,,,,,,,,,,,,,Yes,Hertzian,Feather,,,,,,,,,,,,,RECTANGULAR,NotPrepared,No,17.52,8.04,Main,,,,,,,,,,,9.08,9.08,19.25,19.25,8.18,1.9,,N,
1388,LIK,XI,P4-039,,,Opaline/CCS,0%,,Flake,Proximal,,,,,,,,,,,,,,,,,,,,,,Yes,Hertzian,,,,,,,,,,,,,,TRAPEZOIDAL,NotPrepared,No,6.6,5.22,,,,,,,,,,,,14.35,,19.92,,5.02,1.71,,N,
1389,LIK,XI,P4-039,,,Opaline/CCS,0%,,Flake,Complete,,,,,,,,,,,,,,,,,,,,,,Yes,Hertzian,Feather,,,,,,,,,,,,,TRIANGULAR,NotPrepared,No,3.25,1.1,Main,,,,,,,,,,,16.76,16.76,11.45,8.97,1.53,0.28,,N,
1390,LIK,XI,P4-039,,,Opaline/CCS,0%,,Flake,Complete,,,,,,,,,,,,,,,,,,,,,,Yes,Hertzian,Feather,,,,,,,,,,,,,RECTANGULAR,NotPrepared,No,4.81,2.27,Main,,,,,,,,,,,14.36,14.36,6.43,6.43,2.92,0.29,,N,
1391,LIK,XI,P4-039,,,Opaline/CCS,10-40%,Cobble,Flake,Complete,,,,,,,,,,,,,,,,,,,,,,Yes,Hertzian,Feather,,,,,,,,,,,,,RECTANGULAR,NotPrepared,No,7.65,2.15,Main,,,,,,,,,,,18.2,8.45,19.82,10.75,3.06,0.72,,N,
1392,LIK,XI,P4-039,,,Opaline/CCS,0%,,Flake,Complete,,,,,,,,,,,,,,,,,,,,,,Yes,Hertzian,Feather,,,,,,,,,,,,,RECTANGULAR,NotPrepared,No,4,2.98,Main,,,,,,,,,,,14.36,14.36,7.81,7.81,2.51,0.36,,N,
140,LIK,XV,O4c-057,,,Opaline/CCS,0%,,Flake,Complete,,,,,,,,,,,,,,,,,,,,,,Yes,Hertzian,Feather,,,,,,,,,,,,,OVAL,NotPrepared,No,3.45,1.51,Main,,,,,,,,,,,6.89,6.89,10.07,10.07,1.38,0.1,,N,
1393,LIK,XI,P4-039,,,Opaline/CCS,0%,,Flake,Complete,,,,,,,,,,,,,,,,,,,,,,Yes,Hertzian,Feather,,,,,,,,,,,,,RECTANGULAR,ResidualFacetWithBulb,No,4.8,1.09,Main,,,,,,,,,,,12.28,12.28,7.74,7.74,1.09,0.11,,N,
1394,LIK,XI,P4-039,,,Opaline/CCS,0%,,Flake,Complete,,,,,,,,,,,,,,,,,,,,,,Yes,Bending,Feather,,,,,,,,,,,,,TRIANGULAR,NotPrepared,No,11.59,6.22,Main,,,,,,,,,,,22.65,22.65,12.56,12.2,5.84,1.17,,N,
1395,LIK,XI,P4-039,,,Opaline/CCS,0%,,Flake,Complete,,,,,,,,,,,,,,,,,,,,,,Yes,Hertzian,Feather,,,,,,,,,,,,,RECTANGULAR,NotPrepared,No,7.53,4.16,Main,,,,,,,,,,,20.35,20.35,11.78,11.78,5.35,1.62,,N,
1396,LIK,XI,P4-039,,,Opaline/CCS,0%,,Flake,Complete,,,,,,,,,,,,,,,,,,,,,,Yes,Hertzian,Feather,,,,,,,,,,,,,TRIANGULAR,NotPrepared,No,3.93,1.73,Main,,,,,,,,,,,19.02,19.02,12.84,12.84,2.71,0.55,,N,
1397,LIK,XI,P4-039,,,Opaline/CCS,0%,,Flake,Distal,,,,,,,,,,,,,,,,,,,,,,,,Feather,,,,,,,,,,,,,RECTANGULAR,,,,,,,,,,,,,,,,23.32,,7.88,,1.77,0.41,,N,
1398,LIK,XI,P4-039,,,Opaline/CCS,0%,,Flake,Complete,,,,,,,,,,,,,,,,,,,,,,Yes,Hertzian,Hinge,,,,,,,,,,,,,RECTANGULAR,NotPrepared,No,6.29,1.72,Main,,,,,,,,,,,13.51,13.51,14.1,10.88,2.91,0.56,,N,
1399,LIK,XI,P4-039,,,Opaline/CCS,0%,,Flake,Complete,,,,,,,,,,,,,,,,,,,,,,Yes,Hertzian,Feather,,,,,,,,,,,,,RECTANGULAR,NotPrepared,No,4.34,1.49,Main,,,,,,,,,,,11.26,11.26,8.34,8.34,2.2,0.22,,N,
1400,LIK,XI,P4-039,,,Opaline/CCS,0%,,Flake,Distal,,,,,,,,,,,,,,,,,,,,,,,,Feather,,,,,,,,,,,,,TRIANGULAR,,,,,,,,,,,,,,,,16.02,,9.62,,1.51,0.32,Ut,N,
1401,LIK,XI,P4-039,,,Opaline/CCS,0%,,Flake,Distal,,,,,,,,,,,,,,,,,,,,,,,,Hinge,,,,,,,,,,,,,RECTANGULAR,,,,,,,,,,,,,,,,9.55,,16.45,,2.16,0.38,,N,
1402,LIK,XI,P4-039,,,Opaline/CCS,0%,,Flake,Complete,,,,,,,,,,,,,,,,,,,,,,Yes,Hertzian,Hinge,,,,,,,,,,,,,RECTANGULAR,NotPrepared,No,8.8,2.15,Main,,,,,,,,,,,13.85,13.85,15.69,13.35,2.5,0.63,,N,
14,LIK,XV,O5c-057,,,Opaline/CCS,0%,,Flake,Complete,,,,,,,,,,,,,,,,,,,,,,Yes,Hertzian,Feather,,,,,,,,,,,,,TRIANGULAR,NotPrepared,No,7.58,1.91,Main,,,,,,,,,,,23.77,23.77,17.51,16.23,3.92,2.29,,N,
141,LIK,XV,O4c-057,,,Opaline/CCS,0%,,Flake,Complete,,,,,,,,,,,,,,,,,,,,,,Yes,Hertzian,Feather,,,,,,,,,,,,,RECTANGULAR,Indeterminate,No,2.33,1.04,Main,,,,,,,,,,,14.97,14.97,7.31,7.31,1.73,0.18,,N,
1403,LIK,XI,P4-039,,,Opaline/CCS,0%,,Flake,Complete,,,,,,,,,,,,,,,,,,,,,,Yes,Hertzian,Feather,,,,,,,,,,,,,RECTANGULAR,NotPrepared,No,4.12,2.02,Main,,,,,,,,,,,10.46,10.46,9.64,9.64,1.59,0.18,Ut,N,
1404,LIK,XI,P4-039,,,Opaline/CCS,0%,,Flake,Complete,,,,,,,,,,,,,,,,,,,,,,Yes,Hertzian,Feather,,,,,,,,,,,,,TRIANGULAR,NotPrepared,No,4.39,2.31,Main,,,,,,,,,,,18,13.06,11.11,9.61,3.16,0.53,,N,
1405,LIK,XI,P4-039,,,Opaline/CCS,0%,,Flake,Mesial,,,,,,,,,,,,,,,,,,,,,,,,,,,,,,,,,,,,,RECTANGULAR,,,,,,,,,,,,,,,,16.69,,13.33,,4.88,0.89,,N,
1406,LIK,XI,P4-039,,,Opaline/CCS,0%,,Flake,Complete,,,,,,,,,,,,,,,,,,,,,,Yes,Hertzian,Feather,,,,,,,,,,,,,TRIANGULAR,NotPrepared,No,3.59,1.3,Main,,,,,,,,,,,16.73,16.73,9.58,7.39,2.74,0.39,,N,
1407,LIK,XI,P4-039,,,Opaline/CCS,0%,,Flake,Complete,,,,,,,,,,,,,,,,,,,,,,Yes,Hertzian,Feather,,,,,,,,,,,,,RHOMBUS,NotPrepared,No,4.33,1.89,Main,,,,,,,,,,,9.53,9.53,14.61,14.61,2.52,0.27,,N,
1408,LIK,XI,P4-039,,,Opaline/CCS,0%,,Flake,Complete,,,,,,,,,,,,,,,,,,,,,,Yes,Hertzian,Feather,,,,,,,,,,,,,RECTANGULAR,NotPrepared,No,4.51,3.78,Main,,,,,,,,,,,13.73,13.73,3.46,3.46,2.76,0.14,,N,
1409,LIK,XI,P4-039,,,Opaline/CCS,0%,,Flake,Complete,,,,,,,,,,,,,,,,,,,,,,Yes,Hertzian,Feather,,,,,,,,,,,,,RECTANGULAR,NotPrepared,No,8.75,2.92,Main,,,,,,,,,,,13.08,9.15,10.24,10.24,2.21,0.33,,N,
1410,LIK,XI,P4-039,,,Opaline/CCS,0%,,Flake,Complete,,,,,,,,,,,,,,,,,,,,,,Yes,Hertzian,Feather,,,,,,,,,,,,,RECTANGULAR,ResidualFacetWithBulb,No,5.44,1.94,Main,,,,,,,,,,,12.79,12.79,10.45,10.45,1.8,0.26,,N,
1411,LIK,XI,P4-039,,,Opaline/CCS,0%,,Flake,Complete,,,,,,,,,,,,,,,,,,,,,,Yes,Hertzian,Feather,,,,,,,,,,,,,TRIANGULAR,NotPrepared,No,2.47,1.03,Main,,,,,,,,,,,10.32,10.32,11.61,9.57,1.95,0.14,,N,
1412,LIK,I,P4-039,,,Opaline/CCS,0%,,Flake,Distal,,,,,,,,,,,,,,,,,,,,,,,,Feather,,,,,,,,,,,,,TRIANGULAR,,,,,,,,,,,,,,,,14.02,,9.53,,4.41,0.54,,N,
142,LIK,XV,O4c-057,,,Opaline/CCS,0%,,Flake,Proximal,,,,,,,,,,,,,,,,,,,,,,Yes,Hertzian,,,,,,,,,,,,,,KITE,NotPrepared,No,4.51,1.99,,,,,,,,,,,,14.44,,15.48,,2,0.5,,N,
1413,LIK,XI,P4-039,,,Opaline/CCS,0%,,Flake,Complete,,,,,,,,,,,,,,,,,,,,,,Yes,Hertzian,Feather,,,,,,,,,,,,,RECTANGULAR,NotPrepared,No,4.05,1.33,Main,,,,,,,,,,,12.9,12.9,4.37,4.37,1.43,0.07,,N,
1414,LIK,XI,P4-039,,,Opaline/CCS,0%,,Flake,Complete,,,,,,,,,,,,,,,,,,,,,,Yes,Hertzian,Feather,,,,,,,,,,,,,TRIANGULAR,NotPrepared,No,3.84,1.32,Main,,,,,,,,,,,14.56,14.56,5.04,4.09,2.33,0.17,,N,
1415,LIK,XI,P4-039,,,Opaline/CCS,0%,,Flake,Complete,,,,,,,,,,,,,,,,,,,,,,Yes,Hertzian,Feather,,,,,,,,,,,,,RECTANGULAR,NotPrepared,No,4.24,1.42,Main,,,,,,,,,,,8.2,8.2,17.11,17.11,2.71,0.38,Ut,N,
1416,LIK,XI,P4-039,,,Opaline/CCS,0%,,Flake,Complete,,,,,,,,,,,,,,,,,,,,,,Yes,Hertzian,Feather,,,,,,,,,,,,,RECTANGULAR,NotPrepared,No,9.3,2.35,Main,,,,,,,,,,,12,12,10.61,10.61,2.41,0.35,,N,
1417,LIK,XI,P4-039,,,Opaline/CCS,0%,,Flake,Mesial,,,,,,,,,,,,,,,,,,,,,,,,,,,,,,,,,,,,,RECTANGULAR,,,,,,,,,,,,,,,,16.69,,6.37,,1.29,0.18,,N,
1418,LIK,XI,P4-039,,,Opaline/CCS,0%,,Flake,Complete,,,,,,,,,,,,,,,,,,,,,,Yes,Hertzian,Feather,,,,,,,,,,,,,RECTANGULAR,NotPrepared,No,3.2,0.89,Main,,,,,,,,,,,12.53,12.53,7.6,7.6,0.57,0.09,,N,
1419,LIK,XI,P4-039,,,Opaline/CCS,0%,,Flake,Complete,,,,,,,,,,,,,,,,,,,,,,Yes,Hertzian,Feather,,,,,,,,,,,,,RECTANGULAR,NotPrepared,No,10.79,7.39,Main,,,,,,,,,,,14.56,14.56,11.53,10.98,6.49,0.98,,N,
1420,LIK,XI,P4-039,,,Opaline/CCS,0%,,Flake,Complete,,,,,,,,,,,,,,,,,,,,,,Yes,Hertzian,Feather,,,,,,,,,,,,,RECTANGULAR,NotPrepared,No,2.83,0.78,Main,,,,,,,,,,,14.55,14.55,5.97,5.97,1.61,0.16,,N,
1421,LIK,XI,P4-039,,,Opaline/CCS,0%,,Flake,Complete,,,,,,,,,,,,,,,,,,,,,,Yes,Hertzian,Feather,,,,,,,,,,,,,RECTANGULAR,NotPrepared,No,10.01,4.06,Main,,,,,,,,,,,7.74,7.74,13.91,13.91,3.3,0.44,,N,
1422,LIK,XI,P4-039,,,Opaline/CCS,0%,,Flake,Complete,,,,,,,,,,,,,,,,,,,,,,Yes,Hertzian,Feather,,,,,,,,,,,,,TRIANGULAR,NotPrepared,No,5.53,3.43,Main,,,,,,,,,,,12.21,12.21,9.55,7.02,2.98,0.27,,N,
143,LIK,XV,O4c-057,,,Opaline/CCS,0%,,Flake,Fragment,,,,,,,,,,,,,,,,,,,,,,,,,,,,,,,,,,,,,RECTANGULAR,,,,,,,,,,,,,,,,47.93,,24.8,,16.62,20.13,,N,
1423,LIK,XI,P4-039,,,Opaline/CCS,0%,,Flake,Complete,,,,,,,,,,,,,,,,,,,,,,Yes,Hertzian,Feather,,,,,,,,,,,,,RECTANGULAR,NotPrepared,No,4.51,1.86,Main,,,,,,,,,,,14.35,14.35,7.87,7.87,3.68,0.39,,N,
1424,LIK,XI,P4-039,,,Opaline/CCS,1-10%,Cobble,Flake,Complete,,,,,,,,,,,,,,,,,,,,,,Yes,Hertzian,Bipolar,,,,,,,,,,,,,RECTANGULAR,NotPrepared,No,5.64,2.4,Main,,,,,,,,,,,12.73,12.73,9.81,9.81,2.7,0.35,,N,
1425,LIK,XI,P4-039,,,Opaline/CCS,0%,,Flake,Complete,,,,,,,,,,,,,,,,,,,,,,Yes,Hertzian,Feather,,,,,,,,,,,,,TRAPEZOIDAL,NotPrepared,No,5.02,1.71,Main,,,,,,,,,,,9.65,9.65,13.85,13.85,1.52,0.2,,N,
1426,LIK,XI,P4-039,,,Opaline/CCS,0%,,Flake,Proximal,,,,,,,,,,,,,,,,,,,,,,Yes,Hertzian,,,,,,,,,,,,,,RECTANGULAR,NotPrepared,No,5.36,1.64,,,,,,,,,,,,13.99,,7.55,,1.68,0.24,,N,
1427,LIK,XI,P4-039,,,Opaline/CCS,0%,,Flake,Complete,,,,,,,,,,,,,,,,,,,,,,Yes,Hertzian,Feather,,,,,,,,,,,,,TRIANGULAR,NotPrepared,No,8.14,2.65,Main,,,,,,,,,,,8.03,8.03,12.38,12.38,2.15,0.35,,N,
1428,LIK,XI,P4-039,,,Opaline/CCS,0%,,Flake,Complete,,,,,,,,,,,,,,,,,,,,,,Yes,Hertzian,Feather,,,,,,,,,,,,,RECTANGULAR,NotPrepared,No,2.35,1.2,Main,,,,,,,,,,,11.83,11.83,4.55,4.55,0.97,0.06,,N,
1429,LIK,XI,P4-039,,,Opaline/CCS,0%,,Flake,Complete,,,,,,,,,,,,,,,,,,,,,,Yes,Wedging,Feather,,,,,,,,,,,,,OVAL,Indeterminate,No,3.31,1.18,Main,,,,,,,,,,,11.87,11.87,7.74,7.74,2.13,0.18,,N,
1430,LIK,XI,P4-039,,,Opaline/CCS,0%,,Flake,Complete,,,,,,,,,,,,,,,,,,,,,,Yes,Hertzian,Feather,,,,,,,,,,,,,RECTANGULAR,NotPrepared,No,2.56,1.25,Main,,,,,,,,,,,14.72,14.72,3.29,3.29,2.16,0.08,,N,
1431,LIK,XI,P4-039,,,Opaline/CCS,0%,,Flake,Complete,,,,,,,,,,,,,,,,,,,,,,Yes,Hertzian,Feather,,,,,,,,,,,,,TRIANGULAR,NotPrepared,No,11.27,5.72,Main,,,,,,,,,,,8.58,8.58,13.33,8.45,3.89,0.4,,N,
1432,LIK,XI,P4-039,,,Opaline/CCS,0%,,Flake,Distal,,,,,,,,,,,,,,,,,,,,,,,,Feather,,,,,,,,,,,,,RECTANGULAR,,,,,,,,,,,,,,,,11.6,,7.64,,0.94,0.1,,N,
144,LIK,XV,O4c-057,,,Quartzite,0%,,Flake,Complete,,,,,,,,,,,,,,,,,,,,,,Yes,Bending,Feather,,,,,,,,,,,,,RECTANGULAR,NotPrepared,No,27.11,9.38,Main,,,,,,,,,,,23.76,23.76,29.42,29.42,6.1,5.13,,N,
1433,LIK,XI,P4-039,,,Opaline/CCS,1-10%,Cobble,Flake,Complete,,,,,,,,,,,,,,,,,,,,,,Yes,Hertzian,Overshot,,,,,,,,,,,,,TRIANGULAR,NotPrepared,No,6.08,2.22,Main,,,,,,,,,,,10.26,10.26,12.26,12.26,4.1,0.51,,N,
1434,LIK,XI,P4-039,,,Opaline/CCS,0%,,Flake,Complete,,,,,,,,,,,,,,,,,,,,,,Yes,Hertzian,Feather,,,,,,,,,,,,,TRAPEZOIDAL,NotPrepared,No,8.55,2.15,Main,,,,,,,,,,,7.79,7.79,11.21,11.21,1.79,0.18,,N,
1435,LIK,XI,P4-039,,,Opaline/CCS,0%,,Flake,Complete,,,,,,,,,,,,,,,,,,,,,,Yes,Hertzian,Feather,,,,,,,,,,,,,TRIANGULAR,NotPrepared,No,4.98,1.43,Main,,,,,,,,,,,13.2,13.2,6.12,6.12,1.1,0.08,,N,
1436,LIK,XI,P4-039,,,Opaline/CCS,0%,,Flake,Complete,,,,,,,,,,,,,,,,,,,,,,Yes,Hertzian,Feather,,,,,,,,,,,,,TRAPEZOIDAL,NotPrepared,No,10.03,2.47,Main,,,,,,,,,,,9.45,9.45,12.23,12.23,1.34,0.19,Ret,N,
1437,LIK,XI,P4-039,,,Opaline/CCS,0%,,Flake,Complete,,,,,,,,,,,,,,,,,,,,,,Yes,Hertzian,Feather,,,,,,,,,,,,,TRIANGULAR,NotPrepared,No,8.26,2.2,Main,,,,,,,,,,,12.75,12.75,8.21,6.14,1.42,0.15,,N,
1438,LIK,XI,P4-039,,,Opaline/CCS,0%,,Flake,Distal,,,,,,,,,,,,,,,,,,,,,,,,Hinge,,,,,,,,,,,,,TRIANGULAR,,,,,,,,,,,,,,,,8.56,,13.99,,1.49,0.22,,N,
1439,LIK,XI,P4-039,,,Opaline/CCS,0%,,Flake,Complete,,,,,,,,,,,,,,,,,,,,,,Yes,Bending,Feather,,,,,,,,,,,,,TRIANGULAR,NotPrepared,No,6.9,2.85,Main,,,,,,,,,,,16.41,8.57,7.21,7.16,3.25,0.34,,N,
1440,LIK,XI,P4-039,,,Opaline/CCS,0%,,Flake,Complete,,,,,,,,,,,,,,,,,,,,,,Yes,Hertzian,Feather,,,,,,,,,,,,,TRAPEZOIDAL,NotPrepared,No,12.61,3.42,Main,,,,,,,,,,,7.06,7.06,13.14,13.14,3.15,0.32,,N,
1441,LIK,XI,P4-039,,,Opaline/CCS,0%,,Flake,Complete,,,,,,,,,,,,,,,,,,,,,,Yes,Hertzian,Feather,,,,,,,,,,,,,TRIANGULAR,NotPrepared,No,2.21,0.49,Main,,,,,,,,,,,12.96,12.96,6.24,4.39,0.8,0.07,,N,
1442,LIK,XI,P4-039,,,Opaline/CCS,0%,,Flake,Proximal,,,,,,,,,,,,,,,,,,,,,,Yes,Bending,,,,,,,,,,,,,,RECTANGULAR,NotPrepared,No,34.99,11.04,,,,,,,,,,,,29.52,,44.4,,15.88,23.9,,N,
145,LIK,XV,O4c-057,,,Quartzite,0%,,Flake,Proximal,,,,,,,,,,,,,,,,,,,,,,Yes,Hertzian,,,,,,,,,,,,,,RECTANGULAR,NotPrepared,No,28.79,7.55,,,,,,,,,,,,28.22,,45.88,,7.94,8.48,,N,
1443,LIK,XI,P4-039,,,Opaline/CCS,0%,,Flake,Complete,,,,,,,,,,,,,,,,,,,,,,Yes,Hertzian,Feather,,,,,,,,,,,,,RECTANGULAR,NotPrepared,No,5.57,4.6,Main,,,,,,,,,,,13.8,13.8,8.18,8.18,3.01,0.36,,N,
1444,LIK,XI,P4-039,,,Opaline/CCS,0%,,Flake,Complete,,,,,,,,,,,,,,,,,,,,,,Yes,Hertzian,Feather,,,,,,,,,,,,,RECTANGULAR,NotPrepared,No,16.07,5.47,Main,,,,,,,,,,,12.87,12.87,17.8,17.8,5.15,1.29,,N,
1445,LIK,XI,P4-039,,,Opaline/CCS,0%,,Flake,Complete,,,,,,,,,,,,,,,,,,,,,,Yes,Hertzian,Feather,,,,,,,,,,,,,TRIANGULAR,NotPrepared,No,3.87,2.86,Main,,,,,,,,,,,17.36,17.36,8.88,8.88,5.14,0.69,,N,
1446,LIK,XI,P4-039,,,Opaline/CCS,0%,,Flake,Complete,,,,,,,,,,,,,,,,,,,,,,Yes,Hertzian,Feather,,,,,,,,,,,,,KITE,NotPrepared,No,5.06,4.48,Main,,,,,,,,,,,20.26,20.26,7.95,7.95,5.01,0.8,,N,
1447,LIK,XI,P4-039,,,Opaline/CCS,0%,,Flake,Complete,,,,,,,,,,,,,,,,,,,,,,Yes,Hertzian,Feather,,,,,,,,,,,,,RECTANGULAR,NotPrepared,No,5.86,2.94,Main,,,,,,,,,,,17.87,14.53,8.77,8.77,3.84,0.57,,N,
1448,LIK,XI,P4-039,,,Opaline/CCS,0%,,Flake,Complete,,,,,,,,,,,,,,,,,,,,,,Yes,Hertzian,Feather,,,,,,,,,,,,,RECTANGULAR,NotPrepared,No,20.43,5.67,Main,,,,,,,,,,,31.87,31.87,32.97,31.55,11.57,16.46,,N,
1449,LIK,XI,P4-039,,,Opaline/CCS,0%,,Flake,Complete,,,,,,,,,,,,,,,,,,,,,,Yes,Hertzian,Feather,,,,,,,,,,,,,KITE,NotPrepared,No,9.15,3.6,Main,,,,,,,,,,,35.44,35.44,16.68,16,6.84,4.44,,N,
1450,LIK,XI,P4-039,,,Opaline/CCS,0%,,Flake,Complete,,,,,,,,,,,,,,,,,,,,,,Yes,Hertzian,Feather,,,,,,,,,,,,,RECTANGULAR,NotPrepared,No,25.03,11.58,Main,,,,,,,,,,,39.14,32.98,32.08,32.08,11.55,17,Ut,N,
1451,LIK,XI,P4-039,,,Opaline/CCS,10-40%,Outcrop,Flake,Complete,,,,,,,,,,,,,,,,,,,,,,Yes,Hertzian,Feather,,,,,,,,,,,,,RECTANGULAR,NotPrepared,No,25.36,21.96,Main,,,,,,,,,,,38.31,38.31,34.69,34.69,15.11,29.51,Ut,N,
1452,LIK,XI,P4-039,,,Opaline/CCS,0%,,Flake,Complete,,,,,,,,,,,,,,,,,,,,,,Yes,Hertzian,Feather,,,,,,,,,,,,,RECTANGULAR,NotPrepared,No,22.5,7.34,Main,,,,,,,,,,,40.17,40.17,30.64,30.64,13.31,26.97,,N,
146,LIK,XV,O4c-057,,,Tuff,0%,,Flake,Complete,,,,,,,,,,,,,,,,,,,,,,Yes,Hertzian,Feather,,,,,,,,,,,,,RECTANGULAR,NotPrepared,No,7.62,0.95,Main,,,,,,,,,,,11.64,11.64,14.79,14.79,1.36,0.27,,N,
1453,LIK,XI,P4-039,,,Opaline/CCS,0%,,Flake,Complete,,,,,,,,,,,,,,,,,,,,,,Yes,Hertzian,Feather,,,,,,,,,,,,,OVAL,FacetWithBulb,No,9.17,4.25,Main,,,,,,,,,,,22.04,17.31,14.18,14.18,2.48,1.03,Ut,N,
1454,LIK,XI,P4-039,,,Opaline/CCS,0%,,Flake,Complete,,,,,,,,,,,,,,,,,,,,,,Yes,Hertzian,Feather,,,,,,,,,,,,,OVAL,NotPrepared,No,4.02,1.68,Main,,,,,,,,,,,15.01,15.01,19.44,16.74,2.21,0.78,,N,
1455,LIK,XI,P4-039,,,Opaline/CCS,0%,,Flake,Complete,,,,,,,,,,,,,,,,,,,,,,Yes,Hertzian,Feather,,,,,,,,,,,,,RECTANGULAR,NotPrepared,No,5.12,1.19,Main,,,,,,,,,,,31.01,31.01,16.65,11.31,2.09,1.13,,N,
1456,LIK,XI,P4-039,,,Opaline/CCS,0%,,Flake,Complete,,,,,,,,,,,,,,,,,,,,,,Yes,Hertzian,Feather,,,,,,,,,,,,,RECTANGULAR,NotPrepared,No,5.82,1.43,Main,,,,,,,,,,,17.4,17.4,12.59,12.59,2.75,0.67,,N,
1457,LIK,XI,P4-039,,,Opaline/CCS,0%,,Flake,Complete,,,,,,,,,,,,,,,,,,,,,,Yes,Hertzian,Feather,,,,,,,,,,,,,RECTANGULAR,NotPrepared,No,11.02,5.15,Main,,,,,,,,,,,29.54,23.44,30.89,30.89,10.3,8.56,,N,
1458,LIK,XI,P4-039,,,Opaline/CCS,0%,,Flake,Complete,,,,,,,,,,,,,,,,,,,,,,Yes,Hertzian,Feather,,,,,,,,,,,,,RECTANGULAR,ResidualFacetWithBulb,No,5.04,1.81,Main,,,,,,,,,,,20.4,20.4,8.67,8.67,1.75,0.41,Ut,N,
1459,LIK,XI,P4-039,,,Opaline/CCS,0%,,Flake,Complete,,,,,,,,,,,,,,,,,,,,,,Yes,Hertzian,Feather,,,,,,,,,,,,,KITE,NotPrepared,No,10.81,3.08,Main,,,,,,,,,,,30.95,20.38,18.25,18.25,3.59,1.22,,N,
1460,LIK,XI,P4-039,,,Opaline/CCS,0%,,Flake,Complete,,,,,,,,,,,,,,,,,,,,,,Yes,Hertzian,Feather,,,,,,,,,,,,,RECTANGULAR,NotPrepared,No,10.01,3.51,Main,,,,,,,,,,,28.73,28.73,19.38,19.38,3.27,2.12,,N,
1461,LIK,XI,P4-039,,,Opaline/CCS,0%,,Flake,Complete,,,,,,,,,,,,,,,,,,,,,,Yes,Hertzian,Feather,,,,,,,,,,,,,RECTANGULAR,NotPrepared,No,8.06,4.57,Main,,,,,,,,,,,40.86,40.86,15.77,13.59,5.59,3.96,Ut,N,
1561,LIK,XI,P4-039,,,Opaline/CCS,0%,,Flake,Complete,,,,,,,,,,,,,,,,,,,,,,Yes,Hertzian,Feather,,,,,,,,,,,,,TRIANGULAR,NotPrepared,No,6.37,1.68,Main,,,,,,,,,,,26.3,26.3,13.4,12.42,3.83,1.44,Potential Point; photo on phone,N,
147,LIK,XV,O4c-057,,,Tuff,0%,,Flake,Proximal,,,,,,,,,,,,,,,,,,,,,,Yes,Bending,,,,,,,,,,,,,,TRAPEZOIDAL,NotPrepared,No,7.23,2.21,,,,,,,,,,,,12.5,,20.93,,2.1,0.6,,N,
1462,LIK,XI,P4-039,,,Opaline/CCS,0%,,Flake,Complete,,,,,,,,,,,,,,,,,,,,,,Yes,Hertzian,Feather,,,,,,,,,,,,,TRIANGULAR,NotPrepared,No,9.54,3.32,Main,,,,,,,,,,,26.19,26.19,9.61,9.61,2.55,0.82,Ut,N,
1463,LIK,XI,P4-039,,,Opaline/CCS,0%,,Flake,Complete,,,,,,,,,,,,,,,,,,,,,,Yes,Hertzian,Feather,,,,,,,,,,,,,RECTANGULAR,NotPrepared,No,9.41,2.4,Main,,,,,,,,,,,26.15,26.15,16.18,9.87,3.42,2.35,Ut,N,
1464,LIK,XI,P4-039,,,Opaline/CCS,0%,,Flake,Complete,,,,,,,,,,,,,,,,,,,,,,Yes,Hertzian,Feather,,,,,,,,,,,,,RECTANGULAR,ResidualFacetWithBulb,No,4.14,1.34,Main,,,,,,,,,,,24,24,8.26,8.26,2.67,0.5,,N,
1564,LIK,XI,P4-039,,,Opaline/CCS,0%,,RetouchedTool,Complete,,MinimallyRetouched,NotchDenticulate,Ventral,2,34,5.01,2,3,4.37,3.3,,,,,,,,,,,,,,Flake,,,,,,,,,,,,TRAPEZOIDAL,,,,,,,,,,,,,,,,15.82,,20.94,,5.9,1.8,Ret,N,
1465,LIK,XI,P4-039,,,Opaline/CCS,0%,,Flake,Complete,,,,,,,,,,,,,,,,,,,,,,Yes,Hertzian,Feather,,,,,,,,,,,,,TRIANGULAR,NotPrepared,No,3.6,1.54,Main,,,,,,,,,,,20.77,20.77,12.46,12.46,1.7,0.51,Ut,N,
1466,LIK,XI,P4-039,,,Opaline/CCS,0%,,Flake,Complete,,,,,,,,,,,,,,,,,,,,,,Yes,Hertzian,Feather,,,,,,,,,,,,,TRAPEZOIDAL,NotPrepared,No,5.13,4.18,Main,,,,,,,,,,,16.3,16.3,21.61,13.79,3.55,1.45,Ut,N,
1467,LIK,XI,P4-039,,,Opaline/CCS,0%,,Flake,Complete,,,,,,,,,,,,,,,,,,,,,,Yes,Hertzian,Feather,,,,,,,,,,,,,RECTANGULAR,NotPrepared,No,5.9,3.35,Main,,,,,,,,,,,24.59,24.59,11.7,11.7,2.62,0.92,,N,
1468,LIK,XI,P4-039,,,Opaline/CCS,0%,,Flake,Complete,,,,,,,,,,,,,,,,,,,,,,Yes,Hertzian,Feather,,,,,,,,,,,,,TRIANGULAR,NotPrepared,No,9.52,3.59,Main,,,,,,,,,,,16.91,16.91,10.41,10.41,2.04,0.46,,N,
1469,LIK,XI,P4-039,,,Opaline/CCS,0%,,Flake,Complete,,,,,,,,,,,,,,,,,,,,,,Yes,Hertzian,Feather,,,,,,,,,,,,,RECTANGULAR,NotPrepared,No,14.39,1.93,Main,,,,,,,,,,,21.78,21.78,17.68,13.95,2.33,1.18,Ut,N,
1470,LIK,XI,P4-039,,,Opaline/CCS,0%,,Flake,Complete,,,,,,,,,,,,,,,,,,,,,,Yes,Hertzian,Feather,,,,,,,,,,,,,RECTANGULAR,NotPrepared,No,2.47,1.44,Main,,,,,,,,,,,19.4,19.4,7.64,6.39,1.72,0.26,,N,
148,LIK,XV,P4-057,,,Opaline/CCS,0%,,Flake,Complete,,,,,,,,,,,,,,,,,,,,,,Yes,Hertzian,Feather,,,,,,,,,,,,,RECTANGULAR,NotPrepared,No,3.91,1.85,Main,,,,,,,,,,,10.89,10.89,9.21,9.21,2.11,0.18,,N,
1471,LIK,XI,P4-039,,,Opaline/CCS,0%,,Flake,Complete,,,,,,,,,,,,,,,,,,,,,,Yes,Hertzian,Feather,,,,,,,,,,,,,KITE,NotPrepared,No,4.96,0.91,Main,,,,,,,,,,,18.3,18.3,7.8,7.8,1.39,0.21,,N,
1472,LIK,XI,P4-039,,,Opaline/CCS,0%,,Flake,Complete,,,,,,,,,,,,,,,,,,,,,,Yes,Hertzian,Feather,,,,,,,,,,,,,RECTANGULAR,NotPrepared,No,5.03,3.82,Main,,,,,,,,,,,24.5,24.5,13.93,13.93,5.49,1.25,Ut,N,
1473,LIK,XI,P4-039,,,Opaline/CCS,0%,,Flake,Complete,,,,,,,,,,,,,,,,,,,,,,Yes,Hertzian,Feather,,,,,,,,,,,,,TRIANGULAR,NotPrepared,No,8.7,2.26,Main,,,,,,,,,,,16.48,16.48,12.52,12.52,1.97,0.37,Potential point,N,
1474,LIK,XI,P4-039,,,Opaline/CCS,0%,,Flake,Complete,,,,,,,,,,,,,,,,,,,,,,Yes,Hertzian,Feather,,,,,,,,,,,,,RECTANGULAR,NotPrepared,No,4.79,2.02,Main,,,,,,,,,,,14.87,14.87,9.5,9.5,1.72,0.26,,N,
1475,LIK,XI,P4-039,,,Opaline/CCS,0%,,Flake,Complete,,,,,,,,,,,,,,,,,,,,,,Yes,Hertzian,Feather,,,,,,,,,,,,,KITE,NotPrepared,No,3.2,0.55,Main,,,,,,,,,,,14.05,14.05,7.53,7.53,0.87,0.1,,N,
1476,LIK,XI,P4-039,,,Opaline/CCS,0%,,Flake,Complete,,,,,,,,,,,,,,,,,,,,,,Yes,Hertzian,Feather,,,,,,,,,,,,,OVAL,NotPrepared,No,6.59,2.85,Main,,,,,,,,,,,13.52,13.52,16.53,16.53,3.08,0.61,,N,
1477,LIK,XI,P4-039,,,Opaline/CCS,0%,,Flake,Complete,,,,,,,,,,,,,,,,,,,,,,Yes,Hertzian,Feather,,,,,,,,,,,,,RECTANGULAR,NotPrepared,No,36.64,15.92,Main,,,,,,,,,,,22.45,22.45,44.94,44.94,17.45,24.26,Ut,N,
1478,LIK,XI,P4-039,,,Opaline/CCS,0%,,Flake,Fragment,,,,,,,,,,,,,,,,,,,,,,,,,,,,,,,,,,,,,RECTANGULAR,,,,,,,,,,,,,,,,16.67,,53.75,,7.91,16.29,Ut,N,
1479,LIK,XI,P4-039,,,Opaline/CCS,0%,,Flake,Proximal,,,,,,,,,,,,,,,,,,,,,,Yes,Bending,,,,,,,,,,,,,,TRIANGULAR,NotPrepared,No,12.27,7.72,,,,,,,,,,,,12.6,,24.03,,8.1,2.86,,N,
1480,LIK,XI,P4-039,,,Opaline/CCS,0%,,Flake,Complete,,,,,,,,,,,,,,,,,,,,,,Yes,Hertzian,Feather,,,,,,,,,,,,,RECTANGULAR,NotPrepared,No,3.29,4.13,Main,,,,,,,,,,,10.27,10.27,8.41,8.41,2.57,0.29,,N,
149,LIK,XV,P4-057,,,Opaline/CCS,0%,,Flake,Complete,,,,,,,,,,,,,,,,,,,,,,Yes,Hertzian,Feather,,,,,,,,,,,,,RHOMBUS,NotPrepared,No,13.11,3.14,Main,,,,,,,,,,,15.92,15.92,13.33,13.33,4.05,0.79,,N,
1481,LIK,XI,P4-039,,,Opaline/CCS,0%,,Flake,Complete,,,,,,,,,,,,,,,,,,,,,,Yes,Hertzian,Feather,,,,,,,,,,,,,RECTANGULAR,ResidualFacetWithBulb,No,12.18,2.21,Main,,,,,,,,,,,16.11,16.11,17.81,17.81,3.63,1.1,,N,
1482,LIK,XI,P4-039,,,Opaline/CCS,0%,,Flake,Fragment,,,,,,,,,,,,,,,,,,,,,,,,,,,,,,,,,,,,,RECTANGULAR,,,,,,,,,,,,,,,,21.54,,11.8,,5.11,1.45,,N,
1483,LIK,XI,P4-039,,,Opaline/CCS,0%,,Flake,Complete,,,,,,,,,,,,,,,,,,,,,,Yes,Hertzian,Feather,,,,,,,,,,,,,RECTANGULAR,NotPrepared,No,6.64,2.04,Main,,,,,,,,,,,14.26,14.26,11.09,11.09,2.36,0.5,,N,
1484,LIK,XI,P4-039,,,Opaline/CCS,0%,,Flake,Proximal,,,,,,,,,,,,,,,,,,,,,,Yes,Hertzian,,,,,,,,,,,,,,RECTANGULAR,NotPrepared,No,43.06,13.82,,,,,,,,,,,,18.18,,49.34,,12.86,23.53,Ut,N,
1485,LIK,XI,P4-039,,,Opaline/CCS,0%,,Flake,Complete,,,,,,,,,,,,,,,,,,,,,,Yes,Hertzian,Feather,,,,,,,,,,,,,RECTANGULAR,NotPrepared,No,7,2.69,Main,,,,,,,,,,,26.85,20.55,24.08,16.19,3.57,2.24,Ut,N,
1486,LIK,XI,P4-039,,,Opaline/CCS,0%,,Flake,Complete,,,,,,,,,,,,,,,,,,,,,,Yes,Hertzian,Feather,,,,,,,,,,,,,TRAPEZOIDAL,NotPrepared,No,8.08,3.24,Main,,,,,,,,,,,21.55,21.55,39.22,33.24,6.97,5.87,Ut,N,
1487,LIK,XI,P4-039,,,Opaline/CCS,0%,,Flake,Complete,,,,,,,,,,,,,,,,,,,,,,Yes,Hertzian,Feather,,,,,,,,,,,,,RHOMBUS,NotPrepared,No,14.7,6.16,Main,,,,,,,,,,,21.06,21.06,34.31,30.95,10.65,7.96,Ut,N,
1488,LIK,XI,P4-039,,,Opaline/CCS,0%,,Flake,Complete,,,,,,,,,,,,,,,,,,,,,,Yes,Hertzian,Feather,,,,,,,,,,,,,TRIANGULAR,NotPrepared,No,8.7,4.1,Main,,,,,,,,,,,17.13,17.13,25.69,21.39,6.57,2.4,Ut,Y,
1489,LIK,XI,P4-039,,,Opaline/CCS,0%,,Flake,Complete,,,,,,,,,,,,,,,,,,,,,,Yes,Hertzian,Feather,,,,,,,,,,,,,TRIANGULAR,NotPrepared,No,11.31,3.21,Main,,,,,,,,,,,21.97,21.97,17.46,13.51,6.47,2,Ut; Potential barbed point,N,
1490,LIK,XI,P4-039,,,Opaline/CCS,0%,,Flake,Complete,,,,,,,,,,,,,,,,,,,,,,Yes,Hertzian,Hinge,,,,,,,,,,,,,TRAPEZOIDAL,NotPrepared,No,11.28,6.25,Main,,,,,,,,,,,24.53,24.53,32.82,26.22,7.76,6.22,Ut,N,
150,LIK,XV,P4-057,,,Opaline/CCS,0%,,Flake,Complete,,,,,,,,,,,,,,,,,,,,,,Yes,Wedging,Feather,,,,,,,,,,,,,RECTANGULAR,Indeterminate,No,5.09,1.03,Main,,,,,,,,,,,20.12,20.12,8.33,8.33,2,0.51,,N,
1491,LIK,XI,P4-039,,,Hornfels,0%,,Flake,Complete,,,,,,,,,,,,,,,,,,,,,,Yes,Hertzian,Feather,,,,,,,,,,,,,OVAL,NotPrepared,No,20.91,6.59,Main,,,,,,,,,,,23.64,23.64,37.3,36.68,5.7,5.48,,N,
1492,LIK,XI,P4-039,,,Hornfels,0%,,Flake,Complete,,,,,,,,,,,,,,,,,,,,,,Yes,Hertzian,Feather,,,,,,,,,,,,,RECTANGULAR,NotPrepared,No,20.67,5.44,Main,,,,,,,,,,,30.14,30.14,25.13,25.13,5.25,6.77,,N,
1493,LIK,XI,P4-039,,,Hornfels,0%,,Flake,Complete,,,,,,,,,,,,,,,,,,,,,,Yes,Hertzian,Feather,,,,,,,,,,,,,RECTANGULAR,NotPrepared,No,16.94,10.02,Main,,,,,,,,,,,35.17,35.17,21.92,14.68,6.2,4.39,,N,
1494,LIK,XI,P4-039,,,Hornfels,0%,,Flake,Fragment,,,,,,,,,,,,,,,,,,,,,,Yes,Hertzian,,,,,,,,,,,,,,RECTANGULAR,NotPrepared,No,22.83,13.47,,,,,,,,,,,,40.03,,22.44,,9.85,10.17,Ut,N,
1495,LIK,XI,P4-039,,,Hornfels,0%,,Flake,Complete,,,,,,,,,,,,,,,,,,,,,,Yes,Hertzian,Feather,,,,,,,,,,,,,RECTANGULAR,NotPrepared,No,11.34,3.02,Main,,,,,,,,,,,45.42,45.42,31.28,38.31,8.68,16.59,,N,
1496,LIK,XI,P4-039,,,Hornfels,0%,,Flake,Complete,,,,,,,,,,,,,,,,,,,,,,Yes,Hertzian,Feather,,,,,,,,,,,,,RECTANGULAR,NotPrepared,No,35.55,7.85,Main,,,,,,,,,,,23.52,23.52,35.98,35.98,8.98,11.43,Ut,N,
1497,LIK,XI,P4-039,,,Hornfels,0%,,Flake,Complete,,,,,,,,,,,,,,,,,,,,,,Yes,Hertzian,Feather,,,,,,,,,,,,,TRIANGULAR,NotPrepared,No,13.73,8.44,Main,,,,,,,,,,,46.1,46.1,26.81,13.86,10.38,8.74,Ut,N,
1498,LIK,XI,P4-039,,,Hornfels,0%,,Flake,Complete,,,,,,,,,,,,,,,,,,,,,,Yes,Hertzian,Feather,,,,,,,,,,,,,RECTANGULAR,NotPrepared,No,15.24,5.83,Main,,,,,,,,,,,30.07,30.07,17.35,17.35,6.7,3.29,,N,
1499,LIK,XI,P4-039,,,Hornfels,0%,,Core,,Complete,,,,,,,,,,,,,,,,,,,,,,,,,,,,,,,,,,,,,,,,,,Platform,Bladelet,Cubic,0%,4,2,3,5,5,13.99,29,,11.58,,7.76,4.06,,N,
1500,LIK,XI,P4-039,,,Hornfels,0%,,Flake,Complete,,,,,,,,,,,,,,,,,,,,,,Yes,Hertzian,Feather,,,,,,,,,,,,,TRIANGULAR,NotPrepared,No,13,4.41,Main,,,,,,,,,,,32.82,25.28,13.48,13.48,5.6,3.13,Ut,N,
15,LIK,XV,O5c-057,,,Hornfels,0%,,Flake,Complete,,,,,,,,,,,,,,,,,,,,,,Yes,Hertzian,Feather,,,,,,,,,,,,,RECTANGULAR,NotPrepared,No,6.37,2.97,Main,,,,,,,,,,,31.12,31.12,15.25,15.25,4.99,2.27,,N,
151,LIK,XV,P4-057,,,Opaline/CCS,0%,,Flake,Complete,,,,,,,,,,,,,,,,,,,,,,Yes,Hertzian,Feather,,,,,,,,,,,,,TRIANGULAR,NotPrepared,No,6.83,3.51,Main,,,,,,,,,,,20.62,20.62,8.53,8.53,2.58,0.52,,N,
1501,LIK,XI,P4-039,,,Hornfels,0%,,Flake,Complete,,,,,,,,,,,,,,,,,,,,,,Yes,Hertzian,Feather,,,,,,,,,,,,,RHOMBUS,NotPrepared,No,10.93,3.45,Main,,,,,,,,,,,26.01,26.01,35.87,29.24,6.45,4.92,,N,
1502,LIK,XI,P4-039,,,Hornfels,0%,,Flake,Complete,,,,,,,,,,,,,,,,,,,,,,Yes,Hertzian,Feather,,,,,,,,,,,,,RECTANGULAR,NotPrepared,No,12.56,2.41,Main,,,,,,,,,,,18.76,18.76,15.04,14.93,3.12,1.16,,N,
1503,LIK,XI,P4-039,,,Hornfels,0%,,Flake,Fragment,,,,,,,,,,,,,,,,,,,,,,,,,,,,,,,,,,,,,RECTANGULAR,,,,,,,,,,,,,,,,28.98,,13.21,,7.52,4.1,Ut,N,
1504,LIK,XI,P4-039,,,Hornfels,0%,,Flake,Complete,,,,,,,,,,,,,,,,,,,,,,Yes,Hertzian,Feather,,,,,,,,,,,,,TRIANGULAR,NotPrepared,No,18.58,3.05,Main,,,,,,,,,,,19.45,19.45,20.64,20.64,1.88,1.29,,N,
1505,LIK,XI,P4-039,,,Hornfels,0%,,Flake,Proximal,,,,,,,,,,,,,,,,,,,,,,Yes,Hertzian,,,,,,,,,,,,,,TRIANGULAR,NotPrepared,No,9.14,4.47,,,,,,,,,,,,25.5,,25.09,,4.23,3.36,Ut,N,
1506,LIK,XI,P4-039,,,Hornfels,0%,,Flake,Proximal,,,,,,,,,,,,,,,,,,,,,,Yes,Bending,,,,,,,,,,,,,,RECTANGULAR,NotPrepared,No,13.1,3.25,,,,,,,,,,,,18.67,,22.48,,5.29,3.62,Ut,N,
1507,LIK,XI,P4-039,,,Hornfels,0%,,Flake,Mesial,,,,,,,,,,,,,,,,,,,,,,,,,,,,,,,,,,,,,RECTANGULAR,,,,,,,,,,,,,,,,15.12,,18.37,,2.06,0.69,,N,
1508,LIK,XI,P4-039,,,Hornfels,0%,,Flake,Proximal,,,,,,,,,,,,,,,,,,,,,,Yes,Hertzian,,,,,,,,,,,,,,RECTANGULAR,NotPrepared,No,12.35,3.21,,,,,,,,,,,,11.73,,11.73,,3.09,0.81,,N,
1509,LIK,XI,P4-039,,,Hornfels,1-10%,Outcrop,Flake,Complete,,,,,,,,,,,,,,,,,,,,,,Yes,Hertzian,Feather,,,,,,,,,,,,,TRAPEZOIDAL,NotPrepared,No,9.51,3.61,Main,,,,,,,,,,,19.02,19.02,12.99,12.99,3.66,1.19,Ut,N,
1510,LIK,XI,P4-039,,,Hornfels,0%,,Flake,Complete,,,,,,,,,,,,,,,,,,,,,,Yes,Hertzian,Feather,,,,,,,,,,,,,TRIANGULAR,NotPrepared,No,12.97,1.54,Main,,,,,,,,,,,21.72,,15.54,,1.52,0.66,Ut,N,
152,LIK,XV,P4-057,,,Opaline/CCS,0%,,Flake,Complete,,,,,,,,,,,,,,,,,,,,,,Yes,Hertzian,Feather,,,,,,,,,,,,,RECTANGULAR,NotPrepared,No,8.05,2.39,Main,,,,,,,,,,,25.73,25.73,14.07,14.07,2.59,1.55,,N,
1511,LIK,XI,P4-039,,,Hornfels,0%,,Flake,Complete,,,,,,,,,,,,,,,,,,,,,,Yes,Hertzian,Feather,,,,,,,,,,,,,RECTANGULAR,NotPrepared,No,13.58,2.02,Main,,,,,,,,,,,7.23,7.23,17.44,14.79,3.19,0.5,,N,
1512,LIK,XI,P4-039,,,Hornfels,0%,,Flake,Proximal,,,,,,,,,,,,,,,,,,,,,,Yes,Bending,,,,,,,,,,,,,,RHOMBUS,NotPrepared,No,12.64,2.99,,,,,,,,,,,,11.52,,16.9,,3.15,0.65,Ut,N,
1513,LIK,XI,P4-039,,,Hornfels,1-10%,Outcrop,Flake,Complete,,,,,,,,,,,,,,,,,,,,,,Yes,Hertzian,Feather,,,,,,,,,,,,,RECTANGULAR,NotPrepared,No,10.89,4.09,Main,,,,,,,,,,,13.24,13.24,17.21,14.43,2.36,0.84,,N,
1514,LIK,XI,P4-039,,,Hornfels,0%,,Flake,Complete,,,,,,,,,,,,,,,,,,,,,,Yes,Hertzian,Feather,,,,,,,,,,,,,TRIANGULAR,NotPrepared,No,16.62,4.61,Main,,,,,,,,,,,13.09,9.47,19.07,15.45,2.62,0.78,,N,
1515,LIK,XI,P4-039,,,Hornfels,0%,,Flake,Distal,,,,,,,,,,,,,,,,,,,,,,,,Feather,,,,,,,,,,,,,RECTANGULAR,,,,,,,,,,,,,,,,19.53,,14.55,,4.08,1.18,Ut,N,
1516,LIK,XI,P4-039,,,Hornfels,0%,,Flake,Complete,,,,,,,,,,,,,,,,,,,,,,Yes,Hertzian,Feather,,,,,,,,,,,,,TRAPEZOIDAL,NotPrepared,No,11.04,3.95,Main,,,,,,,,,,,16.17,16.17,25.07,18.21,2.83,1.29,Ut,N,
1517,LIK,XI,P4-039,,,Hornfels,0%,,Flake,Complete,,,,,,,,,,,,,,,,,,,,,,Yes,Hertzian,Feather,,,,,,,,,,,,,TRAPEZOIDAL,NotPrepared,No,10.79,4.37,Main,,,,,,,,,,,13.07,13.07,20.82,20.82,3.7,0.98,Ut,N,
1518,LIK,XI,P4-039,,,Hornfels,0%,,Flake,Proximal,,,,,,,,,,,,,,,,,,,,,,Yes,Hertzian,,,,,,,,,,,,,,TRAPEZOIDAL,NotPrepared,No,5.56,0.86,,,,,,,,,,,,8.76,,15.32,,1.34,0.24,,N,
1519,LIK,XI,P4-039,,,Hornfels,0%,,Flake,Proximal,,,,,,,,,,,,,,,,,,,,,,Yes,Hertzian,,,,,,,,,,,,,,RECTANGULAR,NotPrepared,No,4.38,1.23,,,,,,,,,,,,17.22,,11.72,,2.08,0.47,,N,
1520,LIK,XI,P4-039,,,Hornfels,0%,,Flake,Complete,,,,,,,,,,,,,,,,,,,,,,Yes,Hertzian,Feather,,,,,,,,,,,,,RECTANGULAR,NotPrepared,No,10.33,3.07,Main,,,,,,,,,,,9.58,9.58,18.65,18.65,1.98,0.47,Ut,N,
153,LIK,XV,P4-057,,,Opaline/CCS,0%,,Flake,Complete,,,,,,,,,,,,,,,,,,,,,,Yes,Hertzian,Feather,,,,,,,,,,,,,TRIANGULAR,NotPrepared,No,3.58,2.03,Main,,,,,,,,,,,10.78,10.78,21.6,21.6,3.07,0.64,,N,
1521,LIK,XI,P4-039,,,Hornfels,0%,,Flake,Complete,,,,,,,,,,,,,,,,,,,,,,Yes,Hertzian,Feather,,,,,,,,,,,,,RHOMBUS,NotPrepared,No,5.8,2.52,Main,,,,,,,,,,,14.66,13.4,17.88,14.24,2.77,0.54,Ut,N,
1522,LIK,XI,P4-039,,,Hornfels,0%,,Flake,Complete,,,,,,,,,,,,,,,,,,,,,,Yes,Hertzian,Feather,,,,,,,,,,,,,RECTANGULAR,NotPrepared,No,6.83,1.69,Main,,,,,,,,,,,11.67,11.67,12.89,12.89,2.11,0.38,,N,
1523,LIK,XI,P4-039,,,Hornfels,1-10%,Outcrop,Flake,Proximal,,,,,,,,,,,,,,,,,,,,,,Yes,Hertzian,,,,,,,,,,,,,,TRAPEZOIDAL,NotPrepared,No,6.48,2.7,,,,,,,,,,,,9.48,,10.03,,1.55,0.21,,N,
1524,LIK,XI,P4-039,,,Hornfels,0%,,Flake,Complete,,,,,,,,,,,,,,,,,,,,,,Yes,Hertzian,Feather,,,,,,,,,,,,,TRIANGULAR,NotPrepared,No,7.92,3.29,Main,,,,,,,,,,,15.64,15.64,11.35,11.28,3.43,0.62,,N,
1525,LIK,XI,P4-039,,,Hornfels,0%,,Flake,Complete,,,,,,,,,,,,,,,,,,,,,,Yes,Bending,Feather,,,,,,,,,,,,,OVAL,NotPrepared,No,6.08,1.73,Main,,,,,,,,,,,12.43,12.43,10.78,10.78,1.7,0.3,Ut,N,
1526,LIK,XI,P4-039,,,Hornfels,0%,,Flake,Complete,,,,,,,,,,,,,,,,,,,,,,Yes,Hertzian,Feather,,,,,,,,,,,,,OVAL,NotPrepared,No,10.66,4,Main,,,,,,,,,,,9.41,9.41,11.98,11.98,3,0.34,,N,
1527,LIK,XI,P4-039,,,Hornfels,0%,,Flake,Complete,,,,,,,,,,,,,,,,,,,,,,Yes,Hertzian,Feather,,,,,,,,,,,,,RECTANGULAR,NotPrepared,No,6.69,2.81,Main,,,,,,,,,,,13.22,13.22,12.43,12.43,3.04,0.51,,N,
1528,LIK,XI,P4-039,,,Hornfels,0%,,Flake,Complete,,,,,,,,,,,,,,,,,,,,,,Yes,Bending,Feather,,,,,,,,,,,,,TRIANGULAR,NotPrepared,No,5.69,1.62,Main,,,,,,,,,,,14.22,14.22,6.91,6.91,1.44,0.26,,N,
1529,LIK,XI,P4-039,,,Hornfels,0%,,Flake,Complete,,,,,,,,,,,,,,,,,,,,,,Yes,Hertzian,Feather,,,,,,,,,,,,,RECTANGULAR,NotPrepared,No,5.83,1.62,Main,,,,,,,,,,,11.37,11.37,7.58,7.58,1.25,0.13,Ut,N,
1530,LIK,XI,P4-039,,,Hornfels,0%,,Flake,Complete,,,,,,,,,,,,,,,,,,,,,,Yes,Hertzian,Feather,,,,,,,,,,,,,TRIANGULAR,ResidualFacetWithBulb,No,10.06,2.85,Main,,,,,,,,,,,10.02,8.08,13.99,10.01,1.88,0.25,,N,
154,LIK,XV,P4-057,,,Opaline/CCS,0%,,Flake,Proximal,,,,,,,,,,,,,,,,,,,,,,Yes,Hertzian,,,,,,,,,,,,,,RECTANGULAR,NotPrepared,No,17.66,1.21,,,,,,,,,,,,14.37,,20,,1.81,0.91,,N,
1531,LIK,XI,P4-039,,,Hornfels,0%,,Flake,Complete,,,,,,,,,,,,,,,,,,,,,,Yes,Bending,Feather,,,,,,,,,,,,,RECTANGULAR,NotPrepared,No,10.65,2.59,Main,,,,,,,,,,,13.41,13.41,12.11,12.11,3.35,0.74,,N,
1532,LIK,XI,P4-039,,,Hornfels,0%,,Flake,Complete,,,,,,,,,,,,,,,,,,,,,,Yes,Bending,Feather,,,,,,,,,,,,,TRIANGULAR,NotPrepared,No,9.14,2.64,Main,,,,,,,,,,,10.57,10.57,10.45,8.99,1.53,0.13,,N,
1533,LIK,XI,P4-039,,,Hornfels,0%,,Flake,Complete,,,,,,,,,,,,,,,,,,,,,,Yes,Hertzian,Feather,,,,,,,,,,,,,KITE,NotPrepared,No,7,3.57,Main,,,,,,,,,,,12.69,12.69,10.25,10.25,2.9,0.29,,N,
1534,LIK,XI,P4-039,,,Hornfels,0%,,Flake,Complete,,,,,,,,,,,,,,,,,,,,,,Yes,Hertzian,Feather,,,,,,,,,,,,,RECTANGULAR,NotPrepared,No,3.91,1.5,Main,,,,,,,,,,,15.49,15.49,7.25,7.25,2.13,0.22,,N,
1535,LIK,XI,P4-039,,,Hornfels,0%,,Flake,Complete,,,,,,,,,,,,,,,,,,,,,,Yes,Hertzian,Feather,,,,,,,,,,,,,OVAL,NotPrepared,No,6.08,3.37,Main,,,,,,,,,,,13.51,13.51,9.34,9.34,2.83,0.37,Ut,N,
1536,LIK,XI,P4-039,,,Hornfels,0%,,Flake,Complete,,,,,,,,,,,,,,,,,,,,,,Yes,Hertzian,Feather,,,,,,,,,,,,,RECTANGULAR,NotPrepared,No,6.6,0.87,Main,,,,,,,,,,,12.57,12.57,9.9,9.9,1.81,0.2,,N,
1537,LIK,XI,P4-039,,,Hornfels,0%,,Flake,Complete,,,,,,,,,,,,,,,,,,,,,,Yes,Hertzian,Feather,,,,,,,,,,,,,TRIANGULAR,NotPrepared,No,6.73,1.61,Main,,,,,,,,,,,11.56,11.56,7.99,6.99,2.09,0.19,,N,
1538,LIK,XI,P4-039,,,Hornfels,0%,,Flake,Complete,,,,,,,,,,,,,,,,,,,,,,Yes,Bending,Feather,,,,,,,,,,,,,RECTANGULAR,FacetWithBulb,No,12.14,2.61,Main,,,,,,,,,,,9.26,9.26,12.21,12.21,2.49,0.29,,N,
1539,LIK,XI,P4-039,,,Hornfels,0%,,Flake,Complete,,,,,,,0,,0,0,0,0,0,0,0,0,0,0,0,0,0,Yes,Hertzian,Overshot,,0,0,0,0,0,0,0,0,0,0,0,TRAPEZOIDAL,NotPrepared,No,7.58,2.58,Main,,,,,0,0,0,0,0,0,55.75,55.75,41.5,27.95,14.81,25.06,Ret; Ut,N,
1540,LIK,XI,P4-039,,,Hornfels,0%,,Flake,Complete,,,,,,,,,,,,,,,,,,,,,,Yes,Hertzian,Feather,,,,,,,,,,,,,KITE,NotPrepared,No,16.99,7.43,Main,,,,,,,,,,,39,39,29.25,24.41,10.39,8.5,Ut,N,
155,LIK,XV,P4-057,,,Opaline/CCS,0%,,Flake,Complete,,,,,,,0,,0,0,0,0,0,0,0,0,0,0,0,0,0,Yes,Hertzian,Feather,,0,0,0,0,0,0,0,0,0,0,0,RECTANGULAR,NotPrepared,No,10.87,4.37,Main,,,,,0,0,0,0,0,0,24.78,24.78,13.86,13.86,6.93,2.91,,N,
1541,LIK,XI,P4-039,,,Hornfels,0%,,Flake,Complete,,,,,,,,,,,,,,,,,,,,,,Yes,Hertzian,Feather,,,,,,,,,,,,,RHOMBUS,NotPrepared,No,20.02,3.02,Main,,,,,,,,,,,29.44,29.44,50.55,37.8,12.65,15.3,Ut,N,
1542,LIK,XI,P4-039,,,Hornfels,0%,,Flake,Complete,,,,,,,,,,,,,,,,,,,,,,Yes,Hertzian,Feather,,,,,,,,,,,,,TRAPEZOIDAL,NotPrepared,No,13.31,5.69,Main,,,,,,,,,,,26,26,30.49,23.14,11.03,7.94,Ut,N,
1543,LIK,XI,P4-039,,,Hornfels,0%,,Flake,Complete,,,,,,,,,,,,,,,,,,,,,,Yes,Hertzian,Feather,,,,,,,,,,,,,TRAPEZOIDAL,NotPrepared,No,17.6,5.03,Main,,,,,,,,,,,15.93,13.41,40.01,30.89,5.77,3.5,,N,
1544,LIK,XI,P4-039,,,Hornfels,0%,,Flake,Complete,,,,,,,,,,,,,,,,,,,,,,Yes,Hertzian,Feather,,,,,,,,,,,,,RECTANGULAR,NotPrepared,No,11.08,2.58,Main,,,,,,,,,,,19.01,19.01,23.29,23.29,4.56,2.31,,N,
1545,LIK,XI,P4-039,,,Hornfels,0%,,Flake,Complete,,,,,,,,,,,,,,,,,,,,,,Yes,Hertzian,Feather,,,,,,,,,,,,,RECTANGULAR,NotPrepared,No,14.17,3.4,Main,,,,,,,,,,,25.61,25.61,27.75,27.75,3.58,3.12,,N,
1546,LIK,XI,P4-039,,,Hornfels,0%,,Flake,Complete,,,,,,,,,,,,,,,,,,,,,,Yes,Hertzian,Feather,,,,,,,,,,,,,RECTANGULAR,NotPrepared,No,15.99,5.49,Main,,,,,,,,,,,14.98,14.98,23.11,20.27,3.17,1.59,,N,
1547,LIK,XI,P4-039,,,Quartzite,10-40%,Outcrop,Flake,Complete,,,,,,,0,,0,0,0,0,0,0,0,0,0,0,0,0,0,Yes,Hertzian,Overshot,,0,0,0,0,0,0,0,0,0,0,0,KITE,NotPrepared,No,18.16,3.51,Main,,,,,0,0,0,0,0,0,40.91,40.91,35.62,35.62,10.63,11.9,Ut,N,
1548,LIK,XI,P4-039,,,Quartzite,0%,,Flake,Complete,,,,,,,,,,,,,,,,,,,,,,Yes,Hertzian,Overshot,,,,,,,,,,,,,TRAPEZOIDAL,NotPrepared,No,8.29,3.09,Main,,,,,,,,,,,35.47,35.47,25.02,25.02,9.4,9.15,Ut,N,
1549,LIK,XI,P4-039,,,Quartzite,0%,,Flake,Complete,,,,,,,,,,,,,,,,,,,,,,Yes,Hertzian,Feather,,,,,,,,,,,,,RECTANGULAR,NotPrepared,No,12.44,3.06,Main,,,,,,,,,,,20.64,20.64,13.06,13.06,5.58,1.87,,N,
1550,LIK,XI,P4-039,,,Quartzite,0%,,Flake,Complete,,,,,,,,,,,,,,,,,,,,,,Yes,Bending,Feather,,,,,,,,,,,,,RECTANGULAR,NotPrepared,No,16.08,11.43,Main,,,,,,,,,,,22.34,22.34,22.63,22.63,6.7,3.29,,N,
156,LIK,XV,P4-057,,,Opaline/CCS,0%,,Flake,Proximal,,,,,,,,,,,,,,,,,,,,,,Yes,Hertzian,,,,,,,,,,,,,,TRAPEZOIDAL,NotPrepared,No,12.08,4.19,,,,,,,,,,,,29.01,,26.02,,7.82,7.45,,N,
1551,LIK,XI,P4-039,,,Quartzite,0%,,Flake,Proximal,,,,,,,,,,,,,,,,,,,,,,Yes,Bending,,,,,,,,,,,,,,RECTANGULAR,NotPrepared,No,12.6,4.51,,,,,,,,,,,,13.21,,13.54,,4.84,1.16,,N,
1552,LIK,XI,P4-039,,,Quartzite,0%,,Flake,Distal,,,,,,,,,,,,,,,,,,,,,,,,Feather,,,,,,,,,,,,,TRIANGULAR,,,,,,,,,,,,,,,,17.25,,28.13,,2.58,1,Ut,N,
1553,LIK,XI,P4-039,,,Quartzite,0%,,Flake,Complete,,,,,,,,,,,,,,,,,,,,,,Yes,Hertzian,Feather,,,,,,,,,,,,,RECTANGULAR,NotPrepared,No,16.56,9.98,Main,,,,,,,,,,,15.09,15.09,20.44,14.16,7.22,2.52,Ut,N,
1554,LIK,XI,P4-039,,,Quartzite,0%,,Flake,Complete,,,,,,,,,,,,,,,,,,,,,,Yes,Hertzian,Feather,,,,,,,,,,,,,RECTANGULAR,NotPrepared,No,15.53,6.75,Main,,,,,,,,,,,17.93,17.93,16.67,16.67,4.74,2.37,Ut; Very cool!!!!,Y,
1555,LIK,XI,P4-039,,,Quartzite,0%,,Flake,Complete,,,,,,,,,,,,,,,,,,,,,,Yes,Hertzian,Feather,,,,,,,,,,,,,RECTANGULAR,NotPrepared,No,18.24,1.88,Main,,,,,,,,,,,14.63,14.63,25.23,25.23,2.35,1.39,Ut,N,
1556,LIK,XI,P4-039,,,Quartzite,0%,,Flake,Proximal,,,,,,,,,,,,,,,,,,,,,,Yes,Hertzian,,,,,,,,,,,,,,RECTANGULAR,NotPrepared,No,20.28,9.02,,,,,,,,,,,,13.54,,27.52,,5.61,2.23,,N,
1557,LIK,XI,P4-039,,,Quartzite,0%,,Flake,Complete,,,,,,,,,,,,,,,,,,,,,,Yes,Hertzian,Feather,,,,,,,,,,,,,RECTANGULAR,NotPrepared,No,16.67,3.73,Main,,,,,,,,,,,12.15,12.15,22.4,22.4,3.26,0.65,,N,
1558,LIK,XI,P4-039,,,Quartzite,0%,,Flake,Complete,,,,,,,,,,,,,,,,,,,,,,Yes,Hertzian,Feather,,,,,,,,,,,,,RECTANGULAR,NotPrepared,No,4.9,1.58,Main,,,,,,,,,,,15.93,15.93,13.68,13.68,1.65,0.57,,N,
1559,LIK,XI,P4-039,,,Quartzite,0%,,Flake,Complete,,,,,,,,,,,,,,,,,,,,,,Yes,Hertzian,Feather,,,,,,,,,,,,,RECTANGULAR,NotPrepared,No,4.78,1.16,Main,,,,,,,,,,,23.28,23.28,8.17,8.17,3.16,0.57,Ut,N,
1560,LIK,XI,P4-039,,,Quartzite,0%,,Flake,Complete,,,,,,,,,,,,,,,,,,,,,,Yes,Bending,Feather,,,,,,,,,,,,,RECTANGULAR,NotPrepared,No,5.4,1.42,Main,,,,,,,,,,,15.86,15.86,11,11,1.45,0.42,,N,
157,LIK,XV,P4-057,,,Tuff,0%,,Flake,Proximal,,,,,,,,,,,,,,,,,,,,,,Yes,Hertzian,,,,,,,,,,,,,,RECTANGULAR,NotPrepared,No,6.85,3.27,,,,,,,,,,,,17.22,,12.2,,3.11,1,,N,
1562,LIK,XI,P4-039,,,Quartzite,0%,,Flake,Complete,,,,,,,,,,,,,,,,,,,,,,Yes,Hertzian,Feather,,,,,,,,,,,,,RECTANGULAR,NotPrepared,No,4.82,2.07,Main,,,,,,,,,,,13.51,13.51,6.83,6.83,2.29,0.25,,N,
1563,LIK,XI,P4-039,,,Quartzite,10-40%,Cobble,Flake,Complete,,,,,,,,,,,,,,,,,,,,,,Yes,Hertzian,Feather,,,,,,,,,,,,,TRIANGULAR,NotPrepared,No,7.5,1.26,Main,,,,,,,,,,,10.79,10.79,9.22,7.59,1.7,0.14,Ut,N,
1565,LIK,XI,P4-039,,,Quartzite,0%,,Flake,Complete,,,,,,,,,,,,,,,,,,,,,,Yes,Hertzian,Feather,,,,,,,,,,,,,RECTANGULAR,NotPrepared,No,2.26,1.17,Main,,,,,,,,,,,12.13,12.13,3.4,3.4,1.5,0.07,,N,
1566,LIK,XI,P4-039,,,Siltstone,0%,,Flake,Complete,,,,,,,,,,,,,,,,,,,,,,Yes,Hertzian,Feather,,,,,,,,,,,,,TRIANGULAR,NotPrepared,No,24.22,10.81,Main,,,,,,,,,,,71.26,71.26,37.08,37.08,20.17,41.48,Ut,N,
1567,LIK,XI,P4-039,,,Siltstone,0%,,Flake,Complete,,,,,,,,,,,,,,,,,,,,,,Yes,Hertzian,Feather,,,,,,,,,,,,,RECTANGULAR,NotPrepared,No,10.05,6.52,Main,,,,,,,,,,,64.4,64.4,32.6,32.6,16.68,38.62,Ut,N,
1568,LIK,XI,P4-039,,,Siltstone,0%,,Flake,Complete,,,,,,,,,,,,,,,,,,,,,,Yes,Hertzian,Feather,,,,,,,,,,,,,TRIANGULAR,NotPrepared,No,23.92,4.95,Main,,,,,,,,,,,38.94,38.94,28,21.32,8.11,7.12,Ut,N,
1569,LIK,XI,P4-039,,,Siltstone,0%,,Flake,Complete,,,,,,,,,,,,,,,,,,,,,,Yes,Hertzian,Feather,,,,,,,,,,,,,OVAL,NotPrepared,No,16.15,9.08,Main,,,,,,,,,,,28.8,22.22,33.58,33.58,9.12,7.85,Ut,N,
1570,LIK,XI,P4-039,,,Opaline/CCS,0%,,Core,,Complete,,,,,,,,,,,,,,,,,,,,,,,,,,,,,,,,,,,,,,,,,,Platform,Radial,Spherical,0%,4,3,2,4,6,28.08,25.95,,20.08,,17.76,17.87,,N,
1571,LIK,XI,P4-039,,,Opaline/CCS,0%,,Core,,Complete,,,,,,,,,,,,,,,,,,,,,,,,,,,,,,,,,,,,,,,,,,Bipolar,Bladelet,Spherical,0%,3,2,0,3,5,22.02,32.97,,17.33,,14.52,11.05,,N,
1572,LIK,XI,P4-039,,,Opaline/CCS,0%,,Core,,Complete,,,,,,,,,,,,,,,,,,,,,,,,,,,,,,,,,,,,,,,,,,Platform,Irregular,Spherical,0%,5,3,3,6,6,22.9,33.3,,24.98,,26.44,23.15,,N,
158,LIK,XV,P4-057,,,Tuff,0%,,Flake,Proximal,,,,,,,,,,,,,,,,,,,,,,Yes,Hertzian,,,,,,,,,,,,,,RECTANGULAR,NotPrepared,No,6.43,1.6,,,,,,,,,,,,14.19,,12.23,,1.07,0.25,,N,
1573,LIK,XI,P4-039,,,Quartzite,0%,,Core,,Complete,,,,,,,,,,,,,,,,,,,,,,,,,,,,,,,,,,,,,,,,,,Platform,Irregular,Cubic,0%,6,4,3,4,4,46.55,72.93,,49.02,,37.05,128.59,Ut,N,
1574,LIK,XI,P4-039,,,Hornfels,0%,,Core,,Complete,,,,,,,,,,,,,,,,,,,,,,,,,,,,,,,,,,,,,,,,,,Platform,Irregular,Spherical,0%,5,3,4,4,5,11.96,20.22,,14.79,,10.83,4.6,,N,
1575,LIK,VII,O4d-031,,,Opaline/CCS,0%,,Flake,Complete,,,,,,,,,,,,,,,,,,,,,,Yes,Hertzian,Feather,,,,,,,,,,,,,TRIANGULAR,NotPrepared,No,4.12,1.16,Main,,,,,,,,,,,14.06,14.06,9.66,9.66,1.79,0.25,,N,
1576,LIK,VII,O4d-031,,,Opaline/CCS,0%,,Flake,Complete,,,,,,,,,,,,,,,,,,,,,,Yes,Hertzian,Feather,,,,,,,,,,,,,RECTANGULAR,NotPrepared,No,5.87,2.58,Main,,,,,,,,,,,15.1,15.1,12.97,12.97,2.2,0.5,,N,
1577,LIK,VII,O4d-031,,,Opaline/CCS,0%,,Flake,Complete,,,,,,,,,,,,,,,,,,,,,,Yes,Hertzian,Feather,,,,,,,,,,,,,RECTANGULAR,NotPrepared,No,7.85,3.98,Main,,,,,,,,,,,15.62,15.62,10.33,10.33,4.03,0.71,,N,
1578,LIK,VII,O4d-031,,,Opaline/CCS,0%,,Flake,Complete,,,,,,,,,,,,,,,,,,,,,,Yes,Hertzian,Feather,,,,,,,,,,,,,OVAL,NotPrepared,No,9.82,1.82,Main,,,,,,,,,,,11.04,11.04,14.37,14.37,3.54,0.53,,N,
1579,LIK,VII,O4d-031,,,Opaline/CCS,0%,,Flake,Complete,,,,,,,,,,,,,,,,,,,,,,Yes,Hertzian,Overshot,,,,,,,,,,,,,RECTANGULAR,NotPrepared,No,9.79,3.17,Main,,,,,,,,,,,13.55,13.55,16.35,16.35,4.72,1.27,,N,
1580,LIK,VII,O4d-031,,,Opaline/CCS,0%,,Flake,Complete,,,,,,,,,,,,,,,,,,,,,,Yes,Hertzian,Feather,,,,,,,,,,,,,TRAPEZOIDAL,NotPrepared,No,9.73,2.64,Main,,,,,,,,,,,9.75,9.75,10.06,8.51,2.38,0.29,,N,
1581,LIK,VII,O4d-031,,,Opaline/CCS,0%,,Flake,Complete,,,,,,,,,,,,,,,,,,,,,,Yes,Hertzian,Feather,,,,,,,,,,,,,TRIANGULAR,NotPrepared,No,4.29,1.49,Main,,,,,,,,,,,9.17,7.91,15.32,15.32,1.19,0.16,,N,
1582,LIK,VII,O4d-031,,,Opaline/CCS,0%,,Flake,Complete,,,,,,,,,,,,,,,,,,,,,,Yes,Hertzian,Feather,,,,,,,,,,,,,RECTANGULAR,NotPrepared,No,4.18,1.72,Main,,,,,,,,,,,13.5,13.5,19.81,19.81,1.96,0.58,Ut,N,
159,LIK,XV,P4-057,,,Tuff,0%,,Flake,Complete,,,,,,,,,,,,,,,,,,,,,,Yes,Hertzian,Feather,,,,,,,,,,,,,TRAPEZOIDAL,NotPrepared,No,4.96,1.76,Main,,,,,,,,,,,14.52,14.52,9.44,7.91,1.03,0.18,,N,
1583,LIK,VII,O4d-031,,,Opaline/CCS,0%,,Flake,Complete,,,,,,,,,,,,,,,,,,,,,,Yes,Hertzian,Feather,,,,,,,,,,,,,TRIANGULAR,NotPrepared,No,3.87,1.18,Main,,,,,,,,,,,12.1,12.1,8.71,6.07,1.45,0.1,,N,
1584,LIK,VII,O4d-031,,,Opaline/CCS,0%,,Flake,Complete,,,,,,,,,,,,,,,,,,,,,,Yes,Hertzian,Feather,,,,,,,,,,,,,RECTANGULAR,NotPrepared,No,13.85,3.86,Main,,,,,,,,,,,26.08,26.08,20.24,20.24,4.69,2.77,Ut,N,
1585,LIK,VII,O4d-031,,,Opaline/CCS,0%,,Flake,Complete,,,,,,,,,,,,,,,,,,,,,,Yes,Hertzian,Feather,,,,,,,,,,,,,RECTANGULAR,NotPrepared,No,6.6,4.49,Main,,,,,,,,,,,29.6,29.6,18.38,18.38,5.43,3.47,Ret; Ut; Possible end scraper,N,
1586,LIK,VII,O4d-031,,,Opaline/CCS,0%,,Core,,Complete,,,,,,,,,,,,,,,,,,,,,,,,,,,,,,,,,,,,,,,,,,Platform,Irregular,Cubic,0%,5,3,4,6,4,14.1,36.36,,27.87,,10.22,16.86,,N,
1587,LIK,VII,O4d-031,,,Opaline/CCS,0%,,Core,,Complete,,,,,,,,,,,,,,,,,,,,,,,,,,,,,,,,,,,,,,,,,,Platform,Bladelet,Cubic,0%,7,4,2,4,7,17.57,43.04,,21.16,,17.17,19.47,,N,
1588,LIK,VII,O4d-031,,,Opaline/CCS,0%,,Flake,Complete,,,,,,,,,,,,,,,,,,,,,,Yes,Hertzian,Feather,,,,,,,,,,,,,TRAPEZOIDAL,NotPrepared,No,5.64,1.72,Main,,,,,,,,,,,16.43,15.16,14.46,14.46,2.05,0.49,,N,
1589,LIK,VII,O4d-031,,,Opaline/CCS,0%,,Flake,Complete,,,,,,,,,,,,,,,,,,,,,,Yes,Hertzian,Feather,,,,,,,,,,,,,TRIANGULAR,NotPrepared,No,6.38,0.96,Main,,,,,,,,,,,18.6,18.6,11.41,6.88,1.26,0.27,,N,
1590,LIK,VII,O4d-031,,,Hornfels,0%,,Flake,Complete,,,,,,,,,,,,,,,,,,,,,,Yes,Bending,Feather,,,,,,,,,,,,,TRIANGULAR,NotPrepared,No,21.22,9.34,Main,,,,,,,,,,,30.51,30.51,23.76,21.77,7.67,4.55,,N,
1591,LIK,VII,O4d-031,,,Hornfels,0%,,Flake,Complete,,,,,,,,,,,,,,,,,,,,,,Yes,Hertzian,Feather,,,,,,,,,,,,,RECTANGULAR,NotPrepared,No,5.13,2.41,Main,,,,,,,,,,,29.6,29.6,21.26,21.26,4.75,3.63,,N,
1592,LIK,VII,O4d-031,,,Hornfels,0%,,Flake,Complete,,,,,,,,,,,,,,,,,,,,,,Yes,Hertzian,Feather,,,,,,,,,,,,,OVAL,NotPrepared,No,4.08,1.43,Main,,,,,,,,,,,20.05,14.86,17.54,17.54,1.47,0.63,,N,
160,LIK,XV,P4-057,,,Tuff,0%,,Flake,Fragment,,,,,,,,,,,,,,,,,,,,,,,,,,,,,,,,,,,,,RECTANGULAR,,,,,,,,,,,,,,,,39.39,,22.76,,18.9,28.08,,N,
1593,LIK,VII,O4d-031,,,Hornfels,0%,,Flake,Complete,,,,,,,,,,,,,,,,,,,,,,Yes,Bending,Feather,,,,,,,,,,,,,TRIANGULAR,NotPrepared,No,10.53,2.14,Main,,,,,,,,,,,15.81,15.81,12.51,7.39,1.73,0.37,,N,
1594,LIK,VII,O4d-031,,,Hornfels,0%,,Flake,Complete,,,,,,,,,,,,,,,,,,,,,,Yes,Bending,Feather,,,,,,,,,,,,,RECTANGULAR,NotPrepared,Yes,17.58,4.33,Main,,,,,,,,,,,6.93,6.93,22.09,18.72,4.68,1.12,,N,
1595,LIK,VII,O4d-031,,,Hornfels,0%,,Flake,Complete,,,,,,,,,,,,,,,,,,,,,,Yes,Hertzian,Feather,,,,,,,,,,,,,RECTANGULAR,NotPrepared,No,6.34,2.92,Main,,,,,,,,,,,13.49,13.49,9.25,7.8,2.85,0.34,,N,
1596,LIK,VII,O4d-031,,,Hornfels,0%,,Flake,Complete,,,,,,,,,,,,,,,,,,,,,,Yes,Hertzian,Feather,,,,,,,,,,,,,TRIANGULAR,NotPrepared,No,3.98,1.82,Main,,,,,,,,,,,8.25,8.25,11.62,11.62,2.04,0.23,,N,
1597,LIK,VII,O4d-031,,,Hornfels,0%,,Flake,Complete,,,,,,,,,,,,,,,,,,,,,,Yes,Hertzian,Feather,,,,,,,,,,,,,TRIANGULAR,NotPrepared,No,2.9,0.96,Main,,,,,,,,,,,9.2,9.2,11.01,9.19,1.62,0.16,,N,
1598,LIK,VII,O4d-031,,,Hornfels,0%,,Flake,Complete,,,,,,,,,,,,,,,,,,,,,,Yes,Bending,Feather,,,,,,,,,,,,,OVAL,NotPrepared,No,11.11,6.68,Main,,,,,,,,,,,24.39,18.82,11.11,11.11,4.33,1.34,,N,
1599,LIK,VII,O4d-031,,,Hornfels,0%,,Flake,Complete,,,,,,,,,,,,,,,,,,,,,,Yes,Hertzian,Feather,,,,,,,,,,,,,RECTANGULAR,NotPrepared,No,16.22,5.01,Main,,,,,,,,,,,22.58,22.58,23.15,23.15,4.46,2.24,,N,
1600,LIK,VII,O4d-031,,,Tuff,0%,,Flake,Complete,,,,,,,,,,,,,,,,,,,,,,Yes,Bending,Feather,,,,,,,,,,,,,RECTANGULAR,NotPrepared,No,8.3,2.87,Main,,,,,,,,,,,9.91,9.91,12.14,9.55,2.45,0.34,,N,
1601,LIK,VII,O4d-031,,,Tuff,1-10%,Outcrop,Flake,Complete,,,,,,,,,,,,,,,,,,,,,,Yes,Hertzian,Feather,,,,,,,,,,,,,RECTANGULAR,NotPrepared,No,3.1,1.35,Main,,,,,,,,,,,12.11,12.11,5.31,5.31,1.14,0.09,,N,
1602,LIK,VII,O4d-031,,,Opaline/CCS,0%,,Flake,Complete,,,,,,,,,,,,,,,,,,,,,,Yes,Hertzian,Feather,,,,,,,,,,,,,RECTANGULAR,NotPrepared,No,6,2.49,Main,,,,,,,,,,,44.45,44.45,29,20.01,6.39,9.81,Ret; Ut,N,
16,LIK,XV,O5c-057,,,Hornfels,0%,,Flake,Complete,,,,,,,,,,,,,,,,,,,,,,Yes,Hertzian,Feather,,,,,,,,,,,,,TRAPEZOIDAL,NotPrepared,No,24.16,8.53,Main,,,,,,,,,,,44.45,44.45,26.99,26.99,8.4,13.73,,N,
161,LIK,XV,P4-057,,,Quartzite,0%,,Flake,Complete,,,,,,,,,,,,,,,,,,,,,,Yes,Bending,Feather,,,,,,,,,,,,,RECTANGULAR,ResidualFacetWithBulb,No,30.91,8.6,Main,,,,,,,,,,,23.82,20.91,44.88,44.88,5.9,7.7,,N,
1603,LIK,VII,O4d-031,,,Opaline/CCS,0%,,Flake,Complete,,,,,,,,,,,,,,,,,,,,,,Yes,Hertzian,Feather,,,,,,,,,,,,,RHOMBUS,NotPrepared,No,6.29,2.18,Main,,,,,,,,,,,23.32,23.32,18.6,18.6,7.31,3.44,Ret; Come bck if time,N,
1604,LIK,VII,O4d-031,,,Opaline/CCS,0%,,Flake,Fragment,,,,,,,,,,,,,,,,,,,,,,,,,,,,,,,,,,,,,RECTANGULAR,,,,,,,,,,,,,,,,34.32,,19.65,,10.94,12.41,Ret; Ut,N,
1605,LIK,VII,O4b-031,,,Opaline/CCS,0%,,Flake,Complete,,,,,,,,,,,,,,,,,,,,,,Yes,Hertzian,Feather,,,,,,,,,,,,,RECTANGULAR,NotPrepared,No,4.09,2.02,Main,,,,,,,,,,,33.08,33.08,8.71,8.71,2.84,0.81,,N,
1606,LIK,VII,O4b-031,,,Opaline/CCS,0%,,Flake,Mesial,,,,,,,,,,,,,,,,,,,,,,,,,,,,,,,,,,,,,RECTANGULAR,,,,,,,,,,,,,,,,14.08,,12.14,,3.99,1.16,,N,
1607,LIK,VII,O4b-031,,,Opaline/CCS,0%,,Flake,Complete,,,,,,,,,,,,,,,,,,,,,,Yes,Hertzian,Feather,,,,,,,,,,,,,TRAPEZOIDAL,NotPrepared,No,6.33,1.68,Main,,,,,,,,,,,21.14,21.14,30.42,22.01,6.26,7.11,Ut,N,
1608,LIK,VII,O4b-031,,,Opaline/CCS,0%,,Flake,Complete,,,,,,,,,,,,,,,,,,,,,,Yes,Hertzian,Feather,,,,,,,,,,,,,RECTANGULAR,ResidualFacetWithBulb,No,10.05,3.9,Main,,,,,,,,,,,23.86,23.86,15.12,15.12,3.84,1.8,,N,
1609,LIK,VII,O4b-031,,,Opaline/CCS,0%,,Flake,Complete,,,,,,,,,,,,,,,,,,,,,,Yes,Hertzian,Feather,,,,,,,,,,,,,RECTANGULAR,NotPrepared,No,5.34,2.25,Main,,,,,,,,,,,19.45,19.45,12.43,12.43,2.6,0.8,Ut,N,
1610,LIK,VII,O4b-031,,,Opaline/CCS,0%,,Flake,Complete,,,,,,,,,,,,,,,,,,,,,,Yes,Hertzian,Feather,,,,,,,,,,,,,RECTANGULAR,NotPrepared,No,6.51,5.17,Main,,,,,,,,,,,21.89,21.89,14,14,6.52,2.93,,N,
1611,LIK,VII,O4b-031,,,Opaline/CCS,0%,,Flake,Complete,,,,,,,,,,,,,,,,,,,,,,Yes,Hertzian,Feather,,,,,,,,,,,,,OVAL,NotPrepared,No,6.27,2.84,Main,,,,,,,,,,,12.75,12.75,17.18,17.18,2.14,0.44,,N,
1612,LIK,VII,O4b-031,,,Opaline/CCS,0%,,Flake,Complete,,,,,,,,,,,,,,,,,,,,,,Yes,Hertzian,Feather,,,,,,,,,,,,,RECTANGULAR,NotPrepared,No,5.69,1.41,Main,,,,,,,,,,,9.91,9.91,10.02,10.02,1.31,0.2,,N,
162,LIK,XV,P4-057,,,Tuff,0%,,Flake,Complete,,,,,,,,,,,,,,,,,,,,,,Yes,Hertzian,Feather,,,,,,,,,,,,,TRIANGULAR,NotPrepared,No,26.01,7.82,Main,,,,,,,,,,,27.17,19.13,27.88,23.17,7.42,6.35,,N,
1613,LIK,VII,O4b-031,,,Opaline/CCS,0%,,Flake,Proximal,,,,,,,,,,,,,,,,,,,,,,Yes,Hertzian,,,,,,,,,,,,,,TRAPEZOIDAL,NotPrepared,No,4.78,2.66,,,,,,,,,,,,9.34,,16.2,,3.83,0.59,,N,
1614,LIK,VII,O4b-031,,,Opaline/CCS,0%,,Flake,Complete,,,,,,,,,,,,,,,,,,,,,,Yes,Hertzian,Feather,,,,,,,,,,,,,RECTANGULAR,NotPrepared,No,5.88,1.76,Main,,,,,,,,,,,12.65,12.65,10.17,10.17,1.68,0.28,,N,
1615,LIK,VII,O4b-031,,,Opaline/CCS,0%,,Flake,Complete,,,,,,,,,,,,,,,,,,,,,,Yes,Hertzian,Feather,,,,,,,,,,,,,OVAL,NotPrepared,No,6.27,3.02,Main,,,,,,,,,,,10.67,7.03,10.58,10.58,1.1,0.17,,N,
1616,LIK,VII,O4b-031,,,Opaline/CCS,0%,,Flake,Complete,,,,,,,,,,,,,,,,,,,,,,Yes,Hertzian,Feather,,,,,,,,,,,,,TRIANGULAR,NotPrepared,No,6.6,6.51,Main,,,,,,,,,,,13.14,13.14,7.06,5.08,4.83,0.35,,N,
1617,LIK,VII,O4b-031,,,Opaline/CCS,0%,,Flake,Complete,,,,,,,,,,,,,,,,,,,,,,Yes,Hertzian,Feather,,,,,,,,,,,,,RECTANGULAR,NotPrepared,No,4.26,1.23,Main,,,,,,,,,,,13.32,13.32,5.38,5.38,1.37,0.17,,N,
1618,LIK,VII,O4b-031,,,Opaline/CCS,10-40%,Outcrop,Flake,Complete,,,,,,,,,,,,,,,,,,,,,,Yes,Hertzian,Feather,,,,,,,,,,,,,RECTANGULAR,NotPrepared,No,10.52,8.48,Main,,,,,,,,,,,33.4,33.4,22.06,22.06,6.96,7.22,Ut,N,
1619,LIK,VII,O4b-031,,,Tuff,40-60%,Outcrop,Flake,Complete,,,,,,,,,,,,,,,,,,,,,,Yes,Hertzian,Overshot,,,,,,,,,,,,,TRIANGULAR,NotPrepared,No,14.86,3.71,Main,,,,,,,,,,,18.43,19.43,45.35,28.34,5.61,3.7,,N,
1620,LIK,VII,O4b-031,,,Tuff,0%,,Flake,Complete,,,,,,,,,,,,,,,,,,,,,,Yes,Hertzian,Feather,,,,,,,,,,,,,RECTANGULAR,NotPrepared,No,10.63,2.13,Main,,,,,,,,,,,9.57,9.57,12.7,12.7,1.88,0.27,Ut,N,
1621,LIK,VII,O4b-031,,,Tuff,0%,,Flake,Complete,,,,,,,,,,,,,,,,,,,,,,Yes,Hertzian,Feather,,,,,,,,,,,,,RECTANGULAR,NotPrepared,No,2.85,1.73,Main,,,,,,,,,,,7.44,7.44,12.12,12.12,1.96,0.19,,N,
1622,LIK,VII,O4b-031,,,Tuff,0%,,Flake,Complete,,,,,,,,,,,,,,,,,,,,,,Yes,Hertzian,Feather,,,,,,,,,,,,,RECTANGULAR,NotPrepared,No,3.85,0.86,Main,,,,,,,,,,,10.98,10.98,12.85,12.85,1.43,0.15,,N,
163,LIK,XV,P4-057,,,Hornfels,0%,,Flake,Complete,,,,,,,,,,,,,,,,,,,,,,Yes,Hertzian,Feather,,,,,,,,,,,,,TRIANGULAR,NotPrepared,No,23.68,6.58,Main,,,,,,,,,,,20.44,20.44,25.67,25.67,4.3,3.74,,N,
1623,LIK,VII,O4b-031,,,Hornfels,0%,,Flake,Complete,,,,,,,,,,,,,,,,,,,,,,Yes,Hertzian,Feather,,,,,,,,,,,,,RECTANGULAR,NotPrepared,No,18.93,7.6,Main,,,,,,,,,,,24.26,24.26,23.98,23.98,6.8,4.23,,N,
1624,LIK,VII,O4b-031,,,Hornfels,0%,,Flake,Complete,,,,,,,,,,,,,,,,,,,,,,Yes,Hertzian,Feather,,,,,,,,,,,,,TRIANGULAR,NotPrepared,No,15.04,3.24,Main,,,,,,,,,,,22.71,22.71,19.38,19.38,4.39,1.78,,N,
1625,LIK,VII,O4b-031,,,Hornfels,0%,,Flake,Complete,,,,,,,,,,,,,,,,,,,,,,Yes,Hertzian,Feather,,,,,,,,,,,,,TRAPEZOIDAL,NotPrepared,No,15.14,4.36,Main,,,,,,,,,,,16.83,16.83,34.16,22.15,3.07,2.09,Ut,N,
1626,LIK,VII,O4b-031,,,Hornfels,0%,,Flake,Complete,,,,,,,,,,,,,,,,,,,,,,Yes,Hertzian,Feather,,,,,,,,,,,,,RECTANGULAR,NotPrepared,No,8.16,1.54,Main,,,,,,,,,,,14.11,14.11,26.47,26.47,4.26,1.37,,N,
1627,LIK,VII,O4b-031,,,Hornfels,0%,,Flake,Complete,,,,,,,,,,,,,,,,,,,,,,Yes,Hertzian,Feather,,,,,,,,,,,,,RECTANGULAR,NotPrepared,No,4.74,1.25,Main,,,,,,,,,,,16.03,16.03,10.31,10.31,1.56,0.34,,N,
1628,LIK,VII,O4b-031,,,Hornfels,0%,,Flake,Complete,,,,,,,,,,,,,,,,,,,,,,Yes,Hertzian,Feather,,,,,,,,,,,,,TRAPEZOIDAL,NotPrepared,No,5.16,1.49,Main,,,,,,,,,,,11.39,11.39,15.81,9.62,1.85,0.34,,N,
1629,LIK,VII,O4b-031,,,Hornfels,0%,,Flake,Complete,,,,,,,,,,,,,,,,,,,,,,Yes,Hertzian,Feather,,,,,,,,,,,,,RECTANGULAR,NotPrepared,No,4.91,1.26,Main,,,,,,,,,,,10.39,10.39,10.46,10.46,1.94,0.22,,N,
1630,LIK,VII,O4b-031,,,Opaline/CCS,0%,,Core,,Complete,,,,,,,,,,,,,,,,,,,,,,,,,,,,,,,,,,,,,,,,,,Platform,Irregular,Cubic,0%,4,2,4,5,4,17.7,47.88,,21.12,,20.19,33.55,Ut,N,
1631,LIK,VII,O4b-031,,,Opaline/CCS,0%,,Core,,Complete,,,,,,,,,,,,,,,,,,,,,,,,,,,,,,,,,,,,,,,,,,Platform,Irregular,Cubic,0%,5,3,3,5,3,16.41,37.64,,25.24,,12.1,16.16,,N,
1632,LIK,VII,P5-031,,,Opaline/CCS,0%,,Flake,Complete,,,,,,,,,,,,,,,,,,,,,,Yes,Hertzian,Feather,,,,,,,,,,,,,RECTANGULAR,NotPrepared,No,9,3.12,Main,,,,,,,,,,,18.31,18.31,15.65,13.65,3.91,1.03,,N,
164,LIK,XV,P5c-057,,,Opaline/CCS,0%,,Flake,Complete,,,,,,,,,,,,,,,,,,,,,,Yes,Bending,Feather,,,,,,,,,,,,,RECTANGULAR,NotPrepared,No,7.44,2.75,Main,,,,,,,,,,,25.66,25.66,10,10,1.91,0.69,,N,
1633,LIK,VII,P5-031,,,Opaline/CCS,10-40%,Outcrop,Flake,Complete,,,,,,,,,,,,,,,,,,,,,,Yes,Hertzian,Feather,,,,,,,,,,,,,TRAPEZOIDAL,NotPrepared,No,10.1,4.71,Main,,,,,,,,,,,19.4,19.4,25.04,20.3,9.04,4,Ut,N,
1634,LIK,VII,P5-031,,,Opaline/CCS,0%,,Flake,Proximal,,,,,,,,,,,,,,,,,,,,,,Yes,Bending,,,,,,,,,,,,,,RECTANGULAR,NotPrepared,No,10.12,7.53,,,,,,,,,,,,24.78,,17.66,,10.73,4.69,Ut,N,
1635,LIK,VII,P5-031,,,Opaline/CCS,0%,,Flake,Distal,,,,,,,,,,,,,,,,,,,,,,,,Hinge,,,,,,,,,,,,,RECTANGULAR,,,,,,,,,,,,,,,,15.5,,27.82,,3.65,1.77,,N,
1636,LIK,VII,P5-031,,,Opaline/CCS,0%,,Flake,Complete,,,,,,,,,,,,,,,,,,,,,,Yes,Hertzian,Bipolar,,,,,,,,,,,,,RECTANGULAR,NotPrepared,No,4.86,2.78,Main,,,,,,,,,,,27.45,27.45,14.35,14.35,3.57,1.6,,N,
1637,LIK,VII,P5-031,,,Opaline/CCS,0%,,Flake,Complete,,,,,,,,,,,,,,,,,,,,,,Yes,Hertzian,Feather,,,,,,,,,,,,,RECTANGULAR,NotPrepared,No,8.8,1.64,Main,,,,,,,,,,,26.21,24.49,21.45,21.45,4.25,3.16,,N,
1638,LIK,VII,P5-031,,,Opaline/CCS,0%,,Flake,Complete,,,,,,,,,,,,,,,,,,,,,,Yes,Hertzian,Feather,,,,,,,,,,,,,OVAL,NotPrepared,No,5.38,1.95,Main,,,,,,,,,,,17.9,17.9,17.44,17.55,1.81,0.98,Ut,N,
1639,LIK,VII,P5-031,,,Opaline/CCS,0%,,Flake,Complete,,,,,,,,,,,,,,,,,,,,,,Yes,Hertzian,Feather,,,,,,,,,,,,,TRAPEZOIDAL,FacetWithBulb,No,12.48,6.21,Main,,,,,,,,,,,15.65,15.65,22.54,17.55,4,1.55,,N,
1640,LIK,VII,P5-031,,,Opaline/CCS,0%,,Flake,Complete,,,,,,,,,,,,,,,,,,,,,,Yes,Hertzian,Feather,,,,,,,,,,,,,RECTANGULAR,NotPrepared,No,3.93,2.48,Main,,,,,,,,,,,26.97,26.97,9.24,9.24,2.68,0.62,,N,
1641,LIK,VII,P5-031,,,Opaline/CCS,0%,,Flake,Complete,,,,,,,,,,,,,,,,,,,,,,Yes,Hertzian,Feather,,,,,,,,,,,,,KITE,NotPrepared,No,5.27,1.85,Main,,,,,,,,,,,25.94,25.94,17.16,15.74,5.63,1.77,,N,
1642,LIK,VII,P5-031,,,Opaline/CCS,0%,,Flake,Complete,,,,,,,,,,,,,,,,,,,,,,Yes,Hertzian,Feather,,,,,,,,,,,,,RECTANGULAR,NotPrepared,No,7.1,1.38,Main,,,,,,,,,,,19.95,19.95,9.36,9.36,3.22,0.6,,N,
165,LIK,XV,P5c-057,,,Opaline/CCS,0%,,Flake,Complete,,,,,,,,,,,,,,,,,,,,,,Yes,Hertzian,Feather,,,,,,,,,,,,,OVAL,NotPrepared,No,3.72,1.68,Main,,,,,,,,,,,30.41,30.41,15.34,15.34,1.14,1.03,,N,
1643,LIK,VII,P5-031,,,Opaline/CCS,0%,,Flake,Complete,,,,,,,,,,,,,,,,,,,,,,Yes,Wedging,Bipolar,,,,,,,,,,,,,RECTANGULAR,Indeterminate,No,7.39,2.68,Main,,,,,,,,,,,17.32,17.32,11.39,11.39,2.85,0.82,,N,
1644,LIK,VII,P5-031,,,Opaline/CCS,0%,,Flake,Complete,,,,,,,,,,,,,,,,,,,,,,Yes,Hertzian,Feather,,,,,,,,,,,,,RECTANGULAR,FacetWithBulb,No,11.27,4.95,Main,,,,,,,,,,,22.83,17.97,11.27,11.27,2.26,0.96,Ut,N,
1645,LIK,VII,P5-031,,,Opaline/CCS,0%,,Flake,Complete,,,,,,,,,,,,,,,,,,,,,,Yes,Hertzian,Feather,,,,,,,,,,,,,RECTANGULAR,NotPrepared,No,3.89,1.32,Main,,,,,,,,,,,11.76,11.76,8.57,8.57,1.31,0.15,,N,
1646,LIK,VII,P5-031,,,Opaline/CCS,0%,,Flake,Complete,,,,,,,,,,,,,,,,,,,,,,Yes,Hertzian,Feather,,,,,,,,,,,,,RECTANGULAR,NotPrepared,No,15.01,3.03,Main,,,,,,,,,,,8.01,8.01,19.2,19.2,2.66,0.47,,N,
1647,LIK,VII,P5-031,,,Opaline/CCS,0%,,Flake,Complete,,,,,,,,,,,,,,,,,,,,,,Yes,Hertzian,Hinge,,,,,,,,,,,,,TRIANGULAR,ResidualFacetWithBulb,No,4.99,3.18,Main,,,,,,,,,,,9.27,9.27,16.63,11.28,2.9,0.45,,N,
1648,LIK,VII,P5-031,,,Opaline/CCS,0%,,Flake,Complete,,,,,,,,,,,,,,,,,,,,,,Yes,Hertzian,Feather,,,,,,,,,,,,,RECTANGULAR,NotPrepared,No,6.51,5.63,Main,,,,,,,,,,,10.5,10.5,7.3,7.3,3.13,0.37,,N,
1649,LIK,VII,P5-031,,,Opaline/CCS,0%,,Flake,Complete,,,,,,,,,,,,,,,,,,,,,,Yes,Hertzian,Feather,,,,,,,,,,,,,TRIANGULAR,NotPrepared,No,3.17,1.09,Main,,,,,,,,,,,7.54,7.54,13.72,8.61,2.77,0.21,,N,
1650,LIK,VII,P5-031,,,Opaline/CCS,0%,,Flake,Complete,,,,,,,,,,,,,,,,,,,,,,Yes,Hertzian,Feather,,,,,,,,,,,,,RECTANGULAR,NotPrepared,No,3.33,1.81,Main,,,,,,,,,,,11.09,11.09,14.24,14.24,2.03,0.48,,N,
1651,LIK,VII,P5-031,,,Opaline/CCS,0%,,Flake,Proximal,,,,,,,,,,,,,,,,,,,,,,Yes,Hertzian,,,,,,,,,,,,,,TRIANGULAR,NotPrepared,No,2.97,2.54,,,,,,,,,,,,11.95,,9.73,,7.1,0.25,,N,
1652,LIK,VII,P5-031,,,Opaline/CCS,0%,,Flake,Complete,,,,,,,,,,,,,,,,,,,,,,Yes,Hertzian,Feather,,,,,,,,,,,,,RECTANGULAR,NotPrepared,No,7.84,1.74,Main,,,,,,,,,,,20.63,20.63,9.67,9.67,1.56,0.43,Ut,N,
166,LIK,XV,P5c-057,,,Opaline/CCS,0%,,Flake,Complete,,,,,,,,,,,,,,,,,,,,,,Yes,Hertzian,Feather,,,,,,,,,,,,,TRAPEZOIDAL,NotPrepared,No,6.65,3.1,Main,,,,,,,,,,,24.15,24.15,16.43,16.43,3.66,1.74,,N,
1653,LIK,VII,P5-031,,,Siltstone,0%,,Flake,Complete,,,,,,,,,,,,,,,,,,,,,,Yes,Hertzian,Feather,,,,,,,,,,,,,RECTANGULAR,NotPrepared,No,13.01,6.36,Main,,,,,,,,,,,19.97,19.97,14.78,14.78,3.42,1.45,Ut,N,
1654,LIK,VII,P5-031,,,Siltstone,0%,,Flake,Mesial,,,,,,,,,,,,,,,,,,,,,,,,,,,,,,,,,,,,,RECTANGULAR,,,,,,,,,,,,,,,,12.79,,9.58,,1.77,0.27,,N,
1655,LIK,VII,P5-031,,,Hornfels,0%,,Flake,Complete,,,,,,,,,,,,,,,,,,,,,,Yes,Hertzian,Feather,,,,,,,,,,,,,RECTANGULAR,ResidualFacetWithBulb,No,8.84,2.03,Main,,,,,,,,,,,17.33,17.33,9.7,9.7,2.91,0.63,,N,
1656,LIK,VII,P5-031,,,Hornfels,0%,,Flake,Complete,,,,,,,,,,,,,,,,,,,,,,Yes,Hertzian,Feather,,,,,,,,,,,,,RHOMBUS,NotPrepared,No,10.35,1.56,Main,,,,,,,,,,,11.07,9.18,12.29,12.29,1.97,0.28,,N,
1657,LIK,VII,O5b-031,,,Opaline/CCS,0%,,Flake,Complete,,,,,,,,,,,,,,,,,,,,,,Yes,Hertzian,Feather,,,,,,,,,,,,,RECTANGULAR,NotPrepared,No,10.93,1.38,Main,,,,,,,,,,,8.11,8.11,14.56,14.56,0.81,0.19,,N,
1658,LIK,VII,O5b-031,,,Opaline/CCS,0%,,Flake,Complete,,,,,,,,,,,,,,,,,,,,,,Yes,Hertzian,Feather,,,,,,,,,,,,,RECTANGULAR,Indeterminate,No,6.3,7.45,Main,,,,,,,,,,,16.67,16.67,7.58,7.58,5.69,0.9,,N,
1659,LIK,VII,O5b-031,,,Opaline/CCS,0%,,Flake,Mesial,,,,,,,,,,,,,,,,,,,,,,,,,,,,,,,,,,,,,RECTANGULAR,,,,,,,,,,,,,,,,19.52,,16.06,,3.5,1.4,,N,
1660,LIK,VII,O5b-031,,,Opaline/CCS,0%,,Flake,Complete,,,,,,,,,,,,,,,,,,,,,,Yes,Hertzian,Feather,,,,,,,,,,,,,RECTANGULAR,NotPrepared,No,5.6,3.13,Main,,,,,,,,,,,26.53,22.54,14.61,14.61,4.01,2,,N,
1661,LIK,VII,O5b-031,,,Opaline/CCS,0%,,Flake,Complete,,,,,,,,,,,,,,,,,,,,,,Yes,Hertzian,Feather,,,,,,,,,,,,,RECTANGULAR,NotPrepared,No,4.08,1.58,Main,,,,,,,,,,,16.38,16.38,13.37,13.37,2.85,0.64,Ut,N,
1662,LIK,VII,O5b-031,,,Opaline/CCS,0%,,Flake,Mesial,,,,,,,,,,,,,,,,,,,,,,,,,,,,,,,,,,,,,RECTANGULAR,,,,,,,,,,,,,,,,10.93,,18.21,,4.82,1.74,,N,
167,LIK,XV,P5c-057,,,Opaline/CCS,10-40%,Cobble,Flake,Complete,,,,,,,,,,,,,,,,,,,,,,Yes,Hertzian,Feather,,,,,,,,,,,,,RECTANGULAR,NotPrepared,No,21.49,7.13,Main,,,,,,,,,,,22.86,22.86,22.52,22.52,8.6,6.21,,N,
1663,LIK,VII,O5b-031,,,Opaline/CCS,0%,,Flake,Distal,,,,,,,,,,,,,,,,,,,,,,,,Feather,,,,,,,,,,,,,RECTANGULAR,,,,,,,,,,,,,,,,9.88,,11.16,,0.96,0.2,Ut,N,
1664,LIK,VII,O5b-031,,,Opaline/CCS,0%,,Flake,Complete,,,,,,,,,,,,,,,,,,,,,,Yes,Wedging,Feather,,,,,,,,,,,,,RECTANGULAR,Indeterminate,No,2.65,0.47,Main,,,,,,,,,,,20.38,20.38,6.94,6.94,1.2,0.2,,N,
1665,LIK,VII,O5b-031,,,Opaline/CCS,0%,,Flake,Complete,,,,,,,,,,,,,,,,,,,,,,Yes,Hertzian,Feather,,,,,,,,,,,,,RECTANGULAR,NotPrepared,No,12.64,5.62,Main,,,,,,,,,,,26.95,26.95,8.98,8.98,7.5,2.35,,N,
1666,LIK,VII,O5b-031,,,Opaline/CCS,0%,,Flake,Complete,,,,,,,,,,,,,,,,,,,,,,Yes,Bending,Feather,,,,,,,,,,,,,TRIANGULAR,NotPrepared,No,9.86,5.42,Main,,,,,,,,,,,22.07,22.07,12.99,12.99,7.58,1.91,,N,
1667,LIK,VII,O5b-031,,,Opaline/CCS,0%,,Flake,Complete,,,,,,,,,,,,,,,,,,,,,,Yes,Hertzian,Feather,,,,,,,,,,,,,TRIANGULAR,NotPrepared,No,6.21,1.49,Main,,,,,,,,,,,9.12,9.12,18.95,18.95,3.4,0.65,,N,
1668,LIK,VII,O5b-031,,,Opaline/CCS,0%,,Flake,Distal,,,,,,,,,,,,,,,,,,,,,,,,Feather,,,,,,,,,,,,,OVAL,,,,,,,,,,,,,,,,16.5,,20.42,,3.52,1.2,,N,
1669,LIK,VII,O5b-031,,,Opaline/CCS,0%,,Flake,Complete,,,,,,,,,,,,,,,,,,,,,,Yes,Hertzian,Feather,,,,,,,,,,,,,RECTANGULAR,Indeterminate,No,3.27,1.09,Main,,,,,,,,,,,23.72,23.72,11.99,11.99,1.79,0.66,,N,
1670,LIK,VII,M3d-031,,,Opaline/CCS,0%,,Flake,Complete,,,,,,,,,,,,,,,,,,,,,,Yes,Hertzian,Feather,,,,,,,,,,,,,TRAPEZOIDAL,NotPrepared,No,4.49,2.01,Main,,,,,,,,,,,11.92,11.91,19.73,14.2,3.01,0.81,,N,
1671,LIK,VII,M3d-031,,,Opaline/CCS,0%,,Flake,Complete,,,,,,,,,,,,,,,,,,,,,,Yes,Hertzian,Feather,,,,,,,,,,,,,RECTANGULAR,NotPrepared,No,6.13,2.63,Main,,,,,,,,,,,10.88,10.88,12.77,10.38,2.06,0.34,,N,
1672,LIK,VII,M3d-031,,,Opaline/CCS,0%,,Flake,Complete,,,,,,,,,,,,,,,,,,,,,,Yes,Hertzian,Bipolar,,,,,,,,,,,,,RECTANGULAR,NotPrepared,No,8.45,2.39,Main,,,,,,,,,,,16.76,16.76,11.65,11.65,3.84,1.36,,N,
168,LIK,XV,P5c-057,,,Opaline/CCS,0%,,Flake,Complete,,,,,,,,,,,,,,,,,,,,,,Yes,Hertzian,Overshot,,,,,,,,,,,,,RECTANGULAR,NotPrepared,No,7.14,3.24,Main,,,,,,,,,,,26.33,26.33,12.79,12.79,4.89,2.46,,N,
1673,LIK,VII,M3d-031,,,Opaline/CCS,0%,,Flake,Complete,,,,,,,,,,,,,,,,,,,,,,Yes,Hertzian,Feather,,,,,,,,,,,,,TRAPEZOIDAL,NotPrepared,No,8.29,2.3,Main,,,,,,,,,,,25.35,17.09,23.23,15.96,3.97,1.68,,N,
1674,LIK,VII,M3d-031,,,Opaline/CCS,0%,,Flake,Complete,,,,,,,,,,,,,,,,,,,,,,Yes,Hertzian,Feather,,,,,,,,,,,,,RECTANGULAR,NotPrepared,No,9.7,4.31,Main,,,,,,,,,,,22.12,22.12,14.23,14.23,4.86,2.06,Ut,N,
1675,LIK,VII,M3d-031,,,Opaline/CCS,0%,,Flake,Complete,,,,,,,,,,,,,,,,,,,,,,Yes,Hertzian,Feather,,,,,,,,,,,,,OVAL,NotPrepared,No,8.62,3.79,Main,,,,,,,,,,,18.63,18.63,24.85,24.85,6.02,2.66,Ut,N,
1676,LIK,VII,M3d-031,,,Opaline/CCS,0%,,Flake,Mesial,,,,,,,,,,,,,,,,,,,,,,,,,,,,,,,,,,,,,RECTANGULAR,,,,,,,,,,,,,,,,19.5,,27.85,,9.19,8.04,Ret; Ut,N,
1677,LIK,VII,M3d-031,,,Opaline/CCS,0%,,Flake,Fragment,,,,,,,,,,,,,,,,,,,,,,,,,,,,,,,,,,,,,RECTANGULAR,,,,,,,,,,,,,,,,12.8,,20.11,,2.54,0.81,,N,
1778,LIK,VII,M3d-031,,,Opaline/CCS,0%,,Flake,Complete,,,,,,,,,,,,,,,,,,,,,,Yes,Hertzian,Feather,,,,,,,,,,,,,RECTANGULAR,NotPrepared,No,20.34,17.03,Main,,,,,,,,,,,18.15,18.15,29.59,23.62,13,8.75,Ut,N,
1678,LIK,VII,M3d-031,,,Opaline/CCS,0%,,Flake,Complete,,,,,,,,,,,,,,,,,,,,,,Yes,Hertzian,Overshot,,,,,,,,,,,,,RECTANGULAR,NotPrepared,No,7.49,3.17,Main,,,,,,,,,,,18.39,18.39,17.36,17.36,2.62,0.98,,N,
1679,LIK,VII,M3d-031,,,Opaline/CCS,0%,,Flake,Complete,,,,,,,,,,,,,,,,,,,,,,Yes,Hertzian,Feather,,,,,,,,,,,,,RECTANGULAR,NotPrepared,No,16.34,3.78,Main,,,,,,,,,,,15.49,14.09,18.44,18.44,2.9,1.09,,N,
1680,LIK,VII,M3d-031,,,Opaline/CCS,0%,,Flake,Mesial,,,,,,,,,,,,,,,,,,,,,,,,,,,,,,,,,,,,,TRIANGULAR,,,,,,,,,,,,,,,,13.34,,14.41,,6.29,1.13,,N,
1681,LIK,VII,M3d-031,,,Opaline/CCS,0%,,Flake,Complete,,,,,,,,,,,,,,,,,,,,,,Yes,Bending,Feather,,,,,,,,,,,,,RECTANGULAR,NotPrepared,No,6.38,2.93,Main,,,,,,,,,,,18.12,18.12,14.9,11.62,6.51,1.51,,N,
169,LIK,XV,P5c-057,,,Opaline/CCS,0%,,Flake,Complete,,,,,,,,,,,,,,,,,,,,,,Yes,Hertzian,Hinge,,,,,,,,,,,,,RECTANGULAR,NotPrepared,No,6.94,3.72,Main,,,,,,,,,,,14.22,14.22,11.61,11.61,2.89,0.54,,N,
1682,LIK,VII,M3d-031,,,Opaline/CCS,0%,,Flake,Complete,,,,,,,,,,,,,,,,,,,,,,Yes,Hertzian,Feather,,,,,,,,,,,,,RECTANGULAR,NotPrepared,No,5.65,2.87,Main,,,,,,,,,,,20.01,20.01,12.14,12.14,4.12,1.14,Ut,N,
1683,LIK,VII,M3d-031,,,Opaline/CCS,0%,,Flake,Complete,,,,,,,,,,,,,,,,,,,,,,Yes,Hertzian,Feather,,,,,,,,,,,,,RECTANGULAR,NotPrepared,No,3.85,2.28,Main,,,,,,,,,,,22.95,22.95,13.26,10.51,3.49,1.1,,N,
1684,LIK,VII,M3d-031,,,Opaline/CCS,0%,,Flake,Complete,,,,,,,,,,,,,,,,,,,,,,Yes,Hertzian,Feather,,,,,,,,,,,,,RECTANGULAR,NotPrepared,No,6.06,3.7,Main,,,,,,,,,,,11.57,10.83,10.54,8.5,3.18,0.35,,N,
1685,LIK,VII,M3d-031,,,Opaline/CCS,0%,,Flake,Distal,,,,,,,,,,,,,,,,,,,,,,,,Feather,,,,,,,,,,,,,RECTANGULAR,,,,,,,,,,,,,,,,13.83,,9.72,,2.75,0.39,Ut,N,
1686,LIK,VII,M3d-031,,,Opaline/CCS,0%,,Flake,Complete,,,,,,,,,,,,,,,,,,,,,,Yes,Hertzian,Feather,,,,,,,,,,,,,TRIANGULAR,NotPrepared,No,11.09,4.37,Main,,,,,,,,,,,11.05,11.05,12.32,9.54,4.08,0.52,,N,
1687,LIK,VII,M3d-031,,,Opaline/CCS,0%,,Flake,Complete,,,,,,,,,,,,,,,,,,,,,,Yes,Hertzian,Feather,,,,,,,,,,,,,RECTANGULAR,NotPrepared,No,5.1,2.07,Main,,,,,,,,,,,17.37,17.37,11.02,11.02,1.66,0.32,,N,
1688,LIK,VII,M3d-031,,,Opaline/CCS,0%,,Flake,Complete,,,,,,,,,,,,,,,,,,,,,,Yes,Bending,Feather,,,,,,,,,,,,,TRIANGULAR,NotPrepared,No,4.29,2.74,Main,,,,,,,,,,,11.93,11.93,4.25,3.63,3.65,0.27,,N,
1689,LIK,VII,M3d-031,,,Opaline/CCS,0%,,Flake,Complete,,,,,,,,,,,,,,,,,,,,,,Yes,Hertzian,Feather,,,,,,,,,,,,,RECTANGULAR,NotPrepared,No,7.67,2.03,Main,,,,,,,,,,,18.36,15.59,8.45,8.45,3.19,0.71,Ut,N,
1690,LIK,VII,M3d-031,,,Opaline/CCS,0%,,Flake,Complete,,,,,,,,,,,,,,,,,,,,,,Yes,Hertzian,Feather,,,,,,,,,,,,,RECTANGULAR,NotPrepared,No,2.91,1.09,Main,,,,,,,,,,,17.01,17.01,8.96,8.96,1.75,0.25,,N,
1691,LIK,VII,M3d-031,,,Opaline/CCS,0%,,Flake,Complete,,,,,,,,,,,,,,,,,,,,,,Yes,Hertzian,Feather,,,,,,,,,,,,,TRIANGULAR,NotPrepared,No,4.63,4.71,Main,,,,,,,,,,,18.5,18.5,11.79,9.81,5.43,1.36,,N,
170,LIK,XV,P5c-057,,,Opaline/CCS,0%,,Flake,Complete,,,,,,,,,,,,,,,,,,,,,,Yes,Hertzian,Feather,,,,,,,,,,,,,RECTANGULAR,NotPrepared,No,4.22,0.7,Main,,,,,,,,,,,9.08,9.08,10.69,10.69,1.27,0.16,,N,
1692,LIK,VII,M3d-031,,,Opaline/CCS,0%,,Flake,Complete,,,,,,,,,,,,,,,,,,,,,,Yes,Hertzian,Feather,,,,,,,,,,,,,RECTANGULAR,NotPrepared,No,5.54,1.55,Main,,,,,,,,,,,13.92,13.92,8.66,8.66,2.49,0.39,Ut,N,
1693,LIK,VII,M3d-031,,,Opaline/CCS,0%,,Flake,Complete,,,,,,,,,,,,,,,,,,,,,,No,,Feather,,,,,,,,,,,,,RECTANGULAR,,,,,Main,,,,,,,,,,,12.36,12.36,12.58,12.58,1.8,0.34,,N,
1694,LIK,VII,M3d-031,,,Opaline/CCS,0%,,Flake,Complete,,,,,,,,,,,,,,,,,,,,,,Yes,Hertzian,Feather,,,,,,,,,,,,,RECTANGULAR,NotPrepared,No,6.68,7,Main,,,,,,,,,,,11.24,11.24,9.35,9.35,5.81,0.55,,N,
1695,LIK,VII,M3d-031,,,Opaline/CCS,0%,,Flake,Complete,,,,,,,,,,,,,,,,,,,,,,Yes,Hertzian,Feather,,,,,,,,,,,,,RECTANGULAR,NotPrepared,No,2.16,0.97,Main,,,,,,,,,,,15.12,15.12,3.31,3.31,1.29,0.09,,N,
1696,LIK,VII,M3d-031,,,Opaline/CCS,0%,,Flake,Complete,,,,,,,,,,,,,,,,,,,,,,Yes,Hertzian,Feather,,,,,,,,,,,,,TRIANGULAR,NotPrepared,No,14.27,2.27,Main,,,,,,,,,,,6.79,6.79,15.79,11.75,1.73,0.25,,N,
1697,LIK,VII,M3d-031,,,Opaline/CCS,0%,,Flake,Complete,,,,,,,,,,,,,,,,,,,,,,Yes,Hertzian,Feather,,,,,,,,,,,,,TRAPEZOIDAL,NotPrepared,No,10.42,1.42,Main,,,,,,,,,,,11.42,11.42,12,10.11,1.49,0.21,Ut,N,
1698,LIK,VII,M3d-031,,,Opaline/CCS,0%,,Flake,Proximal,,,,,,,,,,,,,,,,,,,,,,Yes,Hertzian,,,,,,,,,,,,,,RECTANGULAR,NotPrepared,No,3.7,1.31,,,,,,,,,,,,8.86,,11.19,,1,0.12,,N,
1699,LIK,VII,M3d-031,,,Opaline/CCS,0%,,Flake,Distal,,,,,,,,,,,,,,,,,,,,,,,,Feather,,,,,,,,,,,,,RECTANGULAR,,,,,,,,,,,,,,,,19.83,,6.36,,0.66,0.13,,N,
1700,LIK,VII,M3d-031,,,Opaline/CCS,0%,,Flake,Complete,,,,,,,,,,,,,,,,,,,,,,Yes,Hertzian,Feather,,,,,,,,,,,,,OVAL,NotPrepared,No,6.56,2.74,Main,,,,,,,,,,,9.28,9.28,12.18,12.18,2.23,0.24,,N,
1701,LIK,VII,M3d-031,,,Opaline/CCS,0%,,Flake,Complete,,,,,,,,,,,,,,,,,,,,,,Yes,Hertzian,Feather,,,,,,,,,,,,,RECTANGULAR,NotPrepared,No,6.31,1.53,Main,,,,,,,,,,,9.5,9.5,10.41,10.41,2.23,0.21,,N,
17,LIK,XV,O5c-057,,,Hornfels,0%,,Flake,Complete,,,,,,,,,,,,,,,,,,,,,,Yes,Bending,Feather,,,,,,,,,,,,,TRIANGULAR,NotPrepared,No,17.48,6.09,Main,,,,,,,,,,,14.14,14.14,17.18,13.78,5.2,1.35,,N,
171,LIK,XV,P5c-057,,,Opaline/CCS,0%,,Flake,Complete,,,,,,,,,,,,,,,,,,,,,,Yes,Hertzian,Feather,,,,,,,,,,,,,RECTANGULAR,NotPrepared,No,6.09,1.96,Main,,,,,,,,,,,18.82,18.82,13.45,9.95,2.43,0.7,,N,
1702,LIK,VII,M3d-031,,,Opaline/CCS,0%,,Flake,Complete,,,,,,,,,,,,,,,,,,,,,,Yes,Hertzian,Feather,,,,,,,,,,,,,RECTANGULAR,NotPrepared,No,7.75,2.6,Main,,,,,,,,,,,9.76,9.76,10.1,10.1,2.5,0.25,,N,
1703,LIK,VII,M3d-031,,,Opaline/CCS,0%,,Flake,Complete,,,,,,,,,,,,,,,,,,,,,,Yes,Hertzian,Feather,,,,,,,,,,,,,RECTANGULAR,NotPrepared,No,5.54,2.86,Main,,,,,,,,,,,14.95,14.95,5.06,5.06,2.97,0.29,,N,
1704,LIK,VII,M3d-031,,,Opaline/CCS,0%,,Flake,Complete,,,,,,,,,,,,,,,,,,,,,,Yes,Hertzian,Feather,,,,,,,,,,,,,TRIANGULAR,NotPrepared,No,4.31,1.37,Main,,,,,,,,,,,15.63,9.66,11.88,8.21,2.88,0.28,Ut,N,
1705,LIK,VII,M3d-031,,,Opaline/CCS,10-40%,Cobble,Flake,Complete,,,,,,,,,,,,,,,,,,,,,,Yes,Hertzian,Feather,,,,,,,,,,,,,RECTANGULAR,NotPrepared,No,10.66,1.85,Main,,,,,,,,,,,9.65,9.65,10.34,10.34,1.91,0.3,,N,
1706,LIK,VII,M3d-031,,,Opaline/CCS,0%,,Flake,Complete,,,,,,,,,,,,,,,,,,,,,,Yes,Bending,Feather,,,,,,,,,,,,,RECTANGULAR,NotPrepared,No,2.82,0.82,Main,,,,,,,,,,,13.91,13.91,3.43,3.43,2.25,0.16,,N,
1707,LIK,VII,M3d-031,,,Opaline/CCS,0%,,Flake,Complete,,,,,,,,,,,,,,,,,,,,,,Yes,Hertzian,Feather,,,,,,,,,,,,,TRIANGULAR,NotPrepared,No,8.64,3.33,Main,,,,,,,,,,,8.93,5.55,11.88,6.79,2.01,0.12,,N,
1708,LIK,VII,M3d-031,,,Opaline/CCS,0%,,Flake,Complete,,,,,,,,,,,,,,,,,,,,,,Yes,Hertzian,Feather,,,,,,,,,,,,,TRIANGULAR,NotPrepared,No,4.35,0.54,Main,,,,,,,,,,,12.98,12.98,7.11,6.39,1.2,0.1,,N,
1709,LIK,VII,M3d-031,,,Opaline/CCS,0%,,Flake,Mesial,,,,,,,,,,,,,,,,,,,,,,,,,,,,,,,,,,,,,RECTANGULAR,,,,,,,,,,,,,,,,6.68,,10.99,,2.54,0.2,,N,
1710,LIK,VII,M3d-031,,,Opaline/CCS,0%,,Flake,Complete,,,,,,,,,,,,,,,,,,,,,,Yes,Hertzian,Feather,,,,,,,,,,,,,RECTANGULAR,NotPrepared,No,2.5,0.7,Main,,,,,,,,,,,12.92,12.92,5.29,5.29,0.75,0.05,,N,
1711,LIK,VII,M3d-031,,,Opaline/CCS,0%,,Flake,Complete,,,,,,,,,,,,,,,,,,,,,,Yes,Hertzian,Feather,,,,,,,,,,,,,TRAPEZOIDAL,NotPrepared,No,12.68,4.16,Main,,,,,,,,,,,20.1,17.25,19.18,16.79,4.91,1.84,,N,
172,LIK,XV,P5c-057,,,Opaline/CCS,0%,,Flake,Complete,,,,,,,,,,,,,,,,,,,,,,Yes,Hertzian,Feather,,,,,,,,,,,,,TRAPEZOIDAL,NotPrepared,No,13.82,4.61,Main,,,,,,,,,,,15.61,15.61,19.95,15.11,3.17,1.14,,N,
1712,LIK,VII,M3d-031,,,Opaline/CCS,0%,,Flake,Complete,,,,,,,,,,,,,,,,,,,,,,Yes,Hertzian,Feather,,,,,,,,,,,,,TRIANGULAR,NotPrepared,No,4.26,1.97,Main,,,,,,,,,,,19.37,19.37,10.61,8.11,5.46,0.69,,N,
1713,LIK,VII,M3d-031,,,Opaline/CCS,0%,,Flake,Complete,,,,,,,,,,,,,,,,,,,,,,Yes,Hertzian,Feather,,,,,,,,,,,,,TRIANGULAR,Indeterminate,No,4.38,1.43,Main,,,,,,,,,,,27.97,27.97,10.66,9.12,2.3,0.75,Ut,N,
1714,LIK,VII,M3d-031,,,Opaline/CCS,0%,,Flake,Complete,,,,,,,,,,,,,,,,,,,,,,Yes,Hertzian,Feather,,,,,,,,,,,,,TRIANGULAR,NotPrepared,No,9.52,6.68,Main,,,,,,,,,,,20.43,20.43,23.16,20.14,10.84,5.45,Ut,N,
1715,LIK,VII,M3d-031,,,Hornfels,0%,,Flake,Complete,,,,,,,,,,,,,,,,,,,,,,Yes,Hertzian,Feather,,,,,,,,,,,,,RECTANGULAR,NotPrepared,No,4.76,2.73,Main,,,,,,,,,,,24.8,24.8,12.61,12.61,5.57,1.54,Ut,N,
1716,LIK,VII,M3d-031,,,Hornfels,0%,,Flake,Complete,,,,,,,,,,,,,,,,,,,,,,Yes,Hertzian,Overshot,,,,,,,,,,,,,OVAL,NotPrepared,No,9.83,4.19,Main,,,,,,,,,,,34.94,29.02,26.8,26.8,7.39,6.46,,N,
1717,LIK,VII,M3d-031,,,Hornfels,0%,,Flake,Proximal,,,,,,,,,,,,,,,,,,,,,,Yes,Hertzian,,,,,,,,,,,,,,RECTANGULAR,NotPrepared,No,11.49,2.44,,,,,,,,,,,,29.87,,24.4,,4.12,3.63,Ut,N,
1718,LIK,VII,M3d-031,,,Hornfels,0%,,Flake,Complete,,,,,,,,,,,,,,,,,,,,,,Yes,Hertzian,Feather,,,,,,,,,,,,,RECTANGULAR,ResidualFacetWithBulb,No,5.06,1.97,Main,,,,,,,,,,,17.22,17.22,14.44,13.33,3.44,0.91,,N,
1719,LIK,VII,M3d-031,,,Hornfels,0%,,Flake,Complete,,,,,,,,,,,,,,,,,,,,,,Yes,Hertzian,Feather,,,,,,,,,,,,,RECTANGULAR,ResidualFacetWithBulb,No,8.29,1.34,Main,,,,,,,,,,,7.11,7.11,10.37,10.37,1.66,0.09,,N,
1720,LIK,VII,M3d-031,,,Hornfels,0%,,Flake,Distal,,,,,,,,,,,,,,,,,,,,,,,,Feather,,,,,,,,,,,,,TRAPEZOIDAL,,,,,,,,,,,,,,,,8.37,,15.39,,3.01,0.42,,N,
1721,LIK,VII,M3d-031,,,Hornfels,10-40%,Cobble,Flake,Complete,,,,,,,,,,,,,,,,,,,,,,Yes,Hertzian,Feather,,,,,,,,,,,,,TRIANGULAR,NotPrepared,No,17.59,8.82,Main,,,,,,,,,,,10.97,8.58,21.2,21.2,5.62,2.53,,N,
173,LIK,XV,P5c-057,,,Opaline/CCS,0%,,Flake,Complete,,,,,,,,,,,,,,,,,,,,,,Yes,Wedging,Feather,,,,,,,,,,,,,TRIANGULAR,Indeterminate,No,3.56,0.41,Main,,,,,,,,,,,11.42,11.42,10.64,6.99,1.71,0.19,,N,
1722,LIK,VII,M3d-031,,,Hornfels,0%,,Flake,Distal,,,,,,,,,,,,,,,,,,,,,,,,Feather,,,,,,,,,,,,,RECTANGULAR,,,,,,,,,,,,,,,,12.98,,16.07,,3.25,0.9,,N,
1723,LIK,VII,M3d-031,,,Hornfels,10-40%,Cobble,Flake,Complete,,,,,,,0,,0,0,0,0,0,0,0,0,0,0,0,0,0,Yes,Hertzian,Feather,,0,0,0,0,0,0,0,0,0,0,0,RHOMBUS,NotPrepared,No,5.61,3.26,Main,,,,,0,0,0,0,0,0,21.39,21.39,17.71,14.03,5.06,1.55,,N,
1724,LIK,VII,M3d-031,,,Hornfels,1-10%,Cobble,Flake,Distal,,,,,,,,,,,,,,,,,,,,,,,,Overshot,,,,,,,,,,,,,RECTANGULAR,,,,,,,,,,,,,,,,13.33,,10.73,,2.66,0.4,,N,
1726,LIK,VII,M3d-031,,,Hornfels,40-60%,Cobble,Flake,Complete,,,,,,,,,,,,,,,,,,,,,,Yes,Hertzian,Feather,,,,,,,,,,,,,OVAL,NotPrepared,No,10.99,2.44,Main,,,,,,,,,,,11.14,11.14,20.72,20.72,3.29,0.88,,N,
1727,LIK,VII,M3d-031,,,Hornfels,0%,,Flake,Complete,,,,,,,,,,,,,,,,,,,,,,Yes,Hertzian,Feather,,,,,,,,,,,,,RECTANGULAR,NotPrepared,No,6.96,5.4,Main,,,,,,,,,,,11.26,11.26,9.28,9.28,5.01,0.5,,N,
1728,LIK,VII,M3d-031,,,Hornfels,1-10%,Cobble,Flake,Complete,,,,,,,,,,,,,,,,,,,,,,Yes,Bending,Feather,,,,,,,,,,,,,RECTANGULAR,NotPrepared,No,5.63,4.93,Main,,,,,,,,,,,15.36,15.36,6.46,6.46,3.69,0.43,,N,
1729,LIK,VII,M3d-031,,,Hornfels,0%,,Flake,Complete,,,,,,,,,,,,,,,,,,,,,,Yes,Hertzian,Feather,,,,,,,,,,,,,KITE,NotPrepared,No,2.81,1.15,Main,,,,,,,,,,,9.99,9.99,12.57,8.31,1.42,0.21,,N,
1730,LIK,VII,M3d-031,,,Hornfels,0%,,Flake,Complete,,,,,,,,,,,,,,,,,,,,,,Yes,Hertzian,Feather,,,,,,,,,,,,,KITE,NotPrepared,No,4.96,3,Main,,,,,,,,,,,13.65,13.65,9.02,7.93,2.73,0.42,,N,
1731,LIK,VII,M3d-031,,,Hornfels,0%,,Flake,Distal,,,,,,,,,,,,,,,,,,,,,,,,Feather,,,,,,,,,,,,,TRIANGULAR,,,,,,,,,,,,,,,,8.92,,14.32,,1.55,0.17,,N,
1732,LIK,VII,M3d-031,,,Hornfels,0%,,Flake,Complete,,,,,,,,,,,,,,,,,,,,,,Yes,Hertzian,Feather,,,,,,,,,,,,,TRAPEZOIDAL,NotPrepared,No,5.55,2.15,Main,,,,,,,,,,,9.21,9.21,11.35,8.88,2.16,0.19,,N,
174,LIK,XV,P5c-057,,,Opaline/CCS,0%,,Flake,Complete,,,,,,,,,,,,,,,,,,,,,,Yes,Hertzian,Feather,,,,,,,,,,,,,RECTANGULAR,NotPrepared,No,8.43,3.1,Main,,,,,,,,,,,17.99,17.99,12.98,12.98,3.57,0.95,,N,
1733,LIK,VII,M3d-031,,,Hornfels,0%,,Flake,Proximal,,,,,,,,,,,,,,,,,,,,,,Yes,Hertzian,,,,,,,,,,,,,,RECTANGULAR,NotPrepared,No,7.81,1.1,,,,,,,,,,,,6.02,,14.57,,0.97,0.11,,N,
1734,LIK,VII,M3d-031,,,Hornfels,0%,,Flake,Complete,,,,,,,,,,,,,,,,,,,,,,Yes,Hertzian,Feather,,,,,,,,,,,,,TRIANGULAR,NotPrepared,No,9.02,3.38,Main,,,,,,,,,,,10.12,10.12,10.47,8.91,2.78,0.25,,N,
1735,LIK,VII,M3d-031,,,Hornfels,0%,,Flake,Proximal,,,,,,,,,,,,,,,,,,,,,,Yes,Hertzian,,,,,,,,,,,,,,TRAPEZOIDAL,NotPrepared,No,3.03,1.98,,,,,,,,,,,,11.22,,13.87,,3,0.52,,N,
1736,LIK,VII,M3d-031,,,Hornfels,0%,,Flake,Complete,,,,,,,,,,,,,,,,,,,,,,Yes,Hertzian,Feather,,,,,,,,,,,,,RECTANGULAR,Indeterminate,No,6.84,1.27,Main,,,,,,,,,,,10.5,10.5,12.15,12.15,1.43,0.18,,N,
1737,LIK,VII,M3d-031,,,Hornfels,0%,,Flake,Complete,,,,,,,,,,,,,,,,,,,,,,Yes,Hertzian,Feather,,,,,,,,,,,,,TRAPEZOIDAL,NotPrepared,No,11.01,2.2,Main,,,,,,,,,,,8.35,8.35,13.92,11.3,1.51,0.25,,N,
1738,LIK,VII,M3d-031,,,Opaline/CCS,0%,,Core,,Complete,,,,,,,,,,,,,,,,,,,,,,,,,,,,,,,,,,,,,,,,,,Platform,Irregular,Cubic,0%,5,3,2,5,6,12.74,24.48,,23.7,,17.33,11.62,,N,
1739,LIK,VII,M4a-031,,,Opaline/CCS,0%,,Flake,Proximal,,,,,,,,,,,,,,,,,,,,,,Yes,Hertzian,,,,,,,,,,,,,,RECTANGULAR,NotPrepared,No,24.24,9.24,,,,,,,,,,,,18.65,,25.68,,14.38,6.88,,N,
1740,LIK,VII,M4a-031,,,Opaline/CCS,0%,,Flake,Complete,,,,,,,,,,,,,,,,,,,,,,Yes,Hertzian,Feather,,,,,,,,,,,,,RECTANGULAR,NotPrepared,No,10.7,5.22,Main,,,,,,,,,,,23.02,23.02,22.28,22.28,5.85,3.5,Ut,N,
1741,LIK,VII,M4a-031,,,Opaline/CCS,0%,,Flake,Complete,,,,,,,,,,,,,,,,,,,,,,Yes,Hertzian,Feather,,,,,,,,,,,,,RECTANGULAR,NotPrepared,No,6.74,2.96,Main,,,,,,,,,,,30.79,28.32,5.99,5.99,2.95,0.96,Ut,N,
1742,LIK,VII,M4a-031,,,Opaline/CCS,0%,,Flake,Complete,,,,,,,,,,,,,,,,,,,,,,Yes,Hertzian,Feather,,,,,,,,,,,,,RECTANGULAR,NotPrepared,No,5.21,1.73,Main,,,,,,,,,,,19.28,19.28,15.04,12.37,5.7,1.5,,N,
175,LIK,XV,P5c-057,,,Opaline/CCS,0%,,Flake,Complete,,,,,,,,,,,,,,,,,,,,,,Yes,Hertzian,Overshot,,,,,,,,,,,,,TRIANGULAR,NotPrepared,No,14.21,4.32,Main,,,,,,,,,,,29.86,29.86,19.9,19.9,4.2,3.71,,N,
1743,LIK,VII,M4a-031,,,Opaline/CCS,10-40%,Outcrop,Flake,Complete,,,,,,,,,,,,,,,,,,,,,,Yes,Hertzian,Feather,,,,,,,,,,,,,TRIANGULAR,NotPrepared,No,3.74,2.22,Main,,,,,,,,,,,17.68,17.68,21.3,14.82,2.36,0.76,,N,
1744,LIK,VII,M4a-031,,,Opaline/CCS,0%,,Flake,Complete,,,,,,,,,,,,,,,,,,,,,,Yes,Hertzian,Feather,,,,,,,,,,,,,RECTANGULAR,NotPrepared,No,12.67,2.66,Main,,,,,,,,,,,25.02,25.02,16.9,16.9,2.85,1.57,Ut,N,
1745,LIK,VII,M4a-031,,,Opaline/CCS,0%,,Flake,Complete,,,,,,,,,,,,,,,,,,,,,,Yes,Hertzian,Feather,,,,,,,,,,,,,RECTANGULAR,NotPrepared,No,3.96,1.61,Main,,,,,,,,,,,20.23,20.23,15.68,12.21,2.39,0.94,Ret; Ut; Potential end scraper,N,
1746,LIK,VII,M4a-031,,,Opaline/CCS,0%,,Flake,Complete,,,,,,,,,,,,,,,,,,,,,,Yes,Hertzian,Feather,,,,,,,,,,,,,TRAPEZOIDAL,NotPrepared,No,7.76,2.41,Main,,,,,,,,,,,22.71,22.71,32.98,19.51,3.13,2.1,Ut,N,
1747,LIK,VII,M4a-031,,,Opaline/CCS,0%,,Flake,Complete,,,,,,,,,,,,,,,,,,,,,,Yes,Hertzian,Feather,,,,,,,,,,,,,RECTANGULAR,NotPrepared,No,5.01,1.66,Main,,,,,,,,,,,22.37,22.37,15.24,12.04,3.63,1.84,Ut,N,
1748,LIK,VII,M4a-031,,,Opaline/CCS,0%,,Flake,Complete,,,,,,,,,,,,,,,,,,,,,,Yes,Hertzian,Feather,,,,,,,,,,,,,RECTANGULAR,NotPrepared,No,4.28,1.68,Main,,,,,,,,,,,20.05,20.05,17.15,14.67,5.54,1.41,,N,
1749,LIK,VII,M4a-031,,,Opaline/CCS,0%,,Flake,Complete,,,,,,,,,,,,,,,,,,,,,,Yes,Hertzian,Feather,,,,,,,,,,,,,RECTANGULAR,NotPrepared,No,4.93,4.15,Main,,,,,,,,,,,18.54,18.54,11.5,11.5,3.4,0.92,,N,
1750,LIK,VII,M4a-031,,,Opaline/CCS,0%,,Flake,Complete,,,,,,,,,,,,,,,,,,,,,,Yes,Hertzian,Feather,,,,,,,,,,,,,TRIANGULAR,NotPrepared,No,7.25,2.76,Main,,,,,,,,,,,15.95,15.95,7.46,6.95,2.16,0.39,,N,
1751,LIK,VII,M4a-031,,,Opaline/CCS,0%,,Flake,Proximal,,,,,,,,,,,,,,,,,,,,,,Yes,Bending,,,,,,,,,,,,,,RECTANGULAR,NotPrepared,No,9.52,4.03,,,,,,,,,,,,19.95,,18.29,,6.53,2.58,Ut,N,
1752,LIK,VII,M4a-031,,,Opaline/CCS,0%,,Flake,Mesial,,,,,,,,,,,,,,,,,,,,,,,,,,,,,,,,,,,,,RECTANGULAR,,,,,,,,,,,,,,,,20.22,,12.28,,3.22,0.94,,N,
176,LIK,XV,P5c-057,,,Opaline/CCS,0%,,Flake,Complete,,,,,,,,,,,,,,,,,,,,,,Yes,Hertzian,Overshot,,,,,,,,,,,,,OVAL,NotPrepared,No,9.7,2.2,Main,,,,,,,,,,,15.13,15.13,18.11,18.11,9.3,2.79,,N,
1753,LIK,VII,M4a-031,,,Opaline/CCS,0%,,Flake,Mesial,,,,,,,,,,,,,,,,,,,,,,,,,,,,,,,,,,,,,RECTANGULAR,,,,,,,,,,,,,,,,12.17,,13.81,,3.55,0.62,,N,
1754,LIK,VII,M4a-031,,,Opaline/CCS,0%,,Flake,Complete,,,,,,,,,,,,,,,,,,,,,,Yes,Hertzian,Feather,,,,,,,,,,,,,RECTANGULAR,NotPrepared,No,11.78,2.81,Main,,,,,,,,,,,30.82,30.82,11.64,11.64,2.51,1.25,Ut,N,
1755,LIK,VII,M4a-031,,,Opaline/CCS,0%,,Flake,Complete,,,,,,,,,,,,,,,,,,,,,,Yes,Hertzian,Feather,,,,,,,,,,,,,TRAPEZOIDAL,NotPrepared,No,5.17,1.96,Main,,,,,,,,,,,19.31,19.31,24.01,19.12,3.64,1.48,Ut,N,
1756,LIK,VII,M4a-031,,,Opaline/CCS,10-40%,Cobble,Flake,Proximal,,,,,,,,,,,,,,,,,,,,,,Yes,Hertzian,,,,,,,,,,,,,,TRAPEZOIDAL,NotPrepared,No,8.96,2.1,,,,,,,,,,,,12.54,,23.88,,4.54,1.41,,N,
1757,LIK,VII,M4a-031,,,Opaline/CCS,0%,,Flake,Fragment,,,,,,,,,,,,,,,,,,,,,,,,,,,,,,,,,,,,,TRIANGULAR,,,,,,,,,,,,,,,,19.58,,9.69,,2.41,0.44,,N,
1758,LIK,VII,M4a-031,,,Opaline/CCS,0%,,Flake,Complete,,,,,,,,,,,,,,,,,,,,,,Yes,Hertzian,Feather,,,,,,,,,,,,,RECTANGULAR,NotPrepared,No,3.99,3.37,Main,,,,,,,,,,,19.08,19.08,7.12,7.12,2.12,0.32,,N,
1759,LIK,VII,M4a-031,,,Opaline/CCS,0%,,Flake,Proximal,,,,,,,,,,,,,,,,,,,,,,Yes,Hertzian,,,,,,,,,,,,,,RECTANGULAR,NotPrepared,No,6.36,1.34,,,,,,,,,,,,11.34,,13.2,,2.32,0.27,,N,
1760,LIK,VII,M4a-031,,,Opaline/CCS,0%,,Flake,Complete,,,,,,,,,,,,,,,,,,,,,,Yes,Hertzian,Feather,,,,,,,,,,,,,TRAPEZOIDAL,NotPrepared,No,4.38,1.42,Main,,,,,,,,,,,10.12,10.12,19.04,12.69,2.59,0.32,,N,
1761,LIK,VII,M4a-031,,,Opaline/CCS,0%,,Flake,Mesial,,,,,,,,,,,,,,,,,,,,,,,,,,,,,,,,,,,,,TRAPEZOIDAL,,,,,,,,,,,,,,,,17.96,,14.01,,2.4,0.72,,N,
1762,LIK,VII,M4a-031,,,Opaline/CCS,0%,,Flake,Complete,,,,,,,,,,,,,,,,,,,,,,Yes,Hertzian,Overshot,,,,,,,,,,,,,RECTANGULAR,NotPrepared,No,7.25,2.43,Main,,,,,,,,,,,14.48,14.48,12.88,12.88,5.26,1.07,,N,
177,LIK,XV,P5c-057,,,Hornfels,0%,,Flake,Complete,,,,,,,,,,,,,,,,,,,,,,Yes,Bending,Feather,,,,,,,,,,,,,RECTANGULAR,NotPrepared,No,5.99,1.76,Main,,,,,,,,,,,19.19,19.19,7.95,7.95,2.11,0.42,,N,
1763,LIK,VII,M4a-031,,,Opaline/CCS,0%,,Flake,Complete,,,,,,,,,,,,,,,,,,,,,,Yes,Hertzian,Feather,,,,,,,,,,,,,TRAPEZOIDAL,NotPrepared,No,7.67,4.8,Main,,,,,,,,,,,8.83,8.83,17.4,12.1,5.6,0.7,,N,
1764,LIK,VII,M4a-031,,,Opaline/CCS,0%,,Flake,Complete,,,,,,,,,,,,,,,,,,,,,,Yes,Hertzian,Feather,,,,,,,,,,,,,RECTANGULAR,NotPrepared,No,5.93,2.24,Main,,,,,,,,,,,16.75,16.75,11.4,9.16,3.19,0.64,,Y,
1765,LIK,VII,M4a-031,,,Opaline/CCS,0%,,Flake,Complete,,,,,,,,,,,,,,,,,,,,,,Yes,Hertzian,Feather,,,,,,,,,,,,,RECTANGULAR,NotPrepared,No,4.42,1.78,Main,,,,,,,,,,,9.66,9.66,10.47,10.47,2.53,0.23,,N,
1766,LIK,VII,M4a-031,,,Opaline/CCS,10-40%,Cobble,Flake,Distal,,,,,,,,,,,,,,,,,,,,,,,,Feather,,,,,,,,,,,,,TRIANGULAR,,,,,,,,,,,,,,,,13.35,,8.85,,3.54,0.37,,N,
1767,LIK,VII,M4a-031,,,Opaline/CCS,0%,,Flake,Complete,,,,,,,,,,,,,,,,,,,,,,Yes,Hertzian,Feather,,,,,,,,,,,,,RECTANGULAR,NotPrepared,No,6.59,2.39,Main,,,,,,,,,,,15.43,15.65,17.83,13.17,2.45,0.58,,N,
1768,LIK,VII,M4a-031,,,Opaline/CCS,0%,,Flake,Complete,,,,,,,,,,,,,,,,,,,,,,Yes,Hertzian,Feather,,,,,,,,,,,,,RECTANGULAR,NotPrepared,No,2.28,0.87,Main,,,,,,,,,,,14.59,14.59,6.54,6.54,1.38,0.12,,N,
1769,LIK,VII,M4a-031,,,Opaline/CCS,0%,,Flake,Complete,,,,,,,,,,,,,,,,,,,,,,Yes,Hertzian,Feather,,,,,,,,,,,,,RECTANGULAR,NotPrepared,No,2.46,0.8,Main,,,,,,,,,,,11.51,11.51,11.49,11.49,1.43,0.18,,N,
1770,LIK,VII,M4a-031,,,Opaline/CCS,0%,,Flake,Complete,,,,,,,,,,,,,,,,,,,,,,Yes,Hertzian,Feather,,,,,,,,,,,,,TRIANGULAR,NotPrepared,No,6.17,1.69,Main,,,,,,,,,,,16.43,16.43,10.86,9.95,2.95,0.6,,N,
1771,LIK,VII,M4a-031,,,Opaline/CCS,10-40%,Cobble,Flake,Complete,,,,,,,,,,,,,,,,,,,,,,Yes,Hertzian,Feather,,,,,,,,,,,,,RECTANGULAR,NotPrepared,No,5.53,2.21,Main,,,,,,,,,,,12.29,12.29,16.03,14.11,3.4,0.67,Ut,N,
1772,LIK,VII,M4a-031,,,Hornfels,0%,,Flake,Complete,,,,,,,,,,,,,,,,,,,,,,Yes,Hertzian,Feather,,,,,,,,,,,,,RECTANGULAR,NotPrepared,No,22.09,8.02,Main,,,,,,,,,,,45.65,45.65,21.75,18.72,8.97,10.15,,N,
178,LIK,XV,P5c-057,,,Opaline/CCS,0%,,Flake,Complete,,,,,,,,,,,,,,,,,,,,,,Yes,Hertzian,Feather,,,,,,,,,,,,,TRIANGULAR,NotPrepared,No,8.59,1.98,Main,,,,,,,,,,,30.93,30.93,14.68,14.68,5.09,2.24,,N,
1773,LIK,VII,M4a-031,,,Hornfels,0%,,Flake,Complete,,,,,,,,,,,,,,,,,,,,,,Yes,Hertzian,Feather,,,,,,,,,,,,,OVAL,NotPrepared,No,4.25,1.7,Main,,,,,,,,,,,15.48,15.48,28.74,23.12,4.77,2.1,,N,
1774,LIK,VII,M4a-031,,,Hornfels,0%,,Flake,Complete,,,,,,,,,,,,,,,,,,,,,,Yes,Hertzian,Feather,,,,,,,,,,,,,TRAPEZOIDAL,NotPrepared,No,5.04,1.33,Main,,,,,,,,,,,16.31,16.31,24.21,17.6,2.28,0.98,Ut,N,
1775,LIK,VII,M4a-031,,,Hornfels,10-40%,Outcrop,Flake,Complete,,,,,,,0,,0,0,0,0,0,0,0,0,0,0,0,0,0,Yes,Hertzian,Feather,,0,0,0,0,0,0,0,0,0,0,0,RECTANGULAR,NotPrepared,No,6.26,3.38,Main,,,,,0,0,0,0,0,0,22.54,22.54,14.88,10.96,5.99,2,,N,
1776,LIK,VII,M4a-031,,,Hornfels,1-10%,Outcrop,Flake,Complete,,,,,,,,,,,,,,,,,,,,,,Yes,Hertzian,Feather,,,,,,,,,,,,,TRAPEZOIDAL,NotPrepared,No,13.21,2.48,Main,,,,,,,,,,,25.05,25.05,13.14,13.14,4.19,1.08,,N,
1777,LIK,VII,M4a-031,,,Hornfels,0%,,Flake,Complete,,,,,,,,,,,,,,,,,,,,,,Yes,Hertzian,Feather,,,,,,,,,,,,,TRIANGULAR,NotPrepared,No,14.35,3.2,Main,,,,,,,,,,,26.53,26.53,21.92,17.54,9.22,3.68,Ut,N,
1779,LIK,VII,M4a-031,,,Hornfels,10-40%,Outcrop,Flake,Distal,,,,,,,,,,,,,,,,,,,,,,,,Feather,,,,,,,,,,,,,TRIANGULAR,,,,,,,,,,,,,,,,22.35,,14.41,,3.18,1,,N,
1780,LIK,VII,M4a-031,,,Hornfels,0%,,Flake,Complete,,,,,,,0,,0,0,0,0,0,0,0,0,0,0,0,0,0,Yes,Hertzian,Feather,,0,0,0,0,0,0,0,0,0,0,0,RECTANGULAR,NotPrepared,No,3.12,1.14,Main,,,,,0,0,0,0,0,0,13.88,13.88,10.92,9.85,2.65,0.33,,N,
1781,LIK,VII,M4a-031,,,Hornfels,0%,,Flake,Complete,,,,,,,,,,,,,,,,,,,,,,Yes,Hertzian,Overshot,,,,,,,,,,,,,RECTANGULAR,NotPrepared,No,7.77,3.9,Main,,,,,,,,,,,13.14,13.14,12.95,9.95,5.37,1.27,,N,
1782,LIK,VII,M4a-031,,,Hornfels,0%,,Flake,Complete,,,,,,,,,,,,,,,,,,,,,,Yes,Hertzian,Feather,,,,,,,,,,,,,RECTANGULAR,NotPrepared,No,4.87,1.32,Main,,,,,,,,,,,13.74,13.74,14.33,10.06,2.54,0.39,,N,
1783,LIK,VII,M4a-031,,,Hornfels,0%,,Flake,Proximal,,,,,,,,,,,,,,,,,,,,,,Yes,Bending,,,,,,,,,,,,,,RECTANGULAR,NotPrepared,No,7.22,4.08,,,,,,,,,,,,15,,7.23,,4.58,0.59,Ut,N,
179,LIK,XV,P5c-057,,,Opaline/CCS,0%,,Flake,Complete,,,,,,,,,,,,,,,,,,,,,,Yes,Hertzian,Feather,,,,,,,,,,,,,OVAL,NotPrepared,No,11.38,6.81,Main,,,,,,,,,,,32.23,32.23,17.97,17.97,6.14,4.19,,N,
1784,LIK,VII,M4a-031,,,Hornfels,0%,,Flake,Fragment,,,,,,,,,,,,,,,,,,,,,,,,,,,,,,,,,,,,,TRIANGULAR,,,,,,,,,,,,,,,,10.76,,10.76,,2.35,0.35,Ut,N,
1785,LIK,VII,M4a-031,,,Hornfels,0%,,Flake,Distal,,,,,,,,,,,,,,,,,,,,,,,,Feather,,,,,,,,,,,,,RECTANGULAR,,,,,,,,,,,,,,,,11.91,,6.82,,2.53,0.23,,N,
1786,LIK,VII,M4a-031,,,Hornfels,0%,,Flake,Complete,,,,,,,,,,,,,,,,,,,,,,Yes,Hertzian,Feather,,,,,,,,,,,,,TRAPEZOIDAL,Indeterminate,No,2.71,0.89,Main,,,,,,,,,,,18.01,18.01,10.32,10.32,1.22,0.2,Ut,N,
1787,LIK,VII,M4a-031,,,Hornfels,0%,,Flake,Complete,,,,,,,,,,,,,,,,,,,,,,Yes,Hertzian,Feather,,,,,,,,,,,,,RECTANGULAR,NotPrepared,No,5.25,3.13,Main,,,,,,,,,,,12.85,12.85,8.03,8.03,1.59,0.21,,N,
1788,LIK,VII,M4a-031,,,Hornfels,0%,,Flake,Complete,,,,,,,,,,,,,,,,,,,,,,Yes,Hertzian,Feather,,,,,,,,,,,,,TRIANGULAR,NotPrepared,No,22.3,10.94,Main,,,,,,,,,,,47.98,39.26,27.57,27.57,21.99,13,Ut,N,
1789,LIK,VII,M4a-031,,,Tuff,10-40%,Cobble,Flake,Complete,,,,,,,,,,,,,,,,,,,,,,Yes,Bending,Feather,,,,,,,,,,,,,RECTANGULAR,NotPrepared,No,11.53,3.12,Main,,,,,,,,,,,17.58,14.34,13.44,13.44,2.22,0.64,,N,
1790,LIK,VII,M4a-031,,,Tuff,1-10%,Cobble,Flake,Complete,,,,,,,,,,,,,,,,,,,,,,Yes,Hertzian,Feather,,,,,,,,,,,,,TRIANGULAR,NotPrepared,No,5.42,3.81,Main,,,,,,,,,,,10.08,10.08,6.32,5.68,2.45,0.17,,N,
1791,LIK,VII,M4a-031,,,Opaline/CCS,0%,,Core,,Complete,,,,,,,,,,,,,,,,,,,,,,,,,,,,,,,,,,,,,,,,,,Platform,Irregular,Spherical,0%,3,2,1,3,4,16.06,27.34,,21.6,,11.99,11,,N,
1792,LIK,VII,M4a-031,,,Opaline/CCS,0%,,Flake,Proximal,,,,,,,,,,,,,,,,,,,,,,Yes,Hertzian,,,,,,,,,,,,,,RECTANGULAR,NotPrepared,No,15.41,5.52,,,,,,,,,,,,38.13,,15.36,,10.14,9.64,,N,
1793,LIK,VII,M4a-031,,,Opaline/CCS,0%,,Core,,Complete,,,,,,,,,,,,,,,,,,,,,,,,,,,,,,,,,,,,,,,,,,Platform,Irregular,Cubic,0%,4,3,2,5,3,19.5,37.36,,25.6,,15.18,26.15,,N,
180,LIK,XV,P5c-057,,,Hornfels,0%,,Flake,Complete,,,,,,,,,,,,,,,,,,,,,,Yes,Hertzian,Feather,,,,,,,,,,,,,RECTANGULAR,Indeterminate,No,5.03,1.37,Main,,,,,,,,,,,9.39,9.39,18.57,18.57,1.43,0.2,,N,
1794,LIK,VII,M4a-031,,,Quartz,0%,,Flake,Proximal,,,,,,,0,,0,0,0,0,0,0,0,0,0,0,0,0,0,Yes,Hertzian,,,0,0,0,0,0,0,0,0,0,0,0,RECTANGULAR,NotPrepared,No,19.97,7.14,,,,,,0,0,0,0,0,0,41.44,0,38.87,0,17.12,31.71,Ret; Ut,N,
1795,LIK,VII,M4a-031,,,Opaline/CCS,0%,,Core,,Complete,,,,,,,,,,,,,,,,,,,,,,,,,,,,,,,,,,,,,,,,,,Platform,Bladelet,Cubic,0%,4,2,3,4,2,15.26,23.36,,17.86,,13.81,10.37,,N,
1796,LIK,VII,M4a-031,,,Opaline/CCS,0%,,Flake,Proximal,,,,,,,,,,,,,,,,,,,,,,Yes,Hertzian,,,,,,,,,,,,,,TRAPEZOIDAL,NotPrepared,No,10.86,5.96,,,,,,,,,,,,24.12,,25.74,,6.77,6.36,Ret; Ut,N,
1797,LIK,VII,M3c-031,,,Opaline/CCS,0%,,Flake,Complete,,,,,,,,,,,,,,,,,,,,,,Yes,Hertzian,Overshot,,,,,,,,,,,,,TRAPEZOIDAL,NotPrepared,No,16.24,4.08,Main,,,,,,,,,,,16.56,16.56,54.99,36.99,5.72,8.93,Ut,N,
1798,LIK,VII,M3c-031,,,Opaline/CCS,0%,,Flake,Complete,,,,,,,,,,,,,,,,,,,,,,Yes,Hertzian,Feather,,,,,,,,,,,,,OVAL,NotPrepared,No,15.85,4.03,Main,,,,,,,,,,,27.28,27.28,26.11,26.11,6.03,5.08,,N,
1799,LIK,VII,M3c-031,,,Opaline/CCS,1-10%,Cobble,Flake,Complete,,,,,,,,,,,,,,,,,,,,,,Yes,Hertzian,Overshot,,,,,,,,,,,,,OVAL,NotPrepared,No,12.43,4.7,Main,,,,,,,,,,,19.81,19.81,23.59,23.59,5.18,2.95,,N,
1800,LIK,VII,M3c-031,,,Opaline/CCS,0%,,Flake,Complete,,,,,,,,,,,,,,,,,,,,,,Yes,Hertzian,Feather,,,,,,,,,,,,,KITE,NotPrepared,No,11.7,4.84,Main,,,,,,,,,,,30.05,30.05,30.88,24.88,9.4,7,,N,
1801,LIK,VII,M3c-031,,,Opaline/CCS,0%,,Flake,Complete,,,,,,,,,,,,,,,,,,,,,,Yes,Hertzian,Feather,,,,,,,,,,,,,RHOMBUS,NotPrepared,No,6.55,5.04,Main,,,,,,,,,,,34.86,34.86,22.21,18.68,6,4.1,,N,
1802,LIK,VII,M3c-031,,,Opaline/CCS,0%,,Flake,Complete,,,,,,,,,,,,,,,,,,,,,,Yes,Bending,Feather,,,,,,,,,,,,,RECTANGULAR,NotPrepared,No,11.7,2.57,Main,,,,,,,,,,,27.13,18.47,18.52,18.52,7,3.62,Ret; Ut,N,
1803,LIK,VII,M3c-031,,,Opaline/CCS,0%,,Flake,Complete,,,,,,,,,,,,,,,,,,,,,,Yes,Hertzian,Feather,,,,,,,,,,,,,OVAL,Indeterminate,No,11.13,7.21,Main,,,,,,,,,,,34.69,34.69,25.8,22.66,10.09,8.78,Ret; Ut; Possible end scraper,N,
18,LIK,XV,O5c-057,,,Hornfels,0%,,Flake,Complete,,,,,,,,,,,,,,,,,,,,,,Yes,Bending,Feather,,,,,,,,,,,,,RECTANGULAR,NotPrepared,No,13.96,3.97,Main,,,,,,,,,,,7.21,7.21,22.44,19.06,4.78,0.88,,N,
181,LIK,XV,P5c-057,,,Hornfels,0%,,Flake,Complete,,,,,,,,,,,,,,,,,,,,,,Yes,Hertzian,Feather,,,,,,,,,,,,,RECTANGULAR,NotPrepared,No,7.78,2.23,Main,,,,,,,,,,,9.1,9.1,12.49,12.49,1.57,0.32,,N,
1804,LIK,VII,M3c-031,,,Opaline/CCS,0%,,Flake,Mesial,,,,,,,,,,,,,,,,,,,,,,,,,,,,,,,,,,,,,RECTANGULAR,,,,,,,,,,,,,,,,24.62,,27.03,,10.04,7.2,Ret; Ut,N,
1805,LIK,VII,M3c-031,,,Opaline/CCS,0%,,Flake,Complete,,,,,,,,,,,,,,,,,,,,,,Yes,Hertzian,Feather,,,,,,,,,,,,,TRIANGULAR,NotPrepared,No,4.56,2.22,Main,,,,,,,,,,,24.96,24.96,15.74,11.92,4.63,1.92,Ret; Ut; Definite end scraper,N,
1806,LIK,VII,M3c-031,,,Opaline/CCS,0%,,Flake,Complete,,,,,,,,,,,,,,,,,,,,,,Yes,Hertzian,Feather,,,,,,,,,,,,,TRAPEZOIDAL,NotPrepared,No,8.93,4.13,Main,,,,,,,,,,,16.62,16.62,24.96,16.07,7.27,2.3,Ret; Ut,N,
1807,LIK,VII,M3c-031,,,Opaline/CCS,0%,,Flake,Proximal,,,,,,,,,,,,,,,,,,,,,,Yes,Hertzian,,,,,,,,,,,,,,RECTANGULAR,NotPrepared,No,22.15,8.6,,,,,,,,,,,,24.57,,21.44,,13.18,8.56,,N,
1808,LIK,VII,M3c-031,,,Opaline/CCS,0%,,Flake,Complete,,,,,,,,,,,,,,,,,,,,,,Yes,Hertzian,Feather,,,,,,,,,,,,,TRIANGULAR,FacetWithBulb,No,10.71,8.42,8.16,,,,,,,,,,,25.01,25.01,11.81,10.48,7.85,2.2,,N,
1809,LIK,VII,M3c-031,,,Opaline/CCS,0%,,Flake,Complete,,,,,,,,,,,,,,,,,,,,,,Yes,Hertzian,Feather,,,,,,,,,,,,,RECTANGULAR,NotPrepared,No,6.54,1.75,Main,,,,,,,,,,,19.5,19.5,21.22,21.22,2.15,1,,N,
1810,LIK,VII,M3c-031,,,Opaline/CCS,0%,,Flake,Complete,,,,,,,,,,,,,,,,,,,,,,Yes,Hertzian,Feather,,,,,,,,,,,,,RECTANGULAR,NotPrepared,No,4.68,1.26,Main,,,,,,,,,,,19.99,19.99,7.79,7.79,2.72,0.78,,N,
1811,LIK,VII,M3c-031,,,Opaline/CCS,0%,,Flake,Complete,,,,,,,,,,,,,,,,,,,,,,Yes,Hertzian,Feather,,,,,,,,,,,,,TRAPEZOIDAL,Indeterminate,No,4.36,1.82,Main,,,,,,,,,,,15.73,15.73,29.77,23.49,5.48,1.81,,N,
1812,LIK,VII,M3c-031,,,Opaline/CCS,0%,,Flake,Complete,,,,,,,,,,,,,,,,,,,,,,Yes,Hertzian,Feather,,,,,,,,,,,,,RECTANGULAR,NotPrepared,No,6.26,1.75,Main,,,,,,,,,,,14.28,14.28,18.21,15.02,3.03,1.06,,N,
1813,LIK,VII,M3c-031,,,Opaline/CCS,0%,,Flake,Complete,,,,,,,,,,,,,,,,,,,,,,Yes,Hertzian,Feather,,,,,,,,,,,,,OVAL,NotPrepared,No,5.59,1.38,Main,,,,,,,,,,,13.5,13.5,17.13,17.13,2.32,0.4,,N,
182,LIK,XV,P5c-057,,,Hornfels,0%,,Flake,Mesial,,,,,,,,,,,,,,,,,,,,,,,,,,,,,,,,,,,,,RECTANGULAR,,,,,,,,,,,,,,,,22.33,,18.65,,3.19,1.24,,N,
1814,LIK,VII,M3c-031,,,Opaline/CCS,10-40%,Outcrop,Flake,Complete,,,,,,,,,,,,,,,,,,,,,,Yes,Hertzian,Feather,,,,,,,,,,,,,TRAPEZOIDAL,NotPrepared,No,6.03,2.54,Main,,,,,,,,,,,14.77,14.77,10.88,10.88,2.63,0.39,,N,
1815,LIK,VII,M3c-031,,,Opaline/CCS,10-40%,Outcrop,Flake,Complete,,,,,,,,,,,,,,,,,,,,,,Yes,Bending,Feather,,,,,,,,,,,,,RECTANGULAR,NotPrepared,No,11.3,5.98,Main,,,,,,,,,,,23.11,23.11,18.71,18.71,7.72,2.89,,N,
1816,LIK,VII,M3c-031,,,Opaline/CCS,0%,,Flake,Distal,,,,,,,,,,,,,,,,,,,,,,,,Hinge,,,,,,,,,,,,,TRIANGULAR,,,,,,,,,,,,,,,,20.63,,15.91,,6.8,1.86,Ut,N,
1817,LIK,VII,M3c-031,,,Opaline/CCS,0%,,Flake,Complete,,,,,,,,,,,,,,,,,,,,,,Yes,Hertzian,Feather,,,,,,,,,,,,,TRAPEZOIDAL,NotPrepared,No,6.13,3.12,Main,,,,,,,,,,,10.67,10.67,18.4,12.57,4.68,0.89,,N,
1818,LIK,VII,M3c-031,,,Opaline/CCS,0%,,Flake,Complete,,,,,,,,,,,,,,,,,,,,,,Yes,Hertzian,Feather,,,,,,,,,,,,,RECTANGULAR,NotPrepared,No,5.24,3.06,Main,,,,,,,,,,,24.3,24.3,10.33,10.33,4.86,1.52,,N,
1819,LIK,VII,M3c-031,,,Opaline/CCS,0%,,Flake,Mesial,,,,,,,,,,,,,,,,,,,,,,,,,,,,,,,,,,,,,RECTANGULAR,,,,,,,,,,,,,,,,10.4,,14.32,,3.07,0.68,,N,
1820,LIK,VII,M3c-031,,,Opaline/CCS,0%,,Flake,Proximal,,,,,,,,,,,,,,,,,,,,,,Yes,Hertzian,,,,,,,,,,,,,,TRAPEZOIDAL,NotPrepared,No,6.24,2.49,,,,,,,,,,,,14.19,,20.44,,5.22,1.24,,N,
1821,LIK,VII,M3c-031,,,Opaline/CCS,0%,,Flake,Complete,,,,,,,,,,,,,,,,,,,,,,Yes,Hertzian,Feather,,,,,,,,,,,,,RECTANGULAR,NotPrepared,No,3.66,1.02,Main,,,,,,,,,,,9.61,9.61,13.45,13.45,3,0.4,Bladelet scars,N,
1822,LIK,VII,M3c-031,,,Opaline/CCS,0%,,Flake,Distal,,,,,,,,,,,,,,,,,,,,,,,,Feather,,,,,,,,,,,,,TRIANGULAR,,,,,,,,,,,,,,,,20.35,,13.87,,1.87,0.58,Ut,N,
1823,LIK,VII,M3c-031,,,Opaline/CCS,0%,,Flake,Complete,,,,,,,,,,,,,,,,,,,,,,Yes,Wedging,Bipolar,,,,,,,,,,,,,RECTANGULAR,NotPrepared,No,3.83,1.18,Main,,,,,,,,,,,13.68,13.68,8.75,8.75,3.38,0.43,BIPOLAR FLAKE,N,
183,LIK,XV,P5c-057,,,Hornfels,0%,,Flake,Proximal,,,,,,,,,,,,,,,,,,,,,,Yes,Hertzian,,,,,,,,,,,,,,RECTANGULAR,NotPrepared,No,14.23,2.77,,,,,,,,,,,,13.48,,18.6,,2.28,1.11,,N,
1824,LIK,VII,M3c-031,,,Opaline/CCS,10-40%,Outcrop,Flake,Complete,,,,,,,,,,,,,,,,,,,,,,Yes,Bending,Feather,,,,,,,,,,,,,RECTANGULAR,NotPrepared,No,3.06,1.71,Main,,,,,,,,,,,14.52,14.52,8.11,8.11,3.58,0.35,,N,
1825,LIK,VII,M3c-031,,,Opaline/CCS,1-10%,Outcrop,Flake,Complete,,,,,,,,,,,,,,,,,,,,,,Yes,Hertzian,Feather,,,,,,,,,,,,,TRIANGULAR,NotPrepared,No,16.59,1.85,Main,,,,,,,,,,,14.03,14.03,16.54,11.97,1.19,0.28,,N,
1826,LIK,VII,M3c-031,,,Opaline/CCS,0%,,Flake,Complete,,,,,,,,,,,,,,,,,,,,,,Yes,Hertzian,Feather,,,,,,,,,,,,,RECTANGULAR,NotPrepared,No,7.64,1.94,Main,,,,,,,,,,,12.85,12.85,13.79,8.93,1.8,0.31,,N,
1827,LIK,VII,M3c-031,,,Opaline/CCS,10-40%,Outcrop,Flake,Complete,,,,,,,,,,,,,,,,,,,,,,Yes,Hertzian,Feather,,,,,,,,,,,,,RECTANGULAR,NotPrepared,No,4.96,1.32,Main,,,,,,,,,,,13.97,13.97,7.08,7.08,1.77,0.18,,N,
1828,LIK,VII,M3c-031,,,Opaline/CCS,0%,,Flake,Complete,,,,,,,,,,,,,,,,,,,,,,Yes,Hertzian,Feather,,,,,,,,,,,,,RECTANGULAR,NotPrepared,No,5.05,2.16,Main,,,,,,,,,,,14.16,11.19,6.09,6.09,2.2,0.45,,N,
1829,LIK,VII,M3c-031,,,Opaline/CCS,0%,,Flake,Complete,,,,,,,,,,,,,,,,,,,,,,Yes,Hertzian,Feather,,,,,,,,,,,,,RECTANGULAR,NotPrepared,No,5.21,2.64,Main,,,,,,,,,,,14.36,14.36,8.23,8.23,2.78,0.31,,N,
1830,LIK,VII,M3c-031,,,Opaline/CCS,0%,,Flake,Complete,,,,,,,,,,,,,,,,,,,,,,Yes,Hertzian,Feather,,,,,,,,,,,,,RECTANGULAR,NotPrepared,No,7.45,1.96,Main,,,,,,,,,,,8.7,8.7,13.78,11.12,1.76,0.21,,N,
1831,LIK,VII,M3c-031,,,Hornfels,10-40%,Cobble,Flake,Complete,,,,,,,,,,,,,,,,,,,,,,Yes,Hertzian,Feather,,,,,,,,,,,,,RECTANGULAR,NotPrepared,No,18.88,10.59,Main,,,,,,,,,,,24.85,24.85,18.74,13.54,5.88,1.97,,N,
1832,LIK,VII,M3c-031,,,Hornfels,0%,,Flake,Complete,,,,,,,,,,,,,,,,,,,,,,Yes,Hertzian,Feather,,,,,,,,,,,,,RECTANGULAR,NotPrepared,No,9.53,4.13,Main,,,,,,,,,,,20.75,20.75,19.84,17.28,3.91,1.95,,N,
1833,LIK,VII,M3c-031,,,Hornfels,0%,,Flake,Complete,,,,,,,,,,,,,,,,,,,,,,Yes,Hertzian,Feather,,,,,,,,,,,,,RECTANGULAR,NotPrepared,No,13.87,1.67,Main,,,,,,,,,,,20.54,20.54,18.07,18.07,4.23,1.61,Ut,N,
184,LIK,XV,P5c-057,,,Hornfels,0%,,Flake,Complete,,,,,,,,,,,,,,,,,,,,,,Yes,Hertzian,Hinge,,,,,,,,,,,,,TRAPEZOIDAL,Indeterminate,No,6.32,1.22,Main,,,,,,,,,,,16.35,16.35,22.75,17.55,3.27,1.55,,N,
1834,LIK,VII,M3c-031,,,Hornfels,0%,,Flake,Complete,,,,,,,,,,,,,,,,,,,,,,Yes,Hertzian,Feather,,,,,,,,,,,,,OVAL,NotPrepared,No,22.78,7.25,Main,,,,,,,,,,,23.19,23.19,31.47,28.83,10.34,7.17,,N,
1835,LIK,VII,M3c-031,,,Hornfels,0%,,Flake,Complete,,,,,,,,,,,,,,,,,,,,,,Yes,Hertzian,Feather,,,,,,,,,,,,,RECTANGULAR,NotPrepared,No,32.56,1.69,Main,,,,,,,,,,,12.08,12.08,37.71,37.71,2.62,1.8,,N,
1836,LIK,VII,M3c-031,,,Hornfels,0%,,Flake,Complete,,,,,,,,,,,,,,,,,,,,,,Yes,Hertzian,Feather,,,,,,,,,,,,,TRIANGULAR,NotPrepared,No,5.8,0.87,Main,,,,,,,,,,,10.39,10.39,13.48,8.99,1.96,0.25,,N,
1837,LIK,VII,M3c-031,,,Hornfels,0%,,Flake,Complete,,,,,,,,,,,,,,,,,,,,,,Yes,Hertzian,Feather,,,,,,,,,,,,,RECTANGULAR,NotPrepared,No,5.4,3.18,Main,,,,,,,,,,,19.29,19.29,13.59,13.59,3.15,0.76,,N,
1838,LIK,VII,M3c-031,,,Hornfels,0%,,Flake,Complete,,,,,,,,,,,,,,,,,,,,,,Yes,Hertzian,Feather,,,,,,,,,,,,,TRAPEZOIDAL,NotPrepared,No,7.46,4.61,Main,,,,,,,,,,,16.09,16.09,14.3,11.74,2.39,0.89,Ut,N,
1839,LIK,VII,M3c-031,,,Hornfels,0%,,Flake,Complete,,,,,,,,,,,,,,,,,,,,,,Yes,Hertzian,Feather,,,,,,,,,,,,,RECTANGULAR,NotPrepared,No,4.08,1.25,Main,,,,,,,,,,,15.22,15.22,12.26,8.94,3.04,0.37,,N,
1840,LIK,VII,M3c-031,,,Hornfels,0%,,Flake,Complete,,,,,,,,,,,,,,,,,,,,,,Yes,Hertzian,Feather,,,,,,,,,,,,,RECTANGULAR,Indeterminate,No,12.62,5.46,Main,,,,,,,,,,,12.78,12.78,15.81,15.81,4.37,1.18,,N,
1841,LIK,VII,M3c-031,,,Hornfels,40-60%,Cobble,Flake,Complete,,,,,,,,,,,,,,,,,,,,,,Yes,Hertzian,Feather,,,,,,,,,,,,,OVAL,NotPrepared,No,3.67,2.78,Main,,,,,,,,,,,15.67,15.67,6.79,6.79,5.42,0.61,,N,
1842,LIK,VII,M3c-031,,,Hornfels,1-10%,Cobble,Flake,Complete,,,,,,,,,,,,,,,,,,,,,,Yes,Bending,Feather,,,,,,,,,,,,,TRIANGULAR,NotPrepared,No,8.59,1.54,Main,,,,,,,,,,,9.69,9.69,8.98,7.55,1.12,0.17,,N,
1843,LIK,VII,M3c-031,,,Opaline/CCS,0%,,Flake,Complete,,,,,,,,,,,,,,,,,,,,,,Yes,Hertzian,Feather,,,,,,,,,,,,,RECTANGULAR,NotPrepared,No,2.16,1,Main,,,,,,,,,,,12.93,12.93,9.42,8.25,1.79,0.19,,N,
185,LIK,XV,P5c-057,,,Hornfels,0%,,Flake,Complete,,,,,,,,,,,,,,,,,,,,,,Yes,Bending,Feather,,,,,,,,,,,,,RECTANGULAR,NotPrepared,No,11.37,4.87,Main,,,,,,,,,,,26.52,26.52,12.15,12.15,4.37,2.39,,N,
1844,LIK,VII,M3c-031,,,Opaline/CCS,0%,,Core,,Complete,,,,,,,,,,,,,,,,,,,,,,,,,,,,,,,,,,,,,,,,,,Platform,Irregular,Cubic,0%,4,3,4,4,3,34.42,36.09,,18.38,,10.87,10.04,,N,
1845,LIK,VII,M3c-031,,,Opaline/CCS,0%,,Core,,Complete,,,,,,,,,,,,,,,,,,,,,,,,,,,,,,,,,,,,,,,,,,Platform,Irregular,Cubic,0%,4,2,4,2,4,19.26,30.61,,25.06,,9.94,11.83,Ut,N,
1846,LIK,VII,M3c-031,,,Opaline/CCS,0%,,Core,,Complete,,,,,,,,,,,,,,,,,,,,,,,,,,,,,,,,,,,,,,,,,,Platform,Bladelet,Cubic,0%,4,2,2,5,5,10.95,19.12,,15.4,,11.84,5.76,,N,
1847,LIK,VII,M4b-031,,,Opaline/CCS,0%,,Flake,Complete,,,,,,,,,,,,,,,,,,,,,,Yes,Hertzian,Feather,,,,,,,,,,,,,TRIANGULAR,NotPrepared,No,13.01,8.83,Main,,,,,,,,,,,22.51,22.51,14.89,13.17,9.32,3.06,Ret; Ut; Very cool and almost point-ish,N,
1848,LIK,VII,M4b-031,,,Opaline/CCS,0%,,Flake,Complete,,,,,,,,,,,,,,,,,,,,,,Yes,Hertzian,Feather,,,,,,,,,,,,,RECTANGULAR,NotPrepared,No,6.52,2.93,Main,,,,,,,,,,,22.43,22.43,11,11,7.05,1.86,,N,
1849,LIK,VII,M4b-031,,,Opaline/CCS,0%,,Flake,Complete,,,,,,,,,,,,,,,,,,,,,,Yes,Hertzian,Feather,,,,,,,,,,,,,RECTANGULAR,NotPrepared,No,6.11,1.8,Main,,,,,,,,,,,13.05,13.05,17.42,17.42,1.86,0.57,,N,
1850,LIK,VII,M4b-031,,,Opaline/CCS,0%,,Flake,Complete,,,,,,,,,,,,,,,,,,,,,,Yes,Bending,Feather,,,,,,,,,,,,,RECTANGULAR,NotPrepared,No,9.46,2.75,Main,,,,,,,,,,,17.29,15.42,12.09,12.09,2.77,0.8,Ut,N,
1851,LIK,VII,M4b-031,,,Opaline/CCS,0%,,Flake,Complete,,,,,,,,,,,,,,,,,,,,,,Yes,Hertzian,Feather,,,,,,,,,,,,,TRAPEZOIDAL,NotPrepared,No,5.22,2.19,Main,,,,,,,,,,,13.01,13.01,28.99,22.46,1.9,0.82,,N,
1852,LIK,VII,M4b-031,,,Opaline/CCS,0%,,Flake,Complete,,,,,,,,,,,,,,,,,,,,,,Yes,Bending,Feather,,,,,,,,,,,,,RECTANGULAR,NotPrepared,No,6.96,2.09,Main,,,,,,,,,,,21.41,21.41,15.63,15.63,2.76,1.1,Ut,N,
1853,LIK,VII,M4b-031,,,Opaline/CCS,0%,,Flake,Distal,,,,,,,,,,,,,,,,,,,,,,,,Feather,,,,,,,,,,,,,RECTANGULAR,,,,,,,,,,,,,,,,11.7,,23.47,,4.71,2.34,Ut,N,
186,LIK,XV,P5c-057,,,Hornfels,0%,,Flake,Complete,,,,,,,,,,,,,,,,,,,,,,Yes,Hertzian,Feather,,,,,,,,,,,,,RHOMBUS,NotPrepared,No,13.38,2.33,Main,,,,,,,,,,,22.07,16.87,15.36,15.36,3.65,1.35,,N,
1854,LIK,VII,M4b-031,,,Opaline/CCS,0%,,Flake,Complete,,,,,,,,,,,,,,,,,,,,,,Yes,Hertzian,Overshot,,,,,,,,,,,,,RECTANGULAR,NotPrepared,No,10.54,2.48,Main,,,,,,,,,,,20.57,18.74,14.11,14.11,2.48,0.89,,N,
1855,LIK,VII,M4b-031,,,Opaline/CCS,0%,,Flake,Complete,,,,,,,,,,,,,,,,,,,,,,Yes,Hertzian,Feather,,,,,,,,,,,,,TRAPEZOIDAL,ResidualFacetWithBulb,No,9.77,2.57,Main,,,,,,,,,,,15.27,15.27,24.27,21.01,4.25,1.73,,N,
1856,LIK,VII,M4b-031,,,Opaline/CCS,0%,,Flake,Proximal,,,,,,,,,,,,,,,,,,,,,,Yes,Hertzian,,,,,,,,,,,,,,RHOMBUS,NotPrepared,No,4.78,1.83,,,,,,,,,,,,8.09,,17.6,,2.41,0.38,,N,
1857,LIK,VII,M4b-031,,,Opaline/CCS,0%,,Flake,Complete,,,,,,,,,,,,,,,,,,,,,,Yes,Hertzian,Feather,,,,,,,,,,,,,RHOMBUS,NotPrepared,No,7.78,2.94,Main,,,,,,,,,,,11.22,11.22,16.74,16.74,1.56,0.37,,N,
1858,LIK,VII,M4b-031,,,Opaline/CCS,0%,,Flake,Complete,,,,,,,,,,,,,,,,,,,,,,Yes,Hertzian,Feather,,,,,,,,,,,,,RECTANGULAR,NotPrepared,No,5.93,3.24,Main,,,,,,,,,,,20.27,20.27,11.97,11.97,4.35,1,,N,
1859,LIK,VII,M4b-031,,,Opaline/CCS,0%,,Flake,Complete,,,,,,,,,,,,,,,,,,,,,,Yes,Hertzian,Feather,,,,,,,,,,,,,RECTANGULAR,NotPrepared,No,6.57,3.62,Main,,,,,,,,,,,17.36,17.36,6.76,6.76,2.16,0.28,,N,
1860,LIK,VII,M4b-031,,,Opaline/CCS,0%,,Flake,Complete,,,,,,,,,,,,,,,,,,,,,,Yes,Hertzian,Bipolar,,,,,,,,,,,,,RECTANGULAR,NotPrepared,No,9.97,2.62,Main,,,,,,,,,,,17.64,17.64,9.26,7.58,2.49,0.57,,N,
1861,LIK,VII,M4b-031,,,Opaline/CCS,0%,,Flake,Proximal,,,,,,,,,,,,,,,,,,,,,,Yes,Hertzian,,,,,,,,,,,,,,RECTANGULAR,NotPrepared,No,9.63,1.42,,,,,,,,,,,,9.64,,11.87,,1.66,0.27,,N,
1862,LIK,VII,M4b-031,,,Opaline/CCS,0%,,Flake,Complete,,,,,,,,,,,,,,,,,,,,,,Yes,Hertzian,Overshot,,,,,,,,,,,,,RECTANGULAR,NotPrepared,No,4.83,1.85,Main,,,,,,,,,,,16.96,16.96,9.42,9.42,3.21,0.6,Ut,N,
1863,LIK,VII,M4b-031,,,Opaline/CCS,0%,,Flake,Complete,,,,,,,,,,,,,,,,,,,,,,Yes,Hertzian,Feather,,,,,,,,,,,,,OVAL,NotPrepared,No,3.56,1.17,Main,,,,,,,,,,,9.56,9.56,18.63,16.17,1.5,0.25,,N,
187,LIK,XV,P5c-057,,,Hornfels,0%,,Flake,Complete,,,,,,,,,,,,,,,,,,,,,,Yes,Hertzian,Feather,,,,,,,,,,,,,RECTANGULAR,NotPrepared,No,12.46,4.19,Main,,,,,,,,,,,24.77,24.77,25.8,21.6,6.71,5.39,,N,
1864,LIK,VII,M4b-031,,,Opaline/CCS,0%,,Flake,Complete,,,,,,,,,,,,,,,,,,,,,,Yes,Hertzian,Hinge,,,,,,,,,,,,,RECTANGULAR,NotPrepared,No,3.84,0.8,Main,,,,,,,,,,,10.79,10.79,16.7,16.7,2.18,0.43,,N,
1865,LIK,VII,M4b-031,,,Opaline/CCS,0%,,Flake,Complete,,,,,,,,,,,,,,,,,,,,,,Yes,Hertzian,Feather,,,,,,,,,,,,,RECTANGULAR,NotPrepared,No,4.89,0.83,Main,,,,,,,,,,,14.15,14.15,10.05,10.05,1.12,0.19,,N,
1866,LIK,VII,M4b-031,,,Opaline/CCS,0%,,Flake,Complete,,,,,,,,,,,,,,,,,,,,,,Yes,Hertzian,Feather,,,,,,,,,,,,,RECTANGULAR,NotPrepared,No,9.41,5.31,Main,,,,,,,,,,,9.87,9.87,11.24,11.24,5.54,0.76,Ut,N,
1867,LIK,VII,M4b-031,,,Opaline/CCS,0%,,Flake,Complete,,,,,,,,,,,,,,,,,,,,,,Yes,Hertzian,Feather,,,,,,,,,,,,,RECTANGULAR,NotPrepared,No,3.76,1.19,Main,,,,,,,,,,,12.06,12.06,6.99,6.99,1.8,0.16,,N,
1868,LIK,VII,M4b-031,,,Opaline/CCS,0%,,Flake,Proximal,,,,,,,,,,,,,,,,,,,,,,Yes,Hertzian,,,,,,,,,,,,,,TRAPEZOIDAL,NotPrepared,No,2.85,1.74,,,,,,,,,,,,7.99,,13.36,,2.4,0.29,,N,
1869,LIK,VII,M4b-031,,,Opaline/CCS,0%,,Flake,Complete,,,,,,,,,,,,,,,,,,,,,,Yes,Hertzian,Feather,,,,,,,,,,,,,RECTANGULAR,NotPrepared,No,8.81,2.52,Main,,,,,,,,,,,10.17,10.17,18.21,13.44,2.04,0.35,,N,
1870,LIK,VII,M4b-031,,,Opaline/CCS,0%,,Flake,Complete,,,,,,,,,,,,,,,,,,,,,,Yes,Hertzian,Feather,,,,,,,,,,,,,TRAPEZOIDAL,NotPrepared,No,2.99,1.77,Main,,,,,,,,,,,6.72,6.72,13.1,9.12,1.89,0.17,,N,
1871,LIK,VII,M4b-031,,,Opaline/CCS,0%,,Flake,Complete,,,,,,,,,,,,,,,,,,,,,,Yes,Hertzian,Feather,,,,,,,,,,,,,RECTANGULAR,NotPrepared,No,1.77,0.57,Main,,,,,,,,,,,14.5,14.5,4.34,4.34,1.62,0.12,,N,
1872,LIK,VII,M4b-031,,,Opaline/CCS,0%,,Flake,Proximal,,,,,,,,,,,,,,,,,,,,,,Yes,Hertzian,,,,,,,,,,,,,,RECTANGULAR,NotPrepared,No,7.96,1.12,,,,,,,,,,,,6.73,,13.98,,1.62,0.15,,N,
1873,LIK,VII,M4b-031,,,Opaline/CCS,0%,,Flake,Complete,,,,,,,,,,,,,,,,,,,,,,Yes,Hertzian,Feather,,,,,,,,,,,,,RECTANGULAR,NotPrepared,No,2.66,0.72,Main,,,,,,,,,,,13.29,13.29,7.91,7.91,0.87,0.09,,N,
188,LIK,XV,P5c-057,,,Hornfels,0%,,Flake,Fragment,,,,,,,,,,,,,,,,,,,,,,,,,,,,,,,,,,,,,TRIANGULAR,,,,,,,,,,,,,,,,21.22,,26.27,,3.16,2.19,,N,
1874,LIK,VII,M4b-031,,,Opaline/CCS,0%,,Flake,Complete,,,,,,,,,,,,,,,,,,,,,,Yes,Hertzian,Feather,,,,,,,,,,,,,RHOMBUS,NotPrepared,No,5.02,2.19,Main,,,,,,,,,,,7.42,7.42,12.34,11.01,1.81,0.18,Ut,N,
1875,LIK,VII,M4b-031,,,Opaline/CCS,0%,,Flake,Complete,,,,,,,,,,,,,,,,,,,,,,Yes,Hertzian,Feather,,,,,,,,,,,,,TRIANGULAR,NotPrepared,No,3.81,1.3,Main,,,,,,,,,,,14.53,14.53,7.55,7.55,2.04,0.27,,N,
1876,LIK,VII,M4b-031,,,Opaline/CCS,0%,,Flake,Complete,,,,,,,,,,,,,,,,,,,,,,Yes,Bending,Feather,,,,,,,,,,,,,TRAPEZOIDAL,NotPrepared,No,7.59,2.7,Main,,,,,,,,,,,7.1,7.1,13.26,8.63,1.05,0.13,,N,
1877,LIK,VII,M4b-031,,,Opaline/CCS,0%,,Flake,Complete,,,,,,,,,,,,,,,,,,,,,,Yes,Hertzian,Feather,,,,,,,,,,,,,TRIANGULAR,Indeterminate,No,2.02,1.21,Main,,,,,,,,,,,13.59,13.59,5.69,5.15,1.81,0.14,,N,
1878,LIK,VII,M4b-031,,,Opaline/CCS,0%,,Flake,Complete,,,,,,,,,,,,,,,,,,,,,,Yes,Hertzian,Feather,,,,,,,,,,,,,TRAPEZOIDAL,NotPrepared,No,3.69,1.5,Main,,,,,,,,,,,9.82,9.82,9.77,6.02,1.62,0.14,,N,
1879,LIK,VII,M4b-031,,,Opaline/CCS,0%,,Flake,Complete,,,,,,,,,,,,,,,,,,,,,,Yes,Hertzian,Feather,,,,,,,,,,,,,TRIANGULAR,NotPrepared,No,9.28,2.2,Main,,,,,,,,,,,8.8,6.94,11.59,8.99,1.23,0.14,,N,
1880,LIK,VII,M4b-031,,,Hornfels,0%,,Flake,Complete,,,,,,,,,,,,,,,,,,,,,,Yes,Hertzian,Overshot,,,,,,,,,,,,,RECTANGULAR,NotPrepared,No,14.46,4.74,Main,,,,,,,,,,,45.48,45.48,24.53,24.53,10.74,16.15,,N,
1881,LIK,VII,M4b-031,,,Hornfels,0%,,Flake,Complete,,,,,,,,,,,,,,,,,,,,,,Yes,Hertzian,Feather,,,,,,,,,,,,,RECTANGULAR,NotPrepared,No,13.27,2.56,Main,,,,,,,,,,,35.81,35.81,28.04,28.04,5.84,6.68,Ut,N,
1882,LIK,VII,M4b-031,,,Hornfels,0%,,Flake,Complete,,,,,,,,,,,,,,,,,,,,,,Yes,Hertzian,Feather,,,,,,,,,,,,,RECTANGULAR,NotPrepared,No,13.19,5.24,Main,,,,,,,,,,,40.11,40.11,23.91,23.91,7.54,7.83,Ut,N,
1883,LIK,VII,M4b-031,,,Hornfels,0%,,Flake,Distal,,,,,,,,,,,,,,,,,,,,,,,,Feather,,,,,,,,,,,,,RECTANGULAR,,,,,,,,,,,,,,,,28.73,,31.28,,6.53,7.16,Ut,N,
189,LIK,XV,P5c-057,,,Quartzite,0%,,Flake,Proximal,,,,,,,,,,,,,,,,,,,,,,Yes,Hertzian,,,,,,,,,,,,,,RECTANGULAR,NotPrepared,No,14.75,7.63,,,,,,,,,,,,23.05,,15.8,,6.13,2.52,,N,
1884,LIK,VII,M4b-031,,,Hornfels,0%,,Flake,Proximal,,,,,,,,,,,,,,,,,,,,,,Yes,Hertzian,,,,,,,,,,,,,,RECTANGULAR,NotPrepared,No,7.88,1.36,,,,,,,,,,,,19.49,,28.66,,3.79,2.83,,N,
1885,LIK,VII,M4b-031,,,Hornfels,0%,,Flake,Complete,,,,,,,,,,,,,,,,,,,,,,Yes,Hertzian,Overshot,,,,,,,,,,,,,RECTANGULAR,NotPrepared,No,12.02,1.65,Main,,,,,,,,,,,35.14,35.14,22.21,17.05,6.85,7.85,,N,
1886,LIK,VII,M4b-031,,,Hornfels,0%,,Flake,Complete,,,,,,,,,,,,,,,,,,,,,,Yes,Hertzian,Feather,,,,,,,,,,,,,RECTANGULAR,NotPrepared,No,11.41,3.53,Main,,,,,,,,,,,28.57,28.57,20.51,16.2,4.95,3,Ut,N,
1887,LIK,VII,M4b-031,,,Hornfels,0%,,Flake,Complete,,,,,,,,,,,,,,,,,,,,,,Yes,Hertzian,Feather,,,,,,,,,,,,,RECTANGULAR,NotPrepared,No,18.72,5.97,Main,,,,,,,,,,,17.49,17.49,29.83,29.83,4.19,2.24,,N,
1888,LIK,VII,M4b-031,,,Hornfels,0%,,Flake,Distal,,,,,,,,,,,,,,,,,,,,,,,,Feather,,,,,,,,,,,,,RECTANGULAR,,,,,,,,,,,,,,,,12.71,,10.72,,3.82,0.7,,N,
1889,LIK,VII,M4b-031,,,Hornfels,0%,,Flake,Proximal,,,,,,,,,,,,,,,,,,,,,,Yes,Hertzian,,,,,,,,,,,,,,TRIANGULAR,NotPrepared,No,14.07,7.29,,,,,,,,,,,,18.6,,12.61,,6.77,2.22,,N,
1890,LIK,VII,M4b-031,,,Hornfels,0%,,Flake,Complete,,,,,,,,,,,,,,,,,,,,,,Yes,Hertzian,Step,,,,,,,,,,,,,TRAPEZOIDAL,NotPrepared,No,4.83,3.04,Main,,,,,,,,,,,12.51,12.51,16.25,12.53,3.48,1,,N,
1891,LIK,VII,M4b-031,,,Hornfels,0%,,Flake,Complete,,,,,,,,,,,,,,,,,,,,,,Yes,Hertzian,Feather,,,,,,,,,,,,,TRAPEZOIDAL,NotPrepared,No,12.08,3.14,Main,,,,,,,,,,,17.19,17.19,26.19,17.7,3.09,1.35,,N,
1892,LIK,VII,M4b-031,,,Hornfels,0%,,Flake,Proximal,,,,,,,,,,,,,,,,,,,,,,Yes,Hertzian,,,,,,,,,,,,,,RECTANGULAR,NotPrepared,No,5.02,1.68,,,,,,,,,,,,12.51,,14.41,,3.17,0.52,,N,
1893,LIK,VII,M4b-031,,,Hornfels,0%,,Flake,Complete,,,,,,,,,,,,,,,,,,,,,,Yes,Hertzian,Feather,,,,,,,,,,,,,TRAPEZOIDAL,NotPrepared,No,12.44,5.14,Main,,,,,,,,,,,10.76,10.76,24.45,20.39,3.44,1.11,,N,
190,LIK,XV,P5c-057,,,Quartzite,0%,,Flake,Distal,,,,,,,,,,,,,,,,,,,,,,,,Feather,,,,,,,,,,,,,TRIANGULAR,,,,,,,,,,,,,,,,11.68,,8.5,,2.31,0.24,,N,
1894,LIK,VII,M4b-031,,,Hornfels,0%,,Flake,Distal,,,,,,,,,,,,,,,,,,,,,,,,Feather,,,,,,,,,,,,,RECTANGULAR,,,,,,,,,,,,,,,,8.08,,15.77,,2.51,0.41,,N,
1895,LIK,VII,M4b-031,,,Hornfels,0%,,Flake,Complete,,,,,,,,,,,,,,,,,,,,,,Yes,Hertzian,Feather,,,,,,,,,,,,,RECTANGULAR,NotPrepared,No,3.51,2.39,Main,,,,,,,,,,,16.83,16.83,8.9,8.9,2.7,0.46,,N,
1896,LIK,VII,M4b-031,,,Hornfels,0%,,Flake,Complete,,,,,,,,,,,,,,,,,,,,,,Yes,Bending,Feather,,,,,,,,,,,,,RECTANGULAR,NotPrepared,No,7.01,1.49,Main,,,,,,,,,,,8.21,8.21,14.77,11.61,2.92,0.36,Ut,N,
1897,LIK,VII,M4b-031,,,Hornfels,0%,,Flake,Complete,,,,,,,,,,,,,,,,,,,,,,Yes,Hertzian,Feather,,,,,,,,,,,,,TRIANGULAR,NotPrepared,No,7,3.79,Main,,,,,,,,,,,22.06,22.06,8.61,8.61,2.99,0.71,,N,
1898,LIK,VII,M4b-031,,,Hornfels,0%,,Flake,Complete,,,,,,,,,,,,,,,,,,,,,,Yes,Hertzian,Feather,,,,,,,,,,,,,RECTANGULAR,NotPrepared,No,8.44,1.76,Main,,,,,,,,,,,14.79,14.79,13.68,13.68,1.98,0.45,,N,
1899,LIK,VII,M4b-031,,,Hornfels,0%,,Flake,Complete,,,,,,,,,,,,,,,,,,,,,,Yes,Hertzian,Feather,,,,,,,,,,,,,RECTANGULAR,NotPrepared,No,5.14,1.06,Main,,,,,,,,,,,15.1,15.1,9.45,9.45,1.1,0.21,,N,
1900,LIK,VII,M4b-031,,,Hornfels,0%,,Flake,Complete,,,,,,,,,,,,,,,,,,,,,,Yes,Hertzian,Feather,,,,,,,,,,,,,TRIANGULAR,NotPrepared,No,13.22,1.95,Main,,,,,,,,,,,9.81,7.27,16.52,16.52,1.91,0.27,,N,
1901,LIK,VII,M4b-031,,,Hornfels,0%,,Flake,Complete,,,,,,,,,,,,,,,,,,,,,,Yes,Hertzian,Feather,,,,,,,,,,,,,RECTANGULAR,NotPrepared,No,12.12,3.91,Main,,,,,,,,,,,8.44,8.44,13.98,13.98,1.72,0.24,,N,
1902,LIK,VII,M4b-031,,,Hornfels,0%,,Flake,Complete,,,,,,,,,,,,,,,,,,,,,,Yes,Hertzian,Feather,,,,,,,,,,,,,RHOMBUS,NotPrepared,No,11.46,2.97,Main,,,,,,,,,,,8.71,6,81,15.67,12.64,2.4,0.33,,N
1903,LIK,VII,M4b-031,,,Opaline/CCS,0%,,Flake,Complete,,,,,,,,,,,,,,,,,,,,,,Yes,Hertzian,Feather,,,,,,,,,,,,,TRIANGULAR,NotPrepared,No,12.42,3.93,Main,,,,,,,,,,,22.74,22.74,17.11,14.5,3.9,1.57,,N,
19,LIK,XV,O5c-057,,,Hornfels,0%,,Flake,Complete,,,,,,,,,,,,,,,,,,,,,,Yes,Hertzian,Feather,,,,,,,,,,,,,RECTANGULAR,NotPrepared,No,10.98,5.1,Main,,,,,,,,,,,23.04,23.04,12.57,12.57,4.27,1.62,,N,
191,LIK,XV,P5c-057,,,Quartzite,0%,,Flake,Complete,,,,,,,,,,,,,,,,,,,,,,Yes,Hertzian,Overshot,,,,,,,,,,,,,RECTANGULAR,NotPrepared,No,18.97,8.99,Main,,,,,,,,,,,40.39,40.39,29.31,29.31,6.68,13.16,,N,
1904,LIK,VII,M4b-031,,,Opaline/CCS,0%,,Flake,Distal,,,,,,,,,,,,,,,,,,,,,,,,Feather,,,,,,,,,,,,,RECTANGULAR,,,,,,,,,,,,,,,,24.95,,11.66,,2.34,1.19,Ut,N,
1905,LIK,VII,M4b-031,,,Opaline/CCS,0%,,Flake,Complete,,,,,,,0,,0,0,0,0,0,0,0,0,0,0,0,0,0,Yes,Hertzian,Feather,,0,0,0,0,0,0,0,0,0,0,0,RECTANGULAR,NotPrepared,No,6.02,1.13,Main,,,,,0,0,0,0,0,0,18.08,18.08,17.29,17.29,2.01,0.82,Ut,N,
1906,LIK,VII,M4b-031,,,Hornfels,0%,,Flake,Complete,,,,,,,,,,,,,,,,,,,,,,Yes,Bending,Feather,,,,,,,,,,,,,TRIANGULAR,FacetWithBulb,No,16.46,6.71,Main,,,,,,,,,,,29.82,29.82,17.61,16.69,10.92,5.41,,N,
1907,LIK,VII,M4b-031,,,Hornfels,0%,,Flake,Complete,,,,,,,,,,,,,,,,,,,,,,Yes,Hertzian,Feather,,,,,,,,,,,,,RECTANGULAR,NotPrepared,No,27.05,9,Main,,,,,,,,,,,22.99,22.99,45.87,40.25,9.13,9,,N,
1908,LIK,VII,M4b-031,,,Opaline/CCS,0%,,Core,,Complete,,,,,,,,,,,,,,,,,,,,,,,,,,,,,,,,,,,,,,,,,,Platform,Irregular,Cubic,0%,3,2,2,4,2,7.35,12.89,,13.35,,6.81,1.41,,N,
1909,LIK,VII,M4b-031,,,Opaline/CCS,0%,,Core,,Complete,,,,,,,,,,,,,,,,,,,,,,,,,,,,,,,,,,,,,,,,,,Platform,Radial,Cubic,0%,5,3,5,6,3,9.37,12.74,,11.87,,6.83,1.51,,N,
1910,LIK,VII,M4b-031,,,Opaline/CCS,0%,,Core,,Fragment,,,,,,,,,,,,,,,,,,,,,,,,,,,,,,,,,,,,,,,,,,Platform,Bladelet,Cubic,0%,5,3,2,3,5,15.08,21.07,,16.48,,11.27,3,,N,
1911,LIK,VII,N4d-031,,,Opaline/CCS,0%,,Flake,Complete,,,,,,,,,,,,,,,,,,,,,,Yes,Hertzian,Feather,,,,,,,,,,,,,RECTANGULAR,FacetWithBulb,No,8.37,3.77,Main,,,,,,,,,,,30.98,30.98,15.61,15.61,5.8,3.16,,N,
1912,LIK,VII,N4d-031,,,Opaline/CCS,0%,,Flake,Complete,,,,,,,,,,,,,,,,,,,,,,Yes,Hertzian,Feather,,,,,,,,,,,,,KITE,NotPrepared,No,10.8,9.46,Main,,,,,,,,,,,35.72,35.72,18.65,15.22,7.91,5.5,,N,
1913,LIK,VII,N4d-031,,,Opaline/CCS,0%,,Flake,Complete,,,,,,,,,,,,,,,,,,,,,,Yes,Hertzian,Feather,,,,,,,,,,,,,RECTANGULAR,NotPrepared,No,6.21,1.45,Main,,,,,,,,,,,34.68,34.68,12.67,12.67,3.45,1.56,Ut,N,
192,LIK,XV,P5c-057,,,Tuff,0%,,Flake,Distal,,,,,,,,,,,,,,,,,,,,,,,,Feather,,,,,,,,,,,,,TRIANGULAR,,,,,,,,,,,,,,,,10.87,,13.98,,3.31,0.43,,N,
1914,LIK,VII,N4d-031,,,Opaline/CCS,0%,,Flake,Complete,,,,,,,,,,,,,,,,,,,,,,Yes,Hertzian,Feather,,,,,,,,,,,,,TRIANGULAR,NotPrepared,No,6.85,2.53,Main,,,,,,,,,,,22.3,22.3,13.47,13.47,3.35,1.28,Ut,N,
1915,LIK,VII,N4d-031,,,Opaline/CCS,0%,,Flake,Complete,,,,,,,,,,,,,,,,,,,,,,Yes,Hertzian,Feather,,,,,,,,,,,,,RECTANGULAR,NotPrepared,No,13.44,2.77,Main,,,,,,,,,,,27,27,24.06,24.06,6.18,5.89,,N,
1916,LIK,VII,N4d-031,,,Opaline/CCS,0%,,Flake,Proximal,,,,,,,,,,,,,,,,,,,,,,Yes,Hertzian,,,,,,,,,,,,,,RECTANGULAR,NotPrepared,No,9.48,4.98,,,,,,,,,,,,23.15,,14.09,,3.28,1.56,,N,
1917,LIK,VII,N4d-031,,,Opaline/CCS,0%,,Flake,Complete,,,,,,,,,,,,,,,,,,,,,,Yes,Bending,Overshot,,,,,,,,,,,,,TRAPEZOIDAL,NotPrepared,No,21.22,11.99,Main,,,,,,,,,,,16.09,16.09,21.46,19.41,11.73,4.33,,N,
1918,LIK,VII,N4d-031,,,Opaline/CCS,0%,,Flake,Complete,,,,,,,,,,,,,,,,,,,,,,Yes,Hertzian,Feather,,,,,,,,,,,,,RECTANGULAR,NotPrepared,No,15.59,6.74,Main,,,,,,,,,,,27.03,23.49,17.25,17.25,5.03,3.14,Ut,N,
1919,LIK,VII,N4d-031,,,Opaline/CCS,0%,,Flake,Complete,,,,,,,,,,,,,,,,,,,,,,Yes,Hertzian,Feather,,,,,,,,,,,,,RECTANGULAR,NotPrepared,No,10.29,6.48,Main,,,,,,,,,,,26.16,26.16,24.46,24.46,7.56,6.89,,N,
1920,LIK,VII,N4d-031,,,Opaline/CCS,0%,,Flake,Complete,,,,,,,,,,,,,,,,,,,,,,Yes,Hertzian,Feather,,,,,,,,,,,,,RECTANGULAR,NotPrepared,No,9.74,6.71,Main,,,,,,,,,,,23.99,23.99,31.37,20.37,5.52,4.08,,N,
1921,LIK,VII,N4d-031,,,Opaline/CCS,0%,,Flake,Proximal,,,,,,,,,,,,,,,,,,,,,,Yes,Hertzian,,,,,,,,,,,,,,TRIANGULAR,NotPrepared,No,14.38,4.79,,,,,,,,,,,,16.54,,21.53,,8.99,3.25,,N,
1922,LIK,VII,N4d-031,,,Opaline/CCS,0%,,Flake,Complete,,,,,,,,,,,,,,,,,,,,,,Yes,Hertzian,Feather,,,,,,,,,,,,,TRAPEZOIDAL,FacetWithBulb,No,9.37,4.45,Main,,,,,,,,,,,19,19,30.55,22.25,5.93,3.32,,N,
1923,LIK,VII,N4d-031,,,Opaline/CCS,0%,,Flake,Mesial,,,,,,,,,,,,,,,,,,,,,,,,,,,,,,,,,,,,,RECTANGULAR,,,,,,,,,,,,,,,,29.03,,7.23,,2.74,1,,N,
193,LIK,XV,P5c-057,,,Tuff,0%,,Flake,Proximal,,,,,,,,,,,,,,,,,,,,,,Yes,Hertzian,,,,,,,,,,,,,,TRIANGULAR,NotPrepared,No,6.44,2.46,,,,,,,,,,,,15.29,,18.45,,3.56,0.97,,N,
1924,LIK,VII,N4d-031,,,Opaline/CCS,0%,,Flake,Complete,,,,,,,,,,,,,,,,,,,,,,Yes,Hertzian,Feather,,,,,,,,,,,,,RECTANGULAR,NotPrepared,No,7.8,3.06,Main,,,,,,,,,,,17.69,17.69,15.21,15.21,2.39,1,Ut,N,
1925,LIK,VII,N4d-031,,,Opaline/CCS,0%,,Flake,Proximal,,,,,,,,,,,,,,,,,,,,,,Yes,Hertzian,,,,,,,,,,,,,,TRAPEZOIDAL,NotPrepared,No,5.86,2.18,,,,,,,,,,,,22.61,,17.84,,2.97,1.34,,N,
1926,LIK,VII,N4d-031,,,Opaline/CCS,0%,,Flake,Proximal,,,,,,,,,,,,,,,,,,,,,,Yes,Hertzian,Feather,,,,,,,,,,,,,RECTANGULAR,NotPrepared,No,10.11,2.56,Main,,,,,,,,,,,11.14,,16.68,,3.66,0.8,,N,
1927,LIK,VII,N4d-031,,,Opaline/CCS,0%,,Flake,Complete,,,,,,,,,,,,,,,,,,,,,,Yes,Hertzian,Feather,,,,,,,,,,,,,KITE,NotPrepared,No,4.51,2.39,Main,,,,,,,,,,,22.62,22.62,9.67,9.67,3.19,0.69,,N,
1928,LIK,VII,N4d-031,,,Opaline/CCS,0%,,Flake,Complete,,,,,,,,,,,,,,,,,,,,,,Yes,Hertzian,Feather,,,,,,,,,,,,,RECTANGULAR,NotPrepared,No,8.88,2.56,Main,,,,,,,,,,,15.84,5.84,12.16,12.16,2.29,0.64,Ut,N,
1929,LIK,VII,N4d-031,,,Opaline/CCS,0%,,Flake,Proximal,,,,,,,,,,,,,,,,,,,,,,Yes,Hertzian,,,,,,,,,,,,,,RECTANGULAR,NotPrepared,No,5.97,3.28,,,,,,,,,,,,20.42,,12.36,,5.88,2.87,,N,
1930,LIK,VII,N4d-031,,,Opaline/CCS,0%,,Flake,Proximal,,,,,,,,,,,,,,,,,,,,,,Yes,Hertzian,,,,,,,,,,,,,,TRAPEZOIDAL,NotPrepared,No,12.05,8.21,,,,,,,,,,,,20.25,,18.78,,8.43,4.22,Ut,N,
1931,LIK,VII,N4d-031,,,Opaline/CCS,0%,,Flake,Complete,,,,,,,,,,,,,,,,,,,,,,Yes,Hertzian,Feather,,,,,,,,,,,,,RECTANGULAR,NotPrepared,No,8.08,3.65,Main,,,,,,,,,,,30.12,30.12,16.32,13.97,3.29,2.87,,N,
1932,LIK,VII,N4d-031,,,Opaline/CCS,0%,,Flake,Complete,,,,,,,,,,,,,,,,,,,,,,Yes,Wedging,Feather,,,,,,,,,,,,,RECTANGULAR,Indeterminate,No,4.37,1.8,Main,,,,,,,,,,,17.4,17.4,8.77,8.77,2.38,0.55,,N,
1933,LIK,VII,N4d-031,,,Opaline/CCS,0%,,Flake,Mesial,,,,,,,,,,,,,,,,,,,,,,,,,,,,,,,,,,,,,TRIANGULAR,,,,,,,,,,,,,,,,20.23,,17.05,,8.49,2.1,,N,
194,LIK,XV,P5c-057,,,Tuff,0%,,Flake,Proximal,,,,,,,,,,,,,,,,,,,,,,Yes,Bending,,,,,,,,,,,,,,RECTANGULAR,NotPrepared,No,5.16,1.93,,,,,,,,,,,,10.93,,17.95,,1.64,0.44,,N,
1934,LIK,VII,N4d-031,,,Opaline/CCS,0%,,Flake,Fragment,,,,,,,,,,,,,,,,,,,,,,,,,,,,,,,,,,,,,TRIANGULAR,,,,,,,,,,,,,,,,16.4,,17.34,,5.68,1.67,,N,
1935,LIK,VII,N4d-031,,,Opaline/CCS,0%,,Flake,Proximal,,,,,,,,,,,,,,,,,,,,,,Yes,Bending,,,,,,,,,,,,,,RECTANGULAR,NotPrepared,No,8.97,3.63,,,,,,,,,,,,16.92,,13.38,,4.37,1.32,Ut,N,
1936,LIK,VII,N4d-031,,,Opaline/CCS,0%,,Flake,Mesial,,,,,,,,,,,,,,,,,,,,,,,,,,,,,,,,,,,,,RECTANGULAR,,,,,,,,,,,,,,,,16.16,,13.57,,4.94,1.64,Ret; Ut,N,
1937,LIK,VII,N4d-031,,,Opaline/CCS,0%,,Flake,Complete,,,,,,,,,,,,,,,,,,,,,,Yes,Hertzian,Feather,,,,,,,,,,,,,TRAPEZOIDAL,NotPrepared,No,5.64,3.65,Main,,,,,,,,,,,13.32,13.32,16.7,10.83,5.32,1.12,,N,
1938,LIK,VII,N4d-031,,,Opaline/CCS,0%,,Flake,Complete,,,,,,,,,,,,,,,,,,,,,,Yes,Hertzian,Feather,,,,,,,,,,,,,RHOMBUS,NotPrepared,No,4.05,1.5,Main,,,,,,,,,,,22.39,22.39,14.11,14.11,2.15,0.59,Ut,N,
1939,LIK,VII,N4d-031,,,Opaline/CCS,0%,,Flake,Proximal,,,,,,,,,,,,,,,,,,,,,,Yes,Hertzian,,,,,,,,,,,,,,TRIANGULAR,NotPrepared,No,4.83,1.33,,,,,,,,,,,,19.53,,14.43,,3.02,1,,N,
1940,LIK,VII,N4d-031,,,Opaline/CCS,0%,,Flake,Mesial,,,,,,,,,,,,,,,,,,,,,,,,,,,,,,,,,,,,,RECTANGULAR,,,,,,,,,,,,,,,,11.85,,16.19,,2.17,0.8,,N,
1941,LIK,VII,N4d-031,,,Opaline/CCS,0%,,Flake,Complete,,,,,,,,,,,,,,,,,,,,,,Yes,Hertzian,Feather,,,,,,,,,,,,,RECTANGULAR,NotPrepared,No,5.38,1.68,Main,,,,,,,,,,,15.36,15.36,6.75,6.75,2.02,0.21,Ut,N,
1942,LIK,VII,N4d-031,,,Opaline/CCS,0%,,Flake,Complete,,,,,,,,,,,,,,,,,,,,,,Yes,Hertzian,Feather,,,,,,,,,,,,,TRAPEZOIDAL,NotPrepared,No,5.73,2.03,Main,,,,,,,,,,,20.23,20.23,13,13,1.95,0.78,,N,
1943,LIK,VII,N4d-031,,,Opaline/CCS,0%,,Flake,Complete,,,,,,,,,,,,,,,,,,,,,,Yes,Hertzian,Feather,,,,,,,,,,,,,RHOMBUS,NotPrepared,No,3.38,1.02,Main,,,,,,,,,,,16.55,13.76,14.2,14.2,2.48,0.54,,N,
195,LIK,XIV,O4c-056,,,Tuff,0%,,Flake,Complete,,,,,,,,,,,,,,,,,,,,,,Yes,Hertzian,Feather,,,,,,,,,,,,,RECTANGULAR,Indeterminate,No,11.93,1.93,Main,,,,,,,,,,,37.77,37.77,14.15,14.15,2.02,1.72,,N,
1944,LIK,VII,N4d-031,,,Opaline/CCS,0%,,Flake,Complete,,,,,,,,,,,,,,,,,,,,,,Yes,Hertzian,Feather,,,,,,,,,,,,,RECTANGULAR,Indeterminate,No,1.6,1.15,Main,,,,,,,,,,,25.6,25.6,4.32,4.32,1.81,0.27,,N,
1945,LIK,VII,N4d-031,,,Opaline/CCS,0%,,Flake,Complete,,,,,,,,,,,,,,,,,,,,,,Yes,Hertzian,Feather,,,,,,,,,,,,,OVAL,NotPrepared,No,4.45,1.69,Main,,,,,,,,,,,14.67,14.67,14.16,14.16,2.51,0.49,,N,
1946,LIK,VII,N4d-031,,,Opaline/CCS,0%,,Flake,Complete,,,,,,,,,,,,,,,,,,,,,,Yes,Hertzian,Feather,,,,,,,,,,,,,TRIANGULAR,NotPrepared,No,5.68,2.7,Main,,,,,,,,,,,15.1,15.1,7.52,6.41,2.33,0.23,,N,
1947,LIK,VII,N4d-031,,,Opaline/CCS,0%,,Flake,Distal,,,,,,,,,,,,,,,,,,,,,,,,Feather,,,,,,,,,,,,,TRIANGULAR,,,,,,,,,,,,,,,,20.01,,11.55,,2.39,0.41,,N,
1948,LIK,VII,N4d-031,,,Opaline/CCS,0%,,Flake,Complete,,,,,,,,,,,,,,,,,,,,,,Yes,Hertzian,Feather,,,,,,,,,,,,,TRIANGULAR,NotPrepared,No,10.06,7.45,Main,,,,,,,,,,,15.44,15.44,12.62,12.62,4.02,1.16,,N,
1949,LIK,VII,N4d-031,,,Opaline/CCS,0%,,Flake,Distal,,,,,,,,,,,,,,,,,,,,,,,,Feather,,,,,,,,,,,,,TRAPEZOIDAL,,,,,,,,,,,,,,,,13.02,,16.18,,1.44,0.33,,N,
1950,LIK,VII,N4d-031,,,Opaline/CCS,0%,,Flake,Mesial,,,,,,,,,,,,,,,,,,,,,,,,,,,,,,,,,,,,,RECTANGULAR,,,,,,,,,,,,,,,,16.13,,7.02,,3.36,0.46,,N,
1951,LIK,VII,N4d-031,,,Opaline/CCS,0%,,Flake,Complete,,,,,,,,,,,,,,,,,,,,,,Yes,Hertzian,Feather,,,,,,,,,,,,,TRAPEZOIDAL,NotPrepared,No,4.04,1.47,Main,,,,,,,,,,,15.48,11.65,8.95,8.95,1.28,0.18,,N,
1952,LIK,VII,N4d-031,,,Opaline/CCS,0%,,Flake,Complete,,,,,,,,,,,,,,,,,,,,,,Yes,Hertzian,Feather,,,,,,,,,,,,,TRIANGULAR,NotPrepared,No,4.11,1.38,Main,,,,,,,,,,,15.33,15.33,8.89,8.89,2.52,0.43,,N,
1953,LIK,VII,N4d-031,,,Opaline/CCS,0%,,Flake,Proximal,,,,,,,,,,,,,,,,,,,,,,Yes,Hertzian,,,,,,,,,,,,,,TRAPEZOIDAL,ResidualFacetWithBulb,No,5.02,1.68,,,,,,,,,,,,11,,8.15,,1.59,0.19,,N,
196,LIK,XIV,O5b-056,,,Opaline/CCS,0%,,Flake,Mesial,,,,,,,,,,,,,,,,,,,,,,,,,,,,,,,,,,,,,RECTANGULAR,,,,,,,,,,,,,,,,25.55,,20.67,,15.11,12,,N,
1954,LIK,VII,N4d-031,,,Opaline/CCS,0%,,Flake,Mesial,,,,,,,,,,,,,,,,,,,,,,,,,,,,,,,,,,,,,RECTANGULAR,,,,,,,,,,,,,,,,12.72,,15.01,,2.5,0.53,Ut,N,
1955,LIK,VII,N4d-031,,,Opaline/CCS,0%,,Flake,Proximal,,,,,,,,,,,,,,,,,,,,,,Yes,Hertzian,,,,,,,,,,,,,,TRIANGULAR,NotPrepared,No,3.79,2.03,,,,,,,,,,,,17.78,,9.52,,4.91,0.69,,N,
1956,LIK,VII,N4d-031,,,Opaline/CCS,0%,,Flake,Complete,,,,,,,,,,,,,,,,,,,,,,Yes,Hertzian,Feather,,,,,,,,,,,,,RECTANGULAR,NotPrepared,No,3.55,1.03,Main,,,,,,,,,,,16.52,16.52,8.28,8.28,2.1,0.39,,N,
1957,LIK,VII,N4d-031,,,Opaline/CCS,0%,,Flake,Complete,,,,,,,,,,,,,,,,,,,,,,Yes,Hertzian,Feather,,,,,,,,,,,,,RECTANGULAR,NotPrepared,No,5.21,1.78,Main,,,,,,,,,,,17.32,17.32,11.5,8.39,1.71,0.34,,N,
1958,LIK,VII,N4d-031,,,Opaline/CCS,0%,,Flake,Complete,,,,,,,,,,,,,,,,,,,,,,Yes,Hertzian,Feather,,,,,,,,,,,,,OVAL,Indeterminate,No,2.93,0.88,Main,,,,,,,,,,,11.94,11.94,7.33,7.33,1.4,0.13,,N,
1959,LIK,VII,N4d-031,,,Opaline/CCS,0%,,Flake,Complete,,,,,,,,,,,,,,,,,,,,,,Yes,Hertzian,Feather,,,,,,,,,,,,,TRIANGULAR,NotPrepared,No,3.55,2.05,Main,,,,,,,,,,,14.45,14.45,13.33,8.4,3.46,0.63,,N,
1960,LIK,VII,N4d-031,,,Opaline/CCS,0%,,Flake,Complete,,,,,,,,,,,,,,,,,,,,,,Yes,Hertzian,Feather,,,,,,,,,,,,,TRIANGULAR,NotPrepared,No,3.25,2.59,Main,,,,,,,,,,,9.73,9.73,11.63,9.14,3.84,0.33,,N,
1961,LIK,VII,N4d-031,,,Opaline/CCS,0%,,Flake,Complete,,,,,,,,,,,,,,,,,,,,,,Yes,Hertzian,Feather,,,,,,,,,,,,,TRIANGULAR,NotPrepared,No,3.8,1.02,Main,,,,,,,,,,,11.51,11.51,11.65,11.29,1.75,0.19,,N,
1962,LIK,VII,N4d-031,,,Opaline/CCS,0%,,Flake,Complete,,,,,,,,,,,,,,,,,,,,,,Yes,Hertzian,Feather,,,,,,,,,,,,,TRIANGULAR,NotPrepared,No,8.33,2.42,Main,,,,,,,,,,,11.55,11.55,12.64,10.88,1.67,0.22,,N,
1963,LIK,VII,N4d-031,,,Opaline/CCS,0%,,Flake,Proximal,,,,,,,,,,,,,,,,,,,,,,Yes,Hertzian,,,,,,,,,,,,,,RHOMBUS,NotPrepared,No,4.57,1.61,,,,,,,,,,,,6.28,,11.69,,1.93,0.15,,N,
197,LIK,XIV,O5b-056,,,Opaline/CCS,0%,,Flake,Complete,,,,,,,,,,,,,,,,,,,,,,Yes,Hertzian,Feather,,,,,,,,,,,,,TRAPEZOIDAL,NotPrepared,No,11.33,4.95,Main,,,,,,,,,,,12.59,12.59,22.63,13.1,6.48,2.09,,N,
1964,LIK,VII,N4d-031,,,Opaline/CCS,0%,,Flake,Proximal,,,,,,,,,,,,,,,,,,,,,,Yes,Hertzian,,,,,,,,,,,,,,TRIANGULAR,Indeterminate,No,1.96,0.54,,,,,,,,,,,,11.26,,6.29,,0.95,0.08,,N,
1965,LIK,VII,N4d-031,,,Opaline/CCS,0%,,Flake,Complete,,,,,,,,,,,,,,,,,,,,,,Yes,Hertzian,Feather,,,,,,,,,,,,,TRAPEZOIDAL,Indeterminate,No,3.87,1.16,Main,,,,,,,,,,,9.37,9.37,13.62,10.15,2.03,0.2,,N,
1966,LIK,VII,N4d-031,,,Opaline/CCS,0%,,Flake,Complete,,,,,,,,,,,,,,,,,,,,,,Yes,Hertzian,Feather,,,,,,,,,,,,,RECTANGULAR,NotPrepared,No,6.22,1.44,Main,,,,,,,,,,,10.17,10.17,9.31,9.31,0.93,0.15,,N,
1967,LIK,VII,N4d-031,,,Opaline/CCS,0%,,Flake,Complete,,,,,,,,,,,,,,,,,,,,,,Yes,Hertzian,Feather,,,,,,,,,,,,,RECTANGULAR,NotPrepared,No,3.03,1.11,Main,,,,,,,,,,,14.79,14.79,5.13,5.13,1.25,0.09,,N,
1968,LIK,VII,N4d-031,,,Opaline/CCS,0%,,Flake,Distal,,,,,,,,,,,,,,,,,,,,,,,,Feather,,,,,,,,,,,,,RECTANGULAR,,,,,,,,,,,,,,,,10.8,,4.4,,1.41,0.08,,N,
1969,LIK,VII,N4d-031,,,Opaline/CCS,0%,,Flake,Complete,,,,,,,,,,,,,,,,,,,,,,Yes,Hertzian,Bipolar,,,,,,,,,,,,,OVAL,NotPrepared,No,3.66,4.7,Main,,,,,,,,,,,42.21,42.21,11.55,11.55,8.29,4.05,,N,
1970,LIK,VII,N4d-031,,,Opaline/CCS,0%,,Flake,Complete,,,,,,,,,,,,,,,,,,,,,,Yes,Hertzian,Feather,,,,,,,,,,,,,TRAPEZOIDAL,NotPrepared,No,7.79,2.63,Main,,,,,,,,,,,23.45,23.45,25.61,25.61,5.54,3.4,Ut,N,
1971,LIK,VII,N4d-031,,,Opaline/CCS,0%,,Flake,Complete,,,,,,,,,,,,,,,,,,,,,,Yes,Hertzian,Feather,,,,,,,,,,,,,OVAL,NotPrepared,No,8.23,3.25,Main,,,,,,,,,,,28.98,28.98,28.51,23.22,7.77,6.37,Ut,N,
1972,LIK,VII,N4d-031,,,Hornfels,0%,,Flake,Proximal,,,,,,,,,,,,,,,,,,,,,,Yes,Hertzian,,,,,,,,,,,,,,RHOMBUS,NotPrepared,No,21.72,3.88,,,,,,,,,,,,19.66,,33.88,,3.89,3.15,,N,
1973,LIK,VII,N4d-031,,,Hornfels,0%,,Flake,Complete,,,,,,,,,,,,,,,,,,,,,,Yes,Hertzian,Feather,,,,,,,,,,,,,TRAPEZOIDAL,NotPrepared,No,15.2,5.63,Main,,,,,,,,,,,15.92,15.92,32.42,32.42,3.77,1.72,,N,
198,LIK,XIV,O5b-056,,,Opaline/CCS,0%,,Flake,Complete,,,,,,,,,,,,,,,,,,,,,,Yes,Hertzian,Feather,,,,,,,,,,,,,RHOMBUS,NotPrepared,No,7.34,1.05,Main,,,,,,,,,,,9.28,9.28,16.01,12.28,0.98,0.18,,N,
1974,LIK,VII,N4d-031,,,Hornfels,0%,,Flake,Complete,,,,,,,,,,,,,,,,,,,,,,Yes,Hertzian,Feather,,,,,,,,,,,,,RECTANGULAR,NotPrepared,No,12.04,2.73,Main,,,,,,,,,,,33.95,33.95,16.49,16.49,5.01,3.25,Ut,N,
1975,LIK,VII,N4d-031,,,Hornfels,0%,,Flake,Complete,,,,,,,,,,,,,,,,,,,,,,Yes,Hertzian,Feather,,,,,,,,,,,,,RECTANGULAR,NotPrepared,No,9.55,3.35,Main,,,,,,,,,,,19.49,19.49,13.16,13.16,5.42,1.52,,N,
1976,LIK,VII,N4d-031,,,Hornfels,0%,,Flake,Complete,,,,,,,,,,,,,,,,,,,,,,Yes,Hertzian,Feather,,,,,,,,,,,,,TRAPEZOIDAL,NotPrepared,No,12.7,3.24,Main,,,,,,,,,,,16.13,16.13,20.98,18.56,3.19,1.04,Ut,N,
1977,LIK,VII,N4d-031,,,Hornfels,0%,,Flake,Complete,,,,,,,,,,,,,,,,,,,,,,Yes,Hertzian,Feather,,,,,,,,,,,,,RECTANGULAR,NotPrepared,No,9.48,7.4,Main,,,,,,,,,,,27.05,27.05,10.15,10.15,6,2.61,,N,
1978,LIK,VII,N4d-031,,,Hornfels,0%,,Flake,Complete,,,,,,,,,,,,,,,,,,,,,,Yes,Hertzian,Feather,,,,,,,,,,,,,RECTANGULAR,NotPrepared,No,7.05,3.24,Main,,,,,,,,,,,12.73,12.73,16.11,16.11,2.21,0.67,Ut,N,
1979,LIK,VII,N4d-031,,,Hornfels,0%,,Flake,Complete,,,,,,,,,,,,,,,,,,,,,,Yes,Hertzian,Feather,,,,,,,,,,,,,RECTANGULAR,NotPrepared,No,4.3,1.43,Main,,,,,,,,,,,25.9,25.9,10.41,10.41,2.34,0.85,,N,
1980,LIK,VII,N4d-031,,,Hornfels,0%,,Flake,Proximal,,,,,,,,,,,,,,,,,,,,,,Yes,Hertzian,,,,,,,,,,,,,,RHOMBUS,NotPrepared,No,5.98,2.49,,,,,,,,,,,,8.54,,10.04,,2.2,0.25,,N,
1981,LIK,VII,N4d-031,,,Hornfels,0%,,Flake,Complete,,,,,,,,,,,,,,,,,,,,,,Yes,Hertzian,Feather,,,,,,,,,,,,,TRIANGULAR,NotPrepared,No,4.01,2.06,Main,,,,,,,,,,,13.6,8.78,12.6,10.96,2.1,0.23,,N,
1982,LIK,VII,N4d-031,,,Hornfels,0%,,Flake,Complete,,,,,,,,,,,,,,,,,,,,,,Yes,Hertzian,Feather,,,,,,,,,,,,,RECTANGULAR,NotPrepared,No,7.15,2.92,Main,,,,,,,,,,,15.27,15.27,11.84,11.84,2.78,0.71,,N,
1983,LIK,VII,N4d-031,,,Hornfels,0%,,Flake,Mesial,,,,,,,,,,,,,,,,,,,,,,,,,,,,,,,,,,,,,KITE,,,,,,,,,,,,,,,,14.04,,38.05,,4.26,1.37,,N,
199,LIK,XIV,O5b-056,,,Opaline/CCS,0%,,Flake,Complete,,,,,,,,,,,,,,,,,,,,,,Yes,Hertzian,Feather,,,,,,,,,,,,,RECTANGULAR,Indeterminate,No,5.43,1.07,Main,,,,,,,,,,,21.57,21.57,11.2,11.2,1.83,0.45,,N,
1984,LIK,VII,N4d-031,,,Hornfels,0%,,Flake,Mesial,,,,,,,,,,,,,,,,,,,,,,,,,,,,,,,,,,,,,TRIANGULAR,,,,,,,,,,,,,,,,14.4,,16.78,,3.44,1.06,,N,
1985,LIK,VII,N4d-031,,,Hornfels,0%,,Flake,Complete,,,,,,,,,,,,,,,,,,,,,,Yes,Hertzian,Feather,,,,,,,,,,,,,RECTANGULAR,NotPrepared,No,15.39,6.7,Main,,,,,,,,,,,20.7,20.7,18.05,16.9,5.45,2.14,,N,
1986,LIK,VII,N4d-031,,,Tuff,1-10%,Cobble,Flake,Complete,,,,,,,,,,,,,,,,,,,,,,Yes,Hertzian,Feather,,,,,,,,,,,,,RECTANGULAR,NotPrepared,No,8.72,2.76,Main,,,,,,,,,,,35.15,28.21,11.73,11.73,4.46,1.97,,N,
1987,LIK,VII,N4d-031,,,Tuff,0%,,Flake,Complete,,,,,,,,,,,,,,,,,,,,,,Yes,Hertzian,Feather,,,,,,,,,,,,,RECTANGULAR,NotPrepared,No,5.19,1.08,Main,,,,,,,,,,,10.24,10.24,11.71,10.17,1.62,0.2,,N,
1988,LIK,VII,N4d-031,,,Hornfels,0%,,Flake,Proximal,,,,,,,,,,,,,,,,,,,,,,Yes,Bending,,,,,,,,,,,,,,TRAPEZOIDAL,NotPrepared,No,11.36,6.68,,,,,,,,,,,,28.41,,36.64,,8.87,17.52,,N,
1989,LIK,VII,N4d-031,,,Opaline/CCS,0%,,Core,,Complete,,,,,,,,,,,,,,,,,,,,,,,,,,,,,,,,,,,,,,,,,,Platform,Irregular,Cubic,0%,4,3,2,4,3,17.3,22.56,,23.84,,13.75,12.89,,N,
1990,LIK,VII,N4d-031,,,Opaline/CCS,0%,,Core,,Complete,,,,,,,,,,,,,,,,,,,,,,,,,,,,,,,,,,,,,,,,,,Platform,Bladelet,Cubic,0%,5,3,2,4,2,22.8,26.22,,15.08,,13.21,8.8,,N,
1991,LIK,VII,N4d-031,,,Opaline/CCS,0%,,Core,,Complete,,,,,,,,,,,,,,,,,,,,,,,,,,,,,,,,,,,,,,,,,,Platform,Radial,Cubic,0%,5,3,5,3,2,12.25,34.29,,18.4,,13.37,13.16,,N,
1992,LIK,VII,N4d-031,,,Opaline/CCS,0%,,Flake,Complete,,,,,,,,,,,,,,,,,,,,,,Yes,Hertzian,Feather,,,,,,,,,,,,,RECTANGULAR,FacetWithBulb,No,7.93,3.11,Main,,,,,,,,,,,25.59,21.97,15.68,15.68,5.03,2.14,Ut,N,
1993,LIK,VII,N4d-031,,,Hornfels,0%,,Flake,Mesial,,,,,,,,,,,,,,,,,,,,,,,,,,,,,,,,,,,,,TRIANGULAR,,,,,,,,,,,,,,,,32.59,,35.55,,10.62,14.92,Ut,N,
200,LIK,XIV,O5b-056,,,Opaline/CCS,0%,,Flake,Complete,,,,,,,,,,,,,,,,,,,,,,Yes,Bending,Overshot,,,,,,,,,,,,,RECTANGULAR,NotPrepared,No,17.43,1.89,Main,,,,,,,,,,,26.73,16.69,18.34,18.34,2.27,1.38,,N,
1994,LIK,VII,N4a-031,,,Opaline/CCS,0%,,Flake,Complete,,,,,,,,,,,,,,,,,,,,,,Yes,Hertzian,Feather,,,,,,,,,,,,,RECTANGULAR,NotPrepared,No,25.19,8.11,Main,,,,,,,,,,,25.26,25.26,39.09,39.09,8.09,12.32,,N,
1995,LIK,VII,N4a-031,,,Opaline/CCS,0%,,Flake,Complete,,,,,,,,,,,,,,,,,,,,,,Yes,Hertzian,Feather,,,,,,,,,,,,,RECTANGULAR,NotPrepared,No,11.24,7.32,Main,,,,,,,,,,,28.49,28.49,25.68,25.68,8.51,8.57,Ut,N,
1996,LIK,VII,N4a-031,,,Opaline/CCS,0%,,Flake,Complete,,,,,,,,,,,,,,,,,,,,,,Yes,Hertzian,Feather,,,,,,,,,,,,,RECTANGULAR,NotPrepared,No,4.69,1.42,Main,,,,,,,,,,,23.59,23.59,11.88,11.88,2.3,1.1,,N,
1997,LIK,VII,N4a-031,,,Opaline/CCS,0%,,Flake,Proximal,,,,,,,,,,,,,,,,,,,,,,Yes,Hertzian,,,,,,,,,,,,,,RECTANGULAR,NotPrepared,No,12.06,5.31,,,,,,,,,,,,40.69,,16.36,,4.22,4.8,,N,
1998,LIK,VII,N4a-031,,,Opaline/CCS,0%,,Flake,Complete,,,,,,,,,,,,,,,,,,,,,,Yes,Hertzian,Overshot,,,,,,,,,,,,,RECTANGULAR,NotPrepared,No,21.05,11.04,Main,,,,,,,,,,,14.13,14.13,28.21,28.21,10.58,4.8,,N,
1999,LIK,VII,N4a-031,,,Opaline/CCS,0%,,Flake,Complete,,,,,,,,,,,,,,,,,,,,,,Yes,Hertzian,Feather,,,,,,,,,,,,,TRAPEZOIDAL,NotPrepared,No,5.12,2.72,Main,,,,,,,,,,,16.95,16.95,17.59,16.75,4.57,1.4,Ut,N,
2000,LIK,VII,N4a-031,,,Opaline/CCS,0%,,Flake,Complete,,,,,,,,,,,,,,,,,,,,,,Yes,Hertzian,Feather,,,,,,,,,,,,,RECTANGULAR,NotPrepared,No,4.82,2.63,Main,,,,,,,,,,,19.2,19.2,12.48,12.48,7.02,1.73,Ut,N,
2001,LIK,VII,N4a-031,,,Opaline/CCS,0%,,Flake,Complete,,,,,,,,,,,,,,,,,,,,,,Yes,Hertzian,Feather,,,,,,,,,,,,,RECTANGULAR,NotPrepared,No,4.53,1.24,Main,,,,,,,,,,,15.02,15.02,10.13,10.13,3.24,0.48,,N,
2002,LIK,VII,N4a-031,,,Opaline/CCS,0%,,Flake,Proximal,,,,,,,,,,,,,,,,,,,,,,Yes,Hertzian,,,,,,,,,,,,,,TRAPEZOIDAL,NotPrepared,No,5.29,1.58,,,,,,,,,,,,9.95,,22.3,,4.76,1.4,,N,
2003,LIK,VII,N4a-031,,,Opaline/CCS,0%,,Flake,Complete,,,,,,,,,,,,,,,,,,,,,,Yes,Hertzian,Feather,,,,,,,,,,,,,TRIANGULAR,NotPrepared,No,10.43,3.13,Main,,,,,,,,,,,11.88,11.88,18.34,14.41,5.42,0.94,,N,
2,LIK,XV,O5c-057,,,Opaline/CCS,1-10%,Outcrop,Flake,Complete,,,,,,,,,,,,,,,,,,,,,,Yes,Bending,Feather,,,,,,,,,,,,,RECTANGULAR,NotPrepared,No,5.17,1.88,Main,,,,,,,,,,,12.55,12.55,5.45,5.45,1.02,0.12,,N,
20,LIK,XV,O5c-057,,,Hornfels,0%,,Flake,Complete,,,,,,,,,,,,,,,,,,,,,,Yes,Hertzian,Feather,,,,,,,,,,,,,RECTANGULAR,NotPrepared,No,10.99,2.47,Main,,,,,,,,,,,14.88,14.88,15.18,15.18,1.94,0.54,,N,
201,LIK,XIV,O5b-056,,,Opaline/CCS,0%,,Flake,Distal,,,,,,,,,,,,,,,,,,,,,,,,Feather,,,,,,,,,,,,,RECTANGULAR,,,,,,,,,,,,,,,,11.89,,8.2,,1.19,0.15,,N,
2004,LIK,VII,N4a-031,,,Opaline/CCS,0%,,Flake,Complete,,,,,,,,,,,,,,,,,,,,,,Yes,Hertzian,Feather,,,,,,,,,,,,,KITE,NotPrepared,No,3.93,1.18,Main,,,,,,,,,,,20.06,20.06,16.05,13.8,2.43,0.83,,N,
2005,LIK,VII,N4a-031,,,Opaline/CCS,0%,,Flake,Complete,,,,,,,,,,,,,,,,,,,,,,Yes,Hertzian,Feather,,,,,,,,,,,,,RECTANGULAR,NotPrepared,No,10.04,4.13,Main,,,,,,,,,,,12.06,12.06,14.89,14.89,3.78,0.76,,N,
2006,LIK,VII,N4a-031,,,Opaline/CCS,0%,,Flake,Complete,,,,,,,,,,,,,,,,,,,,,,Yes,Hertzian,Hinge,,,,,,,,,,,,,TRAPEZOIDAL,NotPrepared,No,5.06,3.11,Main,,,,,,,,,,,12.16,12.16,11.91,10.72,2.66,0.44,,N,
2007,LIK,VII,N4a-031,,,Opaline/CCS,0%,,Flake,Complete,,,,,,,,,,,,,,,,,,,,,,Yes,Hertzian,Feather,,,,,,,,,,,,,TRAPEZOIDAL,NotPrepared,No,4.17,2.94,Main,,,,,,,,,,,13.95,13.95,14.35,14.35,3.77,0.84,,N,
2008,LIK,VII,N4a-031,,,Opaline/CCS,0%,,Flake,Distal,,,,,,,,,,,,,,,,,,,,,,,,Feather,,,,,,,,,,,,,RECTANGULAR,,,,,,,,,,,,,,,,12.83,,13.55,,4.44,0.81,,N,
2009,LIK,VII,N4a-031,,,Opaline/CCS,0%,,Flake,Complete,,,,,,,,,,,,,,,,,,,,,,Yes,Hertzian,Feather,,,,,,,,,,,,,TRIANGULAR,NotPrepared,No,9.47,5.04,Main,,,,,,,,,,,14.51,14.51,10.01,8.59,2.39,0.47,,N,
2010,LIK,VII,N4a-031,,,Opaline/CCS,0%,,Flake,Complete,,,,,,,,,,,,,,,,,,,,,,Yes,Hertzian,Feather,,,,,,,,,,,,,RECTANGULAR,NotPrepared,No,4.14,2.37,Main,,,,,,,,,,,14.07,12.45,10.04,10.04,1.23,0.29,,N,
2011,LIK,VII,N4a-031,,,Opaline/CCS,0%,,Flake,Complete,,,,,,,,,,,,,,,,,,,,,,Yes,Hertzian,Feather,,,,,,,,,,,,,RECTANGULAR,NotPrepared,No,4.76,1.18,Main,,,,,,,,,,,14.76,14.76,11.76,8.68,2.12,0.34,,N,
2012,LIK,VII,N4a-031,,,Opaline/CCS,0%,,Flake,Proximal,,,,,,,,,,,,,,,,,,,,,,Yes,Hertzian,,,,,,,,,,,,,,RECTANGULAR,NotPrepared,No,3.94,1.41,,,,,,,,,,,,14.16,,14.34,,2.59,0.6,,N,
2013,LIK,VII,N4a-031,,,Opaline/CCS,10-40%,Outcrop,Flake,Complete,,,,,,,,,,,,,,,,,,,,,,Yes,Hertzian,Feather,,,,,,,,,,,,,TRAPEZOIDAL,NotPrepared,No,12.47,2.43,Main,,,,,,,,,,,8.78,8.78,13.77,11.47,1.53,0.34,Ut,N,
202,LIK,XIV,O5b-056,,,Opaline/CCS,0%,,Flake,Complete,,,,,,,,,,,,,,,,,,,,,,Yes,Hertzian,Feather,,,,,,,,,,,,,RECTANGULAR,Indeterminate,No,3.13,0.7,Main,,,,,,,,,,,21.62,21.62,7.2,7.2,1.59,0.27,,N,
2014,LIK,VII,N4a-031,,,Opaline/CCS,0%,,Flake,Complete,,,,,,,,,,,,,,,,,,,,,,Yes,Hertzian,Feather,,,,,,,,,,,,,RECTANGULAR,ResidualFacetWithBulb,No,9.34,2.64,Main,,,,,,,,,,,8.29,8.29,12.12,10.55,2.28,0.31,,N,
2015,LIK,VII,N4a-031,,,Opaline/CCS,0%,,Flake,Distal,,,,,,,,,,,,,,,,,,,,,,,,Feather,,,,,,,,,,,,,RECTANGULAR,,,,,,,,,,,,,,,,14.89,,8.58,,1.88,0.34,,N,
2016,LIK,VII,N4a-031,,,Opaline/CCS,0%,,Flake,Complete,,,,,,,,,,,,,,,,,,,,,,Yes,Hertzian,Feather,,,,,,,,,,,,,RECTANGULAR,NotPrepared,No,5.06,1.33,Main,,,,,,,,,,,11.99,11.99,8.31,8.31,1.85,0.17,,N,
2017,LIK,VII,N4a-031,,,Opaline/CCS,0%,,Flake,Complete,,,,,,,,,,,,,,,,,,,,,,Yes,Hertzian,Feather,,,,,,,,,,,,,RECTANGULAR,NotPrepared,No,3.06,1.11,Main,,,,,,,,,,,12.39,12.39,10.11,6.51,1.6,0.27,,N,
2018,LIK,VII,N4a-031,,,Opaline/CCS,0%,,Flake,Mesial,,,,,,,,,,,,,,,,,,,,,,,,,,,,,,,,,,,,,RECTANGULAR,,,,,,,,,,,,,,,,6.88,,14.66,,2.29,0.32,,N,
2019,LIK,VII,N4a-031,,,Opaline/CCS,0%,,Flake,Complete,,,,,,,,,,,,,,,,,,,,,,Yes,Hertzian,Feather,,,,,,,,,,,,,TRAPEZOIDAL,NotPrepared,No,9.2,3.48,Main,,,,,,,,,,,29.37,29.37,29.4,22.59,3.58,3.56,Ut,N,
2020,LIK,VII,N4a-031,,,Hornfels,0%,,Flake,Complete,,,,,,,,,,,,,,,,,,,,,,Yes,Hertzian,Feather,,,,,,,,,,,,,TRIANGULAR,NotPrepared,No,13.64,8.21,Main,,,,,,,,,,,58.19,58.19,32.69,32.69,14.98,41.28,Ut,N,
2021,LIK,VII,N4a-031,,,Hornfels,0%,,Flake,Complete,,,,,,,,,,,,,,,,,,,,,,Yes,Hertzian,Feather,,,,,,,,,,,,,RECTANGULAR,NotPrepared,No,9.36,5.34,Main,,,,,,,,,,,30,30,16.08,16.08,6.15,3.36,,N,
2022,LIK,VII,N4a-031,,,Hornfels,0%,,Flake,Proximal,,,,,,,,,,,,,,,,,,,,,,Yes,Hertzian,,,,,,,,,,,,,,RECTANGULAR,NotPrepared,No,17.04,4.93,,,,,,,,,,,,26.06,,31.73,,8.23,5.56,Ut,N,
2023,LIK,VII,N4a-031,,,Hornfels,0%,,Flake,Proximal,,,,,,,,,,,,,,,,,,,,,,Yes,Hertzian,Feather,,,,,,,,,,,,,RECTANGULAR,NotPrepared,No,6.94,1.36,,,,,,,,,,,,13.22,,13.75,,2.33,0.48,,N,
203,LIK,XIV,O5b-056,,,Opaline/CCS,0%,,Core,,Complete,,,,,,,,,,,,,,,,,,,,,,,,,,,,,,,,,,,,,,,,,,Platform,Bladelet,Spherical,0%,7,3,3,6,5,14.34,20.33,,19.82,,15.49,12.28,,N,
2024,LIK,VII,N4a-031,,,Hornfels,0%,,Flake,Complete,,,,,,,,,,,,,,,,,,,,,,Yes,Hertzian,Feather,,,,,,,,,,,,,TRIANGULAR,NotPrepared,No,4.27,1.66,Main,,,,,,,,,,,10.53,10.53,14.24,14.24,1.33,0.26,,N,
2025,LIK,VII,N4a-031,,,Hornfels,0%,,Flake,Complete,,,,,,,,,,,,,,,,,,,,,,Yes,Hertzian,Feather,,,,,,,,,,,,,RECTANGULAR,NotPrepared,No,7.27,2.22,Main,,,,,,,,,,,11.75,8.88,16.15,16.15,2.49,0.49,,N,
2026,LIK,VII,N4a-031,,,Hornfels,0%,,Flake,Complete,,,,,,,,,,,,,,,,,,,,,,Yes,Hertzian,Feather,,,,,,,,,,,,,RECTANGULAR,NotPrepared,No,16.89,3.64,Main,,,,,,,,,,,28.55,23.51,19.6,19.6,5.28,3.28,Ut,N,
2027,LIK,VII,N4a-031,,,Tuff,0%,,Flake,Complete,,,,,,,,,,,,,,,,,,,,,,Yes,Hertzian,Feather,,,,,,,,,,,,,OVAL,NotPrepared,No,8.2,2.54,Main,,,,,,,,,,,16.3,16.3,19.82,18.04,1.95,0.82,,N,
2028,LIK,VII,N4a-031,,,Opaline/CCS,0%,,Flake,Complete,,,,,,,,,,,,,,,,,,,,,,Yes,Hertzian,Feather,,,,,,,,,,,,,RECTANGULAR,NotPrepared,No,13.15,6.76,Main,,,,,,,,,,,42.62,42.62,24.42,16.19,5.13,6.5,Ut; Denticulate Notch,N,
2029,LIK,VII,N4a-031,,,Opaline/CCS,0%,,Core,,Complete,,,,,,,,,,,,,,,,,,,,,,,,,,,,,,,,,,,,,,,,,,Platform,Irregular,Cubic,0%,5,3,3,5,5,14.33,35.07,,25.38,,17.29,19.94,,N,
2030,LIK,VII,N4b-031,,,Opaline/CCS,0%,,Flake,Complete,,,,,,,,,,,,,,,,,,,,,,Yes,Hertzian,Feather,,,,,,,,,,,,,RECTANGULAR,NotPrepared,No,11.5,1.53,Main,,,,,,,,,,,26.49,26.49,17.32,17.32,2.77,2,,N,
2031,LIK,VII,N4b-031,,,Opaline/CCS,0%,,Flake,Complete,,,,,,,,,,,,,,,,,,,,,,Yes,Hertzian,Overshot,,,,,,,,,,,,,RECTANGULAR,NotPrepared,No,4.66,4.18,Main,,,,,,,,,,,28.77,28.77,17.6,11.53,4.1,2.59,,N,
2032,LIK,VII,N4b-031,,,Opaline/CCS,0%,,Flake,Complete,,,,,,,,,,,,,,,,,,,,,,Yes,Hertzian,Feather,,,,,,,,,,,,,RECTANGULAR,NotPrepared,No,2.99,1.47,Main,,,,,,,,,,,17.65,17.65,11.01,11.01,2.04,0.43,,N,
2033,LIK,VII,N4b-031,,,Opaline/CCS,0%,,Flake,Complete,,,,,,,,,,,,,,,,,,,,,,Yes,Hertzian,Feather,,,,,,,,,,,,,RECTANGULAR,Indeterminate,No,3.92,1.19,Main,,,,,,,,,,,15.8,15.8,18.27,15.33,3.07,0.88,,N,
204,LIK,XIV,P5-056,,,Opaline/CCS,0%,,Flake,Complete,,,,,,,,,,,,,,,,,,,,,,Yes,Hertzian,Feather,,,,,,,,,,,,,RECTANGULAR,NotPrepared,No,4.55,2.2,Main,,,,,,,,,,,9.39,9.39,7.28,7.28,1.63,0.14,,N,
2034,LIK,VII,N4b-031,,,Opaline/CCS,0%,,Flake,Complete,,,,,,,,,,,,,,,,,,,,,,Yes,Hertzian,Feather,,,,,,,,,,,,,RECTANGULAR,NotPrepared,No,10.42,2.96,Main,,,,,,,,,,,10.56,10.56,12.43,12.43,3.64,0.57,,N,
2035,LIK,VII,N4b-031,,,Opaline/CCS,0%,,Flake,Complete,,,,,,,,,,,,,,,,,,,,,,Yes,Hertzian,Feather,,,,,,,,,,,,,TRIANGULAR,NotPrepared,No,3.77,1.39,Main,,,,,,,,,,,19.1,19.1,18.58,14.76,5.03,1.68,Ut,N,
2036,LIK,VII,N4b-031,,,Opaline/CCS,0%,,Flake,Complete,,,,,,,,,,,,,,,,,,,,,,Yes,Bending,Feather,,,,,,,,,,,,,TRIANGULAR,NotPrepared,No,9.96,3.22,Main,,,,,,,,,,,16.74,16.74,11.5,11.5,2.14,0.54,,N,
2037,LIK,VII,N4b-031,,,Opaline/CCS,0%,,Flake,Complete,,,,,,,,,,,,,,,,,,,,,,Yes,Hertzian,Feather,,,,,,,,,,,,,RHOMBUS,NotPrepared,No,7.79,2.83,Main,,,,,,,,,,,12.42,12.42,19.44,17.21,3.96,1,,N,
2038,LIK,VII,N4b-031,,,Opaline/CCS,0%,,Flake,Complete,,,,,,,,,,,,,,,,,,,,,,Yes,Hertzian,Feather,,,,,,,,,,,,,TRAPEZOIDAL,NotPrepared,No,4.65,1.43,Main,,,,,,,,,,,13.42,13.42,16.19,12.29,2.42,0.61,Ut,N,
2039,LIK,VII,N4b-031,,,Opaline/CCS,0%,,Flake,Complete,,,,,,,,,,,,,,,,,,,,,,Yes,Hertzian,Feather,,,,,,,,,,,,,TRIANGULAR,NotPrepared,No,5.78,2.18,Main,,,,,,,,,,,17.32,17.32,14.99,10.96,1.93,0.53,Ut,N,
2040,LIK,VII,N4b-031,,,Opaline/CCS,0%,,Flake,Complete,,,,,,,,,,,,,,,,,,,,,,Yes,Hertzian,Feather,,,,,,,,,,,,,TRIANGULAR,NotPrepared,No,7.01,2.04,Main,,,,,,,,,,,16.63,12.52,14.49,11.41,3.07,0.55,,N,
2041,LIK,VII,N4b-031,,,Opaline/CCS,0%,,Flake,Complete,,,,,,,,,,,,,,,,,,,,,,Yes,Hertzian,Feather,,,,,,,,,,,,,TRAPEZOIDAL,NotPrepared,No,6.86,1.23,Main,,,,,,,,,,,13.45,13.45,16.6,9.66,1.78,0.42,,N,
2042,LIK,VII,N4b-031,,,Opaline/CCS,0%,,Flake,Distal,,,,,,,,,,,,,,,,,,,,,,,,Feather,,,,,,,,,,,,,RECTANGULAR,,,,,,,,,,,,,,,,19.33,,11.29,,1.55,0.28,,N,
2043,LIK,VII,N4b-031,,,Opaline/CCS,0%,,Flake,Distal,,,,,,,,,,,,,,,,,,,,,,,,Feather,,,,,,,,,,,,,KITE,,,,,,,,,,,,,,,,18.96,,8.69,,2.03,0.35,,N,
205,LIK,XIV,P5-056,,,Opaline/CCS,0%,,Flake,Complete,,,,,,,,,,,,,,,,,,,,,,Yes,Hertzian,Feather,,,,,,,,,,,,,TRIANGULAR,NotPrepared,No,5.4,2.53,Main,,,,,,,,,,,14.59,14.59,7.84,6.44,2.77,0.32,,N,
2044,LIK,VII,N4b-031,,,Opaline/CCS,0%,,Flake,Complete,,,,,,,,,,,,,,,,,,,,,,Yes,Hertzian,Feather,,,,,,,,,,,,,RECTANGULAR,NotPrepared,No,14.44,3.99,Main,,,,,,,,,,,15.15,15.15,19.29,19.29,4.33,1.52,,N,
2045,LIK,VII,N4b-031,,,Opaline/CCS,0%,,Flake,Complete,,,,,,,,,,,,,,,,,,,,,,Yes,Bending,Feather,,,,,,,,,,,,,TRIANGULAR,NotPrepared,No,10.49,4.68,Main,,,,,,,,,,,15.39,15.39,12.03,11.23,4.3,0.7,,N,
2046,LIK,VII,N4b-031,,,Opaline/CCS,0%,,Flake,Complete,,,,,,,,,,,,,,,,,,,,,,Yes,Hertzian,Feather,,,,,,,,,,,,,RECTANGULAR,NotPrepared,No,4.43,1.77,Main,,,,,,,,,,,17.21,17.21,12.21,12.21,2.27,0.55,,N,
2047,LIK,VII,N4b-031,,,Opaline/CCS,0%,,Flake,Proximal,,,,,,,,,,,,,,,,,,,,,,Yes,Hertzian,,,,,,,,,,,,,,TRIANGULAR,NotPrepared,No,3.05,1.71,,,,,,,,,,,,17.72,,8.05,,3.85,0.5,,N,
2048,LIK,VII,N4b-031,,,Opaline/CCS,0%,,Flake,Complete,,,,,,,,,,,,,,,,,,,,,,Yes,Hertzian,Hinge,,,,,,,,,,,,,RECTANGULAR,NotPrepared,No,5.37,1.62,Main,,,,,,,,,,,13.96,13.96,13.17,8,4.45,0.98,,N,
2049,LIK,VII,N4b-031,,,Opaline/CCS,0%,,Flake,Fragment,,,,,,,,,,,,,,,,,,,,,,,,,,,,,,,,,,,,,TRIANGULAR,,,,,,,,,,,,,,,,11.25,,17.06,,4.35,0.82,,N,
2050,LIK,VII,N4b-031,,,Opaline/CCS,0%,,Flake,Complete,,,,,,,,,,,,,,,,,,,,,,Yes,Hertzian,Feather,,,,,,,,,,,,,RECTANGULAR,NotPrepared,No,4.03,0.57,Main,,,,,,,,,,,17.11,17.11,7.58,7.58,0.83,0.14,,N,
2051,LIK,VII,N4b-031,,,Opaline/CCS,0%,,Flake,Complete,,,,,,,,,,,,,,,,,,,,,,Yes,Hertzian,Feather,,,,,,,,,,,,,RECTANGULAR,NotPrepared,No,4.54,1.63,Main,,,,,,,,,,,10.91,10.91,13.1,11.1,1.66,0.23,,N,
2052,LIK,VII,N4b-031,,,Opaline/CCS,0%,,Flake,Complete,,,,,,,,,,,,,,,,,,,,,,Yes,Hertzian,Feather,,,,,,,,,,,,,RECTANGULAR,NotPrepared,No,3.34,1.68,Main,,,,,,,,,,,12.61,12.61,10.49,10.49,1.89,0.21,,N,
2053,LIK,VII,N4b-031,,,Opaline/CCS,0%,,Flake,Complete,,,,,,,,,,,,,,,,,,,,,,Yes,Hertzian,Feather,,,,,,,,,,,,,RECTANGULAR,NotPrepared,No,2.7,1.14,Main,,,,,,,,,,,10.45,10.45,11.52,11.52,1.2,0.25,,N,
206,LIK,XIV,P5-056,,,Opaline/CCS,0%,,Flake,Complete,,,,,,,,,,,,,,,,,,,,,,Yes,Bending,Feather,,,,,,,,,,,,,OVAL,Indeterminate,No,4.84,1.02,Main,,,,,,,,,,,16.55,16.55,11.71,11.71,1.67,0.39,,N,
2054,LIK,VII,N4b-031,,,Opaline/CCS,0%,,Flake,Complete,,,,,,,,,,,,,,,,,,,,,,Yes,Hertzian,Feather,,,,,,,,,,,,,RECTANGULAR,NotPrepared,No,4.61,1.73,Main,,,,,,,,,,,13.03,13.03,5.28,5.28,1.71,0.14,,N,
2055,LIK,VII,N4b-031,,,Opaline/CCS,0%,,Flake,Complete,,,,,,,,,,,,,,,,,,,,,,Yes,Hertzian,Feather,,,,,,,,,,,,,RECTANGULAR,NotPrepared,No,3.55,1.15,Main,,,,,,,,,,,14.03,14.03,5.64,5.64,2.01,0.17,,N,
2056,LIK,VII,N4b-031,,,Opaline/CCS,0%,,Flake,Complete,,,,,,,,,,,,,,,,,,,,,,Yes,Hertzian,Feather,,,,,,,,,,,,,TRIANGULAR,NotPrepared,No,4.15,1.67,Main,,,,,,,,,,,10.92,10.92,11.5,9.66,2.03,0.2,,N,
2057,LIK,VII,N4b-031,,,Opaline/CCS,0%,,Flake,Complete,,,,,,,,,,,,,,,,,,,,,,Yes,Hertzian,Feather,,,,,,,,,,,,,TRIANGULAR,NotPrepared,No,3.8,1.79,Main,,,,,,,,,,,12.93,12.93,6.5,5.64,2.19,0.14,,N,
2058,LIK,VII,N4b-031,,,Opaline/CCS,0%,,Flake,Complete,,,,,,,,,,,,,,,,,,,,,,Yes,Hertzian,Overshot,,,,,,,,,,,,,RECTANGULAR,NotPrepared,No,7.43,2.4,Main,,,,,,,,,,,42.84,40.16,22.35,18.14,12.33,10.38,,N,
2059,LIK,VII,N4b-031,,,Opaline/CCS,0%,,Flake,Complete,,,,,,,,,,,,,,,,,,,,,,Yes,Hertzian,Feather,,,,,,,,,,,,,OVAL,NotPrepared,No,8.84,3.14,Main,,,,,,,,,,,34.36,34.36,18.7,18.7,4.76,3.42,Ut,N,
2060,LIK,VII,N4b-031,,,Opaline/CCS,0%,,Flake,Complete,,,,,,,,,,,,,,,,,,,,,,Yes,Hertzian,Feather,,,,,,,,,,,,,RECTANGULAR,NotPrepared,No,6.19,2.85,Main,,,,,,,,,,,17.97,17.97,10.3,10.3,4.63,0.82,,N,
2061,LIK,VII,N4b-031,,,Opaline/CCS,0%,,Flake,Complete,,,,,,,,,,,,,,,,,,,,,,Yes,Hertzian,Feather,,,,,,,,,,,,,TRIANGULAR,NotPrepared,No,4.69,1.31,Main,,,,,,,,,,,17.15,17.15,6.94,6.94,1.4,0.14,,N,
2062,LIK,VII,N4b-031,,,Hornfels,0%,,Flake,Complete,,,,,,,,,,,,,,,,,,,,,,Yes,Hertzian,Feather,,,,,,,,,,,,,OVAL,NotPrepared,No,13.63,5,Main,,,,,,,,,,,18.27,18.27,26.9,26.9,7.27,3.29,,N,
2063,LIK,VII,N4b-031,,,Hornfels,0%,,Flake,Complete,,,,,,,,,,,,,,,,,,,,,,Yes,Hertzian,Feather,,,,,,,,,,,,,TRAPEZOIDAL,NotPrepared,No,7.76,2.53,Main,,,,,,,,,,,20.09,17.22,28.58,16.2,4.43,2.1,,N,
207,LIK,XIV,P5-056,,,Opaline/CCS,0%,,Flake,Complete,,,,,,,,,,,,,,,,,,,,,,Yes,Hertzian,Feather,,,,,,,,,,,,,RECTANGULAR,NotPrepared,No,4.74,1.87,Main,,,,,,,,,,,14.5,14.5,9.3,9.3,2.61,0.46,,N,
2064,LIK,VII,N4b-031,,,Hornfels,0%,,Flake,Complete,,,,,,,,,,,,,,,,,,,,,,Yes,Hertzian,Feather,,,,,,,,,,,,,RECTANGULAR,NotPrepared,No,8.37,1.66,Main,,,,,,,,,,,13.45,13.45,10.46,7.34,1.03,0.17,,N,
2065,LIK,VII,N4b-031,,,Hornfels,0%,,Flake,Complete,,,,,,,,,,,,,,,,,,,,,,Yes,Hertzian,Feather,,,,,,,,,,,,,RECTANGULAR,NotPrepared,No,12.68,2.87,Main,,,,,,,,,,,14.97,14.97,14.2,10.8,2.26,0.61,,N,
2066,LIK,VII,N4b-031,,,Hornfels,0%,,Flake,Complete,,,,,,,,,,,,,,,,,,,,,,Yes,Hertzian,Feather,,,,,,,,,,,,,RECTANGULAR,NotPrepared,No,10.62,7.36,Main,,,,,,,,,,,50.48,50.48,22.81,22.81,2.94,8.35,Ut,N,
2067,LIK,VII,N4b-031,,,Opaline/CCS,0%,,Flake,Complete,,,,,,,,,,,,,,,,,,,,,,Yes,Hertzian,Feather,,,,,,,,,,,,,RECTANGULAR,NotPrepared,No,4.62,1.85,Main,,,,,,,,,,,29.48,29.48,14.6,14.6,3.08,1.43,Ut,N,
2068,LIK,VII,N4b-031,,,Opaline/CCS,0%,,Flake,Complete,,,,,,,,,,,,,,,,,,,,,,Yes,Hertzian,Feather,,,,,,,,,,,,,RECTANGULAR,NotPrepared,No,4.36,4.77,Main,,,,,,,,,,,32.01,32.01,7.03,7.03,5.46,1.67,Ut,N,
2069,LIK,VII,N4b-031,,,Opaline/CCS,0%,,Flake,Distal,,,,,,,,,,,,,,,,,,,,,,,,Feather,,,,,,,,,,,,,TRIANGULAR,,,,,,,,,,,,,,,,24.92,,16.42,,5.42,1.89,Ut,N,
2070,LIK,VII,N4b-031,,,Opaline/CCS,0%,,Flake,Complete,,,,,,,,,,,,,,,,,,,,,,Yes,Hertzian,Feather,,,,,,,,,,,,,TRIANGULAR,NotPrepared,No,7.72,3.13,Main,,,,,,,,,,,13.06,13.06,21.08,21.08,3.12,0.71,,N,
2071,LIK,VII,N4b-031,,,Opaline/CCS,0%,,Flake,Complete,,,,,,,,,,,,,,,,,,,,,,Yes,Hertzian,Feather,,,,,,,,,,,,,RECTANGULAR,NotPrepared,No,13.17,2.26,Main,,,,,,,,,,,13.31,13.31,15.99,15.99,3.31,0.75,,N,
2072,LIK,VII,N4b-031,,,Opaline/CCS,0%,,Flake,Complete,,,,,,,,,,,,,,,,,,,,,,Yes,Hertzian,Feather,,,,,,,,,,,,,TRIANGULAR,NotPrepared,No,3.52,1.15,Main,,,,,,,,,,,16.03,12.05,9.92,6.59,1.69,0.15,,N,
2073,LIK,VII,N4b-031,,,Opaline/CCS,0%,,Flake,Complete,,,,,,,,,,,,,,,,,,,,,,Yes,Hertzian,Feather,,,,,,,,,,,,,RECTANGULAR,NotPrepared,No,14.22,6.12,Main,,,,,,,,,,,28.56,28.56,20.84,20.84,5.14,4.42,Ut,Y,
208,LIK,XIV,P5-056,,,Opaline/CCS,0%,,Flake,Complete,,,,,,,,,,,,,,,,,,,,,,Yes,Hertzian,Feather,,,,,,,,,,,,,TRAPEZOIDAL,NotPrepared,No,5.23,2.06,Main,,,,,,,,,,,25.79,22.57,13.08,13.08,2.08,1,,N,
2074,LIK,VII,N4b-031,,,Hornfels,0%,,Flake,Complete,,,,,,,,,,,,,,,,,,,,,,Yes,Hertzian,Feather,,,,,,,,,,,,,RECTANGULAR,NotPrepared,No,18.78,12.46,Main,,,,,,,,,,,25.42,25.42,21.85,21.85,5.64,4.29,,N,
2075,LIK,VII,N4b-031,,,Hornfels,0%,,Flake,Complete,,,,,,,,,,,,,,,,,,,,,,Yes,Hertzian,Feather,,,,,,,,,,,,,RECTANGULAR,Indeterminate,No,3.27,0.86,Main,,,,,,,,,,,18.84,18.84,9.59,9.59,2.05,0.41,,N,
2076,LIK,VII,N4b-031,,,Hornfels,0%,,Flake,Complete,,,,,,,,,,,,,,,,,,,,,,Yes,Hertzian,Feather,,,,,,,,,,,,,RHOMBUS,NotPrepared,No,7.41,1.78,Main,,,,,,,,,,,8.22,8.22,16.18,16.18,2.1,0.34,,N,
2077,LIK,VII,N4b-031,,,Hornfels,10-40%,Cobble,Flake,Complete,,,,,,,,,,,,,,,,,,,,,,Yes,Hertzian,Feather,,,,,,,,,,,,,TRAPEZOIDAL,NotPrepared,No,15,4.71,Main,,,,,,,,,,,10.77,10.77,15.76,11.09,3.79,0.7,,N,
2078,LIK,VII,N4b-031,,,Tuff,40-60%,Outcrop,Flake,Complete,,,,,,,0,,0,0,0,0,0,0,0,0,0,0,0,0,0,Yes,Hertzian,Feather,,0,0,0,0,0,0,0,0,0,0,0,TRIANGULAR,NotPrepared,No,32.69,12.92,Main,,,,,0,0,0,0,0,0,63.53,63.53,42.14,37.07,19.14,39.23,,N,
2079,LIK,VII,N3c-031,,,Opaline/CCS,0%,,Flake,Complete,,,,,,,,,,,,,,,,,,,,,,Yes,Hertzian,Feather,,,,,,,,,,,,,RECTANGULAR,NotPrepared,No,15.92,7.05,Main,,,,,,,,,,,17.32,17.32,15.32,15.32,7.55,2.24,Ret; Ut,N,
2080,LIK,VII,N3c-031,,,Opaline/CCS,0%,,Flake,Complete,,,,,,,,,,,,,,,,,,,,,,Yes,Hertzian,Feather,,,,,,,,,,,,,TRAPEZOIDAL,NotPrepared,No,13.56,3.67,Main,,,,,,,,,,,17.16,17.16,19.17,16.33,2.98,1.23,Ut,N,
2081,LIK,VII,N3c-031,,,Opaline/CCS,0%,,Flake,Complete,,,,,,,,,,,,,,,,,,,,,,Yes,Bending,Feather,,,,,,,,,,,,,OVAL,NotPrepared,No,17.41,10.08,Main,,,,,,,,,,,29.75,29.75,32.37,32.37,13.32,13.4,,N,
2082,LIK,VII,N3c-031,,,Opaline/CCS,0%,,Flake,Fragment,,,,,,,,,,,,,,,,,,,,,,,,,,,,,,,,,,,,,TRIANGULAR,,,,,,,,,,,,,,,,26.41,,24.73,,5.03,3.75,,N,
2083,LIK,VII,N3c-031,,,Opaline/CCS,1-10%,Outcrop,Flake,Distal,,,,,,,,,,,,,,,,,,,,,,,,Feather,,,,,,,,,,,,,RECTANGULAR,,,,,,,,,,,,,,,,16.22,,20.16,,3.39,1.49,Ut,N,
209,LIK,XIV,P5-056,,,Opaline/CCS,0%,,Flake,Complete,,,,,,,,,,,,,,,,,,,,,,Yes,Hertzian,Feather,,,,,,,,,,,,,RECTANGULAR,FacetWithBulb,No,8.9,2.44,Main,,,,,,,,,,,24.9,24.9,18.86,18.86,2.55,1.5,,N,
2084,LIK,VII,N3c-031,,,Opaline/CCS,0%,,Flake,Complete,,,,,,,,,,,,,,,,,,,,,,Yes,Hertzian,Feather,,,,,,,,,,,,,RECTANGULAR,NotPrepared,No,7.91,4.79,Main,,,,,,,,,,,20.55,20.55,10.99,11.23,4.37,1.63,,N,
2085,LIK,VII,N3c-031,,,Opaline/CCS,0%,,Flake,Complete,,,,,,,,,,,,,,,,,,,,,,Yes,Hertzian,Feather,,,,,,,,,,,,,RECTANGULAR,NotPrepared,No,8.04,4,Main,,,,,,,,,,,18.44,18.44,11.08,11.08,3.05,0.82,,N,
2086,LIK,VII,N3c-031,,,Opaline/CCS,0%,,Flake,Complete,,,,,,,,,,,,,,,,,,,,,,Yes,Hertzian,Feather,,,,,,,,,,,,,RHOMBUS,NotPrepared,No,5.77,1.08,Main,,,,,,,,,,,14.48,14.48,15.69,15.69,2.22,0.49,,N,
2087,LIK,VII,N3c-031,,,Opaline/CCS,10-40%,Cobble,Flake,Complete,,,,,,,,,,,,,,,,,,,,,,Yes,Hertzian,Feather,,,,,,,,,,,,,RECTANGULAR,NotPrepared,No,10.62,3.3,Main,,,,,,,,,,,12.11,12.11,15.42,15.42,5.63,0.96,Ut,N,
2088,LIK,VII,N3c-031,,,Opaline/CCS,0%,,Flake,Complete,,,,,,,,,,,,,,,,,,,,,,Yes,Hertzian,Feather,,,,,,,,,,,,,RECTANGULAR,NotPrepared,No,6.17,1.94,Main,,,,,,,,,,,12.72,12.72,8.2,8.2,2.07,0.26,,N,
2089,LIK,VII,N3c-031,,,Opaline/CCS,0%,,Flake,Complete,,,,,,,,,,,,,,,,,,,,,,Yes,Hertzian,Feather,,,,,,,,,,,,,RECTANGULAR,Indeterminate,No,2.91,1.01,Main,,,,,,,,,,,14.9,14.9,10.26,10.26,1.26,0.26,,N,
2090,LIK,VII,N3c-031,,,Opaline/CCS,0%,,Flake,Complete,,,,,,,,,,,,,,,,,,,,,,Yes,Hertzian,Feather,,,,,,,,,,,,,RECTANGULAR,NotPrepared,No,5.75,4.13,Main,,,,,,,,,,,12.22,12.22,9.55,9.55,3.97,0.35,,N,
2091,LIK,VII,N3c-031,,,Opaline/CCS,0%,,Flake,Complete,,,,,,,,,,,,,,,,,,,,,,Yes,Hertzian,Feather,,,,,,,,,,,,,TRAPEZOIDAL,NotPrepared,No,7.69,2.77,Main,,,,,,,,,,,19.51,19.51,13.88,13.88,2.7,0.81,,N,
2092,LIK,VII,N3c-031,,,Opaline/CCS,0%,,Flake,Distal,,,,,,,,,,,,,,,,,,,,,,,,Feather,,,,,,,,,,,,,KITE,,,,,,,,,,,,,,,,16.48,,12.11,,2.5,0.47,,N,
2093,LIK,VII,N3c-031,,,Opaline/CCS,0%,,Flake,Mesial,,,,,,,,,,,,,,,,,,,,,,,,,,,,,,,,,,,,,RECTANGULAR,,,,,,,,,,,,,,,,20.81,,14.23,,3.06,0.83,,N,
210,LIK,XIV,P5-056,,,Opaline/CCS,0%,,Flake,Complete,,,,,,,,,,,,,,,,,,,,,,Yes,Hertzian,Overshot,,,,,,,,,,,,,RECTANGULAR,NotPrepared,No,10.08,1.51,Main,,,,,,,,,,,32.53,32.53,17.6,17.6,9.99,5.46,,N,
2094,LIK,VII,N3c-031,,,Opaline/CCS,0%,,Flake,Complete,,,,,,,,,,,,,,,,,,,,,,Yes,Hertzian,Feather,,,,,,,,,,,,,RHOMBUS,NotPrepared,No,4.94,1.02,Main,,,,,,,,,,,10.56,10.56,12.42,10.48,0.82,0.12,,N,
2095,LIK,VII,N3c-031,,,Opaline/CCS,0%,,Flake,Complete,,,,,,,,,,,,,,,,,,,,,,Yes,Bending,Feather,,,,,,,,,,,,,RECTANGULAR,NotPrepared,No,7.47,3.63,Main,,,,,,,,,,,11.82,11.82,10.7,10.7,3.11,0.5,,N,
2096,LIK,VII,N3c-031,,,Opaline/CCS,0%,,Flake,Complete,,,,,,,,,,,,,,,,,,,,,,Yes,Hertzian,Feather,,,,,,,,,,,,,RECTANGULAR,NotPrepared,No,3.62,1.57,Main,,,,,,,,,,,12.51,12.51,12.86,8.89,0.97,0.22,,N,
2097,LIK,VII,N3c-031,,,Opaline/CCS,0%,,Flake,Complete,,,,,,,,,,,,,,,,,,,,,,Yes,Hertzian,Feather,,,,,,,,,,,,,RECTANGULAR,NotPrepared,No,3.3,1.39,Main,,,,,,,,,,,14.55,14.55,7.36,7.36,1.61,0.18,,N,
2098,LIK,VII,N3c-031,,,Opaline/CCS,0%,,Flake,Complete,,,,,,,,,,,,,,,,,,,,,,Yes,Hertzian,Feather,,,,,,,,,,,,,TRAPEZOIDAL,NotPrepared,No,4.57,1.31,Main,,,,,,,,,,,9.78,9.78,15.63,10.69,1.43,0.26,Ut,N,
2099,LIK,VII,N3c-031,,,Opaline/CCS,0%,,Flake,Complete,,,,,,,,,,,,,,,,,,,,,,Yes,Hertzian,Feather,,,,,,,,,,,,,TRIANGULAR,NotPrepared,No,3.47,1.75,Main,,,,,,,,,,,6.34,6.34,15.82,8.68,3.34,0.29,,N,
2100,LIK,VII,N3c-031,,,Opaline/CCS,0%,,Flake,Complete,,,,,,,,,,,,,,,,,,,,,,Yes,Hertzian,Feather,,,,,,,,,,,,,TRAPEZOIDAL,Indeterminate,No,2.42,1.27,Main,,,,,,,,,,,13.39,13.39,7.11,7.11,1.43,0.15,,N,
2101,LIK,VII,N3c-031,,,Opaline/CCS,0%,,Flake,Complete,,,,,,,,,,,,,,,,,,,,,,Yes,Hertzian,Feather,,,,,,,,,,,,,TRAPEZOIDAL,NotPrepared,No,3.35,1.58,Main,,,,,,,,,,,8.43,8.43,10.87,9.77,1.66,0.17,,N,
2102,LIK,VII,N3c-031,,,Opaline/CCS,0%,,Flake,Complete,,,,,,,,,,,,,,,,,,,,,,Yes,Bending,Feather,,,,,,,,,,,,,TRIANGULAR,NotPrepared,No,11.01,3.57,Main,,,,,,,,,,,16.5,16.5,11.38,10.95,2.9,0.76,,N,
2103,LIK,VII,N3c-031,,,Hornfels,0%,,Flake,Complete,,,,,,,,,,,,,,,,,,,,,,Yes,Hertzian,Feather,,,,,,,,,,,,,TRIANGULAR,NotPrepared,No,3.05,1.46,Main,,,,,,,,,,,19.19,19.19,14.08,11.28,2.72,0.79,,N,
21,LIK,XV,O5c-057,,,Hornfels,0%,,Flake,Complete,,,,,,,,,,,,,,,,,,,,,,Yes,Wedging,Feather,,,,,,,,,,,,,RECTANGULAR,Indeterminate,No,3.84,1.53,Main,,,,,,,,,,,14.24,14.24,13.92,13.92,2.46,0.6,,N,
211,LIK,XIV,P5-056,,,Opaline/CCS,0%,,Flake,Complete,,,,,,,,,,,,,,,,,,,,,,Yes,Hertzian,Feather,,,,,,,,,,,,,RECTANGULAR,Indeterminate,No,9.58,3.85,Main,,,,,,,,,,,12.85,12.85,12.8,12.8,2.78,0.64,,N,
2104,LIK,VII,N3c-031,,,Hornfels,0%,,Flake,Complete,,,,,,,,,,,,,,,,,,,,,,Yes,Hertzian,Feather,,,,,,,,,,,,,RECTANGULAR,Indeterminate,No,6.9,3.83,Main,,,,,,,,,,,18.01,11.47,12.2,9.96,2.33,0.49,,N,
2105,LIK,VII,N3c-031,,,Hornfels,0%,,Flake,Complete,,,,,,,,,,,,,,,,,,,,,,Yes,Hertzian,Feather,,,,,,,,,,,,,TRAPEZOIDAL,NotPrepared,No,4.7,2.45,Main,,,,,,,,,,,8.4,8.4,11.53,8.78,1.96,0.15,,N,
2106,LIK,VII,N3c-031,,,Tuff,0%,,Flake,Mesial,,,,,,,,,,,,,,,,,,,,,,,,,,,,,,,,,,,,,TRAPEZOIDAL,,,,,,,,,,,,,,,,15.04,,23.21,,6.83,2.51,,N,
2107,LIK,VII,N3c-031,,,Tuff,10-40%,Outcrop,Flake,Complete,,,,,,,,,,,,,,,,,,,,,,Yes,Hertzian,Feather,,,,,,,,,,,,,RECTANGULAR,NotPrepared,No,5.72,2.08,Main,,,,,,,,,,,9.11,9.11,9.23,9.23,2.29,0.22,,N,
2108,LIK,VII,N3c-031,,,Tuff,0%,,Flake,Complete,,,,,,,,,,,,,,,,,,,,,,Yes,Hertzian,Feather,,,,,,,,,,,,,RECTANGULAR,NotPrepared,No,6.53,2.65,Main,,,,,,,,,,,22.53,22.53,13.42,13.42,3.75,1.03,Ut,N,
2109,LIK,VII,N3c-031,,,Tuff,10-40%,Outcrop,Flake,Complete,,,,,,,,,,,,,,,,,,,,,,Yes,Hertzian,Feather,,,,,,,,,,,,,TRIANGULAR,NotPrepared,No,15.61,11.99,Main,,,,,,,,,,,40.71,40.71,16.71,16.71,11.49,9.2,,N,
2110,LIK,VII,N3c-031,,,Tuff,10-40%,Outcrop,Flake,Complete,,,,,,,,,,,,,,,,,,,,,,Yes,Bending,Overshot,,,,,,,,,,,,,RECTANGULAR,NotPrepared,No,18.32,11,Main,,,,,,,,,,,45.28,45.28,18.21,18.21,6.25,7.79,,N,
2111,LIK,VII,N3c-031,,,Basalt,0%,,Flake,Complete,,,,,,,,,,,,,,,,,,,,,,Yes,Hertzian,Feather,,,,,,,,,,,,,TRIANGULAR,NotPrepared,No,14.71,6.7,Main,,,,,,,,,,,29.32,26.68,20.78,19.58,7.43,6.26,,N,
2112,LIK,VII,N3c-031,,,Siltstone,10-40%,Cobble,Flake,Complete,,,,,,,,,,,,,,,,,,,,,,Yes,Hertzian,Feather,,,,,,,,,,,,,RECTANGULAR,NotPrepared,No,21.23,6.46,Main,,,,,,,,,,,19.59,19.59,33.57,33.57,5.25,3.54,,N,
2113,LIK,VII,N3c-031,,,Hornfels,0%,,Flake,Complete,,,,,,,,,,,,,,,,,,,,,,Yes,Hertzian,Feather,,,,,,,,,,,,,RECTANGULAR,ResidualFacetWithBulb,No,14.21,4.96,Main,,,,,,,,,,,58.72,58.72,21.48,21.48,9.44,12.23,Ut,N,
212,LIK,XIV,P5-056,,,Opaline/CCS,0%,,Flake,Complete,,,,,,,,,,,,,,,,,,,,,,Yes,Hertzian,Feather,,,,,,,,,,,,,TRAPEZOIDAL,Indeterminate,No,4.5,0.94,Main,,,,,,,,,,,13.24,13.24,24.26,11.96,1.4,0.54,,N,
2114,LIK,VII,N3c-031,,,Opaline/CCS,0%,,Flake,Complete,,,,,,,,,,,,,,,,,,,,,,Yes,Hertzian,Feather,,,,,,,,,,,,,RECTANGULAR,NotPrepared,No,5.4,2.95,Main,,,,,,,,,,,15.9,15.9,13.64,13.64,4.37,1.52,Ut,N,
2115,LIK,VII,N3c-031,,,Opaline/CCS,0%,,Core,,Complete,,,,,,,,,,,,,,,,,,,,,,,,,,,,,,,,,,,,,,,,,,Platform,Irregular,Cubic,0%,4,4,2,4,4,26.46,29.36,,27.36,,12.12,20.8,,N,
2116,LIK,VII,N3d-031,,,Opaline/CCS,0%,,Flake,Complete,,,,,,,,,,,,,,,,,,,,,,Yes,Hertzian,Feather,,,,,,,,,,,,,TRAPEZOIDAL,NotPrepared,No,7.18,2.7,Main,,,,,,,,,,,24.23,24.23,29.71,25.41,4.63,4.69,Ut,N,
2117,LIK,VII,N3d-031,,,Opaline/CCS,0%,,Flake,Complete,,,,,,,,,,,,,,,,,,,,,,Yes,Hertzian,Feather,,,,,,,,,,,,,RECTANGULAR,NotPrepared,No,6.21,1.74,Main,,,,,,,,,,,16.45,16.45,22.96,22.96,3.68,1.66,,N,
2118,LIK,VII,N3d-031,,,Opaline/CCS,0%,,Flake,Complete,,,,,,,,,,,,,,,,,,,,,,Yes,Wedging,Feather,,,,,,,,,,,,,RECTANGULAR,Indeterminate,No,4.15,1.59,Main,,,,,,,,,,,20.1,20.1,11.44,11.44,2.48,0.77,,N,
2119,LIK,VII,N3d-031,,,Opaline/CCS,1-10%,Outcrop,Flake,Complete,,,,,,,,,,,,,,,,,,,,,,Yes,Hertzian,Feather,,,,,,,,,,,,,RECTANGULAR,NotPrepared,No,8.17,5.15,Main,,,,,,,,,,,11.76,11.76,24.87,22.21,3.94,1.59,,N,
2120,LIK,VII,N3d-031,,,Opaline/CCS,0%,,Flake,Complete,,,,,,,,,,,,,,,,,,,,,,Yes,Hertzian,Feather,,,,,,,,,,,,,TRIANGULAR,NotPrepared,No,8.18,1.97,Main,,,,,,,,,,,23.15,23.15,14.31,13.05,4.44,1.32,,N,
2121,LIK,VII,N3d-031,,,Opaline/CCS,0%,,Flake,Complete,,,,,,,,,,,,,,,,,,,,,,Yes,Hertzian,Feather,,,,,,,,,,,,,RECTANGULAR,NotPrepared,No,4.19,1.73,Main,,,,,,,,,,,18.46,18.46,11.37,11.37,2.55,0.83,,N,
2122,LIK,VII,N3d-031,,,Opaline/CCS,0%,,Flake,Complete,,,,,,,,,,,,,,,,,,,,,,Yes,Hertzian,Feather,,,,,,,,,,,,,RECTANGULAR,Indeterminate,No,4.51,1.72,Main,,,,,,,,,,,19.14,19.14,11.3,11.3,3.24,0.95,,N,
2123,LIK,VII,N3d-031,,,Opaline/CCS,0%,,Flake,Complete,,,,,,,,,,,,,,,,,,,,,,Yes,Hertzian,Feather,,,,,,,,,,,,,RECTANGULAR,NotPrepared,No,3.57,0.8,Main,,,,,,,,,,,9.41,9.41,10.75,10.75,1.37,0.15,,N,
213,LIK,XIV,P5-056,,,Opaline/CCS,0%,,Flake,Complete,,,,,,,,,,,,,,,,,,,,,,Yes,Hertzian,Feather,,,,,,,,,,,,,RECTANGULAR,NotPrepared,No,5.2,1,Main,,,,,,,,,,,20.05,16.27,8.76,8.76,2.66,0.53,,N,
2124,LIK,VII,N3d-031,,,Opaline/CCS,0%,,Flake,Complete,,,,,,,,,,,,,,,,,,,,,,Yes,Hertzian,Feather,,,,,,,,,,,,,RECTANGULAR,NotPrepared,No,10.33,2.08,Main,,,,,,,,,,,16.58,16.58,12.93,12.93,1.42,0.56,,N,
2125,LIK,VII,N3d-031,,,Opaline/CCS,0%,,Flake,Complete,,,,,,,,,,,,,,,,,,,,,,Yes,Hertzian,Overshot,,,,,,,,,,,,,RECTANGULAR,NotPrepared,No,3.92,1.02,Main,,,,,,,,,,,11.14,11.14,11.43,11.43,1.39,0.24,,N,
2126,LIK,VII,N3d-031,,,Opaline/CCS,0%,,Flake,Complete,,,,,,,,,,,,,,,,,,,,,,Yes,Hertzian,Feather,,,,,,,,,,,,,TRAPEZOIDAL,NotPrepared,No,2.57,1.2,Main,,,,,,,,,,,20.08,17.78,10.51,10.51,1.53,0.36,,N,
2127,LIK,VII,N3d-031,,,Opaline/CCS,0%,,Flake,Complete,,,,,,,,,,,,,,,,,,,,,,Yes,Hertzian,Feather,,,,,,,,,,,,,RECTANGULAR,NotPrepared,No,5.8,3.98,Main,,,,,,,,,,,17.57,17.57,5.62,5.62,2.94,0.41,,N,
2128,LIK,VII,N3d-031,,,Opaline/CCS,0%,,Flake,Distal,,,,,,,,,,,,,,,,,,,,,,,,Feather,,,,,,,,,,,,,RECTANGULAR,,,,,,,,,,,,,,,,12.56,,8.35,,1.38,0.17,,N,
2129,LIK,VII,N3d-031,,,Opaline/CCS,0%,,Flake,Proximal,,,,,,,,,,,,,,,,,,,,,,Yes,Hertzian,,,,,,,,,,,,,,TRAPEZOIDAL,ResidualFacetWithBulb,No,3.51,2.31,,,,,,,,,,,,12.38,,15.41,,2.61,0.52,,N,
2130,LIK,VII,N3d-031,,,Opaline/CCS,0%,,Flake,Complete,,,,,,,,,,,,,,,,,,,,,,Yes,Hertzian,Feather,,,,,,,,,,,,,OVAL,NotPrepared,No,2.65,1.01,Main,,,,,,,,,,,9.47,9.47,11.77,11.77,1.2,0.16,,N,
2131,LIK,VII,N3d-031,,,Opaline/CCS,0%,,Flake,Complete,,,,,,,,,,,,,,,,,,,,,,Yes,Hertzian,Feather,,,,,,,,,,,,,RECTANGULAR,NotPrepared,No,6.47,2.18,Main,,,,,,,,,,,17.19,17.19,10.89,7.47,3.02,0.71,Ut,N,
2132,LIK,VII,N3d-031,,,Opaline/CCS,0%,,Flake,Complete,,,,,,,,,,,,,,,,,,,,,,Yes,Hertzian,Feather,,,,,,,,,,,,,RECTANGULAR,Indeterminate,No,2.63,1.33,Main,,,,,,,,,,,13.66,13.66,7.67,7.67,1.51,0.16,,N,
2133,LIK,VII,N3d-031,,,Opaline/CCS,0%,,Flake,Complete,,,,,,,,,,,,,,,,,,,,,,Yes,Hertzian,Feather,,,,,,,,,,,,,RECTANGULAR,NotPrepared,No,3.09,1.33,Main,,,,,,,,,,,15,15,7.38,7.38,1.72,0.18,,N,
214,LIK,XIV,P5-056,,,Opaline/CCS,0%,,Flake,Distal,,,,,,,,,,,,,,,,,,,,,,,,Feather,,,,,,,,,,,,,OVAL,,,,,,,,,,,,,,,,12.08,,12.18,,2.12,0.32,,N,
2134,LIK,VII,N3d-031,,,Opaline/CCS,0%,,Flake,Complete,,,,,,,,,,,,,,,,,,,,,,Yes,Hertzian,Feather,,,,,,,,,,,,,TRIANGULAR,Indeterminate,No,2.34,1.03,Main,,,,,,,,,,,15.52,15.52,8.54,7.13,1.72,0.22,,N,
2135,LIK,VII,N3d-031,,,Opaline/CCS,0%,,Flake,Complete,,,,,,,,,,,,,,,,,,,,,,Yes,Hertzian,Feather,,,,,,,,,,,,,TRIANGULAR,NotPrepared,No,5.42,1.11,Main,,,,,,,,,,,17.71,17.71,10.68,10.68,1.25,0.22,,N,
2136,LIK,VII,N3d-031,,,Opaline/CCS,0%,,Flake,Complete,,,,,,,,,,,,,,,,,,,,,,Yes,Hertzian,Feather,,,,,,,,,,,,,TRIANGULAR,NotPrepared,No,3.88,1.49,Main,,,,,,,,,,,15.35,15.35,13.44,11.09,1.27,0.29,Ut,N,
2137,LIK,VII,N3d-031,,,Hornfels,0%,,Flake,Complete,,,,,,,,,,,,,,,,,,,,,,Yes,Hertzian,Feather,,,,,,,,,,,,,RECTANGULAR,NotPrepared,No,27.07,15.04,Main,,,,,,,,,,,40.98,40.98,35.9,27.87,15.74,22.23,,N,
2138,LIK,VII,N3d-031,,,Hornfels,0%,,Flake,Complete,,,,,,,,,,,,,,,,,,,,,,Yes,Hertzian,Feather,,,,,,,,,,,,,RECTANGULAR,NotPrepared,No,21.13,3.86,Main,,,,,,,,,,,32.03,32.03,40.46,40.46,9.76,14.33,,N,
2139,LIK,VII,N3d-031,,,Hornfels,0%,,Flake,Complete,,,,,,,,,,,,,,,,,,,,,,Yes,Hertzian,Feather,,,,,,,,,,,,,RECTANGULAR,NotPrepared,No,14.37,5.23,Main,,,,,,,,,,,18.64,18.64,18.91,18.91,4.13,1.78,,N,
2140,LIK,VII,N3d-031,,,Hornfels,0%,,Flake,Complete,,,,,,,,,,,,,,,,,,,,,,Yes,Hertzian,Feather,,,,,,,,,,,,,KITE,NotPrepared,No,4.12,2.15,Main,,,,,,,,,,,18.73,18.73,28.44,19.41,5.79,2,,N,
2141,LIK,VII,N3d-031,,,Hornfels,0%,,Flake,Complete,,,,,,,,,,,,,,,,,,,,,,Yes,Hertzian,Feather,,,,,,,,,,,,,OVAL,NotPrepared,No,7.54,3.64,Main,,,,,,,,,,,14.37,14.37,20.13,20.13,2.03,0.6,,N,
2142,LIK,VII,N3d-031,,,Hornfels,0%,,Flake,Complete,,,,,,,,,,,,,,,,,,,,,,Yes,Hertzian,Feather,,,,,,,,,,,,,TRIANGULAR,NotPrepared,No,5.53,3.93,Main,,,,,,,,,,,24.39,24.39,26.5,22.51,14.96,6.17,,N,
2143,LIK,VII,N3d-031,,,Hornfels,0%,,Flake,Complete,,,,,,,,,,,,,,,,,,,,,,Yes,Hertzian,Feather,,,,,,,,,,,,,RECTANGULAR,NotPrepared,No,7.49,1.79,Main,,,,,,,,,,,17.11,17.11,16.52,16.52,5.19,1.67,,N,
215,LIK,XIV,P5-056,,,Opaline/CCS,0%,,Flake,Proximal,,,,,,,,,,,,,,,,,,,,,,Yes,Hertzian,,,,,,,,,,,,,,RECTANGULAR,NotPrepared,No,7.3,2.37,,,,,,,,,,,,20.19,,28.18,,3.64,2.75,,N,
2144,LIK,VII,N3d-031,,,Hornfels,0%,,Flake,Complete,,,,,,,,,,,,,,,,,,,,,,Yes,Hertzian,Feather,,,,,,,,,,,,,OVAL,NotPrepared,No,6.41,3.12,Main,,,,,,,,,,,12.8,12.8,15.07,10.04,2.37,0.36,,N,
2145,LIK,VII,N3d-031,,,Hornfels,0%,,Flake,Complete,,,,,,,,,,,,,,,,,,,,,,Yes,Hertzian,Feather,,,,,,,,,,,,,OVAL,Indeterminate,No,3.84,1.11,Main,,,,,,,,,,,8.6,8.6,12.83,11.18,1.46,0.16,,N,
2146,LIK,VII,N3d-031,,,Opaline/CCS,0%,,Core,,Complete,,,,,,,,,,,,,,,,,,,,,,,,,,,,,,,,,,,,,,,,,,Platform,Irregular,Cubic,0%,4,3,2,5,4,19.71,38.92,,31.27,,17.01,19.15,,N,
2147,LIK,VII,N3d-031,,,Hornfels,0%,,Core,,Complete,,,,,,,,,,,,,,,,,,,,,,,,,,,,,,,,,,,,,,,,,,Platform,Irregular,Cubic,0%,3,1,5,3,3,17.49,40.91,,25.02,,12.76,15.33,,N,
2148,LIK,VI,J5c-092,,,Opaline/CCS,10-40%,Outcrop,Flake,Complete,,,,,,,,,,,,,,,,,,,,,,Yes,Hertzian,Feather,,,,,,,,,,,,,TRAPEZOIDAL,NotPrepared,No,5.64,1.78,Main,,,,,,,,,,,9.09,9.09,21.97,14.91,2.37,0.38,,N,
2149,LIK,VI,J5c-092,,,Opaline/CCS,0%,,Flake,Complete,,,,,,,,,,,,,,,,,,,,,,Yes,Hertzian,Feather,,,,,,,,,,,,,RECTANGULAR,NotPrepared,No,4.29,1.29,Main,,,,,,,,,,,9.55,9.55,6.45,6.45,1.04,0.08,,N,
2150,LIK,VI,J5b-092,,,Opaline/CCS,0%,,Flake,Complete,,,,,,,,,,,,,,,,,,,,,,Yes,Hertzian,Feather,,,,,,,,,,,,,RECTANGULAR,NotPrepared,No,13.48,2.39,Main,,,,,,,,,,,12.74,9.6,13.3,13.3,2.66,0.56,,N,
2151,LIK,VI,I7b-085,,,Opaline/CCS,0%,,Flake,Complete,,,,,,,,,,,,,,,,,,,,,,Yes,Bending,Feather,,,,,,,,,,,,,RECTANGULAR,NotPrepared,No,9.75,2.45,Main,,,,,,,,,,,11.85,11.85,8.48,8.48,2.28,0.4,,N,
2152,LIK,VI,J5a-089,,,Opaline/CCS,0%,,Flake,Distal,,,,,,,,,,,,,,,,,,,,,,,,Hinge,,,,,,,,,,,,,RECTANGULAR,,,,,,,,,,,,,,,,8.12,,18.61,,2.28,0.44,,N,
2153,LIK,VI,J7c-084,,,Opaline/CCS,0%,,Flake,Complete,,,,,,,,,,,,,,,,,,,,,,Yes,Hertzian,Feather,,,,,,,,,,,,,TRAPEZOIDAL,Indeterminate,No,3.57,0.79,Main,,,,,,,,,,,7.02,7.02,12.75,9.58,2.04,0.15,,N,
216,LIK,XIV,P5-056,,,Opaline/CCS,0%,,Flake,Proximal,,,,,,,,,,,,,,,,,,,,,,Yes,Wedging,,,,,,,,,,,,,,RECTANGULAR,Indeterminate,No,3.71,0.89,,,,,,,,,,,,13.53,,10.62,,1.61,0.3,,N,
2154,LIK,VI,J7b-084,,,Opaline/CCS,0%,,Flake,Proximal,,,,,,,,,,,,,,,,,,,,,,Yes,Hertzian,,,,,,,,,,,,,,TRIANGULAR,NotPrepared,No,10.98,6.4,,,,,,,,,,,,14.77,,12.1,,5.93,0.81,,N,
2155,LIK,VI,I7d-084,,,Siltstone,0%,,Flake,Proximal,,,,,,,,,,,,,,,,,,,,,,Yes,Hertzian,,,,,,,,,,,,,,RECTANGULAR,NotPrepared,No,9.82,2.68,,,,,,,,,,,,11.26,,9.88,,2.07,0.25,,N,
2156,LIK,VI,J6c-084,,,Opaline/CCS,0%,,Flake,Complete,,,,,,,,,,,,,,,,,,,,,,Yes,Hertzian,Feather,,,,,,,,,,,,,OVAL,NotPrepared,No,7.73,4.92,Main,,,,,,,,,,,13.98,13.98,13.32,9.69,3.83,0.63,,N,
2157,LIK,VI,J5d-089,,,Hornfels,0%,,Flake,Complete,,,,,,,,,,,,,,,,,,,,,,Yes,Hertzian,Hinge,,,,,,,,,,,,,RECTANGULAR,NotPrepared,No,6.35,2.12,Main,,,,,,,,,,,20.12,20.12,15.06,15.06,3.78,1.61,,N,
2158,LIK,VI,K4a-089,,,Hornfels,0%,,Flake,Complete,,,,,,,,,,,,,,,,,,,,,,Yes,Hertzian,Feather,,,,,,,,,,,,,KITE,NotPrepared,No,9.99,3.61,Main,,,,,,,,,,,23.99,23.99,19.96,17.82,3.31,1.4,,N,
2159,LIK,VI,K4c-089,,,Opaline/CCS,0%,,Flake,Complete,,,,,,,,,,,,,,,,,,,,,,Yes,Hertzian,Feather,,,,,,,,,,,,,RECTANGULAR,Indeterminate,No,5.23,1.18,Main,,,,,,,,,,,22.47,22.47,9.55,9.55,1.25,0.43,,N,
2160,LIK,VI,K6d-090,,,Hornfels,0%,,Flake,Distal,,,,,,,,,,,,,,,,,,,,,,,,Feather,,,,,,,,,,,,,TRIANGULAR,,,,,,,,,,,,,,,,7.69,,13.71,,2.06,0.19,,N,
2161,LIK,VI,I6d-090,,,Tuff,0%,,Flake,Complete,,,,,,,,,,,,,,,,,,,,,,Yes,Hertzian,Feather,,,,,,,,,,,,,TRIANGULAR,NotPrepared,No,6.86,2.79,Main,,,,,,,,,,,13.94,13.94,8.03,6.01,4.04,0.39,,N,
2162,LIK,VI,K5b-089,,,Opaline/CCS,0%,,Core,,Complete,,,,,,,,,,,,,,,,,,,,,,,,,,,,,,,,,,,,,,,,,,Platform,Irregular,Cubic,0%,3,3,3,3,4,26.57,29.04,,14.51,,6.5,5.43,,N,
2163,LIK,V,L4B-082,,,Opaline/CCS,0%,,Flake,Proximal,,,,,,,,,,,,,,,,,,,,,,Yes,Hertzian,,,,,,,,,,,,,,OVAL,NotPrepared,No,2.94,1.57,,,,,,,,,,,,17.55,,14.85,,3.29,0.99,,N,
217,LIK,XIV,P5-056,,,Opaline/CCS,0%,,Flake,Fragment,,,,,,,,,,,,,,,,,,,,,,,,,,,,,,,,,,,,,TRAPEZOIDAL,,,,,,,,,,,,,,,,24.44,,12.9,,3.53,1.45,,N,
2164,LIK,V,L4b-082,,,Opaline/CCS,0%,,Flake,Complete,,,,,,,,,,,,,,,,,,,,,,Yes,Hertzian,Feather,,,,,,,,,,,,,TRAPEZOIDAL,NotPrepared,No,4.09,1.71,Main,,,,,,,,,,,9.81,9.81,23.94,14.4,2.27,0.35,,N,
2165,LIK,V,L4b-082,,,Opaline/CCS,0%,,Flake,Complete,,,,,,,,,,,,,,,,,,,,,,Yes,Hertzian,Feather,,,,,,,,,,,,,RHOMBUS,NotPrepared,No,9.27,3.12,Main,,,,,,,,,,,23.32,23.32,35.63,21.8,4.9,4.4,Ut,N,
2166,LIK,V,L4b-082,,,Opaline/CCS,0%,,Flake,Complete,,,,,,,,,,,,,,,,,,,,,,Yes,Hertzian,Feather,,,,,,,,,,,,,RECTANGULAR,NotPrepared,No,8.49,3.65,Main,,,,,,,,,,,19.06,18.72,13.55,13.55,7.6,3.08,,N,
2167,LIK,V,L4b-082,,,Hornfels,0%,,Flake,Complete,,,,,,,,,,,,,,,,,,,,,,Yes,Hertzian,Feather,,,,,,,,,,,,,TRAPEZOIDAL,NotPrepared,No,8.15,3.74,Main,,,,,,,,,,,38.59,32.49,20.55,20.55,6.22,6.45,,N,
2168,LIK,V,L4b-082,,,Hornfels,0%,,Flake,Complete,,,,,,,,,,,,,,,,,,,,,,Yes,Hertzian,Feather,,,,,,,,,,,,,RECTANGULAR,NotPrepared,No,6.82,3.13,Main,,,,,,,,,,,28.11,28.11,20.91,16.22,7.29,3.67,Ut,N,
2169,LIK,V,L4b-082,,,Opaline/CCS,0%,,Flake,Complete,,,,,,,,,,,,,,,,,,,,,,Yes,Hertzian,Feather,,,,,,,,,,,,,TRAPEZOIDAL,NotPrepared,No,11.06,4.19,Main,,,,,,,,,,,29.41,29.41,17.39,,6.33,3.91,Ut,N,
2170,LIK,V,K4d-082,,,Opaline/CCS,0%,,Flake,Proximal,,,,,,,,,,,,,,,,,,,,,,Yes,Hertzian,,,,,,,,,,,,,,RECTANGULAR,NotPrepared,No,2.56,1.5,,,,,,,,,,,,8.78,,9.67,,4.28,0.31,,N,
2171,LIK,V,K4d-082,,,Opaline/CCS,0%,,Flake,Distal,,,,,,,,,,,,,,,,,,,,,,,,Feather,,,,,,,,,,,,,RECTANGULAR,,,,,,,,,,,,,,,,11.14,,8.78,,4.18,0.47,,N,
2172,LIK,V,K4d-082,,,Opaline/CCS,0%,,Flake,Proximal,,,,,,,,,,,,,,,,,,,,,,Yes,Hertzian,,,,,,,,,,,,,,RECTANGULAR,NotPrepared,No,3.58,1.79,,,,,,,,,,,,18.04,,11.5,,2.24,0.55,,N,
2173,LIK,V,K4d-082,,,Opaline/CCS,0%,,Flake,Complete,,,,,,,,,,,,,,,,,,,,,,Yes,Hertzian,Feather,,,,,,,,,,,,,RECTANGULAR,NotPrepared,No,4.56,2.46,Main,,,,,,,,,,,41.23,41.23,7.47,7.47,5.06,1.9,Ut,N,
218,LIK,XIV,P5-056,,,Opaline/CCS,0%,,Flake,Complete,,,,,,,,,,,,,,,,,,,,,,Yes,Hertzian,Feather,,,,,,,,,,,,,OVAL,NotPrepared,No,11.65,4.13,Main,,,,,,,,,,,23.3,23.3,29.52,29.52,4.24,3,,N,
2174,LIK,V,K4d-082,,,Opaline/CCS,0%,,Flake,Fragment,,,,,,,,,,,,,,,,,,,,,,,,,,,,,,,,,,,,,RECTANGULAR,,,,,,,,,,,,,,,,26.98,,22.25,,9.77,8.97,Ret; Ut,N,
2175,LIK,V,K4d-082,,,Opaline/CCS,0%,,Core,,Complete,,,,,,,,,,,,,,,,,,,,,,,,,,,,,,,,,,,,,,,,,,Platform,Radial,Cubic,0%,4,4,4,4,4,12.23,15.91,,11.53,,8.18,2.57,,N,
2176,LIK,V,K4c-082,,,Opaline/CCS,0%,,Flake,Mesial,,,,,,,,,,,,,,,,,,,,,,,,,,,,,,,,,,,,,RECTANGULAR,,,,,,,,,,,,,,,,10.63,,11.95,,5.63,0.77,,N,
2177,LIK,V,K4c-082,,,Opaline/CCS,0%,,Flake,Complete,,,,,,,,,,,,,,,,,,,,,,Yes,Hertzian,Feather,,,,,,,,,,,,,RECTANGULAR,NotPrepared,No,5.54,1.68,Main,,,,,,,,,,,14.88,14.88,15.24,13.32,2.38,0.74,,N,
2178,LIK,V,K4c-082,,,Opaline/CCS,10-40%,Outcrop,Flake,Complete,,,,,,,,,,,,,,,,,,,,,,Yes,Hertzian,Feather,,,,,,,,,,,,,RHOMBUS,NotPrepared,No,5.74,4.89,Main,,,,,,,,,,,25.01,25.01,11.75,11.09,3.1,1.13,,N,
2179,LIK,V,K4c-082,,,Opaline/CCS,0%,,Flake,Complete,,,,,,,,,,,,,,,,,,,,,,Yes,Hertzian,Feather,,,,,,,,,,,,,RECTANGULAR,NotPrepared,No,16.18,4.32,Main,,,,,,,,,,,29.36,29.36,25.7,25.7,5.47,5.21,Ut,N,
2180,LIK,V,K4c-082,,,Opaline/CCS,10-40%,Outcrop,Flake,Fragment,,,,,,,,,,,,,,,,,,,,,,,,,,,,,,,,,,,,,RECTANGULAR,,,,,,,,,,,,,,,,21.22,,27.08,,10.49,6.85,,N,
2181,LIK,V,I5a-082,,,Opaline/CCS,0%,,Flake,Complete,,,,,,,,,,,,,,,,,,,,,,Yes,Hertzian,Feather,,,,,,,,,,,,,RECTANGULAR,NotPrepared,No,3.7,1.43,Main,,,,,,,,,,,11.58,11.58,7.08,7.08,1.54,0.12,,N,
2182,LIK,V,I5a-082,,,Opaline/CCS,0%,,Flake,Complete,,,,,,,,,,,,,,,,,,,,,,Yes,Hertzian,Feather,,,,,,,,,,,,,TRAPEZOIDAL,NotPrepared,No,8.22,1.85,Main,,,,,,,,,,,9.9,9.9,9.62,7.34,1.12,0.13,,N,
2183,LIK,V,I5a-082,,,Opaline/CCS,0%,,Flake,Complete,,,,,,,,,,,,,,,,,,,,,,Yes,Hertzian,Feather,,,,,,,,,,,,,TRIANGULAR,NotPrepared,No,4.13,1.47,Main,,,,,,,,,,,13.71,13.71,10.47,10.04,1.31,0.17,,N,
219,LIK,XIV,P5-056,,,Opaline/CCS,0%,,Flake,Complete,,,,,,,,,,,,,,,,,,,,,,Yes,Hertzian,Feather,,,,,,,,,,,,,KITE,Indeterminate,No,3.83,0.87,Main,,,,,,,,,,,23.22,23.22,7.62,7.62,2.79,0.43,,N,
2184,LIK,V,I5a-082,,,Opaline/CCS,0%,,Flake,Complete,,,,,,,,,,,,,,,,,,,,,,Yes,Hertzian,Feather,,,,,,,,,,,,,TRAPEZOIDAL,NotPrepared,No,5.5,1.57,Main,,,,,,,,,,,11.54,11.54,18.8,13.14,3.02,0.58,,N,
2185,LIK,V,I5a-082,,,Opaline/CCS,0%,,Flake,Complete,,,,,,,,,,,,,,,,,,,,,,Yes,Hertzian,Feather,,,,,,,,,,,,,TRAPEZOIDAL,NotPrepared,No,12.43,4.84,Main,,,,,,,,,,,14.94,14.94,13.68,9.66,2.78,0.69,,N,
2186,LIK,V,I5a-082,,,Opaline/CCS,0%,,Flake,Complete,,,,,,,,,,,,,,,,,,,,,,Yes,Hertzian,Feather,,,,,,,,,,,,,RECTANGULAR,NotPrepared,No,3.08,1.05,Main,,,,,,,,,,,14.56,14.56,17.28,13.33,2.02,0.48,,N,
2187,LIK,V,I5a-082,,,Opaline/CCS,0%,,Core,,Complete,,,,,,,,,,,,,,,,,,,,,,,,,,,,,,,,,,,,,,,,,,Platform,Irregular,Cubic,0%,3,3,2,5,3,14.65,14.64,,13.59,,9.54,3.96,,N,
2188,LIK,V,I6c-082,,,Opaline/CCS,0%,,Flake,Mesial,,,,,,,,,,,,,,,,,,,,,,,,,,,,,,,,,,,,,TRIANGULAR,,,,,,,,,,,,,,,,11.64,,19.92,,5.82,1.05,,N,
2189,LIK,V,I6c-082,,,Opaline/CCS,0%,,Flake,Complete,,,,,,,,,,,,,,,,,,,,,,Yes,Hertzian,Feather,,,,,,,,,,,,,RECTANGULAR,NotPrepared,No,6.99,3.29,Main,,,,,,,,,,,18.1,18.1,11.46,11.2,2.61,0.69,,N,
2190,LIK,V,K4a-082,,,Opaline/CCS,0%,,Flake,Mesial,,,,,,,,,,,,,,,,,,,,,,,,,,,,,,,,,,,,,RECTANGULAR,,,,,,,,,,,,,,,,8.9,,10.79,,1.32,0.17,Ut,N,
2191,LIK,V,K4a-082,,,Opaline/CCS,0%,,Flake,Complete,,,,,,,,,,,,,,,,,,,,,,Yes,Hertzian,Feather,,,,,,,,,,,,,OVAL,NotPrepared,No,6.99,3.11,Main,,,,,,,,,,,17,15.71,12.88,12.88,3.62,0.79,,N,
2192,LIK,V,K4a-082,,,Opaline/CCS,0%,,Flake,Fragment,,,,,,,,,,,,,,,,,,,,,,,,,,,,,,,,,,,,,TRIANGULAR,,,,,,,,,,,,,,,,13.3,,13.81,,3.9,0.71,,N,
2193,LIK,V,K4a-082,,,Opaline/CCS,0%,,Flake,Proximal,,,,,,,,,,,,,,,,,,,,,,Yes,Hertzian,,,,,,,,,,,,,,TRAPEZOIDAL,NotPrepared,No,12.14,3.8,,,,,,,,,,,,14.67,,16.17,,4.02,1.17,Ut,N,
220,LIK,XIV,P5-056,,,Opaline/CCS,0%,,Flake,Proximal,,,,,,,,,,,,,,,,,,,,,,Yes,Hertzian,,,,,,,,,,,,,,TRIANGULAR,NotPrepared,No,7.01,1.52,,,,,,,,,,,,13.68,,13.6,,2.5,0.43,,N,
2194,LIK,V,K4a-082,,,Opaline/CCS,0%,,Flake,Complete,,,,,,,,,,,,,,,,,,,,,,Yes,Hertzian,Feather,,,,,,,,,,,,,OVAL,NotPrepared,No,7.13,2.81,Main,,,,,,,,,,,14.8,14.8,13.62,13.62,3.19,0.74,,N,
2195,LIK,V,K4a-082,,,Opaline/CCS,0%,,Flake,Complete,,,,,,,,,,,,,,,,,,,,,,Yes,Hertzian,Feather,,,,,,,,,,,,,RECTANGULAR,NotPrepared,No,4.21,1.62,Main,,,,,,,,,,,9.05,9.05,18.75,18.75,4.58,0.8,Ut,N,
2196,LIK,V,K4a-082,,,Opaline/CCS,0%,,Flake,Complete,,,,,,,,,,,,,,,,,,,,,,Yes,Hertzian,Feather,,,,,,,,,,,,,TRAPEZOIDAL,NotPrepared,No,7.16,3.29,Main,,,,,,,,,,,10.76,10.76,26.46,19.65,3.25,0.91,,N,
2197,LIK,V,K4a-082,,,Opaline/CCS,0%,,Flake,Proximal,,,,,,,,,,,,,,,,,,,,,,Yes,Hertzian,,,,,,,,,,,,,,RECTANGULAR,NotPrepared,No,7.43,3.45,,,,,,,,,,,,15.43,,11.76,,2.13,0.59,,N,
2198,LIK,V,K4a-082,,,Opaline/CCS,0%,,Flake,Complete,,,,,,,,,,,,,,,,,,,,,,Yes,Hertzian,Feather,,,,,,,,,,,,,OVAL,NotPrepared,No,5.79,0.87,Main,,,,,,,,,,,11.3,11.3,10.84,10.84,1.89,0.22,Ut,N,
2199,LIK,V,K4a-082,,,Hornfels,0%,,Flake,Complete,,,,,,,,,,,,,,,,,,,,,,Yes,Hertzian,Feather,,,,,,,,,,,,,TRIANGULAR,NotPrepared,No,8.49,2.84,Main,,,,,,,,,,,10.64,10.64,10.27,7.36,2.33,0.24,,N,
2200,LIK,V,K4a-082,,,Hornfels,0%,,Flake,Proximal,,,,,,,,,,,,,,,,,,,,,,Yes,Hertzian,,,,,,,,,,,,,,RECTANGULAR,NotPrepared,No,4.38,1.46,,,,,,,,,,,,12.38,,14.2,,5.91,1.13,,N,
2201,LIK,V,K4a-082,,,Hornfels,0%,,Flake,Complete,,,,,,,,,,,,,,,,,,,,,,Yes,Hertzian,Feather,,,,,,,,,,,,,RECTANGULAR,NotPrepared,No,7.33,2.14,Main,,,,,,,,,,,11.91,11.91,7.62,7.62,2.21,0.23,,N,
2202,LIK,V,K4a-082,,,Hornfels,0%,,Flake,Complete,,,,,,,,,,,,,,,,,,,,,,Yes,Hertzian,Hinge,,,,,,,,,,,,,TRIANGULAR,NotPrepared,No,10.04,4.22,Main,,,,,,,,,,,29.11,29.11,38.17,32.98,10.72,13.42,,N,
2203,LIK,V,K4a-082,,,Opaline/CCS,0%,,Flake,Complete,,,,,,,,,,,,,,,,,,,,,,Yes,Hertzian,Feather,,,,,,,,,,,,,RECTANGULAR,NotPrepared,No,7.78,4.68,Main,,,,,,,,,,,12.88,12.88,8.01,8.01,2.47,0.46,Ut,N,
22,LIK,XV,O5c-057,,,Hornfels,0%,,Flake,Proximal,,,,,,,,,,,,,,,,,,,,,,Yes,Bending,,,,,,,,,,,,,,RECTANGULAR,NotPrepared,No,4.91,1.53,,,,,,,,,,,,8.58,,16.58,,1.63,0.31,,N,
221,LIK,XIV,P5-056,,,Opaline/CCS,0%,,Flake,Complete,,,,,,,,,,,,,,,,,,,,,,Yes,Hertzian,Step,,,,,,,,,,,,,RECTANGULAR,NotPrepared,No,3.37,3.22,Main,,,,,,,,,,,29.96,29.96,12.63,10.32,3.9,2.08,,N,
2204,LIK,V,K4b-082,,,Opaline/CCS,0%,,Flake,Complete,,,,,,,,,,,,,,,,,,,,,,Yes,Bending,Feather,,,,,,,,,,,,,TRAPEZOIDAL,NotPrepared,No,13.78,4.19,Main,,,,,,,,,,,7.22,3.19,14.34,8.02,4.61,0.41,,N,
2205,LIK,V,K4b-082,,,Opaline/CCS,0%,,Flake,Complete,,,,,,,,,,,,,,,,,,,,,,Yes,Hertzian,Feather,,,,,,,,,,,,,RECTANGULAR,NotPrepared,No,5.52,2.48,Main,,,,,,,,,,,30.5,30.5,6.74,6.74,5.06,1.41,Ut,N,
2206,LIK,V,K4b-082,,,Opaline/CCS,0%,,Flake,Proximal,,,,,,,,,,,,,,,,,,,,,,Yes,Hertzian,,,,,,,,,,,,,,TRIANGULAR,NotPrepared,No,14.45,4.06,,,,,,,,,,,,9.4,,14.98,,3.65,0.52,,N,
2207,LIK,V,K4b-082,,,Opaline/CCS,0%,,Flake,Complete,,,,,,,,,,,,,,,,,,,,,,Yes,Hertzian,Feather,,,,,,,,,,,,,RECTANGULAR,NotPrepared,No,10.16,1.87,Main,,,,,,,,,,,21.25,17.78,13.27,13.27,3.13,1.12,,N,
2208,LIK,V,K4b-082,,,Opaline/CCS,0%,,Flake,Complete,,,,,,,,,,,,,,,,,,,,,,Yes,Hertzian,Feather,,,,,,,,,,,,,TRIANGULAR,NotPrepared,No,9.69,4.59,Main,,,,,,,,,,,20.86,20.86,10.7,10.7,2.32,0.77,,N,
2209,LIK,V,K4b-082,,,Opaline/CCS,0%,,Flake,Fragment,,,,,,,,,,,,,,,,,,,,,,,,,,,,,,,,,,,,,TRIANGULAR,,,,,,,,,,,,,,,,24.31,,23.89,,10.02,6.29,Ut,N,
2210,LIK,V,L6d-081,,,Opaline/CCS,0%,,Flake,Complete,,,,,,,,,,,,,,,,,,,,,,Yes,Hertzian,Feather,,,,,,,,,,,,,TRIANGULAR,NotPrepared,No,2.38,1.48,Main,,,,,,,,,,,10.95,10.98,7.04,6.61,1.92,0.15,,N,
2211,LIK,V,L6d-081,,,Opaline/CCS,0%,,Flake,Complete,,,,,,,,,,,,,,,,,,,,,,Yes,Hertzian,Feather,,,,,,,,,,,,,RECTANGULAR,NotPrepared,No,4.12,1.55,Main,,,,,,,,,,,8.98,8.98,21.56,15.87,1.84,0.45,,N,
2212,LIK,V,L6d-081,,,Opaline/CCS,0%,,Flake,Complete,,,,,,,,,,,,,,,,,,,,,,Yes,Hertzian,Feather,,,,,,,,,,,,,TRAPEZOIDAL,NotPrepared,No,5.71,2.99,Main,,,,,,,,,,,17.56,17.56,19.54,16.76,2.9,0.97,Ut,N,
2213,LIK,V,L6d-081,,,Opaline/CCS,0%,,Flake,Proximal,,,,,,,,,,,,,,,,,,,,,,Yes,Hertzian,,,,,,,,,,,,,,RECTANGULAR,NotPrepared,No,5.98,2.83,,,,,,,,,,,,12.87,,20.55,,5.77,1.62,,N,
222,LIK,XIV,P5-056,,,Opaline/CCS,0%,,Flake,Complete,,,,,,,,,,,,,,,,,,,,,,Yes,Bending,Feather,,,,,,,,,,,,,TRIANGULAR,NotPrepared,No,17.46,2.8,Main,,,,,,,,,,,16.98,16.98,23.71,19.13,2.67,1.33,,N,
2214,LIK,V,L6d-081,,,Opaline/CCS,0%,,Flake,Complete,,,,,,,,,,,,,,,,,,,,,,Yes,Hertzian,Feather,,,,,,,,,,,,,TRAPEZOIDAL,NotPrepared,No,7.24,3.11,Main,,,,,,,,,,,17.25,17.25,15.98,14.39,4.11,1.14,Ut,N,
2215,LIK,V,L6d-081,,,Hornfels,0%,,Flake,Complete,,,,,,,,,,,,,,,,,,,,,,Yes,Hertzian,Feather,,,,,,,,,,,,,OVAL,NotPrepared,No,2.17,1.18,Main,,,,,,,,,,,6.91,6.91,10.18,9.45,1.3,0.11,,N,
2216,LIK,V,L6d-081,,,Hornfels,0%,,Flake,Distal,,,,,,,,,,,,,,,,,,,,,,,,Feather,,,,,,,,,,,,,TRIANGULAR,,,,,,,,,,,,,,,,15.78,,11.51,,2.92,0.43,,N,
2217,LIK,V,L6d-081,,,Siltstone,0%,,Flake,Complete,,,,,,,,,,,,,,,,,,,,,,Yes,Hertzian,Feather,,,,,,,,,,,,,TRAPEZOIDAL,NotPrepared,No,11.83,8.76,Main,,,,,,,,,,,30.07,30.07,41,27.81,6.09,8.85,Ut,N,
2218,LIK,V,L6d-081,,,Opaline/CCS,0%,,Flake,Complete,,,,,,,,,,,,,,,,,,,,,,Yes,Hertzian,Feather,,,,,,,,,,,,,RECTANGULAR,NotPrepared,No,7.88,4.82,Main,,,,,,,,,,,31.08,31.08,22.6,22.6,6.8,5.78,Ut,N,
2219,LIK,V,L6d-081,,,Opaline/CCS,0%,,Flake,Complete,,,,,,,,,,,,,,,,,,,,,,Yes,Hertzian,Feather,,,,,,,,,,,,,TRAPEZOIDAL,NotPrepared,No,7.27,2.93,Main,,,,,,,,,,,30.42,30.42,29.68,23.8,6.17,6.97,Ut,N,
2220,LIK,V,L6d-081,,,Hornfels,0%,,Flake,Complete,,,,,,,,,,,,,,,,,,,,,,Yes,Hertzian,Feather,,,,,,,,,,,,,RECTANGULAR,NotPrepared,No,16.16,6.31,Main,,,,,,,,,,,18.63,18.63,17.56,17.56,5.85,2.8,,N,
2221,LIK,V,K6d-081,,,Opaline/CCS,0%,,Flake,Complete,,,,,,,,,,,,,,,,,,,,,,Yes,Hertzian,Hinge,,,,,,,,,,,,,TRIANGULAR,NotPrepared,No,5.1,3.61,Main,,,,,,,,,,,18.77,18.77,24.73,17.35,3.16,1.54,,N,
2222,LIK,V,L6b-081,,,Opaline/CCS,0%,,Flake,Complete,,,,,,,,,,,,,,,,,,,,,,Yes,Wedging,Bipolar,,,,,,,,,,,,,RECTANGULAR,NotPrepared,No,7.42,2.15,Main,,,,,,,,,,,8.54,8.54,11.08,11.08,3.7,0.32,From Bipolar Core,N,
2223,LIK,V,L6b-081,,,Opaline/CCS,0%,,Flake,Complete,,,,,,,,,,,,,,,,,,,,,,Yes,Hertzian,Feather,,,,,,,,,,,,,TRAPEZOIDAL,NotPrepared,No,9.2,1.45,Main,,,,,,,,,,,14.12,14.12,18.7,13.43,2.64,0.94,Ut,N,
223,LIK,XIV,P5-056,,,Opaline/CCS,0%,,Flake,Complete,,,,,,,,,,,,,,,,,,,,,,Yes,Hertzian,Feather,,,,,,,,,,,,,RECTANGULAR,NotPrepared,No,4.57,3.26,Main,,,,,,,,,,,24.45,24.45,10.88,10.88,5.87,1.45,,N,
2224,LIK,V,L6b-081,,,Opaline/CCS,0%,,Flake,Complete,,,,,,,,,,,,,,,,,,,,,,Yes,Hertzian,Feather,,,,,,,,,,,,,RECTANGULAR,NotPrepared,No,3.46,1.62,Main,,,,,,,,,,,15.47,15.47,11.41,7.82,1.08,0.21,,N,
2225,LIK,V,L6b-081,,,Opaline/CCS,0%,,Flake,Complete,,,,,,,,,,,,,,,,,,,,,,Yes,Hertzian,Hinge,,,,,,,,,,,,,RECTANGULAR,Indeterminate,No,4.25,0.94,Main,,,,,,,,,,,17.82,17.82,10.4,10.4,2.52,0.66,Ut,N,
2226,LIK,V,L6b-081,,,Opaline/CCS,0%,,Flake,Complete,,,,,,,,,,,,,,,,,,,,,,Yes,Hertzian,Feather,,,,,,,,,,,,,RECTANGULAR,NotPrepared,No,1.74,0.8,Main,,,,,,,,,,,11.72,11.72,4.61,4.61,0.77,0.05,,N,
2227,LIK,V,L6b-081,,,Opaline/CCS,0%,,Flake,Complete,,,,,,,,,,,,,,,,,,,,,,Yes,Hertzian,Feather,,,,,,,,,,,,,RECTANGULAR,NotPrepared,No,9.25,2.66,Main,,,,,,,,,,,13.05,11.33,11,11,2.76,0.34,,N,
2228,LIK,V,L6b-081,,,Opaline/CCS,0%,,Flake,Complete,,,,,,,,,,,,,,,,,,,,,,Yes,Hertzian,Feather,,,,,,,,,,,,,TRAPEZOIDAL,NotPrepared,No,11.24,3.38,Main,,,,,,,,,,,9.92,9.92,13.67,11.99,3.11,0.38,Ut,N,
2229,LIK,V,L6b-081,,,Opaline/CCS,0%,,Flake,Complete,,,,,,,,,,,,,,,,,,,,,,Yes,Hertzian,Feather,,,,,,,,,,,,,TRIANGULAR,FacetWithBulb,No,11,5.63,Main,,,,,,,,,,,34.78,34.78,19.12,17.53,2.38,2.25,Ut,N,
2230,LIK,V,L6c-081,,,Opaline/CCS,0%,,Flake,Complete,,,,,,,,,,,,,,,,,,,,,,Yes,Hertzian,Feather,,,,,,,,,,,,,RECTANGULAR,NotPrepared,No,4.4,1.83,Main,,,,,,,,,,,15.56,15.56,9.66,9.66,1.63,0.34,,N,
2231,LIK,V,L6c-081,,,Siltstone,0%,,Flake,Complete,,,,,,,,,,,,,,,,,,,,,,Yes,Hertzian,Feather,,,,,,,,,,,,,TRIANGULAR,NotPrepared,No,35.4,14.1,Main,,,,,,,,,,,56.16,56.16,35.48,35.48,18.13,39.93,,N,
2232,LIK,V,L6c-081,,,Siltstone,0%,,Core,,Complete,,,,,,,,,,,,,,,,,,,,,,,,,,,,,,,,,,,,,,,,,,Platform,Irregular,Cubic,0%,5,4,4,2,2,10.62,15.43,,11.16,,9.97,2,,N,
2233,LIK,V,J6a-081,,,Hornfels,0%,,Flake,Complete,,,,,,,,,,,,,,,,,,,,,,Yes,Bending,Feather,,,,,,,,,,,,,RECTANGULAR,NotPrepared,No,3.21,2.79,Main,,,,,,,,,,,35.45,35.45,5.77,5.77,4.4,1.24,,N,
224,LIK,XIV,P5-056,,,Opaline/CCS,0%,,Flake,Complete,,,,,,,,,,,,,,,,,,,,,,Yes,Bending,Feather,,,,,,,,,,,,,RHOMBUS,NotPrepared,No,9.72,3.2,Main,,,,,,,,,,,16.25,16.25,18.88,14.52,3.68,1.52,,N,
2234,LIK,V,J5a-021,,,Opaline/CCS,0%,,Flake,Complete,,,,,,,,,,,,,,,,,,,,,,Yes,Bending,Feather,,,,,,,,,,,,,RECTANGULAR,NotPrepared,No,7.51,1.78,Main,,,,,,,,,,,9.23,9.23,10.42,10.42,1.56,0.21,,N,
2235,LIK,V,J5a-021,,,Opaline/CCS,0%,,Flake,Complete,,,,,,,,,,,,,,,,,,,,,,Yes,Hertzian,Feather,,,,,,,,,,,,,RECTANGULAR,NotPrepared,No,5.78,1.91,Main,,,,,,,,,,,13.37,13.37,7.49,7.49,3.1,0.32,,N,
2236,LIK,V,J5a-021,,,Opaline/CCS,0%,,Flake,Mesial,,,,,,,,,,,,,,,,,,,,,,,,,,,,,,,,,,,,,TRIANGULAR,,,,,,,,,,,,,,,,14.61,,8.39,,2.26,0.28,,N,
2237,LIK,V,J5a-021,,,Opaline/CCS,0%,,Flake,Complete,,,,,,,,,,,,,,,,,,,,,,Yes,Bending,Overshot,,,,,,,,,,,,,OVAL,NotPrepared,No,7.23,3.71,Main,,,,,,,,,,,13.59,13.59,11.55,11.55,2.03,0.51,,N,
2238,LIK,V,J5a-021,,,Opaline/CCS,0%,,Flake,Proximal,,,,,,,0,,0,0,0,0,0,0,0,0,0,0,0,0,0,Yes,Bending,,,0,0,0,0,0,0,0,0,0,0,0,RECTANGULAR,NotPrepared,No,6.01,3.36,,,,,,0,0,0,0,0,0,14.39,0,8.99,0,2.17,0.52,,N,
2239,LIK,V,J5a-021,,,Opaline/CCS,0%,,Flake,Complete,,,,,,,,,,,,,,,,,,,,,,Yes,Hertzian,Feather,,,,,,,,,,,,,TRAPEZOIDAL,NotPrepared,No,4.07,1.72,Main,,,,,,,,,,,14.87,14.87,12.08,12.08,1.79,0.32,,N,
2240,LIK,V,J5a-021,,,Opaline/CCS,0%,,Flake,Complete,,,,,,,,,,,,,,,,,,,,,,Yes,Hertzian,Feather,,,,,,,,,,,,,RECTANGULAR,NotPrepared,No,8.33,1.73,Initial,,,,,,,,,,,9.19,9.19,10.66,9.14,1.34,0.16,,N,
2241,LIK,V,J5a-021,,,Opaline/CCS,0%,,Flake,Complete,,,,,,,,,,,,,,,,,,,,,,Yes,Hertzian,Feather,,,,,,,,,,,,,TRAPEZOIDAL,NotPrepared,No,3.19,1.14,Main,,,,,,,,,,,12.77,12.77,14.03,11.32,2.52,0.52,,N,
2242,LIK,V,J5a-021,,,Opaline/CCS,0%,,Flake,Complete,,,,,,,,,,,,,,,,,,,,,,Yes,Hertzian,Feather,,,,,,,,,,,,,TRIANGULAR,NotPrepared,No,2.18,1.35,Main,,,,,,,,,,,13.97,13.97,7.52,7.52,2.39,0.29,,N,
2243,LIK,V,J5a-021,,,Opaline/CCS,0%,,Flake,Complete,,,,,,,,,,,,,,,,,,,,,,Yes,Hertzian,Feather,,,,,,,,,,,,,RECTANGULAR,NotPrepared,No,1.99,1.09,Main,,,,,,,,,,,15.41,15.41,6.29,6.29,1.07,0.15,Ret; Potential Backing,N,
225,LIK,XIV,P5-056,,,Opaline/CCS,0%,,Flake,Complete,,,,,,,,,,,,,,,,,,,,,,Yes,Hertzian,Feather,,,,,,,,,,,,,RECTANGULAR,NotPrepared,No,12.28,2.8,Main,,,,,,,,,,,8.75,7.45,15.23,15.23,1.79,0.4,,N,
2244,LIK,V,J5a-021,,,Opaline/CCS,0%,,Flake,Complete,,,,,,,,,,,,,,,,,,,,,,Yes,Hertzian,Feather,,,,,,,,,,,,,RECTANGULAR,NotPrepared,No,2.88,1.51,Main,,,,,,,,,,,13.08,13.08,5.96,5.96,1.85,0.13,,N,
2245,LIK,V,J5a-021,,,Opaline/CCS,0%,,Flake,Distal,,,,,,,,,,,,,,,,,,,,,,,,Feather,,,,,,,,,,,,,TRIANGULAR,,,,,,,,,,,,,,,,19.21,,24.78,,3.44,1.5,,N,
2246,LIK,V,J5a-021,,,Opaline/CCS,0%,,Flake,Complete,,,,,,,,,,,,,,,,,,,,,,Yes,Hertzian,Feather,,,,,,,,,,,,,TRAPEZOIDAL,NotPrepared,No,7.14,2.42,Main,,,,,,,,,,,23.56,23.56,28.8,21.78,6.75,4.15,,N,
2247,LIK,V,J5a-021,,,Opaline/CCS,0%,,Flake,Distal,,,,,,,,,,,,,,,,,,,,,,,,Overshot,,,,,,,,,,,,,TRAPEZOIDAL,,,,,,,,,,,,,,,,12.52,,23.2,,2.39,0.76,,N,
2248,LIK,V,J5a-021,,,Opaline/CCS,0%,,Flake,Complete,,,,,,,,,,,,,,,,,,,,,,Yes,Bending,Overshot,,,,,,,,,,,,,RECTANGULAR,NotPrepared,No,14.6,4.46,Main,,,,,,,,,,,12.86,12.86,19.98,19.98,5.49,2.26,,N,
2249,LIK,V,J5a-021,,,Opaline/CCS,0%,,Flake,Complete,,,,,,,,,,,,,,,,,,,,,,Yes,Hertzian,Step,,,,,,,,,,,,,TRAPEZOIDAL,NotPrepared,No,16.07,6,Main,,,,,,,,,,,23.76,23.76,31.91,31.91,6.06,4.49,,N,
2250,LIK,V,J5a-021,,,Opaline/CCS,0%,,Flake,Proximal,,,,,,,,,,,,,,,,,,,,,,Yes,Hertzian,,,,,,,,,,,,,,RECTANGULAR,NotPrepared,No,21.19,2.04,,,,,,,,,,,,16.96,,24.69,,3.4,2.4,Ut,N,
2251,LIK,V,J5a-021,,,Opaline/CCS,0%,,Flake,Complete,,,,,,,,,,,,,,,,,,,,,,Yes,Hertzian,Feather,,,,,,,,,,,,,RECTANGULAR,NotPrepared,No,11.85,4.94,Main,,,,,,,,,,,27.35,27.35,25.5,25.5,8.99,7.38,Ret; Ut,N,
2252,LIK,V,J5a-021,,,Opaline/CCS,0%,,Flake,Complete,,,,,,,,,,,,,,,,,,,,,,Yes,Hertzian,Overshot,,,,,,,,,,,,,RECTANGULAR,NotPrepared,No,20.56,19.1,Main,,,,,,,,,,,48.44,48.44,26.01,26.01,30.2,38.37,Ut,N,
2253,LIK,V,J5a-021,,,Opaline/CCS,0%,,Flake,Complete,,,,,,,,,,,,,,,,,,,,,,Yes,Hertzian,Feather,,,,,,,,,,,,,OVAL,NotPrepared,No,5.05,3.1,Main,,,,,,,,,,,16.08,16.08,11.22,11.22,7.29,2.03,,N,
226,LIK,XIV,P5-056,,,Opaline/CCS,0%,,Flake,Complete,,,,,,,,,,,,,,,,,,,,,,Yes,Hertzian,Feather,,,,,,,,,,,,,TRIANGULAR,NotPrepared,No,7.36,1.48,Main,,,,,,,,,,,15.21,15.21,10.35,10.31,1.31,0.32,,N,
2254,LIK,V,J5a-021,,,Opaline/CCS,0%,,Flake,Complete,,,,,,,,,,,,,,,,,,,,,,Yes,Hertzian,Feather,,,,,,,,,,,,,OVAL,NotPrepared,No,5.95,2.07,Main,,,,,,,,,,,15.56,15.56,10.23,10.23,1.96,0.37,Ut,N,
2255,LIK,V,J5a-021,,,Opaline/CCS,0%,,Flake,Complete,,,,,,,,,,,,,,,,,,,,,,Yes,Hertzian,Feather,,,,,,,,,,,,,RECTANGULAR,NotPrepared,No,3.04,1.52,Main,,,,,,,,,,,16.04,16.04,7.79,7.79,2.09,0.34,,N,
2256,LIK,V,J5a-021,,,Opaline/CCS,0%,,Flake,Mesial,,,,,,,,,,,,,,,,,,,,,,,,,,,,,,,,,,,,,RECTANGULAR,,,,,,,,,,,,,,,,42.85,,12.24,,4.46,1.9,Ut,N,
2257,LIK,V,J5a-021,,,Opaline/CCS,0%,,Flake,Complete,,,,,,,,,,,,,,,,,,,,,,Yes,Hertzian,Feather,,,,,,,,,,,,,RECTANGULAR,NotPrepared,No,7.4,4.89,Main,,,,,,,,,,,16.6,16.6,13.76,13.76,3.71,1.03,,N,
2258,LIK,V,J5a-021,,,Hornfels,0%,,Flake,Proximal,,,,,,,,,,,,,,,,,,,,,,Yes,Bending,,,,,,,,,,,,,,TRAPEZOIDAL,NotPrepared,No,6,2.42,,,,,,,,,,,,10.01,,12.09,,1.64,0.29,,N,
2259,LIK,V,J5a-021,,,Hornfels,0%,,Flake,Complete,,,,,,,,,,,,,,,,,,,,,,Yes,Hertzian,Feather,,,,,,,,,,,,,TRAPEZOIDAL,NotPrepared,No,5.56,2.72,Main,,,,,,,,,,,10.06,10.06,12.55,11.23,2.2,0.39,,N,
2260,LIK,V,J5a-021,,,Hornfels,0%,,Flake,Complete,,,,,,,,,,,,,,,,,,,,,,Yes,Hertzian,Feather,,,,,,,,,,,,,RECTANGULAR,NotPrepared,No,8.61,2.59,Main,,,,,,,,,,,23.33,23.33,24.69,19.29,2.77,2.52,Ut,N,
2261,LIK,V,J5a-021,,,Hornfels,0%,,Flake,Complete,,,,,,,,,,,,,,,,,,,,,,Yes,Hertzian,Feather,,,,,,,,,,,,,TRAPEZOIDAL,NotPrepared,No,13.84,7.05,Main,,,,,,,,,,,29.42,21.35,34.78,27.64,5.41,4.17,,N,
2262,LIK,V,J5a-021,,,Opaline/CCS,0%,,Flake,Complete,,,,,,,,,,,,,,,,,,,,,,Yes,Hertzian,Feather,,,,,,,,,,,,,TRAPEZOIDAL,NotPrepared,No,5.69,2.56,Main,,,,,,,,,,,19.13,19.13,31.26,24.54,5.2,3.08,Ut,N,
2263,LIK,V,K5d-021,,,Opaline/CCS,0%,,Flake,Complete,,,,,,,,,,,,,,,,,,,,,,Yes,Wedging,Feather,,,,,,,,,,,,,RECTANGULAR,Indeterminate,No,2.3,0.81,Main,,,,,,,,,,,12.1,12.1,6.12,6.12,0.76,0.06,,N,
227,LIK,XIV,P5-056,,,Opaline/CCS,0%,,Flake,Proximal,,,,,,,,,,,,,,,,,,,,,,Yes,Hertzian,,,,,,,,,,,,,,RECTANGULAR,NotPrepared,No,8.49,2.45,,,,,,,,,,,,14.01,,15.5,,1.96,0.6,,N,
2264,LIK,V,K5d-021,,,Opaline/CCS,0%,,Flake,Distal,,,,,,,,,,,,,,,,,,,,,,,,Feather,,,,,,,,,,,,,RECTANGULAR,,,,,,,,,,,,,,,,14.65,,8.78,,2.44,0.22,,N,
2265,LIK,V,K5d-021,,,Opaline/CCS,0%,,Flake,Complete,,,,,,,,,,,,,,,,,,,,,,Yes,Hertzian,Feather,,,,,,,,,,,,,TRIANGULAR,NotPrepared,No,6.87,3.51,Main,,,,,,,,,,,11.79,11.79,8.2,8.2,3.16,0.34,Ut,N,
2266,LIK,V,K5d-021,,,Opaline/CCS,0%,,Flake,Complete,,,,,,,,,,,,,,,,,,,,,,Yes,Bending,Feather,,,,,,,,,,,,,RECTANGULAR,NotPrepared,No,4.91,2.82,Main,,,,,,,,,,,12.22,12.22,9.31,9.31,2.18,0.29,,N,
2267,LIK,V,K5d-021,,,Opaline/CCS,0%,,Flake,Complete,,,,,,,,,,,,,,,,,,,,,,Yes,Hertzian,Feather,,,,,,,,,,,,,TRIANGULAR,NotPrepared,No,5.6,1.66,Main,,,,,,,,,,,19.95,19.95,15.1,8.24,2.88,0.62,Ut,N,
2268,LIK,V,K5d-021,,,Opaline/CCS,0%,,Flake,Complete,,,,,,,,,,,,,,,,,,,,,,Yes,Hertzian,Feather,,,,,,,,,,,,,TRIANGULAR,NotPrepared,No,2.74,1.28,Main,,,,,,,,,,,9.33,9.33,14.81,14.81,1.24,0.18,,N,
2269,LIK,V,K5d-021,,,Opaline/CCS,0%,,Flake,Complete,,,,,,,,,,,,,,,,,,,,,,Yes,Hertzian,Feather,,,,,,,,,,,,,RECTANGULAR,NotPrepared,No,4.13,2.64,Main,,,,,,,,,,,7.8,7.8,12.29,12.29,2.6,0.26,,N,
2270,LIK,V,K5d-021,,,Opaline/CCS,0%,,Flake,Complete,,,,,,,,,,,,,,,,,,,,,,Yes,Hertzian,Feather,,,,,,,,,,,,,TRAPEZOIDAL,NotPrepared,No,5.36,1.7,Main,,,,,,,,,,,12.26,12.26,24.36,15.45,3.39,0.57,,N,
2271,LIK,V,K5d-021,,,Opaline/CCS,0%,,Flake,Proximal,,,,,,,,,,,,,,,,,,,,,,Yes,Hertzian,,,,,,,,,,,,,,RECTANGULAR,NotPrepared,No,3.79,1.41,,,,,,,,,,,,20.93,,7.39,,3.12,0.46,Ut,N,
2272,LIK,V,K5d-021,,,Opaline/CCS,0%,,Flake,Distal,,,,,,,,,,,,,,,,,,,,,,,,Feather,,,,,,,,,,,,,TRIANGULAR,,,,,,,,,,,,,,,,26.77,,7.62,,7.85,1.56,Ut,N,
2273,LIK,V,K5d-021,,,Opaline/CCS,0%,,Flake,Complete,,,,,,,,,,,,,,,,,,,,,,Yes,Bending,Feather,,,,,,,,,,,,,TRIANGULAR,NotPrepared,No,13.03,8.25,Main,,,,,,,,,,,29.35,22.8,16.16,16.16,8.11,3.23,,N,
228,LIK,XIV,P5-056,,,Opaline/CCS,0%,,Flake,Proximal,,,,,,,,,,,,,,,,,,,,,,Yes,Hertzian,,,,,,,,,,,,,,RECTANGULAR,NotPrepared,No,7.9,1.74,,,,,,,,,,,,9.34,,20.2,,2.58,0.61,,N,
2274,LIK,V,K5d-021,,,Opaline/CCS,0%,,Core,,Complete,,,,,,,,,,,,,,,,,,,,,,,,,,,,,,,,,,,,,,,,,,Platform,Irregular,Spherical,0%,5,3,1,7,2,15.15,26.99,,12.45,,12.44,3.69,Ut,N,
2275,LIK,V,K5d-021,,,Opaline/CCS,0%,,Flake,Complete,,,,,,,,,,,,,,,,,,,,,,Yes,Hertzian,Overshot,,,,,,,,,,,,,RECTANGULAR,NotPrepared,No,12.74,3.81,Main,,,,,,,,,,,14.11,14.11,19.77,19.77,4.58,1.39,,N,
2276,LIK,V,K5d-021,,,Opaline/CCS,0%,,Flake,Complete,,,,,,,,,,,,,,,,,,,,,,Yes,Hertzian,Feather,,,,,,,,,,,,,RECTANGULAR,NotPrepared,No,2.32,0.84,Main,,,,,,,,,,,12.48,12.48,6.57,6.57,1.46,0.12,,N,
2277,LIK,V,K5d-021,,,Opaline/CCS,0%,,Flake,Complete,,,,,,,,,,,,,,,,,,,,,,Yes,Hertzian,Feather,,,,,,,,,,,,,RECTANGULAR,NotPrepared,No,16.32,5.96,Main,,,,,,,,,,,16.05,16.05,24.86,24.86,4.86,1.71,,N,
2278,LIK,V,K5d-021,,,Opaline/CCS,0%,,Flake,Complete,,,,,,,,,,,,,,,,,,,,,,Yes,Hertzian,Feather,,,,,,,,,,,,,TRAPEZOIDAL,NotPrepared,No,15.93,5.43,Main,,,,,,,,,,,15.38,15.38,26.69,21.04,5.19,2.6,,N,
2279,LIK,V,K5d-021,,,Hornfels,0%,,Flake,Complete,,,,,,,,,,,,,,,,,,,,,,Yes,Hertzian,Feather,,,,,,,,,,,,,TRIANGULAR,NotPrepared,No,4.63,2.64,Main,,,,,,,,,,,12.03,12.03,7.49,6.22,2.53,0.16,,N,
2280,LIK,V,K5d-021,,,Hornfels,0%,,Flake,Proximal,,,,,,,,,,,,,,,,,,,,,,Yes,Bending,,,,,,,,,,,,,,RECTANGULAR,NotPrepared,No,5.62,2.73,,,,,,,,,,,,10.6,,9.31,,3.62,0.44,,N,
2281,LIK,V,K5d-021,,,Hornfels,0%,,Flake,Complete,,,,,,,,,,,,,,,,,,,,,,Yes,Bending,Feather,,,,,,,,,,,,,TRAPEZOIDAL,NotPrepared,No,6.58,2.07,Main,,,,,,,,,,,19.73,19.73,13.44,13.44,1.85,0.54,Ut,N,
2282,LIK,V,K5d-021,,,Hornfels,0%,,Flake,Complete,,,,,,,,,,,,,,,,,,,,,,Yes,Hertzian,Feather,,,,,,,,,,,,,TRIANGULAR,NotPrepared,No,5.57,1.86,Main,,,,,,,,,,,21.82,13.53,27.39,19.64,2.2,0.85,Ut,N,
2283,LIK,V,K5d-021,,,Hornfels,0%,,Flake,Distal,,,,,,,,,,,,,,,,,,,,,,,,Feather,,,,,,,,,,,,,TRIANGULAR,,,,,,,,,,,,,,,,26.21,,15.28,,3.86,2.27,,N,
229,LIK,XIV,P5-056,,,Opaline/CCS,0%,,Flake,Complete,,,,,,,,,,,,,,,,,,,,,,Yes,Bending,Overshot,,,,,,,,,,,,,RECTANGULAR,NotPrepared,No,8.02,3.7,Main,,,,,,,,,,,16.27,16.27,8.16,8.16,3.95,0.65,,N,
2284,LIK,V,K5d-021,,,Hornfels,0%,,Flake,Complete,,,,,,,,,,,,,,,,,,,,,,Yes,Hertzian,Feather,,,,,,,,,,,,,KITE,NotPrepared,No,4.5,2.79,Main,,,,,,,,,,,37.49,37.49,13.67,13.67,6.48,2.08,,N,
2285,LIK,V,K5d-021,,,Opaline/CCS,0%,,Flake,Complete,,,,,,,,,,,,,,,,,,,,,,Yes,Hertzian,Feather,,,,,,,,,,,,,RECTANGULAR,NotPrepared,No,13.28,2.41,Main,,,,,,,,,,,28.12,26.89,22.45,16.03,4.01,2,Ut,N,
2286,LIK,V,K5d-021,,,Opaline/CCS,0%,,Flake,Distal,,,,,,,,,,,,,,,,,,,,,,,,Step,,,,,,,,,,,,,RECTANGULAR,,,,,,,,,,,,,,,,34.1,,23.02,,5.5,7.27,Ut,N,
2287,LIK,V,K5d-021,,,Opaline/CCS,0%,,Core,,Complete,,,,,,,,,,,,,,,,,,,,,,,,,,,,,,,,,,,,,,,,,,Parallel,Radial,Cubic,0%,5,4,4,3,10,23.39,44.74,,41.5,,18.38,47,,N,
2288,LIK,V,K5d-021,,,Opaline/CCS,0%,,Flake,Fragment,,,,,,,,,,,,,,,,,,,,,,,,,,,,,,,,,,,,,RECTANGULAR,,,,,,,,,,,,,,,,43.15,,14.58,,11.19,13.19,Ret; Ut,N,
2289,LIK,V,L5c-021,,,Opaline/CCS,0%,,Flake,Complete,,,,,,,,,,,,,,,,,,,,,,Yes,Hertzian,Feather,,,,,,,,,,,,,RECTANGULAR,NotPrepared,No,2.32,0.8,Main,,,,,,,,,,,8.54,8.54,11.25,7.37,0.68,0.12,,N,
2290,LIK,V,L5c-021,,,Opaline/CCS,0%,,Flake,Distal,,,,,,,,,,,,,,,,,,,,,,,,Feather,,,,,,,,,,,,,TRIANGULAR,,,,,,,,,,,,,,,,11.1,,10.46,,1.32,0.17,,N,
2291,LIK,V,L5c-021,,,Opaline/CCS,0%,,Flake,Distal,,,,,,,,,,,,,,,,,,,,,,,,Feather,,,,,,,,,,,,,RECTANGULAR,,,,,,,,,,,,,,,,13.07,,7.23,,0.95,0.13,Ut,N,
2292,LIK,V,L5c-021,,,Opaline/CCS,0%,,Core,,Complete,,,,,,,,,,,,,,,,,,,,,,,,,,,,,,,,,,,,,,,,,,Platform,Irregular,Cubic,0%,3,3,3,2,4,9.81,9.57,,8.29,,5.59,0.64,,N,
2293,LIK,V,L5c-021,,,Opaline/CCS,0%,,Flake,Complete,,,,,,,,,,,,,,,,,,,,,,Yes,Hertzian,Feather,,,,,,,,,,,,,TRIANGULAR,NotPrepared,No,2.21,1.58,Main,,,,,,,,,,,14.42,14.42,8.49,5.34,2.28,0.22,,N,
230,LIK,XIV,P5-056,,,Opaline/CCS,0%,,Flake,Complete,,,,,,,,,,,,,,,,,,,,,,Yes,Hertzian,Feather,,,,,,,,,,,,,OVAL,NotPrepared,No,2.96,0.84,Main,,,,,,,,,,,12.39,12.39,8.08,8.08,1.56,0.19,,N,
2294,LIK,V,L5c-021,,,Opaline/CCS,0%,,Flake,Complete,,,,,,,,,,,,,,,,,,,,,,Yes,Hertzian,Feather,,,,,,,,,,,,,RECTANGULAR,Indeterminate,No,3.32,0.76,Main,,,,,,,,,,,11.35,11.35,6.99,6.99,1.1,0.08,,N,
2295,LIK,V,L5c-021,,,Opaline/CCS,0%,,Flake,Proximal,,,,,,,,,,,,,,,,,,,,,,Yes,Hertzian,,,,,,,,,,,,,,RECTANGULAR,NotPrepared,No,5.92,1.93,,,,,,,,,,,,11.51,,14.13,,1.81,0.41,,N,
2296,LIK,V,L5c-021,,,Opaline/CCS,0%,,Flake,Complete,,,,,,,,,,,,,,,,,,,,,,Yes,Hertzian,Feather,,,,,,,,,,,,,RECTANGULAR,NotPrepared,No,13.18,2.87,Main,,,,,,,,,,,28.99,28.99,20.79,20.79,2.92,2.82,,N,
2297,LIK,V,L5c-021,,,Opaline/CCS,0%,,Flake,Distal,,,,,,,,,,,,,,,,,,,,,,,,Feather,,,,,,,,,,,,,TRIANGULAR,,,,,,,,,,,,,,,,29.31,,19.4,,9.64,6.3,,N,
2298,LIK,V,L5c-021,,,Opaline/CCS,0%,,Flake,Complete,,,,,,,,,,,,,,,,,,,,,,Yes,Hertzian,Feather,,,,,,,,,,,,,RECTANGULAR,NotPrepared,No,15.13,5.95,Main,,,,,,,,,,,21.94,21.94,16.81,16.81,7.54,5,"Ut; Core on flake, scar = 8.43mm",N,
2299,LIK,V,L5c-021,,,Opaline/CCS,0%,,Flake,Complete,,,,,,,,,,,,,,,,,,,,,,Yes,Hertzian,Feather,,,,,,,,,,,,,RECTANGULAR,NotPrepared,No,4.89,1.6,Main,,,,,,,,,,,19.14,19.14,23.02,18.66,2.28,1.19,,N,
2300,LIK,V,L5c-021,,,Opaline/CCS,0%,,Flake,Complete,,,,,,,,,,,,,,,,,,,,,,Yes,Hertzian,Feather,,,,,,,,,,,,,RECTANGULAR,NotPrepared,No,4.01,1.85,Main,,,,,,,,,,,12.59,12.59,11.39,9.87,2.42,0.37,,N,
2301,LIK,V,L5c-021,,,Opaline/CCS,0%,,Flake,Complete,,,,,,,,,,,,,,,,,,,,,,Yes,Hertzian,Hinge,,,,,,,,,,,,,OVAL,NotPrepared,No,5.89,2.08,Main,,,,,,,,,,,10.45,10.45,20.29,20.29,3.55,0.8,,N,
2302,LIK,V,L5c-021,,,Opaline/CCS,0%,,Flake,Complete,,,,,,,,,,,,,,,,,,,,,,Yes,Bending,Feather,,,,,,,,,,,,,TRIANGULAR,NotPrepared,No,4.58,2.67,Main,,,,,,,,,,,11.8,11.8,14.25,11.4,5.21,0.85,Ut,N,
2303,LIK,V,L5c-021,,,Opaline/CCS,0%,,Flake,Complete,,,,,,,,,,,,,,,,,,,,,,Yes,Hertzian,Feather,,,,,,,,,,,,,RECTANGULAR,NotPrepared,No,5.91,2.8,Main,,,,,,,,,,,33.78,33.78,7.03,7.03,5.01,1.31,,N,
23,LIK,XV,O5c-057,,,Hornfels,0%,,Flake,Proximal,,,,,,,,,,,,,,,,,,,,,,Yes,Hertzian,,,,,,,,,,,,,,RECTANGULAR,NotPrepared,No,11.51,1.76,,,,,,,,,,,,10.88,,16.55,,1.54,0.38,,N,
231,LIK,XIV,P5-056,,,Opaline/CCS,0%,,Flake,Complete,,,,,,,,,,,,,,,,,,,,,,Yes,Hertzian,Feather,,,,,,,,,,,,,RECTANGULAR,NotPrepared,No,4.87,2.11,Main,,,,,,,,,,,17.15,17.15,7.48,7.48,2.52,0.36,,N,
2304,LIK,V,L5c-021,,,Opaline/CCS,0%,,Flake,Complete,,,,,,,,,,,,,,,,,,,,,,Yes,Hertzian,Feather,,,,,,,,,,,,,TRIANGULAR,NotPrepared,No,5.22,3.33,Main,,,,,,,,,,,11.52,11.52,25.71,25.71,7.16,1.71,,N,
2305,LIK,V,L5c-021,,,Hornfels,0%,,Flake,Proximal,,,,,,,,,,,,,,,,,,,,,,Yes,Bending,,,,,,,,,,,,,,RECTANGULAR,NotPrepared,No,3.44,1.46,,,,,,,,,,,,14.55,,7.98,,2.39,0.37,,N,
2306,LIK,V,L5c-021,,,Hornfels,0%,,Flake,Mesial,,,,,,,,,,,,,,,,,,,,,,,,,,,,,,,,,,,,,RECTANGULAR,,,,,,,,,,,,,,,,6.73,,11.35,,1.86,0.2,,N,
2307,LIK,V,L5c-021,,,Hornfels,0%,,Flake,Complete,,,,,,,,,,,,,,,,,,,,,,Yes,Bending,Feather,,,,,,,,,,,,,RECTANGULAR,NotPrepared,No,4.43,2.5,Main,,,,,,,,,,,12.68,12.68,6.88,6.88,1.16,0.15,,N,
2308,LIK,V,L5c-021,,,Hornfels,0%,,Flake,Complete,,,,,,,,,,,,,,,,,,,,,,Yes,Bending,Feather,,,,,,,,,,,,,TRIANGULAR,NotPrepared,No,11.36,4.5,Main,,,,,,,,,,,13.69,8.84,13.91,10.76,4.21,0.68,,N,
2309,LIK,V,L5c-021,,,Hornfels,0%,,Flake,Proximal,,,,,,,,,,,,,,,,,,,,,,Yes,Hertzian,,,,,,,,,,,,,,TRAPEZOIDAL,NotPrepared,No,3.82,1.78,,,,,,,,,,,,11.64,,15.88,,4.13,0.72,Ut,N,
2310,LIK,V,L5c-021,,,Hornfels,0%,,Flake,Complete,,,,,,,,,,,,,,,,,,,,,,Yes,Hertzian,Overshot,,,,,,,,,,,,,RECTANGULAR,NotPrepared,No,17.93,2.53,Main,,,,,,,,,,,23.1,23.1,29.87,29.87,5.2,5,,N,
2311,LIK,V,L5c-021,,,Hornfels,0%,,Flake,Complete,,,,,,,,,,,,,,,,,,,,,,Yes,Bending,Feather,,,,,,,,,,,,,TRIANGULAR,NotPrepared,No,19.32,7.91,Main,,,,,,,,,,,25.93,16.77,26.76,18.49,9.67,5.72,,N,
2312,LIK,V,L5c-021,,,Hornfels,0%,,Flake,Complete,,,,,,,,,,,,,,,,,,,,,,Yes,Bending,Feather,,,,,,,,,,,,,RECTANGULAR,NotPrepared,No,21.32,11.74,Main,,,,,,,,,,,20.46,20.46,23.14,19.54,7.73,5.24,,N,
2313,LIK,V,L5c-021,,,Hornfels,0%,,Flake,Complete,,,,,,,,,,,,,,,,,,,,,,Yes,Hertzian,Feather,,,,,,,,,,,,,RECTANGULAR,NotPrepared,No,23.3,6.35,Main,,,,,,,,,,,25,25,49.8,49.8,11.86,19.75,Ut,N,
232,LIK,XIV,P5-056,,,Opaline/CCS,0%,,Flake,Complete,,,,,,,,,,,,,,,,,,,,,,Yes,Hertzian,Overshot,,,,,,,,,,,,,RECTANGULAR,NotPrepared,No,5.9,2.07,Main,,,,,,,,,,,21.97,20.22,13.86,13.86,2.22,1.07,,N,
2314,LIK,V,L5c-021,,,Opaline/CCS,0%,,Flake,Complete,,,,,,,0,,0,0,0,0,0,0,0,0,0,0,0,0,0,Yes,Hertzian,Feather,,0,0,0,0,0,0,0,0,0,0,0,OVAL,NotPrepared,No,15.14,5.15,Main,,,,,0,0,0,0,0,0,26.91,26.91,23.1,22.17,4.87,3.56,Ut,N,
2315,LIK,V,L5c-021,,,Opaline/CCS,0%,,Flake,Complete,,,,,,,,,,,,,,,,,,,,,,Yes,Hertzian,Overshot,,,,,,,,,,,,,RECTANGULAR,NotPrepared,No,18.88,7.32,Main,,,,,,,,,,,20.09,20.09,30.94,27.54,9.79,8.74,Ret; Ut,N,
2316,LIK,V,L5c-021,,,Opaline/CCS,0%,,Flake,Complete,,,,,,,,,,,,,,,,,,,,,,Yes,Bending,Overshot,,,,,,,,,,,,,TRIANGULAR,NotPrepared,No,14.82,10.07,Main,,,,,,,,,,,29.86,23.57,26.03,19.53,10.1,9.19,Ret; Ut,N,
2317,LIK,V,L5c-021,,,Opaline/CCS,0%,,RetouchedTool,Complete,,Adze,InvasiveEdgeShaping,Dorsal,8,12345678,9.98,1,9.03,8.87,8.83,,,,,,,,,,,,,,Indeterminate,,,,,,,,,,,,,,,,,,,,,,7,,,,,,41.08,,13.24,,9.08,7.45,,N,
2318,LIK,V,J5b-021,,,Opaline/CCS,0%,,Flake,Proximal,,,,,,,,,,,,,,,,,,,,,,Yes,Hertzian,,,,,,,,,,,,,,TRAPEZOIDAL,NotPrepared,No,8.37,2.16,,,,,,,,,,,,11.11,,13.56,,3.18,0.54,Ut,N,
2319,LIK,V,J5b-021,,,Opaline/CCS,0%,,Flake,Complete,,,,,,,,,,,,,,,,,,,,,,Yes,Hertzian,Feather,,,,,,,,,,,,,RECTANGULAR,NotPrepared,No,5.57,1.78,Main,,,,,,,,,,,13.77,13.77,17.08,17.08,1.63,0.52,,N,
2320,LIK,V,J5b-021,,,Opaline/CCS,0%,,Flake,Proximal,,,,,,,,,,,,,,,,,,,,,,Yes,Hertzian,,,,,,,,,,,,,,RECTANGULAR,NotPrepared,No,8.77,2.24,,,,,,,,,,,,12.77,,18.85,,1.64,0.63,,N,
2321,LIK,V,J5b-021,,,Opaline/CCS,0%,,Flake,Complete,,,,,,,,,,,,,,,,,,,,,,Yes,Hertzian,Feather,,,,,,,,,,,,,RECTANGULAR,NotPrepared,No,4.86,3.51,Main,,,,,,,,,,,16,16,9.98,8.85,1.84,0.37,,N,
2322,LIK,V,J5b-021,,,Opaline/CCS,0%,,Flake,Complete,,,,,,,,,,,,,,,,,,,,,,Yes,Hertzian,Feather,,,,,,,,,,,,,RECTANGULAR,NotPrepared,No,3.54,1.34,Main,,,,,,,,,,,13.59,13.59,7.55,7.55,3.08,0.3,,N,
2323,LIK,V,J5b-021,,,Opaline/CCS,0%,,Flake,Complete,,,,,,,,,,,,,,,,,,,,,,Yes,Bending,Feather,,,,,,,,,,,,,TRIANGULAR,NotPrepared,No,8.66,3.52,Main,,,,,,,,,,,9.7,9.7,11.66,9.52,2.63,0.37,,N,
233,LIK,XIV,P5-056,,,Opaline/CCS,0%,,Flake,Complete,,,,,,,,,,,,,,,,,,,,,,Yes,Wedging,Feather,,,,,,,,,,,,,RECTANGULAR,Indeterminate,No,2.38,0.84,Main,,,,,,,,,,,12.35,12.35,5.8,5.8,0.83,0.08,,N,
2324,LIK,V,J5b-021,,,Opaline/CCS,0%,,Flake,Mesial,,,,,,,,,,,,,,,,,,,,,,,,,,,,,,,,,,,,,RECTANGULAR,,,,,,,,,,,,,,,,7.49,,18.29,,1.33,0.22,,N,
2325,LIK,V,J5b-021,,,Opaline/CCS,0%,,Flake,Complete,,,,,,,,,,,,,,,,,,,,,,Yes,Bending,Feather,,,,,,,,,,,,,RECTANGULAR,NotPrepared,No,6.67,2.25,Main,,,,,,,,,,,15.01,7.71,15.2,8.79,3.12,0.43,,N,
2326,LIK,V,J5b-021,,,Opaline/CCS,0%,,Flake,Complete,,,,,,,,,,,,,,,,,,,,,,Yes,Hertzian,Feather,,,,,,,,,,,,,OVAL,NotPrepared,No,5.02,4.22,Main,,,,,,,,,,,12.76,12.76,10.72,10.72,3.99,0.7,,N,
2327,LIK,V,J5b-021,,,Opaline/CCS,0%,,Flake,Complete,,,,,,,,,,,,,,,,,,,,,,Yes,Hertzian,Feather,,,,,,,,,,,,,KITE,NotPrepared,No,5.76,2.27,Main,,,,,,,,,,,10.15,10.15,17.03,13.52,3.32,0.58,,N,
2328,LIK,V,J5b-021,,,Opaline/CCS,0%,,Flake,Distal,,,,,,,,,,,,,,,,,,,,,,,,Feather,,,,,,,,,,,,,RECTANGULAR,,,,,,,,,,,,,,,,13.19,,13.78,,1.67,0.43,,N,
2329,LIK,V,J5b-021,,,Opaline/CCS,0%,,Flake,Complete,,,,,,,,,,,,,,,,,,,,,,Yes,Hertzian,Feather,,,,,,,,,,,,,TRAPEZOIDAL,NotPrepared,No,6.51,2.29,Main,,,,,,,,,,,14.36,14.36,23.11,14.93,2.2,0.79,,N,
2330,LIK,V,J5b-021,,,Opaline/CCS,0%,,Flake,Complete,,,,,,,,,,,,,,,,,,,,,,Yes,Hertzian,Feather,,,,,,,,,,,,,TRIANGULAR,NotPrepared,No,3.14,1.45,Main,,,,,,,,,,,9.86,9.86,18.59,18.59,3.2,0.44,,N,
2331,LIK,V,J5b-021,,,Opaline/CCS,0%,,Flake,Distal,,,,,,,,,,,,,,,,,,,,,,,,Feather,,,,,,,,,,,,,TRIANGULAR,,,,,,,,,,,,,,,,13.8,,15.38,,1.9,0.57,Ret; Potential Backing,N,
2332,LIK,V,J5b-021,,,Opaline/CCS,0%,,Flake,Mesial,,,,,,,,,,,,,,,,,,,,,,,,,,,,,,,,,,,,,RECTANGULAR,,,,,,,,,,,,,,,,22.33,,14.7,,6.62,3.22,Ut,N,
2333,LIK,V,J5b-021,,,Opaline/CCS,10-40%,Outcrop,Flake,Complete,,,,,,,,,,,,,,,,,,,,,,Yes,Hertzian,Feather,,,,,,,,,,,,,RECTANGULAR,NotPrepared,No,17.25,6.66,Main,,,,,,,,,,,25.98,23.37,25.57,25.57,7.16,6.35,,N,
234,LIK,XIV,P5-056,,,Opaline/CCS,0%,,Flake,Complete,,,,,,,,,,,,,,,,,,,,,,Yes,Hertzian,Feather,,,,,,,,,,,,,OVAL,NotPrepared,No,4.4,1.72,Main,,,,,,,,,,,15.27,15.27,8.27,8.27,2.58,0.34,,N,
2334,LIK,V,J5b-021,,,Opaline/CCS,0%,,Flake,Complete,,,,,,,,,,,,,,,,,,,,,,Yes,Hertzian,Feather,,,,,,,,,,,,,RECTANGULAR,NotPrepared,No,3.14,1.23,Main,,,,,,,,,,,18.71,18.71,7.89,7.89,1.58,0.28,Ut,N,
2335,LIK,V,J5b-021,,,Opaline/CCS,0%,,Flake,Complete,,,,,,,,,,,,,,,,,,,,,,Yes,Hertzian,Feather,,,,,,,,,,,,,TRIANGULAR,NotPrepared,No,2.94,1.15,Main,,,,,,,,,,,10.91,10.91,15.54,10.96,2,0.34,,N,
2336,LIK,V,J5b-021,,,Opaline/CCS,0%,,Flake,Complete,,,,,,,,,,,,,,,,,,,,,,Yes,Hertzian,Feather,,,,,,,,,,,,,TRIANGULAR,NotPrepared,No,4.62,2.12,Main,,,,,,,,,,,11.27,11.27,13.3,13.3,2.16,0.32,,N,
2337,LIK,V,J5b-021,,,Opaline/CCS,0%,,Flake,Complete,,,,,,,,,,,,,,,,,,,,,,Yes,Hertzian,Feather,,,,,,,,,,,,,TRIANGULAR,NotPrepared,No,13.16,3.03,Main,,,,,,,,,,,26.51,26.51,20.42,18.25,3.65,1.8,,N,
2338,LIK,V,J5b-021,,,Opaline/CCS,0%,,Flake,Complete,,,,,,,,,,,,,,,,,,,,,,Yes,Hertzian,Feather,,,,,,,,,,,,,RECTANGULAR,NotPrepared,No,37.49,14.36,Main,,,,,,,,,,,22.45,22.45,44.25,44.25,11.68,21.96,,N,
2339,LIK,V,J5b-021,,,Hornfels,0%,,Flake,Distal,,,,,,,,,,,,,,,,,,,,,,,,Feather,,,,,,,,,,,,,OVAL,,,,,,,,,,,,,,,,11.46,,16.78,,2.39,0.5,,N,
2340,LIK,V,J5b-021,,,Hornfels,0%,,Flake,Complete,,,,,,,,,,,,,,,,,,,,,,Yes,Hertzian,Feather,,,,,,,,,,,,,TRIANGULAR,NotPrepared,No,5.88,3.95,Main,,,,,,,,,,,22.5,22.5,16.63,15.04,8.7,3.2,,N,
2341,LIK,V,J5b-021,,,Hornfels,0%,,Flake,Complete,,,,,,,,,,,,,,,,,,,,,,Yes,Hertzian,Feather,,,,,,,,,,,,,RECTANGULAR,NotPrepared,No,7.59,2.81,Main,,,,,,,,,,,28.64,28.64,20,20,4.22,3.7,Ut,N,
2342,LIK,V,K5b-021,,,Opaline/CCS,0%,,Flake,Complete,,,,,,,,,,,,,,,,,,,,,,Yes,Bending,Overshot,,,,,,,,,,,,,RECTANGULAR,NotPrepared,No,3.21,3.71,Main,,,,,,,,,,,10.15,10.15,8.79,8.79,7.52,0.83,,N,
2343,LIK,V,K5b-021,,,Opaline/CCS,0%,,Flake,Complete,,,,,,,,,,,,,,,,,,,,,,Yes,Hertzian,Feather,,,,,,,,,,,,,RECTANGULAR,NotPrepared,No,3.39,1.24,Main,,,,,,,,,,,15.67,15.67,9.87,9.87,1.82,0.35,,N,
235,LIK,XIV,P5-056,,,Opaline/CCS,0%,,Flake,Complete,,,,,,,,,,,,,,,,,,,,,,Yes,Hertzian,Feather,,,,,,,,,,,,,RECTANGULAR,NotPrepared,No,7.86,1.04,Main,,,,,,,,,,,13.09,13.09,13.21,13.21,1.27,0.32,,N,
2344,LIK,V,K5b-021,,,Opaline/CCS,0%,,Flake,Complete,,,,,,,,,,,,,,,,,,,,,,Yes,Hertzian,Feather,,,,,,,,,,,,,RECTANGULAR,NotPrepared,No,9.06,2.6,Main,,,,,,,,,,,15.98,15.98,17.34,17.34,1.95,0.6,Ut,N,
2345,LIK,V,K5b-021,,,Opaline/CCS,0%,,Flake,Complete,,,,,,,,,,,,,,,,,,,,,,Yes,Hertzian,Feather,,,,,,,,,,,,,RECTANGULAR,NotPrepared,No,4.47,1.46,Main,,,,,,,,,,,15.2,15.2,8.28,8.28,3.54,0.57,Ut,N,
2346,LIK,V,K5b-021,,,Opaline/CCS,0%,,Flake,Proximal,,,,,,,,,,,,,,,,,,,,,,Yes,Hertzian,,,,,,,,,,,,,,RECTANGULAR,Indeterminate,No,2.93,1.11,,,,,,,,,,,,12.25,,8,,2.61,0.26,,N,
2347,LIK,V,K5b-021,,,Opaline/CCS,0%,,Flake,Proximal,,,,,,,,,,,,,,,,,,,,,,Yes,Bending,,,,,,,,,,,,,,RECTANGULAR,NotPrepared,No,6.3,2.38,,,,,,,,,,,,13.98,,9.08,,2.56,0.35,,N,
2348,LIK,V,K5b-021,,,Opaline/CCS,0%,,Flake,Complete,,,,,,,,,,,,,,,,,,,,,,Yes,Hertzian,Feather,,,,,,,,,,,,,RECTANGULAR,NotPrepared,No,3.76,0.72,Main,,,,,,,,,,,14.58,14.58,8.26,8.26,2.66,0.35,,N,
2349,LIK,V,K5b-021,,,Opaline/CCS,0%,,Flake,Complete,,,,,,,,,,,,,,,,,,,,,,Yes,Bending,Feather,,,,,,,,,,,,,RECTANGULAR,NotPrepared,No,6.74,4.23,Main,,,,,,,,,,,13.39,13.39,12.95,12.95,2.27,0.79,Ret,N,
2350,LIK,V,K5b-021,,,Opaline/CCS,0%,,Flake,Complete,,,,,,,,,,,,,,,,,,,,,,Yes,Hertzian,Feather,,,,,,,,,,,,,TRIANGULAR,NotPrepared,No,1.81,0.93,Main,,,,,,,,,,,7.64,7.64,10.93,8.53,1.39,0.1,,N,
2351,LIK,V,K5b-021,,,Opaline/CCS,0%,,Flake,Complete,,,,,,,,,,,,,,,,,,,,,,Yes,Hertzian,Feather,,,,,,,,,,,,,RECTANGULAR,NotPrepared,No,2.57,1.04,Main,,,,,,,,,,,15.92,15.92,11.99,11.99,1.66,0.3,,N,
2352,LIK,V,K5b-021,,,Opaline/CCS,0%,,Flake,Complete,,,,,,,,,,,,,,,,,,,,,,Yes,Hertzian,Feather,,,,,,,,,,,,,RECTANGULAR,NotPrepared,No,5.15,2.25,Main,,,,,,,,,,,13.88,13.88,12.55,12.55,1.68,0.4,,N,
2353,LIK,V,K5b-021,,,Opaline/CCS,0%,,Flake,Complete,,,,,,,,,,,,,,,,,,,,,,Yes,Hertzian,Feather,,,,,,,,,,,,,RECTANGULAR,NotPrepared,No,10.03,3.61,CoreMaintenance,,,,,,,,,,,10.35,10.35,16.01,13.06,4.12,0.71,,N,
236,LIK,XIV,P5-056,,,Opaline/CCS,0%,,Flake,Complete,,,,,,,,,,,,,,,,,,,,,,Yes,Hertzian,Feather,,,,,,,,,,,,,RECTANGULAR,Indeterminate,No,2.97,1.37,Main,,,,,,,,,,,16.87,16.87,8.21,8.21,1.51,0.26,,N,
2354,LIK,V,K5b-021,,,Hornfels,0%,,Flake,Complete,,,,,,,,,,,,,,,,,,,,,,Yes,Hertzian,Feather,,,,,,,,,,,,,TRIANGULAR,NotPrepared,No,3.69,1.23,Main,,,,,,,,,,,10.83,10.83,9.39,8.28,2.41,0.16,,N,
2355,LIK,V,K5b-021,,,Hornfels,0%,,Flake,Proximal,,,,,,,,,,,,,,,,,,,,,,Yes,Hertzian,,,,,,,,,,,,,,TRAPEZOIDAL,NotPrepared,No,11.77,3.45,,,,,,,,,,,,13.52,,11.26,,5.1,0.7,,N,
2356,LIK,V,K5b-021,,,Hornfels,0%,,Flake,Complete,,,,,,,,,,,,,,,,,,,,,,Yes,Bending,Feather,,,,,,,,,,,,,RECTANGULAR,NotPrepared,No,4.63,1.25,Main,,,,,,,,,,,11.85,11.85,8.85,8.85,1.47,0.18,,N,
2357,LIK,V,K5b-021,,,Hornfels,0%,,Flake,Complete,,,,,,,,,,,,,,,,,,,,,,Yes,Hertzian,Feather,,,,,,,,,,,,,RECTANGULAR,NotPrepared,No,13.64,3.1,Main,,,,,,,,,,,14.27,14.27,20.46,20.46,3.14,0.9,,N,
2358,LIK,V,K5b-021,,,Hornfels,0%,,Flake,Complete,,,,,,,,,,,,,,,,,,,,,,Yes,Hertzian,Feather,,,,,,,,,,,,,RECTANGULAR,NotPrepared,No,6.7,1.65,Main,,,,,,,,,,,19.87,19.87,14.59,14.59,3.61,0.92,,N,
2359,LIK,V,K5b-021,,,Hornfels,0%,,Flake,Proximal,,,,,,,,,,,,,,,,,,,,,,Yes,Hertzian,,,,,,,,,,,,,,TRAPEZOIDAL,NotPrepared,No,9.05,3.89,,,,,,,,,,,,19.79,,19.42,,5.31,2.65,,N,
2360,LIK,V,K5b-021,,,Siltstone,0%,,Flake,Complete,,,,,,,,,,,,,,,,,,,,,,Yes,Hertzian,Feather,,,,,,,,,,,,,RECTANGULAR,NotPrepared,No,7.57,1.97,Main,,,,,,,,,,,8.93,8.93,10.78,10.78,1.87,0.19,,N,
2361,LIK,V,K5b-021,,,Opaline/CCS,0%,,Flake,Complete,,,,,,,,,,,,,,,,,,,,,,Yes,Hertzian,Hinge,,,,,,,,,,,,,TRIANGULAR,NotPrepared,No,3.39,1.11,Main,,,,,,,,,,,11.48,11.48,13.03,13.03,1.63,0.32,Ret; Ut,N,
2362,LIK,V,K5b-021,,,Opaline/CCS,0%,,Flake,Complete,,,,,,,,,,,,,,,,,,,,,,Yes,Hertzian,Feather,,,,,,,,,,,,,TRAPEZOIDAL,NotPrepared,No,6.09,1.69,Main,,,,,,,,,,,14.38,14.38,20.65,14.8,4.71,1.34,Ut,N,
2363,LIK,V,K5b-021,,,Hornfels,0%,,Flake,Complete,,,,,,,,,,,,,,,,,,,,,,Yes,Hertzian,Feather,,,,,,,,,,,,,RHOMBUS,NotPrepared,No,22.87,7.69,Main,,,,,,,,,,,20.77,20.77,36.13,24.78,5.78,4.64,Ut,N,
237,LIK,XIV,P5-056,,,Opaline/CCS,0%,,Flake,Mesial,,,,,,,,,,,,,,,,,,,,,,,,,,,,,,,,,,,,,RECTANGULAR,,,,,,,,,,,,,,,,8.64,,15.26,,2.29,0.44,,N,
2364,LIK,V,K5b-021,,,Hornfels,0%,,Core,,Complete,,,,,,,,,,,,,,,,,,,,,,,,,,,,,,,,,,,,,,,,,,Inclined,Radial,Spherical,0%,6,6,4,4,11,14.97,24.82,,23.93,,18.2,10.64,,N,
2365,LIK,V,J5d-021,,,Opaline/CCS,0%,,Flake,Complete,,,,,,,,,,,,,,,,,,,,,,Yes,Hertzian,Feather,,,,,,,,,,,,,OVAL,NotPrepared,No,4.13,1.68,Main,,,,,,,,,,,11.48,11.48,13.56,12.45,1.67,0.25,,N,
2366,LIK,V,J5d-021,,,Opaline/CCS,0%,,Flake,Complete,,,,,,,,,,,,,,,,,,,,,,Yes,Hertzian,Feather,,,,,,,,,,,,,RECTANGULAR,NotPrepared,No,7.64,4.01,Main,,,,,,,,,,,13.73,11.69,15.02,11.57,1.53,0.4,,N,
2367,LIK,V,J5d-021,,,Opaline/CCS,0%,,Flake,Complete,,,,,,,,,,,,,,,,,,,,,,Yes,Hertzian,Feather,,,,,,,,,,,,,RECTANGULAR,NotPrepared,No,6.04,2.87,Main,,,,,,,,,,,15.08,10.29,9.01,7,1.34,0.26,,N,
2368,LIK,V,J5d-021,,,Opaline/CCS,0%,,Flake,Distal,,,,,,,,,,,,,,,,,,,,,,,,Feather,,,,,,,,,,,,,TRIANGULAR,,,,,,,,,,,,,,,,12.66,,8.4,,1.79,0.17,,N,
2369,LIK,V,J5d-021,,,Hornfels,0%,,Flake,Proximal,,,,,,,,,,,,,,,,,,,,,,Yes,Hertzian,,,,,,,,,,,,,,TRIANGULAR,NotPrepared,No,6.53,2.26,,,,,,,,,,,,12.54,,10.69,,2.12,0.26,,N,
2370,LIK,V,J5d-021,,,Tuff,0%,,Flake,Complete,,,,,,,,,,,,,,,,,,,,,,Yes,Hertzian,Feather,,,,,,,,,,,,,RECTANGULAR,NotPrepared,No,53.83,19.54,Main,,,,,,,,,,,65.72,65.72,74.54,74.54,14.94,98.8,Ret (1); Ut,N,
2371,LIK,V,K5a-021,,,Opaline/CCS,0%,,Flake,Complete,,,,,,,,,,,,,,,,,,,,,,Yes,Hertzian,Feather,,,,,,,,,,,,,RECTANGULAR,Indeterminate,No,2.28,0.74,Main,,,,,,,,,,,15.77,15.77,5.96,5.96,2.54,0.21,,Y,
2372,LIK,V,K5a-021,,,Opaline/CCS,0%,,Flake,Complete,,,,,,,,,,,,,,,,,,,,,,Yes,Hertzian,Feather,,,,,,,,,,,,,TRAPEZOIDAL,NotPrepared,No,7.27,2.77,Main,,,,,,,,,,,9.59,9.59,17.64,17.64,1.8,0.25,,N,
2373,LIK,V,K5a-021,,,Opaline/CCS,0%,,Flake,Complete,,,,,,,,,,,,,,,,,,,,,,Yes,Bending,Feather,,,,,,,,,,,,,OVAL,NotPrepared,No,5.79,2.05,Main,,,,,,,,,,,12.46,12.46,9.93,9.93,2.09,0.36,,N,
238,LIK,XIV,P5-056,,,Opaline/CCS,0%,,Flake,Mesial,,,,,,,,,,,,,,,,,,,,,,,,,,,,,,,,,,,,,RECTANGULAR,,,,,,,,,,,,,,,,16.75,,12.31,,3.01,0.75,,N,
2374,LIK,V,K5a-021,,,Opaline/CCS,0%,,Flake,Complete,,,,,,,,,,,,,,,,,,,,,,Yes,Hertzian,Feather,,,,,,,,,,,,,TRAPEZOIDAL,NotPrepared,No,12.25,4.25,Main,,,,,,,,,,,19,15.93,19.21,15.68,3.07,1.32,,N,
2375,LIK,V,K5a-021,,,Opaline/CCS,0%,,Flake,Complete,,,,,,,,,,,,,,,,,,,,,,Yes,Hertzian,Feather,,,,,,,,,,,,,OVAL,NotPrepared,No,8.36,4.17,Main,,,,,,,,,,,23.23,23.23,28.15,23.62,3.27,2.41,,N,
2376,LIK,V,K5a-021,,,Opaline/CCS,0%,,Flake,Complete,,,,,,,,,,,,,,,,,,,,,,Yes,Hertzian,Feather,,,,,,,,,,,,,RECTANGULAR,NotPrepared,No,4.6,1.46,Main,,,,,,,,,,,27.9,20.56,12.6,12.6,3.01,1.28,,N,
2377,LIK,V,K5a-021,,,Opaline/CCS,0%,,Flake,Complete,,,,,,,,,,,,,,,,,,,,,,Yes,Hertzian,Feather,,,,,,,,,,,,,RECTANGULAR,NotPrepared,No,7.56,1.72,Main,,,,,,,,,,,10.48,10.48,24.34,21.72,1.63,0.74,,N,
2378,LIK,V,K5a-021,,,Opaline/CCS,0%,,Flake,Complete,,,,,,,,,,,,,,,,,,,,,,Yes,Hertzian,Feather,,,,,,,,,,,,,TRAPEZOIDAL,NotPrepared,No,5.1,1.75,Main,,,,,,,,,,,18.58,16,24.19,16.76,4.09,1.63,Ut,N,
2379,LIK,V,K5a-021,,,Opaline/CCS,0%,,Flake,Complete,,,,,,,,,,,,,,,,,,,,,,Yes,Hertzian,Feather,,,,,,,,,,,,,OVAL,NotPrepared,No,13.86,3.49,Main,,,,,,,,,,,16.24,16.24,29.66,27.11,5.48,3.3,Ut,N,
2380,LIK,V,K5a-021,,,Opaline/CCS,0%,,Flake,Complete,,,,,,,,,,,,,,,,,,,,,,Yes,Hertzian,Feather,,,,,,,,,,,,,TRIANGULAR,NotPrepared,No,3.42,3.12,Main,,,,,,,,,,,21.59,21.59,8.76,8.76,4.06,0.58,,N,
2381,LIK,V,K5a-021,,,Opaline/CCS,0%,,Flake,Complete,,,,,,,,,,,,,,,,,,,,,,Yes,Hertzian,Feather,,,,,,,,,,,,,RECTANGULAR,NotPrepared,No,15.03,5.24,Main,,,,,,,,,,,19.71,19.71,22.11,22.11,5.35,2.46,,N,
2382,LIK,V,K5a-021,,,Hornfels,0%,,Flake,Proximal,,,,,,,,,,,,,,,,,,,,,,Yes,Hertzian,,,,,,,,,,,,,,RECTANGULAR,NotPrepared,No,10.33,2.68,,,,,,,,,,,,20.05,,21.14,,3.08,1.74,,N,
2383,LIK,V,K5a-021,,,Hornfels,0%,,Flake,Proximal,,,,,,,,,,,,,,,,,,,,,,Yes,Hertzian,,,,,,,,,,,,,,TRIANGULAR,NotPrepared,No,3.87,0.97,,,,,,,,,,,,17.09,,11.83,,1.75,0.45,,N,
239,LIK,XIV,P5-056,,,Opaline/CCS,0%,,Flake,Mesial,,,,,,,,,,,,,,,,,,,,,,,,,,,,,,,,,,,,,RECTANGULAR,,,,,,,,,,,,,,,,12.51,,8.21,,2.33,0.25,,N,
2384,LIK,V,K5a-021,,,Hornfels,0%,,Flake,Complete,,,,,,,,,,,,,,,,,,,,,,Yes,Hertzian,Feather,,,,,,,,,,,,,KITE,NotPrepared,No,4.47,1.29,Main,,,,,,,,,,,17.28,17.28,9.58,9.44,2.86,0.38,,N,
2385,LIK,V,K5a-021,,,Hornfels,0%,,Flake,Complete,,,,,,,,,,,,,,,,,,,,,,Yes,Hertzian,Feather,,,,,,,,,,,,,RECTANGULAR,NotPrepared,No,11.62,2.87,Main,,,,,,,,,,,19.24,17.01,13.14,11.9,2.79,0.93,,N,
2386,LIK,V,K5a-021,,,Hornfels,0%,,Flake,Proximal,,,,,,,,,,,,,,,,,,,,,,Yes,Hertzian,,,,,,,,,,,,,,RECTANGULAR,NotPrepared,No,10.05,3.66,,,,,,,,,,,,15.11,,14.44,,3.34,0.89,,N,
2387,LIK,V,K5a-021,,,Siltstone,0%,,Flake,Complete,,,,,,,,,,,,,,,,,,,,,,Yes,Hertzian,Feather,,,,,,,,,,,,,TRIANGULAR,NotPrepared,No,4,1.92,Main,,,,,,,,,,,10.27,10.27,9.87,9.5,1.58,0.17,,N,
2388,LIK,V,K5a-021,,,Opaline/CCS,0%,,Flake,Mesial,,,,,,,,,,,,,,,,,,,,,,,,,,,,,,,,,,,,,RECTANGULAR,,,,,,,,,,,,,,,,21.56,,22.76,,8.87,6.21,,N,
2389,LIK,V,K5a-021,,,Opaline/CCS,0%,,Core,,Complete,,,,,,,,,,,,,,,,,,,,,,,,,,,,,,,,,,,,,,,,,,Platform,Radial,Spherical,0%,4,4,2,2,5,9.85,17.71,,12.2,,8.46,1.71,,N,
2390,LIK,V,L4a-021,,,Opaline/CCS,0%,,Flake,Proximal,,,,,,,,,,,,,,,,,,,,,,Yes,Hertzian,,,,,,,,,,,,,,RECTANGULAR,NotPrepared,No,5.45,2.8,,,,,,,,,,,,12.99,,6.29,,3.31,0.26,,N,
2391,LIK,V,L4a-021,,,Opaline/CCS,0%,,Flake,Complete,,,,,,,,,,,,,,,,,,,,,,Yes,Bending,Feather,,,,,,,,,,,,,TRIANGULAR,NotPrepared,No,2.98,2.83,Main,,,,,,,,,,,12.19,12.19,9.82,5.76,3.38,0.25,,N,
2392,LIK,V,L4a-021,,,Opaline/CCS,0%,,Flake,Complete,,,,,,,,,,,,,,,,,,,,,,Yes,Hertzian,Feather,,,,,,,,,,,,,RECTANGULAR,NotPrepared,No,3.49,1.78,Main,,,,,,,,,,,15.49,15.49,8.82,8.82,2.31,0.44,"Ret, potential backing; Ut",N,
2393,LIK,V,L4a-021,,,Opaline/CCS,0%,,Flake,Complete,,,,,,,,,,,,,,,,,,,,,,Yes,Hertzian,Feather,,,,,,,,,,,,,TRIANGULAR,NotPrepared,No,9.51,5.31,Main,,,,,,,,,,,20.67,20.67,21.05,16.25,3.73,1.56,,N,
240,LIK,XIV,P5-056,,,Opaline/CCS,0%,,Flake,Complete,,,,,,,,,,,,,,,,,,,,,,Yes,Hertzian,Feather,,,,,,,,,,,,,RECTANGULAR,NotPrepared,No,7.5,2.89,Main,,,,,,,,,,,19.01,19.01,13.4,13.4,2.16,0.78,,N,
2394,LIK,V,L4a-021,,,Opaline/CCS,0%,,Flake,Complete,,,,,,,,,,,,,,,,,,,,,,Yes,Hertzian,Feather,,,,,,,,,,,,,TRIANGULAR,NotPrepared,No,12.14,5.27,Main,,,,,,,,,,,12.02,12.02,19.79,12.59,2.67,0.87,,N,
2395,LIK,V,L4a-021,,,Opaline/CCS,0%,,Flake,Complete,,,,,,,,,,,,,,,,,,,,,,Yes,Hertzian,Feather,,,,,,,,,,,,,RECTANGULAR,NotPrepared,No,8.03,5.86,Main,,,,,,,,,,,16.6,16.6,7.32,7.32,3.94,0.57,Ut,N,
2396,LIK,V,L4a-021,,,Opaline/CCS,0%,,Flake,Complete,,,,,,,,,,,,,,,,,,,,,,Yes,Hertzian,Feather,,,,,,,,,,,,,RECTANGULAR,NotPrepared,No,13.84,4.28,Main,,,,,,,,,,,17.89,17.89,25.11,19.66,6.01,3.11,,N,
2397,LIK,V,L4a-021,,,Hornfels,0%,,Flake,Complete,,,,,,,,,,,,,,,,,,,,,,Yes,Hertzian,Feather,,,,,,,,,,,,,RECTANGULAR,ResidualFacetWithBulb,No,14.06,2.91,Main,,,,,,,,,,,9.88,9.88,20.08,20.08,1.94,0.63,,N,
2398,LIK,V,L4a-021,,,Opaline/CCS,0%,,RetouchedTool,Complete,,Adze,InvasiveEdgeShaping,Dorsal,8,12345678,9.65,1,7.23,6.35,7.34,,,,,,,,,,,,,,Indeterminate,,,,,,,,,,,,,,,,,,,,,,10,,,,,,36.99,,9.26,,9.13,3.52,,N,
2399,LIK,V,L4a-021,,,Hornfels,0%,,Flake,Complete,,,,,,,,,,,,,,,,,,,,,,Yes,Hertzian,Feather,,,,,,,,,,,,,RECTANGULAR,NotPrepared,No,14.23,1.75,Main,,,,,,,,,,,25.6,25.6,18.79,18.79,5.59,3.14,Ut,N,
2400,LIK,V,K5c-021,,,Opaline/CCS,0%,,Flake,Complete,,,,,,,,,,,,,,,,,,,,,,Yes,Hertzian,Feather,,,,,,,,,,,,,RECTANGULAR,NotPrepared,No,5.44,5.18,Main,,,,,,,,,,,9.54,9.54,6.89,5.89,4.85,0.3,,N,
2401,LIK,V,K5c-021,,,Opaline/CCS,0%,,Flake,Proximal,,,,,,,,,,,,,,,,,,,,,,Yes,Hertzian,,,,,,,,,,,,,,RECTANGULAR,NotPrepared,No,9.58,4.35,,,,,,,,,,,,9.79,,23.26,,4.12,1.06,,N,
2402,LIK,V,K5c-021,,,Opaline/CCS,0%,,Flake,Complete,,,,,,,,,,,,,,,,,,,,,,Yes,Hertzian,Feather,,,,,,,,,,,,,TRAPEZOIDAL,ResidualFacetWithBulb,No,6.42,2.26,Main,,,,,,,,,,,14.69,14.69,17.93,12.16,3.79,0.89,,N,
2403,LIK,V,K5c-021,,,Opaline/CCS,0%,,Flake,Complete,,,,,,,,,,,,,,,,,,,,,,Yes,Hertzian,Feather,,,,,,,,,,,,,TRAPEZOIDAL,NotPrepared,No,5.85,2.93,Main,,,,,,,,,,,8.96,8.96,15.85,11.12,2.99,0.39,,N,
24,LIK,XV,O5c-057,,,Hornfels,0%,,Flake,Proximal,,,,,,,,,,,,,,,,,,,,,,Yes,Hertzian,,,,,,,,,,,,,,TRIANGULAR,NotPrepared,No,23.44,4.44,,,,,,,,,,,,22.73,,27.62,,4.83,2.83,,N,
241,LIK,XIV,P5-056,,,Opaline/CCS,0%,,Flake,Complete,,,,,,,,,,,,,,,,,,,,,,Yes,Hertzian,Feather,,,,,,,,,,,,,RECTANGULAR,Indeterminate,No,2.91,0.83,Main,,,,,,,,,,,16.46,16.46,5.34,5.34,1.24,0.09,,N,
2404,LIK,V,K5c-021,,,Opaline/CCS,0%,,Flake,Complete,,,,,,,,,,,,,,,,,,,,,,Yes,Hertzian,Feather,,,,,,,,,,,,,RECTANGULAR,NotPrepared,No,7.42,2.03,Main,,,,,,,,,,,13.6,13.6,9.53,9.53,2.5,0.34,,N,
2405,LIK,V,K5c-021,,,Hornfels,0%,,Flake,Mesial,,,,,,,,,,,,,,,,,,,,,,,,,,,,,,,,,,,,,RECTANGULAR,,,,,,,,,,,,,,,,13.13,,14.95,,1.8,0.36,,N,
2406,LIK,V,K5c-021,,,Hornfels,0%,,Flake,Complete,,,,,,,,,,,,,,,,,,,,,,Yes,Hertzian,Feather,,,,,,,,,,,,,TRAPEZOIDAL,NotPrepared,No,6.39,0.86,Main,,,,,,,,,,,11.87,11.87,13.24,10.2,1.95,0.29,,N,
2407,LIK,V,K5c-021,,,Hornfels,0%,,Flake,Proximal,,,,,,,,,,,,,,,,,,,,,,Yes,Hertzian,,,,,,,,,,,,,,RECTANGULAR,NotPrepared,No,6.91,1.42,,,,,,,,,,,,14.48,,21.26,,3.29,1.04,,N,
2408,LIK,V,K5c-021,,,Hornfels,0%,,Flake,Fragment,,,,,,,,,,,,,,,,,,,,,,,,,,,,,,,,,,,,,RECTANGULAR,,,,,,,,,,,,,,,,29.04,,13.9,,6.55,2.63,,N,
2409,LIK,V,K4a-021,,,Opaline/CCS,0%,,Flake,Complete,,,,,,,,,,,,,,,,,,,,,,Yes,Hertzian,Feather,,,,,,,,,,,,,TRIANGULAR,NotPrepared,No,10.03,1.65,Main,,,,,,,,,,,9.48,8.2,12.44,11.66,2.73,0.36,,N,
2410,LIK,V,K4a-021,,,Opaline/CCS,0%,,Flake,Proximal,,,,,,,,,,,,,,,,,,,,,,Yes,Hertzian,,,,,,,,,,,,,,RECTANGULAR,NotPrepared,No,10.77,0.9,,,,,,,,,,,,10.85,,14.92,,2.29,0.52,,N,
2411,LIK,V,K4a-021,,,Opaline/CCS,0%,,Flake,Complete,,,,,,,,,,,,,,,,,,,,,,Yes,Bending,Feather,,,,,,,,,,,,,RECTANGULAR,NotPrepared,No,15.78,3.67,Main,,,,,,,,,,,19,15.08,19.66,19.66,3.17,0.97,,N,
2412,LIK,V,K4a-021,,,Opaline/CCS,0%,,Flake,Complete,,,,,,,,,,,,,,,,,,,,,,Yes,Bending,Feather,,,,,,,,,,,,,TRAPEZOIDAL,NotPrepared,No,6.83,6.95,Main,,,,,,,,,,,24.08,24.08,24.67,20.91,7.08,4.6,,N,
2413,LIK,V,K4a-021,,,Hornfels,0%,,Flake,Complete,,,,,,,,,,,,,,,,,,,,,,Yes,Hertzian,Feather,,,,,,,,,,,,,RHOMBUS,NotPrepared,No,7.2,2.71,Main,,,,,,,,,,,10.56,10.56,19.85,12.96,3.13,0.49,,N,
242,LIK,XIV,P5-056,,,Opaline/CCS,0%,,Flake,Distal,,,,,,,,,,,,,,,,,,,,,,,,Feather,,,,,,,,,,,,,OVAL,,,,,,,,,,,,,,,,11.74,,15.27,,2.38,0.47,,N,
2414,LIK,V,K4a-021,,,Opaline/CCS,0%,,Core,,Complete,,,,,,,,,,,,,,,,,,,,,,,,,,,,,,,,,,,,,,,,,,Platform,Irregular,Cubic,0%,3,3,1,5,4,14.08,20.16,,9.02,,5.85,1.64,,N,
2415,LIK,V,J5c-021,,,Opaline/CCS,0%,,Flake,Complete,,,,,,,,,,,,,,,,,,,,,,Yes,Hertzian,Feather,,,,,,,,,,,,,OVAL,NotPrepared,No,3.49,1.9,Main,,,,,,,,,,,10.88,10.88,17.25,17.25,3.87,0.49,,N,
2416,LIK,V,J5c-021,,,Opaline/CCS,0%,,Flake,Fragment,,,,,,,,,,,,,,,,,,,,,,,,,,,,,,,,,,,,,RECTANGULAR,,,,,,,,,,,,,,,,14.82,,8.97,,1.42,0.32,,N,
2417,LIK,V,J5c-021,,,Opaline/CCS,0%,,Flake,Complete,,,,,,,,,,,,,,,,,,,,,,Yes,Hertzian,Step,,,,,,,,,,,,,RECTANGULAR,NotPrepared,No,6.16,3.59,Main,,,,,,,,,,,12.26,12.26,8.73,8.73,3.58,0.45,,N,
2418,LIK,V,J5c-021,,,Opaline/CCS,0%,,Flake,Complete,,,,,,,,,,,,,,,,,,,,,,Yes,Hertzian,Feather,,,,,,,,,,,,,RECTANGULAR,NotPrepared,No,6.01,3.42,Main,,,,,,,,,,,24.1,24.1,11.73,11.73,6.19,2.39,,N,
2419,LIK,V,J5c-021,,,Opaline/CCS,0%,,Flake,Complete,,,,,,,,,,,,,,,,,,,,,,Yes,Hertzian,Overshot,,,,,,,,,,,,,RECTANGULAR,NotPrepared,No,12.86,2.65,Main,,,,,,,,,,,18.39,18.39,11.09,11.09,7.41,2.8,Ut,N,
2420,LIK,V,J5c-021,,,Opaline/CCS,0%,,Flake,Proximal,,,,,,,,,,,,,,,,,,,,,,Yes,Hertzian,,,,,,,,,,,,,,RECTANGULAR,NotPrepared,No,6.52,5.04,,,,,,,,,,,,14.96,,8.82,,6.5,0.87,,N,
2421,LIK,V,J5c-021,,,Hornfels,0%,,Flake,Distal,,,,,,,,,,,,,,,,,,,,,,,,Feather,,,,,,,,,,,,,RECTANGULAR,,,,,,,,,,,,,,,,15.81,,17.88,,3.24,1.46,Ret; Ut,N,
2422,LIK,V,L5b-021,,,Opaline/CCS,0%,,Flake,Complete,,,,,,,,,,,,,,,,,,,,,,Yes,Hertzian,Feather,,,,,,,,,,,,,RECTANGULAR,NotPrepared,No,3.53,1.59,Main,,,,,,,,,,,18.92,18.92,4.3,4.3,2.25,0.3,,N,
2423,LIK,V,J5c-021,,,Opaline/CCS,0%,,Flake,Complete,,,,,,,,,,,,,,,,,,,,,,Yes,Hertzian,Feather,,,,,,,,,,,,,TRIANGULAR,NotPrepared,No,2.09,1.52,Main,,,,,,,,,,,12.65,12.65,5.9,4.16,1.88,0.1,,N,
243,LIK,XIV,P5-056,,,Opaline/CCS,0%,,Flake,Complete,,,,,,,,,,,,,,,,,,,,,,Yes,Hertzian,Feather,,,,,,,,,,,,,RECTANGULAR,NotPrepared,No,4.62,1.09,Main,,,,,,,,,,,17.6,17.6,10.32,10.32,2,0.67,,N,
2424,LIK,V,J5c-021,,,Opaline/CCS,0%,,Flake,Complete,,,,,,,,,,,,,,,,,,,,,,Yes,Hertzian,Feather,,,,,,,,,,,,,TRIANGULAR,NotPrepared,No,2.44,1.31,Main,,,,,,,,,,,13.51,13.51,9.05,7.48,1.58,0.23,,N,
2425,LIK,V,L5b-021,,,Opaline/CCS,0%,,Flake,Complete,,,,,,,0,,0,0,0,0,0,0,0,0,0,0,0,0,0,Yes,Hertzian,Feather,,0,0,0,0,0,0,0,0,0,0,0,RECTANGULAR,NotPrepared,No,5.13,0.8,Main,,,,,0,0,0,0,0,0,10.47,10.47,11.3,11.3,1.82,0.25,Ut,N,
2426,LIK,V,L5b-021,,,Opaline/CCS,0%,,Flake,Proximal,,,,,,,,,,,,,,,,,,,,,,Yes,Bending,,,,,,,,,,,,,,RECTANGULAR,NotPrepared,No,4.65,1.43,,,,,,,,,,,,11.54,,7.71,,1.37,0.17,,N,
2427,LIK,V,L5b-021,,,Opaline/CCS,0%,,Flake,Complete,,,,,,,,,,,,,,,,,,,,,,Yes,Hertzian,Feather,,,,,,,,,,,,,TRAPEZOIDAL,Indeterminate,No,2.12,0.93,Main,,,,,,,,,,,14.3,14.3,10.32,7.59,1.41,0.17,,N,
2428,LIK,V,L5b-021,,,Opaline/CCS,0%,,Flake,Complete,,,,,,,,,,,,,,,,,,,,,,Yes,Hertzian,Feather,,,,,,,,,,,,,TRAPEZOIDAL,NotPrepared,No,4.1,1.78,Main,,,,,,,,,,,11.45,11.45,20.1,18.23,2.71,0.76,,N,
2429,LIK,V,L5b-021,,,Opaline/CCS,0%,,Flake,Mesial,,,,,,,,,,,,,,,,,,,,,,,,,,,,,,,,,,,,,TRAPEZOIDAL,,,,,,,,,,,,,,,,18.69,,24.17,,5.71,3.82,Ut,N,
2430,LIK,V,L5b-021,,,Hornfels,0%,,Flake,Proximal,,,,,,,,,,,,,,,,,,,,,,Yes,Bending,,,,,,,,,,,,,,OVAL,NotPrepared,No,5.73,2.2,,,,,,,,,,,,8.48,,11.78,,2.18,0.25,,N,
2431,LIK,V,L5b-021,,,Hornfels,0%,,Flake,Complete,,,,,,,,,,,,,,,,,,,,,,Yes,Hertzian,Feather,,,,,,,,,,,,,RECTANGULAR,NotPrepared,No,3.89,1.4,Main,,,,,,,,,,,13.7,9.87,9.03,9.03,2.1,0.19,,N,
2432,LIK,V,L5b-021,,,Hornfels,0%,,Flake,Complete,,,,,,,,,,,,,,,,,,,,,,Yes,Hertzian,Feather,,,,,,,,,,,,,RHOMBUS,NotPrepared,No,8.4,2.24,Main,,,,,,,,,,,10.36,10.36,15.43,11.95,1.81,0.27,,N,
2433,LIK,V,L5b-021,,,Hornfels,0%,,Flake,Proximal,,,,,,,,,,,,,,,,,,,,,,Yes,Bending,,,,,,,,,,,,,,OVAL,NotPrepared,No,9.09,3.48,,,,,,,,,,,,17.52,,12.25,,2.11,0.61,,N,
244,LIK,XIV,P5-056,,,Opaline/CCS,0%,,Flake,Complete,,,,,,,,,,,,,,,,,,,,,,Yes,Hertzian,Feather,,,,,,,,,,,,,RHOMBUS,NotPrepared,No,9.1,1.35,Main,,,,,,,,,,,7.48,7.48,11.64,10.45,1.64,0.15,,N,
2434,LIK,V,L5b-021,,,Hornfels,0%,,Flake,Complete,,,,,,,,,,,,,,,,,,,,,,Yes,Hertzian,Feather,,,,,,,,,,,,,OVAL,NotPrepared,No,11.37,3.3,Main,,,,,,,,,,,13.02,13.02,22.09,22.09,2.68,1.06,,N,
2435,LIK,V,L5b-021,,,Opaline/CCS,0%,,Flake,Complete,,,,,,,,,,,,,,,,,,,,,,Yes,Hertzian,Feather,,,,,,,,,,,,,RECTANGULAR,NotPrepared,No,18.74,5.27,Main,,,,,,,,,,,15.28,12.87,28.81,21.67,9.82,5.3,Ut,N,
2436,LIK,V,L5b-021,,,Hornfels,10-40%,Cobble,Flake,Complete,,,,,,,,,,,,,,,,,,,,,,Yes,Hertzian,Feather,,,,,,,,,,,,,TRIANGULAR,NotPrepared,No,16.33,3.6,Main,,,,,,,,,,,36.87,36.87,20.88,19.95,7.06,6.14,Ut,N,
2437,LIK,V,L4c-021,,,Opaline/CCS,0%,,Flake,Complete,,,,,,,,,,,,,,,,,,,,,,Yes,Hertzian,Feather,,,,,,,,,,,,,TRAPEZOIDAL,NotPrepared,No,2.66,1.34,Main,,,,,,,,,,,9.01,9.01,11.39,8.52,1.58,0.18,,N,
2438,LIK,V,L4c-021,,,Opaline/CCS,0%,,Flake,Complete,,,,,,,,,,,,,,,,,,,,,,Yes,Hertzian,Feather,,,,,,,,,,,,,TRIANGULAR,Indeterminate,No,4.5,1.37,Main,,,,,,,,,,,10.31,10.31,10.39,9.57,2.19,0.28,,N,
2439,LIK,V,L4c-021,,,Opaline/CCS,0%,,Flake,Complete,,,,,,,,,,,,,,,,,,,,,,Yes,Hertzian,Feather,,,,,,,,,,,,,TRAPEZOIDAL,NotPrepared,No,6.75,1.24,Main,,,,,,,,,,,13.87,9.19,9.09,9.09,2.46,0.29,Ut,N,
2440,LIK,V,L4c-021,,,Opaline/CCS,0%,,Flake,Complete,,,,,,,,,,,,,,,,,,,,,,Yes,Hertzian,Feather,,,,,,,,,,,,,RECTANGULAR,NotPrepared,No,8.68,1.4,Main,,,,,,,,,,,9.22,9.22,18.07,13.63,3.21,0.46,,N,
2441,LIK,V,L4c-021,,,Opaline/CCS,0%,,Flake,Complete,,,,,,,,,,,,,,,,,,,,,,Yes,Hertzian,Hinge,,,,,,,,,,,,,TRIANGULAR,NotPrepared,No,3.28,1.9,Main,,,,,,,,,,,21.7,21.7,20.57,15.82,3.68,1.61,,N,
2442,LIK,V,L4c-021,,,Opaline/CCS,0%,,Flake,Complete,,,,,,,,,,,,,,,,,,,,,,Yes,Hertzian,Feather,,,,,,,,,,,,,RECTANGULAR,NotPrepared,No,4.53,1.21,Main,,,,,,,,,,,13.69,13.69,15.62,14.02,1.83,0.41,,N,
2443,LIK,V,L4c-021,,,Opaline/CCS,0%,,Flake,Proximal,,,,,,,,,,,,,,,,,,,,,,Yes,Bending,,,,,,,,,,,,,,TRAPEZOIDAL,NotPrepared,No,5.61,3.2,,,,,,,,,,,,10.35,,11.19,,2.81,0.42,,N,
245,LIK,XIV,P5-056,,,Tuff,0%,,Flake,Complete,,,,,,,,,,,,,,,,,,,,,,Yes,Hertzian,Feather,,,,,,,,,,,,,RECTANGULAR,NotPrepared,No,6.68,1.33,Main,,,,,,,,,,,9.78,9.78,12.5,12.5,2.24,0.29,,N,
2444,LIK,V,L4c-021,,,Opaline/CCS,0%,,Flake,Complete,,,,,,,,,,,,,,,,,,,,,,Yes,Hertzian,Feather,,,,,,,,,,,,,RECTANGULAR,NotPrepared,No,6.73,2.7,Main,,,,,,,,,,,21.53,21.53,12.04,12.04,6.07,2.31,Ut,N,
2445,LIK,I,L4c-021,,,Opaline/CCS,0%,,Flake,Complete,,,,,,,,,,,,,,,,,,,,,,Yes,Hertzian,Feather,,,,,,,,,,,,,TRIANGULAR,NotPrepared,No,7.97,1.11,Main,,,,,,,,,,,17.58,11.91,10.19,9.89,2.52,0.52,"Ret, Potential backing; Ut",N,
2446,LIK,V,L4c-021,,,Opaline/CCS,0%,,Flake,Proximal,,,,,,,,,,,,,,,,,,,,,,Yes,Hertzian,,,,,,,,,,,,,,TRAPEZOIDAL,NotPrepared,No,6.74,2.88,,,,,,,,,,,,13,,19.51,,5.26,1.68,Ut,N,
2447,LIK,V,L4c-021,,,Opaline/CCS,0%,,Flake,Complete,,,,,,,,,,,,,,,,,,,,,,Yes,Hertzian,Feather,,,,,,,,,,,,,RECTANGULAR,NotPrepared,No,6.35,3,Main,,,,,,,,,,,21.03,20.76,13.34,13.34,4.95,1.74,Ut,N,
2448,LIK,V,L4c-021,,,Opaline/CCS,0%,,Flake,Proximal,,,,,,,,,,,,,,,,,,,,,,Yes,Hertzian,,,,,,,,,,,,,,TRAPEZOIDAL,NotPrepared,No,18.64,2.63,,,,,,,,,,,,8.45,,32.48,,5.22,1.64,Ut,N,
2449,LIK,V,L4c-021,,,Opaline/CCS,0%,,Flake,Complete,,,,,,,,,,,,,,,,,,,,,,Yes,Hertzian,Feather,,,,,,,,,,,,,RECTANGULAR,ResidualFacetWithBulb,No,8.81,3.7,Main,,,,,,,,,,,10.58,10.58,13.32,12.23,3.95,0.48,,N,
2450,LIK,V,L4c-021,,,Hornfels,0%,,Flake,Complete,,,,,,,,,,,,,,,,,,,,,,Yes,Hertzian,Feather,,,,,,,,,,,,,RECTANGULAR,NotPrepared,No,2.68,1.25,Main,,,,,,,,,,,16.3,16.3,4.83,4.83,1.37,0.13,,N,
2451,LIK,V,L4c-021,,,Hornfels,0%,,Flake,Complete,,,,,,,,,,,,,,,,,,,,,,Yes,Hertzian,Feather,,,,,,,,,,,,,RECTANGULAR,NotPrepared,No,3.5,1.28,Main,,,,,,,,,,,13.72,13.72,6.62,6.62,1.05,0.14,,N,
2452,LIK,V,L4c-021,,,Hornfels,0%,,Flake,Proximal,,,,,,,,,,,,,,,,,,,,,,Yes,Hertzian,Feather,,,,,,,,,,,,,RECTANGULAR,NotPrepared,No,5.48,1.69,,,,,,,,,,,,8.52,,11.46,,1.77,0.19,,N,
2453,LIK,V,L4c-021,,,Hornfels,0%,,Flake,Complete,,,,,,,,,,,,,,,,,,,,,,Yes,Hertzian,Feather,,,,,,,,,,,,,RECTANGULAR,NotPrepared,No,8.73,4.05,Main,,,,,,,,,,,17,17,11.21,11.21,3.21,0.77,Ut,N,
246,LIK,XIV,P5-056,,,Tuff,0%,,Flake,Proximal,,,,,,,,,,,,,,,,,,,,,,Yes,Bending,,,,,,,,,,,,,,RECTANGULAR,NotPrepared,No,4.94,1.51,,,,,,,,,,,,11.03,,9.81,,2,0.29,,N,
2454,LIK,V,L4c-021,,,Hornfels,0%,,Flake,Complete,,,,,,,,,,,,,,,,,,,,,,Yes,Hertzian,Feather,,,,,,,,,,,,,RECTANGULAR,NotPrepared,No,10.46,4.55,Main,,,,,,,,,,,20.32,15.12,11.03,11.03,2.78,0.73,,N,
2455,LIK,V,L4c-021,,,Hornfels,0%,,Flake,Complete,,,,,,,,,,,,,,,,,,,,,,Yes,Hertzian,Feather,,,,,,,,,,,,,TRIANGULAR,NotPrepared,No,9.17,2.24,Main,,,,,,,,,,,29.25,29.25,17.62,17.62,3.94,2.31,Ut,N,
2456,LIK,V,L4c-021,,,Opaline/CCS,0%,,Flake,Distal,,,,,,,,,,,,,,,,,,,,,,,,Feather,,,,,,,,,,,,,RECTANGULAR,,,,,,,,,,,,,,,,8.67,,10.51,,3.12,0.26,Ut,N,
2457,LIK,V,L4c-021,,,Opaline/CCS,0%,,Core,,Complete,,,,,,,,,,,,,,,,,,,,,,,,,,,,,,,,,,,,,,,,,,Platform,Radial,Cubic,0%,5,3,3,5,3,7.33,10.76,,12.03,,5.58,1.18,,N,
2458,LIK,V,L4d-021,,,Opaline/CCS,0%,,Flake,Mesial,,,,,,,,,,,,,,,,,,,,,,,,,,,,,,,,,,,,,RECTANGULAR,,,,,,,,,,,,,,,,10.87,,4.81,,2.29,0.19,Ret; Ut,N,
2459,LIK,V,L4d-021,,,Opaline/CCS,0%,,Flake,Complete,,,,,,,,,,,,,,,,,,,,,,Yes,Hertzian,Feather,,,,,,,,,,,,,RECTANGULAR,NotPrepared,No,7.89,2.23,Main,,,,,,,,,,,14.91,9.64,13.98,13.98,3.41,0.69,,N,
2460,LIK,V,L4d-021,,,Opaline/CCS,0%,,Flake,Complete,,,,,,,,,,,,,,,,,,,,,,Yes,Hertzian,Feather,,,,,,,,,,,,,RECTANGULAR,NotPrepared,No,4.78,2.5,Main,,,,,,,,,,,13.84,13.84,9.75,9.75,1.99,0.29,,N,
2461,LIK,V,L4d-021,,,Opaline/CCS,0%,,Flake,Complete,,,,,,,,,,,,,,,,,,,,,,Yes,Bending,Feather,,,,,,,,,,,,,RECTANGULAR,NotPrepared,No,9.74,3.03,Main,,,,,,,,,,,11.82,11.82,9.97,9.97,2,0.31,,N,
2462,LIK,V,L4d-021,,,Opaline/CCS,0%,,Flake,Complete,,,,,,,,,,,,,,,,,,,,,,Yes,Hertzian,Feather,,,,,,,,,,,,,OVAL,NotPrepared,No,5.08,2.44,Main,,,,,,,,,,,12.24,12.24,11.52,10.18,3.98,0.59,,N,
2463,LIK,V,L4d-021,,,Opaline/CCS,0%,,Flake,Complete,,,,,,,,,,,,,,,,,,,,,,Yes,Bending,Feather,,,,,,,,,,,,,RECTANGULAR,ResidualFacetWithBulb,No,11.02,5.1,Main,,,,,,,,,,,19.08,19.08,11.24,11.24,4.27,1.47,,N,
247,LIK,XIV,P5-056,,,Tuff,0%,,Flake,Fragment,,,,,,,,,,,,,,,,,,,,,,,,,,,,,,,,,,,,,OVAL,,,,,,,,,,,,,,,,16.88,,18.81,,4.35,1.92,,N,
2464,LIK,V,L4d-021,,,Opaline/CCS,0%,,Flake,Complete,,,,,,,,,,,,,,,,,,,,,,Yes,Hertzian,Feather,,,,,,,,,,,,,RHOMBUS,NotPrepared,No,9.4,2.35,Main,,,,,,,,,,,10.44,10.44,23.33,15.18,6.77,1.55,,N,
2465,LIK,V,L4d-021,,,Opaline/CCS,0%,,Flake,Proximal,,,,,,,,,,,,,,,,,,,,,,Yes,Hertzian,,,,,,,,,,,,,,TRAPEZOIDAL,NotPrepared,No,11.44,2.6,,,,,,,,,,,,10.63,,28.42,,3.96,1.46,Ut,N,
2466,LIK,V,L4d-021,,,Opaline/CCS,0%,,Flake,Complete,,,,,,,,,,,,,,,,,,,,,,Yes,Hertzian,Feather,,,,,,,,,,,,,KITE,NotPrepared,No,3.91,1.4,Main,,,,,,,,,,,38.69,38.69,18.73,18.73,3.01,2.55,Ut,N,
2467,LIK,V,L4d-021,,,Hornfels,0%,,Flake,Complete,,,,,,,,,,,,,,,,,,,,,,Yes,Hertzian,Feather,,,,,,,,,,,,,TRIANGULAR,NotPrepared,No,6.83,4.04,Main,,,,,,,,,,,15.78,11.81,8.92,0.92,2.47,0.33,,N,
2468,LIK,V,L4d-021,,,Hornfels,0%,,Flake,Complete,,,,,,,,,,,,,,,,,,,,,,Yes,Hertzian,Feather,,,,,,,,,,,,,OVAL,NotPrepared,No,5.78,1.54,Main,,,,,,,,,,,13.25,13.25,16.61,13.6,1.98,0.48,,N,
2469,LIK,V,L4d-021,,,Hornfels,0%,,Flake,Complete,,,,,,,,,,,,,,,,,,,,,,Yes,Hertzian,Feather,,,,,,,,,,,,,TRIANGULAR,NotPrepared,No,3.67,2.24,Main,,,,,,,,,,,17.17,17.17,19.01,16.68,3.01,1.45,Ut,N,
2470,LIK,V,L4d-021,,,Hornfels,0%,,Flake,Complete,,,,,,,,,,,,,,,,,,,,,,Yes,Hertzian,Feather,,,,,,,,,,,,,RHOMBUS,NotPrepared,No,15.8,2.91,Main,,,,,,,,,,,16.69,16.69,28.55,23.05,3.95,1.53,,N,
2471,LIK,V,L4d-021,,,Hornfels,0%,,Flake,Mesial,,,,,,,,,,,,,,,,,,,,,,,,,,,,,,,,,,,,,RECTANGULAR,,,,,,,,,,,,,,,,7.55,,12.73,,4.49,0.38,,N,
2472,LIK,V,K5/J5-021,,,Opaline/CCS,0%,,Flake,Complete,,,,,,,,,,,,,,,,,,,,,,Yes,Hertzian,Feather,,,,,,,,,,,,,RECTANGULAR,NotPrepared,No,4.53,2.01,Main,,,,,,,,,,,8.49,8.49,4.56,4.56,1.38,0.08,,N,
2473,LIK,V,L4d-021,,,Opaline/CCS,0%,,Flake,Complete,,,,,,,,,,,,,,,,,,,,,,Yes,Hertzian,Feather,,,,,,,,,,,,,TRIANGULAR,NotPrepared,No,3.82,1.33,Main,,,,,,,,,,,13.86,8.93,11.75,10.5,1.01,0.14,,N,
248,LIK,XIV,P5-056,,,Tuff,0%,,Flake,Complete,,,,,,,,,,,,,,,,,,,,,,Yes,Hertzian,Feather,,,,,,,,,,,,,RECTANGULAR,NotPrepared,No,5.16,1.28,Main,,,,,,,,,,,14.65,14.65,5.75,5.75,1.73,0.17,,N,
2474,LIK,V,K5/J5-021,,,Opaline/CCS,0%,,Flake,Distal,,,,,,,,,,,,,,,,,,,,,,,,Feather,,,,,,,,,,,,,RECTANGULAR,,,,,,,,,,,,,,,,6.27,,11.71,,1.22,0.1,,N,
2475,LIK,V,K5/J5-021,,,Opaline/CCS,0%,,Flake,Proximal,,,,,,,,,,,,,,,,,,,,,,Yes,Bending,,,,,,,,,,,,,,RECTANGULAR,NotPrepared,No,4.38,1.41,,,,,,,,,,,,7.56,,10.2,,1.57,0.17,,N,
2476,LIK,V,K5/J5-021,,,Opaline/CCS,0%,,Flake,Complete,,,,,,,,,,,,,,,,,,,,,,Yes,Hertzian,Feather,,,,,,,,,,,,,TRIANGULAR,NotPrepared,No,7.61,3.18,Main,,,,,,,,,,,9.05,9.05,10.05,8.15,2.12,0.18,,N,
2477,LIK,V,K5/J5-021,,,Opaline/CCS,0%,,Flake,Complete,,,,,,,,,,,,,,,,,,,,,,Yes,Hertzian,Feather,,,,,,,,,,,,,OVAL,NotPrepared,No,2.69,1.22,Main,,,,,,,,,,,11.28,11.28,9.33,9.33,0.81,0.12,,N,
2478,LIK,V,K5/J5-021,,,Opaline/CCS,0%,,Flake,Complete,,,,,,,,,,,,,,,,,,,,,,Yes,Hertzian,Feather,,,,,,,,,,,,,OVAL,NotPrepared,No,2.54,1.23,Main,,,,,,,,,,,10.97,10.97,14.41,14.41,1.09,0.19,,N,
2479,LIK,V,K5/J5-021,,,Opaline/CCS,0%,,Flake,Complete,,,,,,,0,,0,0,0,0,0,0,0,0,0,0,0,0,0,Yes,Hertzian,Feather,,0,0,0,0,0,0,0,0,0,0,0,RHOMBUS,NotPrepared,No,9.22,2.05,Main,,,,,0,0,0,0,0,0,11.95,11.95,19.4,12.71,2.03,0.73,Ut,N,
2480,LIK,V,K5/J5-021,,,Opaline/CCS,0%,,Flake,Complete,,,,,,,,,,,,,,,,,,,,,,Yes,Hertzian,Feather,,,,,,,,,,,,,RECTANGULAR,NotPrepared,No,4.69,2.54,Main,,,,,,,,,,,9.89,9.89,12.63,11.44,1.66,0.25,,N,
2481,LIK,V,K5/J5-021,,,Opaline/CCS,0%,,Flake,Complete,,,,,,,,,,,,,,,,,,,,,,Yes,Hertzian,Feather,,,,,,,,,,,,,TRIANGULAR,NotPrepared,No,4.83,1.72,Main,,,,,,,,,,,16.18,15.32,12.13,10.34,3.12,0.58,,N,
2482,LIK,V,K5/J5-021,,,Hornfels,0%,,Flake,Complete,,,,,,,,,,,,,,,,,,,,,,Yes,Bending,Feather,,,,,,,,,,,,,RECTANGULAR,NotPrepared,No,5.83,3.51,Main,,,,,,,,,,,12.18,12.18,6.85,6.85,3.43,0.28,,N,
2483,LIK,V,K5/J5-021,,,Opaline/CCS,0%,,Flake,Mesial,,,,,,,,,,,,,,,,,,,,,,,,,,,,,,,,,,,,,RECTANGULAR,,,,,,,,,,,,,,,,12.82,,5.54,,1.07,0.14,,N,
249,LIK,XIV,P5-056,,,Tuff,0%,,Flake,Complete,,,,,,,,,,,,,,,,,,,,,,Yes,Hertzian,Feather,,,,,,,,,,,,,RECTANGULAR,NotPrepared,No,4.02,1.87,Main,,,,,,,,,,,14.56,14.56,7.29,7.29,1.67,0.2,,N,
2484,LIK,V,K5/J5-021,,,Opaline/CCS,0%,,Flake,Proximal,,,,,,,,,,,,,,,,,,,,,,Yes,Hertzian,,,,,,,,,,,,,,RECTANGULAR,NotPrepared,No,9.48,3.95,,,,,,,,,,,,14.13,,12.05,,3.81,0.76,,N,
2485,LIK,V,L5a-021,,,Opaline/CCS,0%,,Flake,Complete,,,,,,,,,,,,,,,,,,,,,,Yes,Hertzian,Feather,,,,,,,,,,,,,RECTANGULAR,NotPrepared,No,3.83,1.95,Main,,,,,,,,,,,12.31,12.31,5.52,5.52,2.09,0.17,,N,
2486,LIK,V,L5a-021,,,Opaline/CCS,0%,,Flake,Complete,,,,,,,,,,,,,,,,,,,,,,Yes,Hertzian,Feather,,,,,,,,,,,,,TRIANGULAR,NotPrepared,No,3,2.62,Main,,,,,,,,,,,12.62,12.62,9.49,7.87,1.32,0.2,,N,
2487,LIK,V,L5a-021,,,Opaline/CCS,0%,,Flake,Complete,,,,,,,0,,0,0,0,0,0,0,0,0,0,0,0,0,0,Yes,Hertzian,Feather,,0,0,0,0,0,0,0,0,0,0,0,RECTANGULAR,NotPrepared,No,4.07,1.61,Main,,,,,0,0,0,0,0,0,19.04,19.04,10.94,9.03,2.7,0.55,Ut,N,
2488,LIK,V,L5a-021,,,Opaline/CCS,0%,,Flake,Proximal,,,,,,,,,,,,,,,,,,,,,,Yes,Hertzian,,,,,,,,,,,,,,RECTANGULAR,NotPrepared,No,4.48,2.02,,,,,,,,,,,,13.4,,7.13,,4.99,0.47,,N,
2489,LIK,V,L5a-021,,,Opaline/CCS,0%,,Flake,Complete,,,,,,,,,,,,,,,,,,,,,,Yes,Hertzian,Feather,,,,,,,,,,,,,RECTANGULAR,NotPrepared,No,5.9,0.9,Main,,,,,,,,,,,9.06,9.06,7.23,7.23,1.05,0.11,,N,
2490,LIK,V,L5a-021,,,Opaline/CCS,0%,,Flake,Distal,,,,,,,,,,,,,,,,,,,,,,,,Feather,,,,,,,,,,,,,TRAPEZOIDAL,,,,,,,,,,,,,,,,6.33,,13.39,,3.6,0.3,,N,
2491,LIK,V,L5a-021,,,Opaline/CCS,0%,,Flake,Complete,,,,,,,,,,,,,,,,,,,,,,Yes,Bending,Feather,,,,,,,,,,,,,RECTANGULAR,NotPrepared,No,7.76,2.93,Main,,,,,,,,,,,15.76,15.76,14.44,14.44,6.18,1.44,Ut,N,
2492,LIK,V,L5a-021,,,Opaline/CCS,0%,,Flake,Complete,,,,,,,,,,,,,,,,,,,,,,Yes,Hertzian,Feather,,,,,,,,,,,,,TRAPEZOIDAL,NotPrepared,No,7.39,2.23,Main,,,,,,,,,,,7.58,7.58,14.54,10.23,1.98,0.22,,N,
2493,LIK,V,L5a-021,,,Opaline/CCS,0%,,Flake,Fragment,,,,,,,,,,,,,,,,,,,,,,,,,,,,,,,,,,,,,TRIANGULAR,,,,,,,,,,,,,,,,24.34,,10.43,,4.17,1.56,,N,
250,LIK,XIV,P5-056,,,Tuff,0%,,Flake,Complete,,,,,,,,,,,,,,,,,,,,,,Yes,Bending,Feather,,,,,,,,,,,,,TRIANGULAR,NotPrepared,No,13.66,2.99,Main,,,,,,,,,,,8.34,6.45,13.99,10.1,3.2,0.21,,N,
2494,LIK,V,L5a-021,,,Opaline/CCS,40-60%,Cobble,Flake,Complete,,,,,,,,,,,,,,,,,,,,,,Yes,Hertzian,Overshot,,,,,,,,,,,,,RECTANGULAR,NotPrepared,No,6.18,2.8,Main,,,,,,,,,,,16.93,16.93,17.47,17.47,4.56,1.62,,N,
2495,LIK,V,L5a-021,,,Hornfels,0%,,Flake,Proximal,,,,,,,,,,,,,,,,,,,,,,Yes,Bending,,,,,,,,,,,,,,TRIANGULAR,NotPrepared,No,6.32,2.94,,,,,,,,,,,,6.27,,14.47,,2.84,0.23,Ut,N,
2496,LIK,V,L5a-021,,,Hornfels,0%,,Flake,Proximal,,,,,,,,,,,,,,,,,,,,,,Yes,Hertzian,,,,,,,,,,,,,,TRAPEZOIDAL,NotPrepared,No,5.76,3.75,,,,,,,,,,,,7.23,,11.76,,4.29,0.36,,N,
2497,LIK,V,L5a-021,,,Opaline/CCS,0%,,Flake,Mesial,,,,,,,,,,,,,,,,,,,,,,,,,,,,,,,,,,,,,RECTANGULAR,,,,,,,,,,,,,,,,15.87,,12.6,,8.95,2.39,,N,
2498,LIK,V,L5d-021,,,Opaline/CCS,0%,,Flake,Fragment,,,,,,,,,,,,,,,,,,,,,,,,,,,,,,,,,,,,,RECTANGULAR,,,,,,,,,,,,,,,,15.15,,5.43,,3.24,0.39,,N,
2499,LIK,V,L5d-021,,,Opaline/CCS,0%,,Flake,Complete,,,,,,,,,,,,,,,,,,,,,,Yes,Hertzian,Feather,,,,,,,,,,,,,TRAPEZOIDAL,NotPrepared,No,3.3,1.23,Main,,,,,,,,,,,17.11,17.11,7.57,7.57,1.21,0.22,,N,
2500,LIK,V,L5d-021,,,Opaline/CCS,0%,,Flake,Complete,,,,,,,,,,,,,,,,,,,,,,Yes,Hertzian,Feather,,,,,,,,,,,,,RECTANGULAR,NotPrepared,No,10.78,2.7,Main,,,,,,,,,,,9.73,9.73,11.41,11.41,3.25,0.44,,N,
2501,LIK,V,L5d-021,,,Opaline/CCS,0%,,Flake,Proximal,,,,,,,,,,,,,,,,,,,,,,Yes,Hertzian,,,,,,,,,,,,,,RECTANGULAR,NotPrepared,No,4.74,1.74,,,,,,,,,,,,9.57,,17.93,,4.6,0.56,,N,
2502,LIK,V,L5d-021,,,Opaline/CCS,0%,,Flake,Distal,,,,,,,,,,,,,,,,,,,,,,,,Feather,,,,,,,,,,,,,TRAPEZOIDAL,,,,,,,,,,,,,,,,12.19,,14.48,,3.09,0.52,,N,
2503,LIK,V,L5d-021,,,Opaline/CCS,0%,,Flake,Complete,,,,,,,,,,,,,,,,,,,,,,Yes,Hertzian,Feather,,,,,,,,,,,,,RECTANGULAR,NotPrepared,No,7.91,2.66,Main,,,,,,,,,,,20.09,20.09,14.9,11.21,1.52,0.77,,N,
25,LIK,XV,O5c-057,,,Hornfels,0%,,Flake,Fragment,,,,,,,,,,,,,,,,,,,,,,,,,,,,,,,,,,,,,TRIANGULAR,,,,,,,,,,,,,,,,28.74,,11.45,,5.12,1.82,,N,
251,LIK,XIV,P5-056,,,Tuff,0%,,Flake,Complete,,,,,,,,,,,,,,,,,,,,,,Yes,Hertzian,Feather,,,,,,,,,,,,,TRAPEZOIDAL,Indeterminate,No,5.52,1.11,Main,,,,,,,,,,,10.02,10.02,12.47,10.16,1.15,0.22,,N,
2504,LIK,V,L5d-021,,,Opaline/CCS,0%,,Flake,Distal,,,,,,,,,,,,,,,,,,,,,,,,Feather,,,,,,,,,,,,,TRIANGULAR,,,,,,,,,,,,,,,,20.76,,25.72,,3.72,2.08,Ut,N,
2505,LIK,V,O3d-021,,,Opaline/CCS,0%,,Flake,Mesial,,,,,,,,,,,,,,,,,,,,,,,,,,,,,,,,,,,,,RECTANGULAR,,,,,,,,,,,,,,,,29.45,,41.41,,13.87,20.77,,N,
2506,LIK,V,O3d-021,,,Opaline/CCS,0%,,Flake,Complete,,,,,,,,,,,,,,,,,,,,,,Yes,Hertzian,Overshot,,,,,,,,,,,,,RECTANGULAR,NotPrepared,No,20.1,6.93,Main,,,,,,,,,,,14.33,14.33,21.82,18.06,7.22,3.36,Ut,N,
2507,LIK,V,O3d-021,,,Opaline/CCS,0%,,Flake,Complete,,,,,,,,,,,,,,,,,,,,,,Yes,Hertzian,Feather,,,,,,,,,,,,,RECTANGULAR,NotPrepared,No,7.42,2.72,Main,,,,,,,,,,,19.94,19.94,10.27,10.27,4.29,0.92,,N,
2508,LIK,V,O3d-021,,,Opaline/CCS,0%,,Flake,Complete,,,,,,,,,,,,,,,,,,,,,,Yes,Hertzian,Feather,,,,,,,,,,,,,TRIANGULAR,NotPrepared,No,5.75,2.56,Main,,,,,,,,,,,15.69,15.69,13.86,9.21,5.53,1.26,Ut,N,
2509,LIK,V,O3d-021,,,Opaline/CCS,0%,,Flake,Complete,,,,,,,,,,,,,,,,,,,,,,Yes,Hertzian,Feather,,,,,,,,,,,,,RECTANGULAR,NotPrepared,No,6.61,1.1,Main,,,,,,,,,,,9.53,9.53,13.95,13.95,1.91,0.29,,N,
2510,LIK,V,O3d-021,,,Opaline/CCS,0%,,Flake,Mesial,,,,,,,,,,,,,,,,,,,,,,,,,,,,,,,,,,,,,RECTANGULAR,,,,,,,,,,,,,,,,11.03,,13.58,,2.85,0.7,,N,
2511,LIK,V,O3d-021,,,Opaline/CCS,0%,,Flake,Proximal,,,,,,,,,,,,,,,,,,,,,,Yes,Hertzian,,,,,,,,,,,,,,TRAPEZOIDAL,NotPrepared,No,6.77,1.45,,,,,,,,,,,,9.43,,24.68,,2.22,0.53,,N,
2512,LIK,V,O3d-021,,,Opaline/CCS,0%,,Flake,Complete,,,,,,,,,,,,,,,,,,,,,,Yes,Hertzian,Feather,,,,,,,,,,,,,RECTANGULAR,NotPrepared,No,9.92,5.77,Main,,,,,,,,,,,19.19,19.19,16.24,14.64,4.62,1.59,,N,
2513,LIK,V,O3d-021,,,Opaline/CCS,0%,,Flake,Distal,,,,,,,,,,,,,,,,,,,,,,,,Hinge,,,,,,,,,,,,,OVAL,,,,,,,,,,,,,,,,13.05,,13.13,,1.97,0.29,,N,
252,LIK,XIV,P5-056,,,Tuff,0%,,Flake,Complete,,,,,,,,,,,,,,,,,,,,,,Yes,Hertzian,Feather,,,,,,,,,,,,,RECTANGULAR,NotPrepared,No,6.79,1.81,Main,,,,,,,,,,,12.3,12.3,11.33,11.33,0.9,0.2,,N,
2514,LIK,V,O3d-021,,,Opaline/CCS,0%,,Flake,Complete,,,,,,,,,,,,,,,,,,,,,,Yes,Bending,Feather,,,,,,,,,,,,,TRIANGULAR,NotPrepared,No,11.05,7.3,Main,,,,,,,,,,,17.84,17.84,11.46,9.52,6.07,1,,N,
2515,LIK,V,O3d-021,,,Opaline/CCS,0%,,Flake,Fragment,,,,,,,,,,,,,,,,,,,,,,,,,,,,,,,,,,,,,TRIANGULAR,,,,,,,,,,,,,,,,18.79,,24.67,,9.17,4.37,Ret; Ut,N,
2516,LIK,V,O3d-021,,,Opaline/CCS,0%,,Flake,Complete,,,,,,,0,,0,0,0,0,0,0,0,0,0,0,0,0,0,Yes,Hertzian,Feather,,0,0,0,0,0,0,0,0,0,0,0,TRAPEZOIDAL,NotPrepared,No,6.68,3.45,Main,,,,,0,0,0,0,0,0,24.01,24.01,30.97,25.22,10.46,6.57,Ut,N,
2517,LIK,V,O3d-021,,,Opaline/CCS,0%,,Flake,Complete,,,,,,,,,,,,,,,,,,,,,,Yes,Bending,Feather,,,,,,,,,,,,,RECTANGULAR,NotPrepared,No,16.8,5.96,Main,,,,,,,,,,,11.05,11.05,22.13,22.13,5.96,2.49,Ut,N,
2518,LIK,V,O3d-021,,,Opaline/CCS,0%,,Flake,Complete,,,,,,,,,,,,,,,,,,,,,,Yes,Hertzian,Feather,,,,,,,,,,,,,RECTANGULAR,NotPrepared,No,5.86,3.71,Main,,,,,,,,,,,39.04,39.04,18.13,18.13,7.65,6.28,Ut,N,
2519,LIK,V,N5d-021,,,Opaline/CCS,0%,,Flake,Complete,,,,,,,,,,,,,,,,,,,,,,Yes,Hertzian,Feather,,,,,,,,,,,,,RECTANGULAR,NotPrepared,No,4.57,1.4,Main,,,,,,,,,,,13.34,13.34,5.08,5.08,2.31,0.2,Ut,N,
2520,LIK,V,N5d-021,,,Opaline/CCS,0%,,Flake,Proximal,,,,,,,,,,,,,,,,,,,,,,Yes,Hertzian,,,,,,,,,,,,,,RECTANGULAR,NotPrepared,No,3.06,5.06,,,,,,,,,,,,12.07,,6.82,,4.52,0.45,,N,
2521,LIK,V,N5d-021,,,Opaline/CCS,0%,,Flake,Complete,,,,,,,,,,,,,,,,,,,,,,Yes,Hertzian,Feather,,,,,,,,,,,,,OVAL,NotPrepared,No,2.35,1.28,Main,,,,,,,,,,,13.97,13.97,14.17,13.31,2.47,0.49,,N,
2522,LIK,V,N5d-021,,,Opaline/CCS,0%,,Flake,Complete,,,,,,,,,,,,,,,,,,,,,,Yes,Hertzian,Feather,,,,,,,,,,,,,TRIANGULAR,NotPrepared,No,3.19,1.22,Main,,,,,,,,,,,9.23,9.23,12.02,9.55,1.11,0.13,,N,
2523,LIK,V,N5d-021,,,Opaline/CCS,0%,,Flake,Complete,,,,,,,,,,,,,,,,,,,,,,Yes,Hertzian,Feather,,,,,,,,,,,,,RECTANGULAR,NotPrepared,No,6.29,1.49,Main,,,,,,,,,,,10.84,10.84,12.01,12.01,1.25,0.29,Ut,N,
253,LIK,XIV,P5-056,,,Tuff,0%,,Flake,Proximal,,,,,,,,,,,,,,,,,,,,,,Yes,Hertzian,,,,,,,,,,,,,,TRAPEZOIDAL,NotPrepared,No,3.25,0.99,,,,,,,,,,,,9.3,,13.67,,2.14,0.25,,N,
2524,LIK,V,N5d-021,,,Opaline/CCS,0%,,Flake,Proximal,,,,,,,,,,,,,,,,,,,,,,Yes,Hertzian,,,,,,,,,,,,,,RECTANGULAR,NotPrepared,No,6.95,2.27,,,,,,,,,,,,18.7,,11.44,,1.27,0.57,,N,
2525,LIK,V,N5d-021,,,Opaline/CCS,0%,,Flake,Proximal,,,,,,,,,,,,,,,,,,,,,,Yes,Hertzian,,,,,,,,,,,,,,RECTANGULAR,NotPrepared,No,7.43,5.25,,,,,,,,,,,,12.19,,9.43,,4.17,0.9,,N,
2526,LIK,V,N5d-021,,,Opaline/CCS,0%,,Flake,Complete,,,,,,,,,,,,,,,,,,,,,,Yes,Hertzian,Feather,,,,,,,,,,,,,TRIANGULAR,NotPrepared,No,3.96,1.18,Main,,,,,,,,,,,11.23,11.23,17.72,11.04,2.52,0.55,,N,
2527,LIK,V,N5d-021,,,Opaline/CCS,0%,,Flake,Complete,,,,,,,,,,,,,,,,,,,,,,Yes,Hertzian,Feather,,,,,,,,,,,,,TRIANGULAR,NotPrepared,No,2.77,1.52,Main,,,,,,,,,,,15.86,15.86,17.1,12.25,2.06,0.58,,N,
2528,LIK,V,N5d-021,,,Opaline/CCS,0%,,Flake,Complete,,,,,,,,,,,,,,,,,,,,,,Yes,Hertzian,Feather,,,,,,,,,,,,,TRAPEZOIDAL,NotPrepared,No,9.95,3.66,Main,,,,,,,,,,,17.68,17.68,17.67,14.33,7.13,2.62,,N,
2529,LIK,V,N5d-021,,,Opaline/CCS,1-10%,Outcrop,Flake,Complete,,,,,,,,,,,,,,,,,,,,,,Yes,Hertzian,Overshot,,,,,,,,,,,,,RECTANGULAR,NotPrepared,No,6.5,1.94,Main,,,,,,,,,,,20.21,20.21,28.36,23.82,3.39,2.62,,Y,
2530,LIK,V,N5d-021,,,Opaline/CCS,0%,,Flake,Complete,,,,,,,,,,,,,,,,,,,,,,Yes,Hertzian,Feather,,,,,,,,,,,,,OVAL,NotPrepared,No,10.27,3.43,Main,,,,,,,,,,,22.14,22.14,21.36,21.36,5.76,3.12,,N,
2531,LIK,V,N5d-021,,,Opaline/CCS,0%,,Flake,Complete,,,,,,,,,,,,,,,,,,,,,,Yes,Hertzian,Feather,,,,,,,,,,,,,TRAPEZOIDAL,NotPrepared,No,8.65,3.47,Main,,,,,,,,,,,18.68,18.68,35.74,23.1,4.21,2.48,,N,
2532,LIK,V,N5d-021,,,Hornfels,0%,,Flake,Complete,,,,,,,,,,,,,,,,,,,,,,Yes,Bending,Feather,,,,,,,,,,,,,RECTANGULAR,NotPrepared,No,7.66,5.63,Main,,,,,,,,,,,12.23,12.23,9.35,9.35,2.46,0.4,,N,
2533,LIK,V,N5d-021,,,Hornfels,0%,,Flake,Complete,,,,,,,,,,,,,,,,,,,,,,Yes,Hertzian,Feather,,,,,,,,,,,,,RECTANGULAR,NotPrepared,No,8.83,1.8,Main,,,,,,,,,,,14.19,14.19,12.29,12.29,2.75,0.52,,N,
254,LIK,XIV,P5-056,,,Tuff,0%,,Flake,Distal,,,,,,,,,,,,,,,,,,,,,,,,Feather,,,,,,,,,,,,,RECTANGULAR,,,,,,,,,,,,,,,,13.22,,15.95,,3.26,0.83,,N,
2534,LIK,V,N5d-021,,,Hornfels,0%,,Flake,Complete,,,,,,,,,,,,,,,,,,,,,,Yes,Hertzian,Feather,,,,,,,,,,,,,RECTANGULAR,NotPrepared,No,5.87,4.44,Main,,,,,,,,,,,14.56,14.56,11.31,11.31,3.5,0.62,,N,
2535,LIK,V,N5d-021,,,Hornfels,10-40%,Outcrop,Flake,Complete,,,,,,,,,,,,,,,,,,,,,,Yes,Hertzian,Feather,,,,,,,,,,,,,TRIANGULAR,NotPrepared,No,11.37,5.59,Main,,,,,,,,,,,19.42,19.42,11.68,10.34,4.39,0.92,,N,
2536,LIK,V,N5d-021,,,Hornfels,0%,,Flake,Complete,,,,,,,,,,,,,,,,,,,,,,Yes,Hertzian,Feather,,,,,,,,,,,,,RECTANGULAR,NotPrepared,No,7.08,2.73,Main,,,,,,,,,,,16.4,16.4,11.28,11.28,1.82,0.38,,N,
2537,LIK,V,N5d-021,,,Hornfels,0%,,Flake,Complete,,,,,,,,,,,,,,,,,,,,,,Yes,Bending,Feather,,,,,,,,,,,,,RECTANGULAR,Indeterminate,No,2.86,1.02,Main,,,,,,,,,,,13.87,13.87,7.93,7.93,2.4,0.27,,N,
2538,LIK,V,N5d-021,,,Hornfels,0%,,Flake,Complete,,,,,,,,,,,,,,,,,,,,,,Yes,Bending,Feather,,,,,,,,,,,,,TRAPEZOIDAL,NotPrepared,No,7.47,1.58,Main,,,,,,,,,,,16.08,16.08,11.41,11.41,2.46,0.47,,N,
2539,LIK,V,N5d-021,,,Hornfels,0%,,Flake,Proximal,,,,,,,,,,,,,,,,,,,,,,Yes,Bending,,,,,,,,,,,,,,RECTANGULAR,NotPrepared,No,8.03,6.72,,,,,,,,,,,,17.99,,13.84,,5.44,1.39,,N,
2540,LIK,V,N5d-021,,,Hornfels,1-10%,Outcrop,Flake,Complete,,,,,,,,,,,,,,,,,,,,,,Yes,Hertzian,Feather,,,,,,,,,,,,,OVAL,Indeterminate,No,9.4,2.4,Main,,,,,,,,,,,19.92,19.92,20.38,18.07,4.18,1.51,Ut,N,
2541,LIK,V,N5d-021,,,Hornfels,0%,,Flake,Complete,,,,,,,,,,,,,,,,,,,,,,Yes,Hertzian,Feather,,,,,,,,,,,,,RECTANGULAR,ResidualFacetWithBulb,No,7.26,2.04,Main,,,,,,,,,,,20.91,20.91,18.02,18.02,4.32,1.51,,N,
2542,LIK,V,N5d-021,,,Hornfels,0%,,Flake,Proximal,,,,,,,,,,,,,,,,,,,,,,Yes,Hertzian,,,,,,,,,,,,,,TRAPEZOIDAL,NotPrepared,No,5.55,2.98,,,,,,,,,,,,17.57,,28.74,,3.66,2.45,,N,
2543,LIK,V,N5d-021,,,Hornfels,10-40%,Outcrop,Flake,Complete,,,,,,,,,,,,,,,,,,,,,,Yes,Hertzian,Feather,,,,,,,,,,,,,TRAPEZOIDAL,ResidualFacetWithBulb,No,7.23,2.26,Main,,,,,,,,,,,24.99,24.99,25.53,21.92,5.7,3.86,Ut,N,
255,LIK,XIV,P5-056,,,Tuff,0%,,Flake,Complete,,,,,,,,,,,,,,,,,,,,,,Yes,Bending,Feather,,,,,,,,,,,,,RECTANGULAR,NotPrepared,No,11.95,3,Main,,,,,,,,,,,14.78,14.78,13.01,13.01,3.04,0.7,,N,
2544,LIK,V,M6c-021,,,Opaline/CCS,10-40%,Outcrop,Flake,Complete,,,,,,,,,,,,,,,,,,,,,,Yes,Hertzian,Feather,,,,,,,,,,,,,RECTANGULAR,NotPrepared,No,6.32,2.88,Main,,,,,,,,,,,35.24,33.23,15.18,15.18,7.9,5.19,,N,
2545,LIK,V,M6c-021,,,Opaline/CCS,0%,,Flake,Complete,,,,,,,,,,,,,,,,,,,,,,Yes,Hertzian,Feather,,,,,,,,,,,,,RECTANGULAR,NotPrepared,No,3.26,2.24,Main,,,,,,,,,,,36.81,36.81,10.3,10.3,3.53,2.81,Ret; Ut,N,
2546,LIK,V,M6c-021,,,Basalt,0%,,Flake,Complete,,,,,,,,,,,,,,,,,,,,,,Yes,Bending,Feather,,,,,,,,,,,,,OVAL,NotPrepared,No,5.07,1.72,Main,,,,,,,,,,,40.2,40.2,40.2,13.26,3.02,2.14,Ut,N,
2547,LIK,V,M5d-021,,,Opaline/CCS,0%,,Flake,Proximal,,,,,,,,,,,,,,,,,,,,,,Yes,Hertzian,,,,,,,,,,,,,,RECTANGULAR,NotPrepared,No,5.51,3.01,,,,,,,,,,,,7.65,,9.58,,1.92,0.19,,N,
2548,LIK,V,M5d-021,,,Opaline/CCS,0%,,Flake,Complete,,,,,,,,,,,,,,,,,,,,,,Yes,Hertzian,Feather,,,,,,,,,,,,,RECTANGULAR,NotPrepared,No,2.67,1.28,Main,,,,,,,,,,,89,8.9,10.25,9.76,2.06,0.22,,N,
2549,LIK,V,M5d-021,,,Opaline/CCS,0%,,Flake,Complete,,,,,,,,,,,,,,,,,,,,,,Yes,Hertzian,Feather,,,,,,,,,,,,,RECTANGULAR,NotPrepared,No,6.75,2.31,Main,,,,,,,,,,,14.12,14.12,10.94,10.94,2.12,0.44,,N,
2550,LIK,V,M5d-021,,,Opaline/CCS,0%,,Flake,Complete,,,,,,,,,,,,,,,,,,,,,,Yes,Hertzian,Feather,,,,,,,,,,,,,RECTANGULAR,NotPrepared,No,1.88,2.4,Main,,,,,,,,,,,15.27,15.27,4.72,4.72,2.1,0.16,,N,
2551,LIK,V,M5d-021,,,Opaline/CCS,0%,,Flake,Complete,,,,,,,,,,,,,,,,,,,,,,Yes,Hertzian,Feather,,,,,,,,,,,,,TRIANGULAR,Indeterminate,No,2.83,1.14,Main,,,,,,,,,,,11.42,11.42,6.49,5.65,1.24,0.1,,N,
2552,LIK,V,M5d-021,,,Opaline/CCS,0%,,Flake,Proximal,,,,,,,,,,,,,,,,,,,,,,Yes,Hertzian,,,,,,,,,,,,,,RECTANGULAR,NotPrepared,No,3.3,0.89,,,,,,,,,,,,13.13,,6.85,,0.98,0.08,,N,
2553,LIK,V,M5d-021,,,Opaline/CCS,0%,,Flake,Complete,,,,,,,,,,,,,,,,,,,,,,Yes,Hertzian,Overshot,,,,,,,,,,,,,RECTANGULAR,Indeterminate,No,2.64,0.89,Main,,,,,,,,,,,13.27,13.27,8.54,8.54,1.4,0.21,,N,
256,LIK,XIV,P5-056,,,Tuff,0%,,Flake,Complete,,,,,,,,,,,,,,,,,,,,,,Yes,Hertzian,Feather,,,,,,,,,,,,,RECTANGULAR,ResidualFacetWithBulb,No,9.17,2.48,Main,,,,,,,,,,,13.36,13.36,18.58,18.58,1.86,0.79,,N,
2554,LIK,V,M5d-021,,,Opaline/CCS,0%,,Flake,Complete,,,,,,,,,,,,,,,,,,,,,,Yes,Hertzian,Feather,,,,,,,,,,,,,TRIANGULAR,NotPrepared,No,2.64,1,Main,,,,,,,,,,,8.1,8.1,20.3,14.71,1.43,0.31,Ut,N,
2555,LIK,V,M5d-021,,,Opaline/CCS,0%,,Flake,Complete,,,,,,,,,,,,,,,,,,,,,,Yes,Hertzian,Feather,,,,,,,,,,,,,RECTANGULAR,Indeterminate,No,2.19,0.73,Main,,,,,,,,,,,14.65,14.65,10.93,10.93,0.83,0.18,,N,
2556,LIK,V,M5d-021,,,Opaline/CCS,0%,,Flake,Complete,,,,,,,,,,,,,,,,,,,,,,Yes,Hertzian,Feather,,,,,,,,,,,,,TRIANGULAR,NotPrepared,No,4.11,1.89,Main,,,,,,,,,,,10.71,10.71,16.18,11.68,1.65,0.31,,N,
2557,LIK,V,M5d-021,,,Opaline/CCS,0%,,Flake,Complete,,,,,,,,,,,,,,,,,,,,,,Yes,Hertzian,Bipolar,,,,,,,,,,,,,TRAPEZOIDAL,NotPrepared,No,10.75,4.37,Main,,,,,,,,,,,11.82,11.82,12.36,9.54,3.77,0.59,,N,
2558,LIK,V,M5d-021,,,Opaline/CCS,0%,,Core,,Complete,,,,,,,,,,,,,,,,,,,,,,,,,,,,,,,,,,,,,,,,,,Platform,Irregular,Cubic,0%,3,2,2,2,3,7.13,11.2,,9.91,,5.06,0.55,,N,
2559,LIK,V,M5d-021,,,Opaline/CCS,0%,,Flake,Complete,,,,,,,,,,,,,,,,,,,,,,Yes,Hertzian,Feather,,,,,,,,,,,,,OVAL,NotPrepared,No,7.68,1.36,Main,,,,,,,,,,,22.5,22.5,16.11,16.11,6.59,2.56,,N,
2560,LIK,V,M5d-021,,,Opaline/CCS,0%,,Flake,Complete,,,,,,,,,,,,,,,,,,,,,,Yes,Bending,Feather,,,,,,,,,,,,,TRAPEZOIDAL,NotPrepared,No,8.37,7.42,Main,,,,,,,,,,,14.44,14.44,20.91,16.81,4.38,2,Ut,N,
2561,LIK,V,M5d-021,,,Opaline/CCS,10-40%,Outcrop,Flake,Complete,,,,,,,,,,,,,,,,,,,,,,Yes,Hertzian,Feather,,,,,,,,,,,,,RECTANGULAR,NotPrepared,No,6.72,5.77,Main,,,,,,,,,,,16.85,16.85,9.91,9.91,7.53,1.16,,N,
2562,LIK,V,M5d-021,,,Opaline/CCS,0%,,Flake,Complete,,,,,,,,,,,,,,,,,,,,,,Yes,Hertzian,Feather,,,,,,,,,,,,,TRIANGULAR,NotPrepared,No,15.43,8.87,Main,,,,,,,,,,,26.69,26.69,19.37,16.67,8.04,4.92,,N,
2563,LIK,V,M5d-021,,,Hornfels,0%,,Flake,Proximal,,,,,,,,,,,,,,,,,,,,,,Yes,Hertzian,,,,,,,,,,,,,,RECTANGULAR,NotPrepared,No,28.37,8.82,,,,,,,,,,,,24.1,,39.52,,7.55,10.18,,N,
257,LIK,XIV,P5-056,,,Tuff,0%,,Flake,Complete,,,,,,,,,,,,,,,,,,,,,,Yes,Hertzian,Feather,,,,,,,,,,,,,RECTANGULAR,NotPrepared,No,7.84,2.39,Main,,,,,,,,,,,17.04,17.04,17.92,17.92,3.61,1.19,,N,
2564,LIK,V,M5d-021,,,Tuff,1-10%,Outcrop,Flake,Complete,,,,,,,,,,,,,,,,,,,,,,Yes,Hertzian,Feather,,,,,,,,,,,,,TRIANGULAR,NotPrepared,No,10.39,1.67,Main,,,,,,,,,,,11.72,11.72,15.09,12.29,2.12,0.26,,N,
2565,LIK,V,M5d-021,,,Tuff,10-40%,Outcrop,Flake,Complete,,,,,,,,,,,,,,,,,,,,,,Yes,Hertzian,Feather,,,,,,,,,,,,,RHOMBUS,NotPrepared,No,5.65,0.82,Main,,,,,,,,,,,20.53,20.53,24.51,21.51,2.89,1.85,Ut,N,
2566,LIK,V,M5d-021,,,Opaline/CCS,0%,,Flake,Proximal,,,,,,,,,,,,,,,,,,,,,,Yes,Hertzian,,,,,,,,,,,,,,RECTANGULAR,NotPrepared,No,4.63,2.6,,,,,,,,,,,,28.18,,8.76,,2.15,0.82,,N,
2567,LIK,V,M5d-021,,,Opaline/CCS,0%,,Flake,Complete,,,,,,,,,,,,,,,,,,,,,,Yes,Hertzian,Feather,,,,,,,,,,,,,RECTANGULAR,NotPrepared,No,2.77,1.55,Main,,,,,,,,,,,28.77,28.77,5.5,5.5,3.81,0.84,,N,
2568,LIK,V,M5d-021,,,M6a-021,0%,,Flake,Complete,,,,,,,,,,,,,,,,,,,,,,Yes,Hertzian,Feather,,,,,,,,,,,,,OVAL,NotPrepared,No,3.61,1.24,Main,,,,,,,,,,,14.29,14.29,10.45,10.45,2.11,0.32,,N,
2569,LIK,V,M6a-021,,,Opaline/CCS,0%,,Flake,Complete,,,,,,,,,,,,,,,,,,,,,,Yes,Hertzian,Feather,,,,,,,,,,,,,RECTANGULAR,NotPrepared,No,2.67,1.2,Main,,,,,,,,,,,11.91,11.91,7.18,7.18,1.38,0.13,,N,
2570,LIK,V,M6a-021,,,Opaline/CCS,0%,,Flake,Complete,,,,,,,,,,,,,,,,,,,,,,Yes,Hertzian,Feather,,,,,,,,,,,,,RECTANGULAR,NotPrepared,No,2.96,2.55,Main,,,,,,,,,,,11.81,11.81,5.3,5.3,1.48,0.13,,N,
2571,LIK,V,M6a-021,,,Siltstone,0%,,Flake,Proximal,,,,,,,,,,,,,,,,,,,,,,Yes,Hertzian,,,,,,,,,,,,,,RECTANGULAR,NotPrepared,No,7.23,4.29,,,,,,,,,,,,19.01,,10.46,,3.97,1.05,,N,
2572,LIK,V,M6a-021,,,Siltstone,0%,,Flake,Complete,,,,,,,,,,,,,,,,,,,,,,Yes,Hertzian,Feather,,,,,,,,,,,,,TRIANGULAR,NotPrepared,No,8.39,5.15,Main,,,,,,,,,,,18.92,18.92,9.71,7.4,3.58,0.6,,N,
2573,LIK,V,M6a-021,,,Siltstone,0%,,Flake,Complete,,,,,,,,,,,,,,,,,,,,,,Yes,Hertzian,Feather,,,,,,,,,,,,,RECTANGULAR,NotPrepared,No,23.03,3.97,Main,,,,,,,,,,,14.52,14.52,26.91,21.85,3.71,1.51,,N,
258,LIK,XIV,P5-056,,,Tuff,0%,,Flake,Complete,,,,,,,,,,,,,,,,,,,,,,Yes,Hertzian,Feather,,,,,,,,,,,,,RECTANGULAR,NotPrepared,No,12.82,2.59,Main,,,,,,,,,,,8.45,8.45,19.17,19.17,4.19,0.93,,N,
2574,LIK,V,M6a-021,,,Hornfels,0%,,Flake,Complete,,,,,,,0,,0,0,0,0,0,0,0,0,0,0,0,0,0,Yes,Hertzian,Feather,,0,0,0,0,0,0,0,0,0,0,0,TRAPEZOIDAL,NotPrepared,No,11.82,4.57,Main,,,,,0,0,0,0,0,0,28.78,28.78,25.75,22.62,6.22,5.72,Ut,N,
2575,LIK,V,M6a-021,,,Opaline/CCS,0%,,Flake,Complete,,,,,,,,,,,,,,,,,,,,,,Yes,Hertzian,Feather,,,,,,,,,,,,,RECTANGULAR,NotPrepared,No,12.52,6.88,Main,,,,,,,,,,,49.93,49.93,32.15,32.15,9.85,19.19,Ut,N,
2576,LIK,V,M5b-021,,,Opaline/CCS,0%,,Core,,Complete,,,,,,,,,,,,,,,,,,,,,,,,,,,,,,,,,,,,,,,,,,Platform,Radial,Spherical,0%,4,3,6,3,2,8.05,9.66,,8.21,,7.93,1.33,,N,
2577,LIK,IV,I5d-076,,,Opaline/CCS,0%,,Flake,Complete,,,,,,,,,,,,,,,,,,,,,,Yes,Hertzian,Feather,,,,,,,,,,,,,TRIANGULAR,NotPrepared,No,2.52,0.75,Main,,,,,,,,,,,14.5,14.5,7.88,6.97,1.22,0.16,,N,
2578,LIK,IV,I5d-076,,,Opaline/CCS,0%,,Flake,Complete,,,,,,,,,,,,,,,,,,,,,,Yes,Hertzian,Feather,,,,,,,,,,,,,RECTANGULAR,NotPrepared,No,2.33,1.3,Main,,,,,,,,,,,17.22,17.22,5.69,5.69,2.56,0.42,,N,
2579,LIK,IV,I5d-076,,,Opaline/CCS,0%,,Flake,Complete,,,,,,,,,,,,,,,,,,,,,,Yes,Hertzian,Feather,,,,,,,,,,,,,RECTANGULAR,NotPrepared,No,4.62,1.32,Main,,,,,,,,,,,16.92,16.92,10.12,10.12,1.43,0.35,,N,
2580,LIK,IV,I5d-076,,,Opaline/CCS,0%,,Flake,Fragment,,,,,,,,,,,,,,,,,,,,,,,,,,,,,,,,,,,,,TRIANGULAR,,,,,,,,,,,,,,,,18.95,,7.47,,3.69,0.5,Ut,N,
2581,LIK,IV,I5d-076,,,Opaline/CCS,0%,,Flake,Complete,,,,,,,,,,,,,,,,,,,,,,Yes,Hertzian,Feather,,,,,,,,,,,,,RECTANGULAR,NotPrepared,No,2.5,1.75,Main,,,,,,,,,,,17.41,17.41,9.52,9.52,3.6,0.62,,N,
2582,LIK,IV,I5d-076,,,Opaline/CCS,0%,,Flake,Distal,,,,,,,,,,,,,,,,,,,,,,,,Feather,,,,,,,,,,,,,RECTANGULAR,,,,,,,,,,,,,,,,9.09,,8.28,,1.34,0.12,,N,
2583,LIK,IV,I5d-076,,,Opaline/CCS,0%,,Flake,Complete,,,,,,,,,,,,,,,,,,,,,,Yes,Hertzian,Feather,,,,,,,,,,,,,RECTANGULAR,NotPrepared,No,5.12,2.44,Main,,,,,,,,,,,9.11,9.11,9.33,9.33,1.51,0.18,,N,
259,LIK,XIV,P5-056,,,Tuff,0%,,Flake,Complete,,,,,,,,,,,,,,,,,,,,,,Yes,Hertzian,Feather,,,,,,,,,,,,,TRIANGULAR,ResidualFacetWithBulb,No,6.36,3.74,Main,,,,,,,,,,,33.98,33.98,21.59,19.76,8.23,5.35,,N,
2584,LIK,IV,I5d-076,,,Opaline/CCS,0%,,Flake,Complete,,,,,,,,,,,,,,,,,,,,,,Yes,Hertzian,Feather,,,,,,,,,,,,,RECTANGULAR,NotPrepared,No,2.56,2.97,Main,,,,,,,,,,,27.33,27.33,6.53,6.53,3.07,1.04,Ret; Ut,N,
2585,LIK,IV,K5b-076,,,Opaline/CCS,0%,,Flake,Distal,,,,,,,,,,,,,,,,,,,,,,,,Feather,,,,,,,,,,,,,RECTANGULAR,,,,,,,,,,,,,,,,6.67,,12.31,,1.76,0.16,Ut,N,
2586,LIK,IV,K5b-076,,,Opaline/CCS,0%,,Flake,Complete,,,,,,,,,,,,,,,,,,,,,,Yes,Hertzian,Feather,,,,,,,,,,,,,TRIANGULAR,NotPrepared,No,3.03,1.31,Main,,,,,,,,,,,12.86,12.86,8.14,8.14,1.71,0.18,,N,
2587,LIK,IV,K5b-076,,,Opaline/CCS,0%,,Flake,Proximal,,,,,,,,,,,,,,,,,,,,,,Yes,Bending,,,,,,,,,,,,,,RECTANGULAR,NotPrepared,No,7.61,1.84,,,,,,,,,,,,14.2,,15.7,,2.61,0.57,,N,
2588,LIK,IV,K5b-076,,,Opaline/CCS,0%,,Flake,Complete,,,,,,,,,,,,,,,,,,,,,,Yes,Hertzian,Feather,,,,,,,,,,,,,RECTANGULAR,NotPrepared,No,6.61,2.67,Main,,,,,,,,,,,9.82,9.82,8.92,8.92,2.32,0.3,,N,
2589,LIK,IV,K5b-076,,,Opaline/CCS,0%,,Flake,Complete,,,,,,,,,,,,,,,,,,,,,,Yes,Hertzian,Feather,,,,,,,,,,,,,TRIANGULAR,NotPrepared,No,1.74,1.07,Main,,,,,,,,,,,12.71,12.71,9.24,6.5,1.41,0.15,,N,
2590,LIK,IV,K5b-076,,,Opaline/CCS,0%,,Flake,Complete,,,,,,,,,,,,,,,,,,,,,,Yes,Hertzian,Feather,,,,,,,,,,,,,TRAPEZOIDAL,NotPrepared,No,2.57,1.02,Main,,,,,,,,,,,9.8,9.8,10.41,8.53,1.73,0.19,,N,
2591,LIK,IV,K5b-076,,,Opaline/CCS,0%,,Flake,Proximal,,,,,,,,,,,,,,,,,,,,,,Yes,Hertzian,,,,,,,,,,,,,,RECTANGULAR,NotPrepared,No,4.78,1.59,,,,,,,,,,,,28.11,,13.23,,4.71,1.8,Ut,N,
2592,LIK,IV,K5b-076,,,Opaline/CCS,0%,,Flake,Fragment,,,,,,,,,,,,,,,,,,,,,,,,,,,,,,,,,,,,,RECTANGULAR,,,,,,,,,,,,,,,,23.85,,7.93,,5.47,1.37,Ut,N,
2593,LIK,IV,K5b-076,,,Opaline/CCS,0%,,Flake,Complete,,,,,,,,,,,,,,,,,,,,,,Yes,Hertzian,Feather,,,,,,,,,,,,,RECTANGULAR,NotPrepared,No,8.98,3.59,Main,,,,,,,,,,,15.99,15.99,19.31,19.31,3.85,1.96,Ut,N,
260,LIK,XIV,P5-056,,,Quartzite,0%,,Flake,Complete,,,,,,,,,,,,,,,,,,,,,,Yes,Hertzian,Feather,,,,,,,,,,,,,OVAL,ResidualFacetWithBulb,No,6.8,2.79,Main,,,,,,,,,,,8.85,8.84,15.54,15.54,2.35,0.32,,N,
2594,LIK,IV,K5b-076,,,Opaline/CCS,0%,,Flake,Complete,,,,,,,,,,,,,,,,,,,,,,Yes,Hertzian,Feather,,,,,,,,,,,,,TRAPEZOIDAL,NotPrepared,No,12.88,5.24,Main,,,,,,,,,,,16.25,16.25,14.46,13.11,2.49,0.98,Ut,N,
2595,LIK,IV,K5b-076,,,Opaline/CCS,0%,,Flake,Complete,,,,,,,,,,,,,,,,,,,,,,Yes,Hertzian,Feather,,,,,,,,,,,,,RECTANGULAR,NotPrepared,No,3.68,1.72,Main,,,,,,,,,,,13.52,13.52,10.64,10.64,1.99,0.35,,N,
2596,LIK,IV,K5b-076,,,Opaline/CCS,0%,,Flake,Fragment,,,,,,,,,,,,,,,,,,,,,,,,,,,,,,,,,,,,,RECTANGULAR,,,,,,,,,,,,,,,,13.72,,6.05,,5.81,0.69,,N,
2597,LIK,IV,K5b-076,,,Opaline/CCS,0%,,Flake,Complete,,,,,,,,,,,,,,,,,,,,,,Yes,Hertzian,Feather,,,,,,,,,,,,,TRIANGULAR,NotPrepared,No,5.08,1.2,Main,,,,,,,,,,,20.21,20.21,10,7.19,1.83,0.38,Ut,N,
2598,LIK,IV,K5b-076,,,Opaline/CCS,0%,,Flake,Complete,,,,,,,,,,,,,,,,,,,,,,Yes,Hertzian,Feather,,,,,,,,,,,,,TRAPEZOIDAL,NotPrepared,No,10.77,1.78,Main,,,,,,,,,,,17.52,7.52,25.83,20.22,5.9,2.21,,N,
2599,LIK,IV,K5b-076,,,Hornfels,0%,,Flake,Proximal,,,,,,,,,,,,,,,,,,,,,,Yes,Hertzian,,,,,,,,,,,,,,RECTANGULAR,NotPrepared,No,12.58,4.34,,,,,,,,,,,,17.52,,21.56,,5.62,2.66,,N,
2600,LIK,IV,K5b-076,,,Hornfels,0%,,Flake,Complete,,,,,,,,,,,,,,,,,,,,,,Yes,Bending,Feather,,,,,,,,,,,,,RECTANGULAR,NotPrepared,No,11.09,4.22,Main,,,,,,,,,,,23.1,19.48,14.41,14.41,2.54,1.11,,N,
2601,LIK,IV,L6c-076,,,Opaline/CCS,0%,,Flake,Complete,,,,,,,,,,,,,,,,,,,,,,Yes,Hertzian,Feather,,,,,,,,,,,,,RECTANGULAR,Indeterminate,No,2.43,0.87,Main,,,,,,,,,,,10.49,10.49,5.26,5.26,0.47,0.05,,N,
2602,LIK,IV,L6c-076,,,Opaline/CCS,0%,,Flake,Complete,,,,,,,,,,,,,,,,,,,,,,Yes,Hertzian,Feather,,,,,,,,,,,,,RECTANGULAR,NotPrepared,No,1.79,0.68,Main,,,,,,,,,,,10.63,8.56,5.97,5.31,0.46,0.05,,N,
2603,LIK,IV,L6c-076,,,Opaline/CCS,0%,,Flake,Complete,,,,,,,,,,,,,,,,,,,,,,Yes,Hertzian,Feather,,,,,,,,,,,,,RECTANGULAR,NotPrepared,No,2.64,0.87,Main,,,,,,,,,,,12.59,12.59,4.65,4.65,0.88,0.05,,N,
26,LIK,XV,O5c-057,,,Hornfels,0%,,Flake,Complete,,,,,,,,,,,,,,,,,,,,,,Yes,Hertzian,Feather,,,,,,,,,,,,,RECTANGULAR,NotPrepared,No,10.75,3.7,Main,,,,,,,,,,,24.15,24.15,21.18,21.18,3.84,2,,N,
261,LIK,XIV,P5-056,,,Quartzite,0%,,Flake,Complete,,,,,,,,,,,,,,,,,,,,,,Yes,Hertzian,Feather,,,,,,,,,,,,,RECTANGULAR,NotPrepared,No,5.36,1.24,Main,,,,,,,,,,,9.99,9.99,10.13,10.13,1.03,0.16,,N,
2604,LIK,IV,L6c-076,,,Opaline/CCS,0%,,Flake,Proximal,,,,,,,,,,,,,,,,,,,,,,Yes,Bending,,,,,,,,,,,,,,TRAPEZOIDAL,NotPrepared,No,9.61,1.9,,,,,,,,,,,,7.66,,12.97,,2.5,0.24,,N,
2605,LIK,IV,L6-013,,,Opaline/CCS,0%,,Flake,Proximal,,,,,,,,,,,,,,,,,,,,,,Yes,Hertzian,,,,,,,,,,,,,,RECTANGULAR,NotPrepared,No,6.13,1.44,,,,,,,,,,,,6.37,,13.2,,2.52,0.21,,N,
2606,LIK,IV,L6a-076,,,Opaline/CCS,0%,,Flake,Mesial,,,,,,,,,,,,,,,,,,,,,,,,,,,,,,,,,,,,,RECTANGULAR,,,,,,,,,,,,,,,,5.14,,14.27,,2.93,0.2,,N,
2607,LIK,IV,L6a-076,,,Opaline/CCS,0%,,Flake,Proximal,,,,,,,,,,,,,,,,,,,,,,Yes,Bending,,,,,,,,,,,,,,TRIANGULAR,NotPrepared,No,2.83,2.19,,,,,,,,,,,,14.13,,6.07,,2.78,0.22,,N,
2608,LIK,IV,L6a-076,,,Opaline/CCS,0%,,Flake,Complete,,,,,,,,,,,,,,,,,,,,,,Yes,Hertzian,Feather,,,,,,,,,,,,,TRIANGULAR,NotPrepared,No,3.99,2.4,Main,,,,,,,,,,,10.69,10.69,9.11,9.11,2.45,0.21,,N,
2609,LIK,IV,I5b-076,,,Opaline/CCS,0%,,Flake,Mesial,,,,,,,,,,,,,,,,,,,,,,,,,,,,,,,,,,,,,TRAPEZOIDAL,,,,,,,,,,,,,,,,6.93,,14.94,,2.41,0.26,,N,
2610,LIK,IV,I5a-076,,,Opaline/CCS,0%,,Flake,Complete,,,,,,,,,,,,,,,,,,,,,,Yes,Hertzian,Feather,,,,,,,,,,,,,TRAPEZOIDAL,NotPrepared,No,5.76,2.24,Main,,,,,,,,,,,10.8,10.8,16.66,13.8,3.5,0.63,,N,
2611,LIK,IV,I5a-076,,,Opaline/CCS,0%,,Flake,Complete,,,,,,,,,,,,,,,,,,,,,,Yes,Bending,Feather,,,,,,,,,,,,,TRIANGULAR,NotPrepared,No,2.79,1.04,Main,,,,,,,,,,,12.09,12.09,5.34,4.2,1.36,0.06,Ut,N,
2612,LIK,IV,P5c-013,,,Opaline/CCS,0%,,Flake,Complete,,,,,,,,,,,,,,,,,,,,,,Yes,Hertzian,Feather,,,,,,,,,,,,,TRAPEZOIDAL,NotPrepared,No,7.46,2.36,Main,,,,,,,,,,,22.55,22.55,18.45,13.35,5.88,2.39,Ut,N,
2613,LIK,IV,K6b-076,,,Opaline/CCS,0%,,Flake,Distal,,,,,,,,,,,,,,,,,,,,,,,,Feather,,,,,,,,,,,,,RECTANGULAR,,,,,,,,,,,,,,,,5.35,,8.42,,1.42,0.06,,N,
262,LIK,XIV,P5-056,,,Quartzite,0%,,Flake,Proximal,,,,,,,,,,,,,,,,,,,,,,Yes,Bending,,,,,,,,,,,,,,RECTANGULAR,NotPrepared,No,7.09,3.75,,,,,,,,,,,,13.7,,13,54,,2.86,1.03,,N
2614,LIK,IV,K6b-076,,,Opaline/CCS,0%,,Flake,Fragment,,,,,,,,,,,,,,,,,,,,,,,,,,,,,,,,,,,,,OVAL,,,,,,,,,,,,,,,,13.86,,6.94,,0.99,0.09,,N,
2615,LIK,IV,K6b-076,,,Opaline/CCS,0%,,Flake,Complete,,,,,,,,,,,,,,,,,,,,,,Yes,Hertzian,Feather,,,,,,,,,,,,,RECTANGULAR,NotPrepared,No,4.74,0.92,Main,,,,,,,,,,,11.94,11.94,9.3,8.14,1.27,0.19,,N,
2616,LIK,IV,K6b-076,,,Opaline/CCS,0%,,Flake,Complete,,,,,,,,,,,,,,,,,,,,,,Yes,Hertzian,Feather,,,,,,,,,,,,,TRIANGULAR,NotPrepared,No,8.68,3.53,Main,,,,,,,,,,,9.81,9.81,9.28,6.84,2.44,0.2,,N,
2617,LIK,IV,K6b-076,,,Opaline/CCS,0%,,Flake,Complete,,,,,,,,,,,,,,,,,,,,,,Yes,Hertzian,Feather,,,,,,,,,,,,,RECTANGULAR,NotPrepared,No,8.19,3.83,Main,,,,,,,,,,,17.89,15.67,15.26,11.71,2.5,0.72,Ut,N,
2618,LIK,IV,K6b-076,,,Opaline/CCS,0%,,Flake,Complete,,,,,,,,,,,,,,,,,,,,,,Yes,Hertzian,Feather,,,,,,,,,,,,,TRAPEZOIDAL,NotPrepared,No,11.21,3.92,Main,,,,,,,,,,,27.9,27.9,19.48,18.86,5.81,5.15,Ut,N,
2619,LIK,IV,K6b-076,,,Hornfels,0%,,Flake,Complete,,,,,,,,,,,,,,,,,,,,,,Yes,Hertzian,Feather,,,,,,,,,,,,,RECTANGULAR,NotPrepared,No,21.01,12.79,Main,,,,,,,,,,,33.53,33.53,19.57,19.57,11.29,10.25,Ut,N,
2620,LIK,IV,K6b-076,,,Hornfels,0%,,Flake,Complete,,,,,,,,,,,,,,,,,,,,,,Yes,Hertzian,Feather,,,,,,,,,,,,,RHOMBUS,NotPrepared,No,21.89,11.13,Main,,,,,,,,,,,53.17,53.17,80.06,57.57,12.43,67.56,Ut,N,
2621,LIK,IV,K5d-076,,,Opaline/CCS,0%,,RetouchedTool,Complete,,MinimallyRetouched,MarginalEdgeShaping,Dorsal,3,234,2.46,2,1.31,1.16,1.2,,,,,,,,,,,,,,Flake,,,,,,,,,,,,TRIANGULAR,,,,,,,,,,,,,,,,11.61,,8.23,,1.59,0.18,Ret; Ut,N,
2622,LIK,IV,K5d-076,,,Opaline/CCS,0%,,Flake,Fragment,,,,,,,,,,,,,,,,,,,,,,,,,,,,,,,,,,,,,TRIANGULAR,,,,,,,,,,,,,,,,15.55,,6.66,,2.31,0.27,,N,
2623,LIK,IV,K5d-076,,,Opaline/CCS,0%,,Flake,Fragment,,,,,,,,,,,,,,,,,,,,,,,,,,,,,,,,,,,,,RECTANGULAR,,,,,,,,,,,,,,,,17.33,,10.6,,9.65,2.05,Ut,N,
263,LIK,XIV,P5-056,,,Quartzite,10-40%,Cobble,Flake,Complete,,,,,,,,,,,,,,,,,,,,,,Yes,Hertzian,Feather,,,,,,,,,,,,,RECTANGULAR,NotPrepared,No,10.54,4.99,Main,,,,,,,,,,,30.04,30.04,30.03,30.03,7.44,6.48,,N,
2624,LIK,IV,K5d-076,,,Siltstone,0%,,Flake,Complete,,,,,,,,,,,,,,,,,,,,,,Yes,Hertzian,Feather,,,,,,,,,,,,,TRIANGULAR,NotPrepared,No,12.89,5.76,Main,,,,,,,,,,,23.77,23.77,14.38,13.89,6.25,2.86,,N,
2625,LIK,IV,K5c-076,,,Opaline/CCS,0%,,Flake,Complete,,,,,,,,,,,,,,,,,,,,,,Yes,Hertzian,Feather,,,,,,,,,,,,,TRIANGULAR,NotPrepared,No,7.25,6.39,Main,,,,,,,,,,,22.85,22.85,13.23,12.56,6.55,1.48,,N,
2626,LIK,IV,J6c-076,,,Opaline/CCS,0%,,Flake,Complete,,,,,,,,,,,,,,,,,,,,,,Yes,Hertzian,Feather,,,,,,,,,,,,,RECTANGULAR,NotPrepared,No,12.12,3.4,Main,,,,,,,,,,,30.6,30.6,17.26,17.26,7.47,5.21,Ut,N,
2627,LIK,IV,J6c-076,,,Opaline/CCS,0%,,Flake,Complete,,,,,,,,,,,,,,,,,,,,,,Yes,Hertzian,Feather,,,,,,,,,,,,,RECTANGULAR,NotPrepared,No,8.51,5.49,Main,,,,,,,,,,,16.3,16.3,8.36,8.36,6.19,0.86,,N,
2628,LIK,IV,J6c-076,,,Opaline/CCS,0%,,Flake,Complete,,,,,,,,,,,,,,,,,,,,,,Yes,Hertzian,Feather,,,,,,,,,,,,,RECTANGULAR,NotPrepared,No,7.97,2.67,Main,,,,,,,,,,,9.49,9.49,13.6,13.6,2.98,0.5,,N,
2629,LIK,IV,J6c-076,,,Hornfels,0%,,Flake,Complete,,,,,,,,,,,,,,,,,,,,,,Yes,Hertzian,Feather,,,,,,,,,,,,,TRIANGULAR,NotPrepared,No,31.5,12.67,Main,,,,,,,,,,,48.73,48.73,36,36,10.07,19.36,Ut,N,
2630,LIK,IV,J6c-076,,,Basalt,0%,,Flake,Distal,,,,,,,,,,,,,,,,,,,,,,,,Feather,,,,,,,,,,,,,RECTANGULAR,,,,,,,,,,,,,,,,22.83,,21.97,,7.06,6.83,,N,
2631,LIK,IV,J6c-076,,,Basalt,0%,,Flake,Complete,,,,,,,,,,,,,,,,,,,,,,Yes,Hertzian,Feather,,,,,,,,,,,,,TRIANGULAR,NotPrepared,No,6.57,3.36,Main,,,,,,,,,,,28.35,28.35,14.64,13.24,4.33,1.87,Ut,N,
2632,LIK,IV,L4a-076,,,Opaline/CCS,0%,,Flake,Complete,,,,,,,,,,,,,,,,,,,,,,Yes,Bending,Feather,,,,,,,,,,,,,TRAPEZOIDAL,NotPrepared,No,9.43,5.02,Main,,,,,,,,,,,9.25,9.25,10.82,9.31,3.25,0.36,,N,
2633,LIK,IV,L4a-076,,,Opaline/CCS,0%,,Flake,Mesial,,,,,,,,,,,,,,,,,,,,,,,,,,,,,,,,,,,,,TRAPEZOIDAL,,,,,,,,,,,,,,,,9.82,,10.38,,2.95,0.3,,N,
264,LIK,XIV,P5-056,,,Quartzite,0%,,Flake,Complete,,,,,,,,,,,,,,,,,,,,,,Yes,Wedging,Feather,,,,,,,,,,,,,RECTANGULAR,Indeterminate,No,6.67,3.14,Main,,,,,,,,,,,33.21,33.21,26.17,26.17,6.44,5.66,,N,
2634,LIK,IV,L4a-076,,,Siltstone,0%,,Flake,Complete,,,,,,,,,,,,,,,,,,,,,,Yes,Hertzian,Feather,,,,,,,,,,,,,TRIANGULAR,NotPrepared,No,7.49,3.61,Main,,,,,,,,,,,16.38,16.38,31.72,19.34,4.17,1.92,,N,
2635,LIK,IV,J5-076,,,Opaline/CCS,0%,,Flake,Complete,,,,,,,,,,,,,,,,,,,,,,Yes,Hertzian,Feather,,,,,,,,,,,,,RECTANGULAR,NotPrepared,No,9.23,1.91,Main,,,,,,,,,,,7.42,7.42,9.25,9.25,2.04,0.19,,N,
2636,LIK,IV,J5-076,,,Opaline/CCS,0%,,Flake,Complete,,,,,,,,,,,,,,,,,,,,,,Yes,Hertzian,Feather,,,,,,,,,,,,,TRIANGULAR,NotPrepared,No,2.64,1.41,Main,,,,,,,,,,,11.44,11.44,8.34,6.96,1.35,0.14,Ut,N,
2637,LIK,IV,J5-076,,,Opaline/CCS,0%,,Flake,Complete,,,,,,,,,,,,,,,,,,,,,,Yes,Hertzian,Feather,,,,,,,,,,,,,TRIANGULAR,NotPrepared,No,2.9,1.79,Main,,,,,,,,,,,14.21,10.3,11.35,9.65,3.32,0.41,,N,
2638,LIK,IV,J5-076,,,Opaline/CCS,0%,,Flake,Complete,,,,,,,,,,,,,,,,,,,,,,Yes,Hertzian,Feather,,,,,,,,,,,,,TRAPEZOIDAL,NotPrepared,No,4.71,1.42,Main,,,,,,,,,,,14.07,14.07,14.39,12.98,3.33,0.69,Ut,N,
2639,LIK,IV,J5c-076,,,Opaline/CCS,0%,,Flake,Mesial,,,,,,,,,,,,,,,,,,,,,,,,,,,,,,,,,,,,,RECTANGULAR,,,,,,,,,,,,,,,,8.04,,12.37,,2.9,0.48,,N,
2640,LIK,IV,J5-076,,,Opaline/CCS,0%,,Flake,Distal,,,,,,,,,,,,,,,,,,,,,,,,Feather,,,,,,,,,,,,,RECTANGULAR,,,,,,,,,,,,,,,,11.01,,14.12,,1.32,0.27,,N,
2641,LIK,IV,I6b-076,,,Opaline/CCS,0%,,Flake,Complete,,,,,,,,,,,,,,,,,,,,,,Yes,Hertzian,Feather,,,,,,,,,,,,,RECTANGULAR,Indeterminate,No,2.23,1.41,Main,,,,,,,,,,,16.11,9.1,12.99,12.99,4.24,0.6,,N,
2642,LIK,IV,I6b-076,,,Opaline/CCS,0%,,Flake,Proximal,,,,,,,,,,,,,,,,,,,,,,Yes,Bending,,,,,,,,,,,,,,KITE,NotPrepared,No,8.44,2.23,,,,,,,,,,,,12.67,,15.45,,1.52,0.32,,N,
2643,LIK,IV,I6b-076,,,Opaline/CCS,0%,,Flake,Complete,,,,,,,,,,,,,,,,,,,,,,Yes,Hertzian,Feather,,,,,,,,,,,,,RECTANGULAR,NotPrepared,No,9.51,1.65,Main,,,,,,,,,,,13.23,13.23,15,15,1.99,0.5,,N,
265,LIK,XIV,P5-056,,,Hornfels,0%,,Flake,Complete,,,,,,,,,,,,,,,,,,,,,,Yes,Hertzian,Feather,,,,,,,,,,,,,RECTANGULAR,NotPrepared,No,9.59,2.25,Main,,,,,,,,,,,22.95,22.95,16.6,16.6,1.59,1.27,,N,
2644,LIK,IV,I6b-076,,,Opaline/CCS,0%,,Flake,Complete,,,,,,,,,,,,,,,,,,,,,,Yes,Hertzian,Feather,,,,,,,,,,,,,RECTANGULAR,NotPrepared,No,4.04,1.73,Main,,,,,,,,,,,17.77,17.77,10.18,10.18,3.48,0.66,,N,
2645,LIK,IV,I6b-076,,,Opaline/CCS,0%,,Flake,Complete,,,,,,,,,,,,,,,,,,,,,,Yes,Hertzian,Feather,,,,,,,,,,,,,TRAPEZOIDAL,NotPrepared,No,5.99,5.36,Main,,,,,,,,,,,11.92,11.92,14.87,12.63,1.92,0.53,,N,
2646,LIK,IV,I6b-076,,,Opaline/CCS,0%,,Flake,Complete,,,,,,,,,,,,,,,,,,,,,,Yes,Hertzian,Feather,,,,,,,,,,,,,RECTANGULAR,NotPrepared,No,8.38,3.4,Main,,,,,,,,,,,18.91,18.91,13.1,13.1,5.33,1.88,,N,
2647,LIK,IV,I6b-076,,,Opaline/CCS,0%,,Flake,Fragment,,,,,,,,,,,,,,,,,,,,,,,,,,,,,,,,,,,,,RECTANGULAR,,,,,,,,,,,,,,,,22.2,,31.39,,8.09,5.87,Ut,N,
2648,LIK,IV,I6b-076,,,Hornfels,0%,,Flake,Complete,,,,,,,,,,,,,,,,,,,,,,Yes,Hertzian,Feather,,,,,,,,,,,,,RECTANGULAR,Indeterminate,No,3.12,1.2,Main,,,,,,,,,,,13.98,13.98,4.63,4.63,2.2,0.22,,N,
2649,LIK,IV,I6b-076,,,Opaline/CCS,0%,,Flake,Proximal,,,,,,,,,,,,,,,,,,,,,,Yes,Hertzian,,,,,,,,,,,,,,TRAPEZOIDAL,NotPrepared,No,4.84,1.3,,,,,,,,,,,,9.28,,9.98,,3.02,0.28,,N,
2651,LIK,IV,I6b-076,,,Hornfels,0%,,Flake,Fragment,,,,,,,,,,,,,,,,,,,,,,,,,,,,,,,,,,,,,RECTANGULAR,,,,,,,,,,,,,,,,7.5,,12.84,,7.24,0.81,,N,
2652,LIK,IV,L6d-076,,,Opaline/CCS,0%,,Flake,Complete,,,,,,,,,,,,,,,,,,,,,,Yes,Hertzian,Feather,,,,,,,,,,,,,RECTANGULAR,NotPrepared,No,5.54,2.6,Main,,,,,,,,,,,10.58,10.58,6.94,6.94,1.49,0.22,,N,
2653,LIK,IV,L6d-076,,,Opaline/CCS,0%,,Flake,Mesial,,,,,,,,,,,,,,,,,,,,,,,,,,,,,,,,,,,,,TRIANGULAR,,,,,,,,,,,,,,,,7.92,,13.29,,1.1,0.12,,N,
2654,LIK,IV,L6d-076,,,Opaline/CCS,0%,,Flake,Complete,,,,,,,,,,,,,,,,,,,,,,Yes,Hertzian,Feather,,,,,,,,,,,,,RECTANGULAR,NotPrepared,No,3.75,0.96,Main,,,,,,,,,,,15.13,15.13,9.29,9.29,1.33,0.26,,N,
266,LIK,XIV,P5-056,,,Hornfels,0%,,Flake,Complete,,,,,,,,,,,,,,,,,,,,,,Yes,Hertzian,Feather,,,,,,,,,,,,,RECTANGULAR,NotPrepared,No,3.81,2.02,Main,,,,,,,,,,,14.42,14.42,9.05,9.05,1.91,0.3,,N,
2655,LIK,IV,L6d-076,,,Opaline/CCS,0%,,Flake,Complete,,,,,,,,,,,,,,,,,,,,,,Yes,Hertzian,Feather,,,,,,,,,,,,,RECTANGULAR,Indeterminate,No,2.11,0.57,Main,,,,,,,,,,,12.09,12.09,3.96,3.96,0.62,0.04,,N,
2656,LIK,IV,L6d-076,,,Hornfels,40-60%,Cobble,Flake,Complete,,,,,,,,,,,,,,,,,,,,,,Yes,Hertzian,Feather,,,,,,,,,,,,,RECTANGULAR,NotPrepared,No,3.17,2.97,Main,,,,,,,,,,,14.23,14.23,4.29,4.29,2.52,0.21,,N,
2657,LIK,IV,L6d-076,,,Siltstone,0%,,Flake,Complete,,,,,,,,,,,,,,,,,,,,,,Yes,Hertzian,Feather,,,,,,,,,,,,,RECTANGULAR,NotPrepared,No,14.17,4.53,Main,,,,,,,,,,,13.29,13.29,15.78,13.13,3.97,0.69,,N,
2658,LIK,IV,L6d-076,,,Siltstone,0%,,Flake,Distal,,,,,,,,,,,,,,,,,,,,,,,,Feather,,,,,,,,,,,,,TRAPEZOIDAL,,,,,,,,,,,,,,,,21.22,,33.68,,6.78,5.5,,N,
2659,LIK,IV,O6b/d-013,,,Opaline/CCS,0%,,Flake,Complete,,,,,,,,,,,,,,,,,,,,,,Yes,Hertzian,Feather,,,,,,,,,,,,,RECTANGULAR,Indeterminate,No,4.96,0.98,Main,,,,,,,,,,,6.54,6.54,11.64,11.64,0.74,0.08,,N,
2660,LIK,IV,L6d-076,,,Opaline/CCS,0%,,Flake,Complete,,,,,,,,,,,,,,,,,,,,,,Yes,Hertzian,Feather,,,,,,,,,,,,,TRIANGULAR,NotPrepared,No,5.09,1.94,Main,,,,,,,,,,,19.55,19.55,8.76,8.2,3.18,0.58,,N,
2661,LIK,IV,I6a-076,,,Opaline/CCS,0%,,Flake,Complete,,,,,,,,,,,,,,,,,,,,,,Yes,Hertzian,Feather,,,,,,,,,,,,,RECTANGULAR,NotPrepared,No,7.37,1.74,Main,,,,,,,,,,,21.98,21.98,14.84,14.84,5.04,2.17,Ut,N,
2662,LIK,IV,K5a-076,,,Opaline/CCS,0%,,Flake,Complete,,,,,,,,,,,,,,,,,,,,,,Yes,Hertzian,Feather,,,,,,,,,,,,,TRIANGULAR,NotPrepared,No,3.29,1.2,Main,,,,,,,,,,,7.59,7.59,9.53,8.33,2.85,0.17,,N,
2663,LIK,IV,K5a-076,,,Opaline/CCS,0%,,Flake,Mesial,,,,,,,,,,,,,,,,,,,,,,,,,,,,,,,,,,,,,TRIANGULAR,,,,,,,,,,,,,,,,5.3,,13.1,,2.21,0.17,,N,
2664,LIK,IV,K5a-076,,,Opaline/CCS,0%,,Flake,Proximal,,,,,,,,,,,,,,,,,,,,,,Yes,Hertzian,,,,,,,,,,,,,,RECTANGULAR,NotPrepared,No,3.47,1.73,,,,,,,,,,,,12.43,,10.44,,3.52,0.43,,N,
267,LIK,XIV,P5-056,,,Hornfels,0%,,Flake,Complete,,,,,,,,,,,,,,,,,,,,,,Yes,Hertzian,Feather,,,,,,,,,,,,,TRAPEZOIDAL,NotPrepared,No,8.95,2.45,Main,,,,,,,,,,,14.17,14.17,21.36,16.49,2.04,0.74,,N,
2665,LIK,IV,K5a-076,,,Opaline/CCS,0%,,Flake,Proximal,,,,,,,,,,,,,,,,,,,,,,Yes,Hertzian,,,,,,,,,,,,,,RECTANGULAR,NotPrepared,No,2.96,0.86,,,,,,,,,,,,11.26,,8.59,,0.97,0.12,,N,
2666,LIK,IV,K5a-076,,,Opaline/CCS,0%,,Flake,Complete,,,,,,,,,,,,,,,,,,,,,,Yes,Hertzian,Feather,,,,,,,,,,,,,RECTANGULAR,NotPrepared,No,5.49,3.39,Main,,,,,,,,,,,14.73,14.73,6,6,2.27,0.26,,N,
2667,LIK,IV,K5a-076,,,Opaline/CCS,0%,,Flake,Proximal,,,,,,,,,,,,,,,,,,,,,,Yes,Hertzian,,,,,,,,,,,,,,RECTANGULAR,NotPrepared,No,4.58,0.71,,,,,,,,,,,,9.29,,13.93,,2.49,0.47,,N,
2668,LIK,IV,K5a-076,,,Opaline/CCS,0%,,Flake,Complete,,,,,,,,,,,,,,,,,,,,,,Yes,Hertzian,Feather,,,,,,,,,,,,,RECTANGULAR,NotPrepared,No,7.24,2.4,Main,,,,,,,,,,,9.15,9.15,14.75,14.75,5.26,1.22,,N,
2669,LIK,IV,K5a-076,,,Opaline/CCS,0%,,Flake,Complete,,,,,,,,,,,,,,,,,,,,,,Yes,Hertzian,Feather,,,,,,,,,,,,,TRIANGULAR,NotPrepared,No,8.97,3.66,Main,,,,,,,,,,,19.18,19.18,11.46,10.63,3.3,0.92,Ut,N,
2670,LIK,IV,K5a-076,,,Hornfels,0%,,Flake,Fragment,,,,,,,,,,,,,,,,,,,,,,,,,,,,,,,,,,,,,RECTANGULAR,,,,,,,,,,,,,,,,12.86,,9.59,,4.58,0.9,,N,
2671,LIK,IV,K5a-076,,,Hornfels,0%,,Flake,Complete,,,,,,,,,,,,,,,,,,,,,,Yes,Hertzian,Feather,,,,,,,,,,,,,RECTANGULAR,NotPrepared,No,3.14,1.21,Main,,,,,,,,,,,21.34,21.34,9.48,9.48,3.6,0.8,,N,
2672,LIK,IV,K4/L4-076,,,Opaline/CCS,0%,,Flake,Distal,,,,,,,,,,,,,,,,,,,,,,,,Feather,,,,,,,,,,,,,RHOMBUS,,,,,,,,,,,,,,,,9.56,,19.67,,3.91,0.63,,N,
2673,LIK,IV,K4/L4-076,,,Hornfels,0%,,Flake,Distal,,,,,,,,,,,,,,,,,,,,,,,,Feather,,,,,,,,,,,,,RECTANGULAR,,,,,,,,,,,,,,,,8.32,,11.06,,1.99,0.22,,N,
2674,LIK,IV,K4/L4-076,,,Hornfels,0%,,Flake,Complete,,,,,,,,,,,,,,,,,,,,,,Yes,Hertzian,Feather,,,,,,,,,,,,,RECTANGULAR,NotPrepared,No,9.82,1.69,Main,,,,,,,,,,,9.32,9.32,12.16,12.16,2.47,0.31,,N,
268,LIK,XIV,P5-056,,,Hornfels,0%,,Flake,Complete,,,,,,,,,,,,,,,,,,,,,,Yes,Hertzian,Feather,,,,,,,,,,,,,OVAL,Indeterminate,No,5.96,1.31,Main,,,,,,,,,,,16,16,20.28,20.28,2.66,0.66,,N,
2675,LIK,IV,K4c-076,,,Opaline/CCS,0%,,Flake,Complete,,,,,,,,,,,,,,,,,,,,,,Yes,Hertzian,Step,,,,,,,,,,,,,RECTANGULAR,NotPrepared,No,5.52,1.69,Main,,,,,,,,,,,13.63,13.63,16.27,13.42,1.61,0.54,,N,
2676,LIK,IV,K4c-076,,,Opaline/CCS,10-40%,Outcrop,Flake,Complete,,,,,,,,,,,,,,,,,,,,,,Yes,Hertzian,Feather,,,,,,,,,,,,,TRIANGULAR,NotPrepared,No,8.15,4.18,Main,,,,,,,,,,,24.01,15.92,10.08,9.19,5.35,1.24,,N,
2677,LIK,IV,K4c-076,,,Hornfels,0%,,Flake,Complete,,,,,,,,,,,,,,,,,,,,,,Yes,Hertzian,Feather,,,,,,,,,,,,,OVAL,NotPrepared,No,12.02,3.69,Main,,,,,,,,,,,17.45,17.45,25.44,22.78,2.63,1.69,,N,
2678,LIK,IV,K4d-076,,,Opaline/CCS,0%,,Flake,Complete,,,,,,,,,,,,,,,,,,,,,,Yes,Hertzian,Feather,,,,,,,,,,,,,RECTANGULAR,NotPrepared,No,4.38,1.61,Main,,,,,,,,,,,7.17,7.17,13.53,13.53,3.14,0.28,,N,
2679,LIK,IV,K6c-076,,,Opaline/CCS,0%,,Flake,Complete,,,,,,,,,,,,,,,,,,,,,,Yes,Hertzian,Feather,,,,,,,,,,,,,TRAPEZOIDAL,NotPrepared,No,4.09,2.2,Main,,,,,,,,,,,8.83,8.83,12.16,8.01,4.33,0.53,,N,
2680,LIK,IV,K6c-076,,,Opaline/CCS,0%,,Flake,Distal,,,,,,,,,,,,,,,,,,,,,,,,Feather,,,,,,,,,,,,,RECTANGULAR,,,,,,,,,,,,,,,,15.16,,7.14,,3.11,0.45,,N,
2681,LIK,IV,K6c-076,,,Opaline/CCS,0%,,Flake,Complete,,,,,,,,,,,,,,,,,,,,,,Yes,Hertzian,Feather,,,,,,,,,,,,,RECTANGULAR,NotPrepared,No,7.07,2.02,Main,,,,,,,,,,,14.06,14.06,12.9,10.98,3.12,0.65,,N,
2682,LIK,VI,K6c-076,,,Opaline/CCS,0%,,Flake,Complete,,,,,,,,,,,,,,,,,,,,,,Yes,Hertzian,Feather,,,,,,,,,,,,,RECTANGULAR,NotPrepared,No,4.08,1.46,Main,,,,,,,,,,,18.46,18.46,10.47,10.47,3.19,0.59,,N,
2683,LIK,IV,K6c-076,,,Opaline/CCS,0%,,Flake,Complete,,,,,,,,,,,,,,,,,,,,,,Yes,Hertzian,Feather,,,,,,,,,,,,,RHOMBUS,NotPrepared,No,7.66,2.19,Main,,,,,,,,,,,12,12,9.9,9.32,1.83,0.25,,N,
2684,LIK,IV,K6c-076,,,Opaline/CCS,0%,,Flake,Complete,,,,,,,,,,,,,,,,,,,,,,Yes,Hertzian,Feather,,,,,,,,,,,,,RECTANGULAR,NotPrepared,No,7.72,2.59,Main,,,,,,,,,,,13.13,13.13,11.17,11.17,2.43,0.33,,N,
269,LIK,XIV,P5-056,,,Hornfels,0%,,Flake,Complete,,,,,,,,,,,,,,,,,,,,,,Yes,Hertzian,Feather,,,,,,,,,,,,,RECTANGULAR,NotPrepared,No,7.64,1.29,Main,,,,,,,,,,,35.3,35.3,22.3,22.3,3.95,3.62,,N,
2685,LIK,IV,K6c-076,,,Opaline/CCS,0%,,Flake,Proximal,,,,,,,,,,,,,,,,,,,,,,Yes,Hertzian,,,,,,,,,,,,,,TRIANGULAR,NotPrepared,No,3.47,1.95,,,,,,,,,,,,18.86,,18.96,,1.73,0.73,Ut,N,
2686,LIK,IV,K6c-076,,,Opaline/CCS,0%,,Flake,Complete,,,,,,,,,,,,,,,,,,,,,,Yes,Hertzian,Feather,,,,,,,,,,,,,RECTANGULAR,NotPrepared,No,11.11,4.79,Main,,,,,,,,,,,27.2,22.41,19.86,15.72,6.41,3.95,,N,
2687,LIK,IV,K6c-076,,,Opaline/CCS,0%,,Flake,Complete,,,,,,,,,,,,,,,,,,,,,,Yes,Hertzian,Feather,,,,,,,,,,,,,RECTANGULAR,NotPrepared,No,7.86,2.61,Main,,,,,,,,,,,31.79,31.79,22.23,22.23,8.01,7.42,Ut,N,
2688,LIK,IV,K6c-076,,,Opaline/CCS,0%,,Flake,Complete,,,,,,,,,,,,,,,,,,,,,,Yes,Hertzian,Feather,,,,,,,,,,,,,RECTANGULAR,NotPrepared,No,10.97,4.85,Main,,,,,,,,,,,16.31,16.31,17.53,15.68,4.23,1.44,Ut,N,
2689,LIK,IV,K6c-076,,,Hornfels,0%,,Flake,Complete,,,,,,,,,,,,,,,,,,,,,,Yes,Hertzian,Feather,,,,,,,,,,,,,TRIANGULAR,NotPrepared,No,10.88,5.21,Main,,,,,,,,,,,11.97,11.97,12.94,8.82,3.8,0.45,,N,
2690,LIK,IV,K6c-076,,,Hornfels,10-40%,Outcrop,Flake,Mesial,,,,,,,,,,,,,,,,,,,,,,,,,,,,,,,,,,,,,RECTANGULAR,,,,,,,,,,,,,,,,11.88,,9.85,,1.92,0.27,,N,
2691,LIK,IV,K6c-076,,,Hornfels,0%,,Flake,Complete,,,,,,,,,,,,,,,,,,,,,,Yes,Hertzian,Feather,,,,,,,,,,,,,TRAPEZOIDAL,NotPrepared,No,6.32,1.56,Main,,,,,,,,,,,11.54,11.54,17.13,14.1,2.17,0.39,,N,
2692,LIK,IV,K6c-076,,,Hornfels,0%,,Flake,Complete,,,,,,,,,,,,,,,,,,,,,,Yes,Hertzian,Feather,,,,,,,,,,,,,RECTANGULAR,NotPrepared,No,12.25,2.96,Main,,,,,,,,,,,14.58,14.58,25.64,20.4,3.71,1.25,,N,
2693,LIK,IV,K6c-076,,,Hornfels,0%,,Flake,Complete,,,,,,,,,,,,,,,,,,,,,,Yes,Bending,Indeterminate,,,,,,,,,,,,,RECTANGULAR,NotPrepared,No,15.21,18.62,Main,,,,,,,,,,,40.28,40.28,22.14,22.14,14.58,21.04,,N,
2694,LIK,IV,K6c-076,,,Hornfels,0%,,Flake,Complete,,,,,,,,,,,,,,,,,,,,,,Yes,Hertzian,Feather,,,,,,,,,,,,,TRIANGULAR,NotPrepared,No,15.14,5.13,Main,,,,,,,,,,,37.93,37.93,52.87,34.82,7.13,17.61,,N,
270,LIK,XIV,P5-056,,,Hornfels,0%,,Flake,Fragment,,,,,,,,,,,,,,,,,,,,,,,,,,,,,,,,,,,,,TRIANGULAR,,,,,,,,,,,,,,,,45.54,,39.5,,6.44,13.2,,N,
2696,LIK,IV,K6c-076,,,Hornfels,0%,,Flake,Distal,,,,,,,,,,,,,,,,,,,,,,,,Feather,,,,,,,,,,,,,RECTANGULAR,,,,,,,,,,,,,,,,32.96,,60.89,,16.29,29.82,Ut,N,
2697,LIK,IV,J6c/d-076,,,Opaline/CCS,0%,,Flake,Complete,,,,,,,,,,,,,,,,,,,,,,Yes,Bending,Feather,,,,,,,,,,,,,RECTANGULAR,NotPrepared,No,4.4,1.44,Main,,,,,,,,,,,22.72,22.72,6.89,6.89,7.11,1.63,,N,
2698,LIK,IV,,,,Opaline/CCS,0%,,Flake,Fragment,,,,,,,,,,,,,,,,,,,,,,,,,,,,,,,,,,,,,TRIANGULAR,,,,,,,,,,,,,,,,14.52,,7.05,,2.81,0.24,,N,
2699,LIK,IV,J6c/d-076,,,Opaline/CCS,0%,,Flake,Mesial,,,,,,,,,,,,,,,,,,,,,,,,,,,,,,,,,,,,,RECTANGULAR,,,,,,,,,,,,,,,,9.39,,11.56,,2.84,0.47,,N,
2700,LIK,IV,L5c-076,,,Opaline/CCS,0%,,Flake,Complete,,,,,,,,,,,,,,,,,,,,,,Yes,Hertzian,Feather,,,,,,,,,,,,,RECTANGULAR,NotPrepared,No,2.51,1.51,Main,,,,,,,,,,,12.47,12.47,6.5,6.5,3.53,0.3,,N,
2701,LIK,IV,L5c-076,,,Opaline/CCS,0%,,Flake,Proximal,,,,,,,,,,,,,,,,,,,,,,Yes,Hertzian,,,,,,,,,,,,,,TRAPEZOIDAL,NotPrepared,No,5.8,2.22,,,,,,,,,,,,9.52,,11.28,,4.7,0.49,Ut,N,
2702,LIK,IV,L5c-076,,,Opaline/CCS,0%,,Flake,Distal,,,,,,,,,,,,,,,,,,,,,,,,Feather,,,,,,,,,,,,,TRIANGULAR,,,,,,,,,,,,,,,,15.09,,10.88,,2.4,0.33,,N,
2703,LIK,IV,L5c-076,,,Opaline/CCS,0%,,Flake,Complete,,,,,,,,,,,,,,,,,,,,,,Yes,Hertzian,Feather,,,,,,,,,,,,,TRAPEZOIDAL,NotPrepared,No,3.07,1.52,Main,,,,,,,,,,,14.3,14.3,16.31,10.42,3.6,0.59,,N,
2704,LIK,IV,L5c-076,,,Opaline/CCS,0%,,Flake,Complete,,,,,,,,,,,,,,,,,,,,,,Yes,Hertzian,Feather,,,,,,,,,,,,,RECTANGULAR,NotPrepared,No,4.48,2.83,Main,,,,,,,,,,,8.97,8.97,11.05,11.05,4.85,0.51,,N,
2705,LIK,IV,L5c-076,,,Opaline/CCS,0%,,Flake,Complete,,,,,,,,,,,,,,,,,,,,,,Yes,Hertzian,Feather,,,,,,,,,,,,,KITE,NotPrepared,No,6.05,1.55,Main,,,,,,,,,,,9,9,16.43,16.43,1.54,0.2,,N,
27,LIK,XV,O5c-057,,,Hornfels,0%,,Flake,Mesial,,,,,,,,,,,,,,,,,,,,,,,,,,,,,,,,,,,,,RECTANGULAR,,,,,,,,,,,,,,,,28.02,,26.52,,3.97,3.21,,N,
271,LIK,XIV,P5-056,,,Opaline/CCS,0%,,Core,,Complete,,,,,,,,,,,,,,,,,,,,,,,,,,,,,,,,,,,,,,,,,,Platform,Irregular,Spherical,0%,5,3,3,3,5,14.95,24.45,,18.49,,15.97,8,,N,
2706,LIK,IV,L5c-076,,,Opaline/CCS,0%,,Flake,Complete,,,,,,,,,,,,,,,,,,,,,,Yes,Hertzian,Feather,,,,,,,,,,,,,TRIANGULAR,NotPrepared,No,2.11,1.11,Main,,,,,,,,,,,11.35,11.35,10.31,8.83,1.26,0.19,,N,
2707,LIK,IV,L5c-076,,,Opaline/CCS,0%,,Flake,Complete,,,,,,,,,,,,,,,,,,,,,,Yes,Hertzian,Feather,,,,,,,,,,,,,TRIANGULAR,NotPrepared,No,7.98,5.18,Main,,,,,,,,,,,17.53,17.53,11.36,10.02,4.01,1.06,,N,
2708,LIK,IV,L5c-076,,,Opaline/CCS,0%,,Flake,Complete,,,,,,,,,,,,,,,,,,,,,,Yes,Hertzian,Feather,,,,,,,,,,,,,RECTANGULAR,NotPrepared,No,12.87,4.1,Main,,,,,,,,,,,12.52,12.52,31.22,24.86,9.23,4,Ut,N,
2709,LIK,IV,L5c-076,,,Opaline/CCS,0%,,Flake,Complete,,,,,,,,,,,,,,,,,,,,,,Yes,Hertzian,Feather,,,,,,,,,,,,,OVAL,NotPrepared,No,3.52,0.76,Main,,,,,,,,,,,9.94,9.94,11.87,11.87,1.79,0.19,,N,
2710,LIK,IV,L5c-076,,,Opaline/CCS,0%,,Flake,Complete,,,,,,,,,,,,,,,,,,,,,,Yes,Hertzian,Feather,,,,,,,,,,,,,RECTANGULAR,NotPrepared,No,3.68,1.71,Main,,,,,,,,,,,15.26,15.26,11.13,11.13,2.71,0.61,,N,
2711,LIK,IV,L5c-076,,,Opaline/CCS,0%,,Flake,Complete,,,,,,,,,,,,,,,,,,,,,,Yes,Bending,Feather,,,,,,,,,,,,,RECTANGULAR,NotPrepared,No,2.73,0.97,Main,,,,,,,,,,,22.45,22.45,10.34,10.34,2.7,0.54,,N,
2712,LIK,IV,L5c-076,,,Hornfels,0%,,Flake,Fragment,,,,,,,,,,,,,,,,,,,,,,,,,,,,,,,,,,,,,RECTANGULAR,,,,,,,,,,,,,,,,14.55,,4.33,,3.75,0.34,,N,
2713,LIK,IV,L5c-076,,,Hornfels,0%,,Flake,Complete,,,,,,,,,,,,,,,,,,,,,,Yes,Hertzian,Feather,,,,,,,,,,,,,RECTANGULAR,NotPrepared,No,9.5,3.23,Main,,,,,,,,,,,9.9,9.9,12.76,10.75,4.09,0.51,,N,
2714,LIK,IV,L5c-076,,,Hornfels,0%,,Flake,Complete,,,,,,,,,,,,,,,,,,,,,,Yes,Hertzian,Feather,,,,,,,,,,,,,RECTANGULAR,NotPrepared,No,6.43,1.66,Main,,,,,,,,,,,33.72,33.72,18.11,18.11,3.77,3.68,,N,
2715,LIK,IV,L5c-076,,,Hornfels,0%,,Flake,Complete,,,,,,,,,,,,,,,,,,,,,,Yes,Hertzian,Feather,,,,,,,,,,,,,TRIANGULAR,NotPrepared,No,5.65,1.84,Main,,,,,,,,,,,13.02,13.02,15.21,12.13,1.77,0.28,,N,
272,LIK,XIV,P4-056,,,Opaline/CCS,0%,,Flake,Complete,,,,,,,,,,,,,,,,,,,,,,Yes,Hertzian,Feather,,,,,,,,,,,,,RECTANGULAR,NotPrepared,No,6.79,2.38,Main,,,,,,,,,,,19.28,8.64,10.67,6.81,1.72,0.28,,N,
2716,LIK,IV,L5c-076,,,Opaline/CCS,0%,,Core,,Complete,,,,,,,,,,,,,,,,,,,,,,,,,,,,,,,,,,,,,,,,,,Platform,Radial,Cubic,0%,4,3,3,3,1,8.96,21.38,,12.07,,11.18,4.03,,N,
2717,LIK,IV,L4d-076,,,Opaline/CCS,0%,,Flake,Mesial,,,,,,,,,,,,,,,,,,,,,,,,,,,,,,,,,,,,,RECTANGULAR,,,,,,,,,,,,,,,,8.23,,10.87,,1.29,0.16,,N,
2718,LIK,IV,L4d-076,,,Opaline/CCS,0%,,Flake,Complete,,,,,,,,,,,,,,,,,,,,,,Yes,Bending,Feather,,,,,,,,,,,,,RECTANGULAR,NotPrepared,No,6.55,2.13,Main,,,,,,,,,,,10.02,10.02,7.37,5.81,1.04,0.11,,N,
2719,LIK,IV,L4d-076,,,Opaline/CCS,0%,,Flake,Complete,,,,,,,,,,,,,,,,,,,,,,Yes,Hertzian,Feather,,,,,,,,,,,,,TRIANGULAR,NotPrepared,No,3.86,1.26,Main,,,,,,,,,,,12.9,12.9,5.81,5.78,1.14,0.09,,N,
2720,LIK,IV,L4d-076,,,Opaline/CCS,0%,,Flake,Complete,,,,,,,,,,,,,,,,,,,,,,Yes,Hertzian,Feather,,,,,,,,,,,,,RECTANGULAR,NotPrepared,No,7.26,4.4,Main,,,,,,,,,,,15.47,15.47,8.47,8.47,3.43,0.59,,N,
2721,LIK,IV,L4d-076,,,Siltstone,0%,,Flake,Distal,,,,,,,,,,,,,,,,,,,,,,,,Feather,,,,,,,,,,,,,TRAPEZOIDAL,,,,,,,,,,,,,,,,12.06,,20.38,,1.55,0.57,,N,
2722,LIK,IV,L4d-076,,,Opaline/CCS,0%,,Core,,Complete,,,,,,,,,,,,,,,,,,,,,,,,,,,,,,,,,,,,,,,,,,Platform,Radial,Cubic,0%,4,2,1,2,5,11.58,15.74,,11.7,,4.09,0.71,,N,
2723,LIK,IV,L4d-076,,,Opaline/CCS,0%,,Flake,Complete,,,,,,,,,,,,,,,,,,,,,,Yes,Hertzian,Feather,,,,,,,,,,,,,TRIANGULAR,NotPrepared,No,3.07,2.47,Main,,,,,,,,,,,10.8,10.8,9.61,6.72,3.83,0.39,,N,
2724,LIK,IV,J7a-076,,,Opaline/CCS,0%,,Flake,Distal,,,,,,,,,,,,,,,,,,,,,,,,Feather,,,,,,,,,,,,,RECTANGULAR,,,,,,,,,,,,,,,,9.61,,9.62,,1.68,0.17,Ut,N,
2725,LIK,IV,J7a-076,,,Basalt,0%,,Flake,Complete,,,,,,,,,,,,,,,,,,,,,,Yes,Hertzian,Feather,,,,,,,,,,,,,OVAL,NotPrepared,No,4.23,1.53,Main,,,,,,,,,,,14.73,14.73,8.52,8.52,3.31,0.53,,N,
273,LIK,XIV,P4-056,,,Opaline/CCS,0%,,Flake,Complete,,,,,,,,,,,,,,,,,,,,,,Yes,Hertzian,Feather,,,,,,,,,,,,,RECTANGULAR,NotPrepared,No,3.88,1.55,Main,,,,,,,,,,,16.44,16.44,11.53,11.53,2.13,0.57,,N,
2726,LIK,III,L5b/d-007,,,Opaline/CCS,0%,,Flake,Complete,,,,,,,,,,,,,,,,,,,,,,Yes,Hertzian,Feather,,,,,,,,,,,,,RECTANGULAR,NotPrepared,No,9.49,4.26,Main,,,,,,,,,,,14.38,14.38,19.2,19.2,3.48,1.07,,N,
2727,LIK,III,L5b/d-007,,,Opaline/CCS,0%,,Flake,Proximal,,,,,,,0,,0,0,0,0,0,0,0,0,0,0,0,0,0,Yes,Hertzian,,,0,0,0,0,0,0,0,0,0,0,0,TRAPEZOIDAL,NotPrepared,No,5.58,2.16,,,,,,0,0,0,0,0,0,9.34,0,10.57,0,2.02,0.24,Ut,N,
2728,LIK,III,L5b/d-007,,,Opaline/CCS,0%,,Flake,Distal,,,,,,,,,,,,,,,,,,,,,,,,Feather,,,,,,,,,,,,,RECTANGULAR,,,,,,,,,,,,,,,,8.63,,18.49,,1.62,0.39,,N,
2729,LIK,III,L5b/d-007,,,Opaline/CCS,0%,,Flake,Complete,,,,,,,,,,,,,,,,,,,,,,Yes,Hertzian,Feather,,,,,,,,,,,,,TRIANGULAR,NotPrepared,No,7.49,2.03,Main,,,,,,,,,,,13.01,13.01,9.92,5.67,3.98,0.3,,N,
2730,LIK,III,L5b/d-007,,,Opaline/CCS,0%,,Flake,Complete,,,,,,,,,,,,,,,,,,,,,,Yes,Hertzian,Overshot,,,,,,,,,,,,,RECTANGULAR,NotPrepared,No,5.58,1.93,Main,,,,,,,,,,,15.71,15.71,14.63,14.63,4.45,1.07,Ut,N,
2731,LIK,III,L5b/d-007,,,Opaline/CCS,0%,,Flake,Complete,,,,,,,,,,,,,,,,,,,,,,Yes,Hertzian,Feather,,,,,,,,,,,,,TRAPEZOIDAL,NotPrepared,No,7.77,2.53,Main,,,,,,,,,,,18.26,18.26,18.25,15.85,3.87,1.63,,N,
2732,LIK,III,L5b/d-007,,,Opaline/CCS,0%,,Flake,Complete,,,,,,,,,,,,,,,,,,,,,,Yes,Hertzian,Feather,,,,,,,,,,,,,TRIANGULAR,NotPrepared,No,7.66,1.67,Main,,,,,,,,,,,8.83,8.83,11.25,9.89,0.89,0.12,,N,
2733,LIK,III,L5b/d-007,,,Opaline/CCS,0%,,Flake,Proximal,,,,,,,,,,,,,,,,,,,,,,Yes,Hertzian,,,,,,,,,,,,,,TRAPEZOIDAL,NotPrepared,No,2.67,1.19,,,,,,,,,,,,13.52,,17.56,,2.24,0.96,,N,
2734,LIK,III,L5b/d-007,,,Opaline/CCS,0%,,Flake,Complete,,,,,,,,,,,,,,,,,,,,,,Yes,Hertzian,Feather,,,,,,,,,,,,,RECTANGULAR,NotPrepared,No,2.85,1.22,Main,,,,,,,,,,,12.63,12.63,6.94,6.94,1.19,0.18,,N,
2735,LIK,III,L5b/d-007,,,Opaline/CCS,0%,,Flake,Distal,,,,,,,,,,,,,,,,,,,,,,,,Feather,,,,,,,,,,,,,RECTANGULAR,,,,,,,,,,,,,,,,7.84,,12.68,,1.3,0.21,,N,
274,LIK,XIV,P4-056,,,Opaline/CCS,0%,,Flake,Complete,,,,,,,,,,,,,,,,,,,,,,Yes,Hertzian,Feather,,,,,,,,,,,,,RECTANGULAR,Indeterminate,No,3.63,1.15,Main,,,,,,,,,,,16.17,16.17,8.24,8.24,1.66,0.21,,N,
2736,LIK,III,L5b/d-007,,,Opaline/CCS,0%,,Flake,Complete,,,,,,,,,,,,,,,,,,,,,,Yes,Hertzian,Feather,,,,,,,,,,,,,TRAPEZOIDAL,NotPrepared,No,4.51,2.48,Main,,,,,,,,,,,10.01,10.01,18.19,12.18,3.98,0.95,Ret; Ut,N,
2737,LIK,III,L5b/d-007,,,Opaline/CCS,0%,,Flake,Complete,,,,,,,,,,,,,,,,,,,,,,Yes,Bending,Feather,,,,,,,,,,,,,TRIANGULAR,NotPrepared,No,4.44,2.04,Main,,,,,,,,,,,11.28,11.28,9.52,8.54,1.6,0.14,,N,
2738,LIK,III,L5b/d-007,,,Opaline/CCS,0%,,Flake,Complete,,,,,,,,,,,,,,,,,,,,,,Yes,Hertzian,Feather,,,,,,,,,,,,,TRAPEZOIDAL,NotPrepared,No,4.97,2.46,Main,,,,,,,,,,,10.34,10.34,18.27,13.81,3.07,0.64,,N,
2739,LIK,III,L5b/d-007,,,Opaline/CCS,0%,,Flake,Distal,,,,,,,,,,,,,,,,,,,,,,,,Feather,,,,,,,,,,,,,RECTANGULAR,,,,,,,,,,,,,,,,8.19,,14.76,,1.73,0.32,,N,
2740,LIK,III,L5b/d-007,,,Opaline/CCS,0%,,Flake,Complete,,,,,,,,,,,,,,,,,,,,,,Yes,Hertzian,Feather,,,,,,,,,,,,,TRAPEZOIDAL,NotPrepared,No,8.48,1.91,Main,,,,,,,,,,,13.76,13.76,12.01,12.01,3.44,1.22,,N,
2741,LIK,III,L5b/d-007,,,Opaline/CCS,0%,,Flake,Complete,,,,,,,,,,,,,,,,,,,,,,Yes,Hertzian,Feather,,,,,,,,,,,,,RECTANGULAR,NotPrepared,No,6.72,1.5,Main,,,,,,,,,,,14.8,14.8,18.3,14.22,2.83,0.89,,N,
2742,LIK,III,L5b/d-007,,,Opaline/CCS,0%,,Flake,Complete,,,,,,,,,,,,,,,,,,,,,,Yes,Hertzian,Feather,,,,,,,,,,,,,TRIANGULAR,NotPrepared,No,4.32,2.15,Main,,,,,,,,,,,22.5,22.5,44.69,26.84,2.77,4.24,Ut,N,
2743,LIK,III,L5b/d-007,,,Opaline/CCS,0%,,Flake,Complete,,,,,,,,,,,,,,,,,,,,,,Yes,Hertzian,Step,,,,,,,,,,,,,RECTANGULAR,NotPrepared,No,11.08,4.86,Main,,,,,,,,,,,9.02,17.83,13.19,13.19,5.08,1.83,,N,
2744,LIK,III,L5b/d-007,,,Opaline/CCS,0%,,Flake,Complete,,,,,,,,,,,,,,,,,,,,,,Yes,Hertzian,Feather,,,,,,,,,,,,,TRIANGULAR,NotPrepared,No,2.84,0.82,Main,,,,,,,,,,,9.59,9.59,13.19,11.11,1.25,0.16,,N,
2745,LIK,III,L5b/d-007,,,Opaline/CCS,0%,,Flake,Complete,,,,,,,,,,,,,,,,,,,,,,Yes,Hertzian,Feather,,,,,,,,,,,,,OVAL,NotPrepared,No,4.97,1.22,Main,,,,,,,,,,,21.88,21.88,13.12,13.12,3.67,0.89,,N,
275,LIK,XIV,P4-056,,,Opaline/CCS,0%,,Flake,Complete,,,,,,,,,,,,,,,,,,,,,,Yes,Hertzian,Feather,,,,,,,,,,,,,TRAPEZOIDAL,NotPrepared,No,4.64,1.57,Main,,,,,,,,,,,19.35,19.35,25.38,18.34,1.35,1.12,Ret,Y,
2746,LIK,III,L5b/d-007,,,Opaline/CCS,0%,,Flake,Complete,,,,,,,,,,,,,,,,,,,,,,Yes,Hertzian,Feather,,,,,,,,,,,,,RECTANGULAR,NotPrepared,No,6.62,1.19,Main,,,,,,,,,,,10.2,10.2,12.15,12.15,1.23,0.16,,N,
2747,LIK,III,L5b/d-007,,,Opaline/CCS,0%,,Flake,Mesial,,,,,,,,,,,,,,,,,,,,,,,,,,,,,,,,,,,,,RHOMBUS,,,,,,,,,,,,,,,,9.16,,12.42,,4.16,0.49,Ut,N,
2748,LIK,III,L5b/d-007,,,Opaline/CCS,0%,,Flake,Complete,,,,,,,,,,,,,,,,,,,,,,Yes,Hertzian,Feather,,,,,,,,,,,,,TRIANGULAR,NotPrepared,No,7.38,2.58,Main,,,,,,,,,,,14.09,12.24,15.75,15.75,3.77,0.75,,N,
2749,LIK,III,L5b/d-007,,,Opaline/CCS,0%,,Flake,Complete,,,,,,,,,,,,,,,,,,,,,,Yes,Hertzian,Feather,,,,,,,,,,,,,RECTANGULAR,NotPrepared,No,3.91,1.43,Main,,,,,,,,,,,15.38,15.38,12.1,12.03,1.33,0.28,,N,
2750,LIK,III,L5b/d-007,,,Opaline/CCS,0%,,Flake,Complete,,,,,,,,,,,,,,,,,,,,,,Yes,Hertzian,Feather,,,,,,,,,,,,,RECTANGULAR,NotPrepared,No,3.22,1.16,Main,,,,,,,,,,,20,20,6.46,6.46,3,0.43,Ut,N,
2751,LIK,III,L5b/d-007,,,Opaline/CCS,0%,,Flake,Complete,,,,,,,,,,,,,,,,,,,,,,Yes,Hertzian,Feather,,,,,,,,,,,,,RECTANGULAR,NotPrepared,No,4.07,1.87,Main,,,,,,,,,,,20.45,20.45,8,8,2.43,0.48,Ret; Ut,N,
2752,LIK,III,L5b/d-007,,,Opaline/CCS,0%,,Flake,Complete,,,,,,,,,,,,,,,,,,,,,,Yes,Hertzian,Feather,,,,,,,,,,,,,OVAL,NotPrepared,No,7.19,2.69,Main,,,,,,,,,,,17.38,17.38,16.1,16.1,4.32,1.41,,N,
2753,LIK,III,L5b/d-007,,,Opaline/CCS,0%,,Flake,Complete,,,,,,,,,,,,,,,,,,,,,,Yes,Hertzian,Feather,,,,,,,,,,,,,RECTANGULAR,NotPrepared,No,12.46,5.58,Main,,,,,,,,,,,18.48,18.48,10.92,7.74,7.14,1.81,,N,
2754,LIK,III,L5b/d-007,,,Opaline/CCS,0%,,Flake,Complete,,,,,,,,,,,,,,,,,,,,,,Yes,Hertzian,Feather,,,,,,,,,,,,,TRAPEZOIDAL,NotPrepared,No,6.79,2.27,Main,,,,,,,,,,,10.24,10.24,20.13,14.42,4.93,1.1,,N,
2755,LIK,III,L5b/d-007,,,Opaline/CCS,0%,,Flake,Complete,,,,,,,,,,,,,,,,,,,,,,Yes,Hertzian,Feather,,,,,,,,,,,,,TRAPEZOIDAL,NotPrepared,No,5.98,7.04,Main,,,,,,,,,,,15.08,15.08,13.16,10.58,6.19,1.3,Ut,N,
276,LIK,XIV,P4-056,,,Opaline/CCS,0%,,Flake,Complete,,,,,,,,,,,,,,,,,,,,,,Yes,Hertzian,Feather,,,,,,,,,,,,,RECTANGULAR,NotPrepared,No,7.23,2.73,Main,,,,,,,,,,,17.95,17.95,12.35,12.35,2.46,0.63,,N,
2756,LIK,III,L5b/d-007,,,Opaline/CCS,0%,,Flake,Complete,,,,,,,,,,,,,,,,,,,,,,Yes,Hertzian,Overshot,,,,,,,,,,,,,RECTANGULAR,NotPrepared,No,12.11,5.59,Main,,,,,,,,,,,13.16,13.16,16.46,16.46,5.55,1.7,,N,
2757,LIK,III,L5b/d-007,,,Opaline/CCS,0%,,Flake,Fragment,,,,,,,,,,,,,,,,,,,,,,,,,,,,,,,,,,,,,TRIANGULAR,,,,,,,,,,,,,,,,24.72,,14.32,,6.91,2.4,,N,
2758,LIK,III,L5b/d-007,,,Opaline/CCS,0%,,Flake,Proximal,,,,,,,,,,,,,,,,,,,,,,Yes,Hertzian,,,,,,,,,,,,,,TRAPEZOIDAL,NotPrepared,No,7.14,5.77,,,,,,,,,,,,9.93,,16.38,,5.1,1.07,Ut,N,
2759,LIK,III,L5b/d-007,,,Opaline/CCS,0%,,Flake,Complete,,,,,,,,,,,,,,,,,,,,,,Yes,Hertzian,Feather,,,,,,,,,,,,,RECTANGULAR,NotPrepared,No,7.55,4.95,Main,,,,,,,,,,,26.18,26.18,19.62,19.62,5.77,3.45,Ut,N,
2760,LIK,III,L5b/d-007,,,Opaline/CCS,0%,,Flake,Complete,,,,,,,,,,,,,,,,,,,,,,Yes,Hertzian,Feather,,,,,,,,,,,,,RECTANGULAR,NotPrepared,No,12.19,5.18,Main,,,,,,,,,,,12.28,12.28,15.4,10.63,6.17,1.41,,N,
2761,LIK,III,L5b/d-007,,,Opaline/CCS,0%,,Flake,Complete,,,,,,,,,,,,,,,,,,,,,,Yes,Bending,Feather,,,,,,,,,,,,,TRAPEZOIDAL,NotPrepared,No,13.4,3.64,Main,,,,,,,,,,,12.18,12.18,22.09,17.87,2.67,0.95,,N,
2762,LIK,III,L5b/d-007,,,Opaline/CCS,0%,,Flake,Complete,,,,,,,,,,,,,,,,,,,,,,Yes,Hertzian,Feather,,,,,,,,,,,,,RECTANGULAR,NotPrepared,No,11.72,8.24,Main,,,,,,,,,,,19.36,19.36,12.51,12.51,8.21,1.92,,N,
2763,LIK,III,L5b/d-007,,,Opaline/CCS,0%,,Flake,Complete,,,,,,,,,,,,,,,,,,,,,,Yes,Hertzian,Feather,,,,,,,,,,,,,RECTANGULAR,NotPrepared,No,11.4,3.14,Main,,,,,,,,,,,16.63,16.63,13.74,13.74,2.03,0.86,,N,
2764,LIK,III,L5b/d-007,,,Opaline/CCS,0%,,Flake,Complete,,,,,,,,,,,,,,,,,,,,,,Yes,Bending,Feather,,,,,,,,,,,,,OVAL,NotPrepared,No,2.98,0.77,Main,,,,,,,,,,,13.98,13.98,9.53,9.53,1.15,0.21,,N,
2765,LIK,III,L5b/d-007,,,Opaline/CCS,0%,,Flake,Complete,Fragment,,,,,,,,,,,,,,,,,,,,,Yes,Bending,Feather,,,,,,,,,,,,,RECTANGULAR,NotPrepared,No,2.84,0.75,Main,,,,,,,,,,,15.86,15.86,8.74,8.74,2.67,0.35,,N,
277,LIK,XIV,P4-056,,,Opaline/CCS,0%,,Flake,Complete,,,,,,,,,,,,,,,,,,,,,,Yes,Hertzian,Feather,,,,,,,,,,,,,RECTANGULAR,Indeterminate,No,10.84,5.78,Main,,,,,,,,,,,27.41,27.41,19.74,19.74,4.14,4,,N,
2766,LIK,III,L5b/d-007,,,Opaline/CCS,0%,,Flake,Complete,,,,,,,,,,,,,,,,,,,,,,Yes,Hertzian,Feather,,,,,,,,,,,,,TRIANGULAR,NotPrepared,No,9.61,3.21,Main,,,,,,,,,,,21.67,21.67,13.95,13.95,7.43,2,Ut,N,
2767,LIK,III,L5b/d-007,,,Opaline/CCS,0%,,Flake,Complete,,,,,,,,,,,,,,,,,,,,,,Yes,Hertzian,Feather,,,,,,,,,,,,,RECTANGULAR,NotPrepared,No,4.23,3.22,Main,,,,,,,,,,,18.08,18.08,30.24,23.13,3.92,2,,N,
2768,LIK,III,L5b/d-007,,,Opaline/CCS,0%,,RetouchedTool,Complete,,MinimallyRetouched,MarginalEdgeShaping,Dorsal,3,678,8.03,2,6.87,9.83,8.7,,,,,,,,,,,,,,Flake,,,,,,,,,,,,TRIANGULAR,,,,,,,,,,,,,,,,31.11,,20.92,,11.9,7.72,Ret; Ut,N,
2769,LIK,III,L5b/d-007,,,Opaline/CCS,0%,,Flake,Complete,,,,,,,,,,,,,,,,,,,,,,Yes,Hertzian,Feather,,,,,,,,,,,,,TRAPEZOIDAL,NotPrepared,No,5.24,2.64,Main,,,,,,,,,,,20.9,20.9,35.45,25.68,4.53,4.33,,N,
2770,LIK,III,L5b/d-007,,,Opaline/CCS,0%,,Flake,Complete,,,,,,,,,,,,,,,,,,,,,,Yes,Hertzian,Hinge,,,,,,,,,,,,,RECTANGULAR,NotPrepared,No,6.32,4.88,Main,,,,,,,,,,,38.11,38.11,17.03,17.03,11.16,6.35,,N,
2771,LIK,III,L5b/d-007,,,Hornfels,0%,,Flake,Complete,,,,,,,,,,,,,,,,,,,,,,Yes,Bending,Feather,,,,,,,,,,,,,RECTANGULAR,NotPrepared,No,9.19,1.99,Main,,,,,,,,,,,8.46,8.46,11.43,11.2,1.56,0.21,,N,
2772,LIK,III,L5b/d-007,,,Hornfels,0%,,Flake,Complete,,,,,,,,,,,,,,,,,,,,,,Yes,Hertzian,Feather,,,,,,,,,,,,,RECTANGULAR,NotPrepared,No,10.33,2.18,Main,,,,,,,,,,,9.3,9.3,11.01,11.01,1.61,0.23,,N,
2773,LIK,III,L5b/d-007,,,Hornfels,0%,,Flake,Complete,,,,,,,,,,,,,,,,,,,,,,Yes,Hertzian,Feather,,,,,,,,,,,,,TRIANGULAR,NotPrepared,No,13.93,7.1,Main,,,,,,,,,,,15.24,15.24,15.24,11.49,5.21,0.66,,N,
2774,LIK,III,L5b/d-007,,,Hornfels,0%,,Flake,Distal,,,,,,,,,,,,,,,,,,,,,,,,Feather,,,,,,,,,,,,,RECTANGULAR,,,,,,,,,,,,,,,,14.37,,18.35,,8.32,1.82,,N,
2775,LIK,III,L5b/d-007,,,Hornfels,0%,,Flake,Complete,,,,,,,,,,,,,,,,,,,,,,Yes,Hertzian,Feather,,,,,,,,,,,,,TRIANGULAR,NotPrepared,No,7.93,1.93,Main,,,,,,,,,,,25.5,25.5,21.67,21.67,3.76,2.03,,N,
278,LIK,XIV,P4-056,,,Opaline/CCS,0%,,Flake,Complete,,,,,,,,,,,,,,,,,,,,,,Yes,Hertzian,Feather,,,,,,,,,,,,,RECTANGULAR,NotPrepared,No,7.44,2.36,Main,,,,,,,,,,,64.04,64.04,23.85,23.85,15.16,26.22,Ret,N,
2776,LIK,III,L5b/d-007,,,Hornfels,0%,,Flake,Proximal,,,,,,,,,,,,,,,,,,,,,,Yes,Hertzian,,,,,,,,,,,,,,RECTANGULAR,NotPrepared,No,7.94,3.39,,,,,,,,,,,,25.3,,10.41,,4.03,1.81,,N,
2777,LIK,III,L5b/d-007,,,Hornfels,0%,,Flake,Complete,,,,,,,,,,,,,,,,,,,,,,Yes,Hertzian,Feather,,,,,,,,,,,,,RECTANGULAR,NotPrepared,No,14.45,5.47,Main,,,,,,,,,,,26.39,26.39,16.44,16.44,4.54,2.93,,N,
2778,LIK,III,L5b/d-007,,,Quartz,0%,,Flake,Complete,,,,,,,,,,,,,,,,,,,,,,Yes,Hertzian,Feather,,,,,,,,,,,,,OVAL,NotPrepared,No,3.69,2.72,Main,,,,,,,,,,,8.71,8.71,11.26,11.26,1.03,0.19,,N,
2779,LIK,III,L5b/d-007,,,Quartz,0%,,Flake,Complete,,,,,,,,,,,,,,,,,,,,,,Yes,Hertzian,Feather,,,,,,,,,,,,,RECTANGULAR,NotPrepared,No,3.93,1.55,Main,,,,,,,,,,,14.91,14.91,11.1,11.1,4.51,0.69,,N,
2780,LIK,III,L5b/d-007,,,Opaline/CCS,0%,,Flake,Complete,,,,,,,,,,,,,,,,,,,,,,Yes,Hertzian,Feather,,,,,,,,,,,,,RECTANGULAR,NotPrepared,No,4.51,1.64,Main,,,,,,,,,,,10.21,10.21,11.88,10.48,2.85,0.36,Ut,N,
2781,LIK,III,L5b/d-007,,,Opaline/CCS,0%,,Flake,Complete,,,,,,,,,,,,,,,,,,,,,,Yes,Hertzian,Feather,,,,,,,,,,,,,TRIANGULAR,NotPrepared,No,9.21,4.41,Main,,,,,,,,,,,30.6,30.6,16.52,6.52,3.83,2.39,Ut,N,
2782,LIK,III,L5b/d-007,,,Opaline/CCS,0%,,Flake,Complete,,,,,,,,,,,,,,,,,,,,,,Yes,Hertzian,Feather,,,,,,,,,,,,,RECTANGULAR,ResidualFacetWithBulb,No,5.73,3.07,Main,,,,,,,,,,,21,21,14.36,14.36,3.16,1.19,Ut,N,
2783,LIK,III,L5b/d-007,,,Opaline/CCS,0%,,Flake,Complete,,,,,,,,,,,,,,,,,,,,,,Yes,Hertzian,Feather,,,,,,,,,,,,,RECTANGULAR,NotPrepared,No,5.37,1.47,Main,,,,,,,,,,,22.62,22.62,10.84,10.84,4.06,0.97,,N,
2784,LIK,III,L5b/d-007,,,Opaline/CCS,0%,,Flake,Fragment,,,,,,,,,,,,,,,,,,,,,,,,,,,,,,,,,,,,,RECTANGULAR,,,,,,,,,,,,,,,,16.95,,18.13,,10.49,4.09,Ut,N,
2785,LIK,III,L5b/d-007,,,Opaline/CCS,0%,,Flake,Complete,,,,,,,,,,,,,,,,,,,,,,Yes,Hertzian,Feather,,,,,,,,,,,,,RECTANGULAR,NotPrepared,No,6.08,2.54,Main,,,,,,,,,,,19.21,19.21,15.63,15.63,4.3,1.5,Ut,N,
279,LIK,XIV,P4-056,,,Opaline/CCS,0%,,Flake,Complete,,,,,,,,,,,,,,,,,,,,,,Yes,Wedging,Hinge,,,,,,,,,,,,,OVAL,NotPrepared,No,4.61,0.52,Main,,,,,,,,,,,12.94,12.94,9.42,9.42,1.95,0.33,,N,
2786,LIK,III,,,,Opaline/CCS,0%,,Flake,Proximal,,,,,,,,,,,,,,,,,,,,,,Yes,Hertzian,,,,,,,,,,,,,,RECTANGULAR,NotPrepared,No,4,2.91,,,,,,,,,,,,19.91,,15.72,,1.52,0.95,Ut,N,
2787,LIK,III,L5b/d-007,,,Opaline/CCS,0%,,Flake,Distal,,,,,,,,,,,,,,,,,,,,,,,,Feather,,,,,,,,,,,,,TRAPEZOIDAL,,,,,,,,,,,,,,,,12.2,,23.15,,5.96,1.75,Ut,N,
2788,LIK,III,L5b/d-007,,,Opaline/CCS,0%,,RetouchedTool,Complete,,MinimallyRetouched,MarginalEdgeShaping,Dorsal,3,678,6.06,1,6.75,7.66,5.26,,,,,,,,,,,,,,Flake,,,,,,,,,,,,TRIANGULAR,,,,,,,,,,,,,,,,31.06,,30.12,,9.12,9.9,Ret; Ut,N,
2789,LIK,III,L5b/d-007,,,Siltstone,0%,,Flake,Complete,,,,,,,,,,,,,,,,,,,,,,Yes,Hertzian,Feather,,,,,,,,,,,,,RECTANGULAR,NotPrepared,No,8.33,4.46,Main,,,,,,,,,,,31.12,26.1,15.48,15.48,4.96,2.51,,N,
2790,LIK,III,L5b/d-007,,,Siltstone,0%,,Flake,Complete,,,,,,,,,,,,,,,,,,,,,,Yes,Hertzian,Feather,,,,,,,,,,,,,TRIANGULAR,NotPrepared,No,12.16,6.84,Main,,,,,,,,,,,20.23,20.23,13.28,9.16,8.14,1.95,,N,
2791,LIK,III,L5b/d-007,,,Hornfels,0%,,Flake,Complete,,,,,,,,,,,,,,,,,,,,,,Yes,Bending,Feather,,,,,,,,,,,,,TRIANGULAR,NotPrepared,No,22.61,11.58,Main,,,,,,,,,,,30.02,30.02,24.07,18,9.95,5.64,Ut,N,
2792,LIK,III,L5d-007,,,Opaline/CCS,0%,,Flake,Proximal,,,,,,,,,,,,,,,,,,,,,,Yes,Bending,,,,,,,,,,,,,,RECTANGULAR,NotPrepared,No,6.43,2.42,,,,,,,,,,,,14,,6.99,,2.17,0.18,,N,
2793,LIK,III,L5d-007,,,Opaline/CCS,0%,,Flake,Complete,,,,,,,,,,,,,,,,,,,,,,Yes,Hertzian,Feather,,,,,,,,,,,,,RECTANGULAR,NotPrepared,No,4.08,1.97,Main,,,,,,,,,,,19.89,19.89,4.68,4.68,1.63,0.22,,N,
2794,LIK,III,L5d-007,,,Opaline/CCS,0%,,Flake,Complete,,,,,,,,,,,,,,,,,,,,,,Yes,Hertzian,Feather,,,,,,,,,,,,,RECTANGULAR,NotPrepared,No,4.16,0.86,Main,,,,,,,,,,,13.55,9.67,8.47,8.47,0.89,0.14,,N,
2795,LIK,III,L5d-007,,,Opaline/CCS,0%,,Flake,Complete,,,,,,,,,,,,,,,,,,,,,,Yes,Hertzian,Feather,,,,,,,,,,,,,RECTANGULAR,NotPrepared,No,3.8,1.36,Main,,,,,,,,,,,11.06,11.06,9.34,8.83,1.54,0.21,,N,
280,LIK,XIV,P4-056,,,Opaline/CCS,0%,,Flake,Complete,,,,,,,,,,,,,,,,,,,,,,Yes,Bending,Feather,,,,,,,,,,,,,TRIANGULAR,NotPrepared,No,9.17,3.09,Main,,,,,,,,,,,10.12,10.12,20.14,10.59,0.77,0.36,281,Y,
2796,LIK,III,L5d-007,,,Opaline/CCS,0%,,Flake,Complete,,,,,,,,,,,,,,,,,,,,,,Yes,Hertzian,Feather,,,,,,,,,,,,,OVAL,NotPrepared,No,4.91,1.43,Main,,,,,,,,,,,12.58,12.58,12.63,12.63,2.29,0.41,,Y,
2797,LIK,III,L5d-007,,,Opaline/CCS,0%,,Flake,Complete,,,,,,,,,,,,,,,,,,,,,,Yes,Hertzian,Feather,,,,,,,,,,,,,KITE,NotPrepared,No,3.87,0.7,Main,,,,,,,,,,,12.49,12.49,10.66,10.66,1.12,-0.14,,N,
2798,LIK,III,L5d-007,,,Opaline/CCS,0%,,Flake,Proximal,,,,,,,,,,,,,,,,,,,,,,Yes,Hertzian,,,,,,,,,,,,,,TRAPEZOIDAL,NotPrepared,No,3.3,1.79,,,,,,,,,,,,9.83,,10.92,,2.07,0.24,,N,
2799,LIK,III,L5d-007,,,Opaline/CCS,0%,,Flake,Mesial,,,,,,,,,,,,,,,,,,,,,,,,,,,,,,,,,,,,,RECTANGULAR,,,,,,,,,,,,,,,,12.04,,16.66,,3.32,0.87,,N,
2800,LIK,III,L5d-007,,,Opaline/CCS,0%,,Flake,Complete,,,,,,,,,,,,,,,,,,,,,,Yes,Bending,Feather,,,,,,,,,,,,,RECTANGULAR,NotPrepared,No,15.66,9.7,Main,,,,,,,,,,,15.38,15.38,16.43,16.43,6.35,2.41,,N,
2801,LIK,III,L5d-007,,,Opaline/CCS,0%,,Flake,Complete,,,,,,,,,,,,,,,,,,,,,,Yes,Hertzian,Feather,,,,,,,,,,,,,RECTANGULAR,NotPrepared,No,10.45,4.23,Main,,,,,,,,,,,12.14,12.14,14.78,14.78,4.59,1.1,,N,
2802,LIK,III,L5d-007,,,Opaline/CCS,0%,,Flake,Distal,,,,,,,,,,,,,,,,,,,,,,,,Feather,,,,,,,,,,,,,TRAPEZOIDAL,,,,,,,,,,,,,,,,12.47,,29.12,,2.71,1.13,,N,
2803,LIK,III,L5d-007,,,Opaline/CCS,0%,,Flake,Complete,,,,,,,,,,,,,,,,,,,,,,Yes,Hertzian,Feather,,,,,,,,,,,,,TRIANGULAR,NotPrepared,No,7.74,4.36,Main,,,,,,,,,,,22.63,22.63,15.96,10.37,5.62,1.47,Ut,N,
2804,LIK,III,L5d-007,,,Opaline/CCS,0%,,Flake,Proximal,,,,,,,,,,,,,,,,,,,,,,Yes,Hertzian,,,,,,,,,,,,,,TRAPEZOIDAL,NotPrepared,No,7.95,3.68,,,,,,,,,,,,22.23,,23.35,,6.73,4.33,,N,
2805,LIK,III,L5d-007,,,Opaline/CCS,0%,,Flake,Mesial,,,,,,,,,,,,,,,,,,,,,,,,,,,,,,,,,,,,,RECTANGULAR,,,,,,,,,,,,,,,,15.34,,12.59,,7.48,2.16,,N,
28,LIK,XV,O5c-057,,,Hornfels,0%,,Flake,Complete,,,,,,,,,,,,,,,,,,,,,,Yes,Hertzian,Feather,,,,,,,,,,,,,RECTANGULAR,NotPrepared,No,4.16,2.23,Main,,,,,,,,,,,25.69,25.69,9.56,9.56,4.37,1.18,,N,
281,LIK,XIV,P4-056,,,Opaline/CCS,0%,,Flake,Mesial,,,,,,,,,,,,,,,,,,,,,,,,,,,,,,,,,,,,,RECTANGULAR,,,,,,,,,,,,,,,,14.75,,9.93,,3.43,0.55,,N,
2806,LIK,III,L5d-007,,,Opaline/CCS,0%,,Flake,Complete,,,,,,,,,,,,,,,,,,,,,,Yes,Hertzian,Feather,,,,,,,,,,,,,OVAL,NotPrepared,No,3.49,1.89,Main,,,,,,,,,,,24.46,24.46,15.93,15.93,8.65,2.54,,N,
2807,LIK,III,L5d-007,,,Opaline/CCS,0%,,Flake,Distal,,,,,,,,,,,,,,,,,,,,,,,,Feather,,,,,,,,,,,,,RECTANGULAR,,,,,,,,,,,,,,,,21.94,,12.31,,5.94,2.13,,N,
2808,LIK,III,L5d-007,,,Opaline/CCS,0%,,Flake,Complete,,,,,,,,,,,,,,,,,,,,,,Yes,Hertzian,Feather,,,,,,,,,,,,,TRIANGULAR,NotPrepared,No,10.99,4.33,Main,,,,,,,,,,,29.41,29.41,31.66,25.32,7.68,6.3,,N,
2809,LIK,III,L5d-007,,,Opaline/CCS,0%,,Flake,Complete,,,,,,,,,,,,,,,,,,,,,,Yes,Hertzian,Feather,,,,,,,,,,,,,RECTANGULAR,NotPrepared,No,6.51,5.81,Main,,,,,,,,,,,43.16,43.16,14.08,14.08,4.87,3.76,Ut,N,
2810,LIK,III,L5d-007,,,Opaline/CCS,0%,,Flake,Complete,,,,,,,,,,,,,,,,,,,,,,Yes,Hertzian,Feather,,,,,,,,,,,,,RECTANGULAR,NotPrepared,No,8.35,2.29,Main,,,,,,,,,,,13.67,13.67,12.37,12.37,2.04,0.5,Ut,N,
2811,LIK,III,L5d-007,,,Opaline/CCS,0%,,Flake,Complete,,,,,,,0,,0,0,0,0,0,0,0,0,0,0,0,0,0,Yes,Hertzian,Feather,,0,0,0,0,0,0,0,0,0,0,0,RECTANGULAR,NotPrepared,No,7.14,2.3,Main,,,,,0,0,0,0,0,0,14.44,14.44,14.77,14.77,1.94,0.54,Ut,N,
2812,LIK,III,L5d-007,,,Siltstone,0%,,Flake,Complete,,,,,,,,,,,,,,,,,,,,,,Yes,Hertzian,Feather,,,,,,,,,,,,,RECTANGULAR,NotPrepared,No,9.49,4.66,Main,,,,,,,,,,,10.03,10.03,11.56,10.48,3.82,0.57,,N,
2813,LIK,III,L5d-007,,,Siltstone,0%,,Flake,Complete,,,,,,,,,,,,,,,,,,,,,,Yes,Hertzian,Feather,,,,,,,,,,,,,RECTANGULAR,NotPrepared,No,4.19,1.74,Main,,,,,,,,,,,18.57,18.3,7.79,7.79,4.21,0.5,,N,
2814,LIK,III,L5d-007,,,Siltstone,0%,,Flake,Complete,,,,,,,0,,0,0,0,0,0,0,0,0,0,0,0,0,0,Yes,Hertzian,Feather,,0,0,0,0,0,0,0,0,0,0,0,RECTANGULAR,NotPrepared,No,12.4,6.69,Main,,,,,0,0,0,0,0,0,20.45,15.73,15.87,15.87,3.78,1.65,Ut,N,
2815,LIK,III,L5d-007,,,Hornfels,0%,,Flake,Complete,,,,,,,,,,,,,,,,,,,,,,Yes,Hertzian,Feather,,,,,,,,,,,,,RECTANGULAR,NotPrepared,No,8.7,1.15,Main,,,,,,,,,,,10.33,10.33,10.27,10.27,0.98,0.13,,N,
282,LIK,XIV,P4-056,,,Opaline/CCS,0%,,Flake,Complete,,,,,,,,,,,,,,,,,,,,,,Yes,Hertzian,Feather,,,,,,,,,,,,,TRIANGULAR,NotPrepared,No,4.17,1.42,Main,,,,,,,,,,,37.31,37.31,17.82,12.24,1.85,1.22,,N,
2816,LIK,III,L5d-007,,,Hornfels,0%,,Flake,Complete,,,,,,,,,,,,,,,,,,,,,,Yes,Hertzian,Feather,,,,,,,,,,,,,RECTANGULAR,NotPrepared,No,8.4,2.78,Main,,,,,,,,,,,18.79,18.79,11.18,11.18,3.81,0.94,,N,
2817,LIK,III,L5d-007,,,Hornfels,0%,,Flake,Distal,,,,,,,,,,,,,,,,,,,,,,,,Feather,,,,,,,,,,,,,OVAL,,,,,,,,,,,,,,,,11.99,,11.73,,3.91,0.6,,N,
2818,LIK,III,L5d-007,,,Hornfels,0%,,Flake,Distal,,,,,,,,,,,,,,,,,,,,,,,,Feather,,,,,,,,,,,,,RECTANGULAR,,,,,,,,,,,,,,,,25.06,,18.76,,5.24,3.58,,N,
2819,LIK,III,L5d-007,,,Hornfels,0%,,Core,,Complete,,,,,,,,,,,,,,,,,,,,,,,,,,,,,,,,,,,,,,,,,,Bipolar,Bladelet,Cubic,0%,3,2,2,4,4,11.79,12.62,,5.77,,4.06,0.45,,N,
2820,LIK,III,L6b-007,,,Opaline/CCS,0%,,Flake,Proximal,,,,,,,,,,,,,,,,,,,,,,Yes,Bending,,,,,,,,,,,,,,RECTANGULAR,NotPrepared,No,5.04,1.99,,,,,,,,,,,,6,,13.11,,3.2,0.26,,N,
2821,LIK,III,L6b-007,,,Opaline/CCS,0%,,Flake,Proximal,,,,,,,,,,,,,,,,,,,,,,Yes,Hertzian,,,,,,,,,,,,,,RECTANGULAR,NotPrepared,No,3.02,0.91,,,,,,,,,,,,13.21,,10.31,,2.52,0.28,Ut,N,
2822,LIK,III,L6b-007,,,Opaline/CCS,0%,,Flake,Complete,,,,,,,,,,,,,,,,,,,,,,Yes,Bending,Feather,,,,,,,,,,,,,OVAL,NotPrepared,No,5.59,2.25,Main,,,,,,,,,,,15.71,15.72,8.16,8.16,2.35,0.35,,N,
2823,LIK,III,L6b-007,,,Opaline/CCS,0%,,Flake,Complete,,,,,,,,,,,,,,,,,,,,,,Yes,Hertzian,Feather,,,,,,,,,,,,,RECTANGULAR,ResidualFacetWithBulb,No,5.93,3.63,Main,,,,,,,,,,,7.92,7.92,10.77,10.77,2.31,0.27,,N,
2824,LIK,III,L6b-007,,,Opaline/CCS,0%,,Flake,Proximal,,,,,,,,,,,,,,,,,,,,,,Yes,Hertzian,,,,,,,,,,,,,,RECTANGULAR,NotPrepared,No,10.38,2.51,,,,,,,,,,,,18.59,,13.47,,2.53,0.69,,N,
2825,LIK,III,L6b-007,,,Opaline/CCS,0%,,Flake,Complete,,,,,,,,,,,,,,,,,,,,,,Yes,Hertzian,Feather,,,,,,,,,,,,,TRIANGULAR,NotPrepared,No,5.45,2.78,Main,,,,,,,,,,,12.77,12.77,7.72,6.54,2.19,0.19,,N,
283,LIK,XIV,P4-056,,,Opaline/CCS,0%,,Flake,Mesial,,,,,,,,,,,,,,,,,,,,,,,,,,,,,,,,,,,,,RECTANGULAR,,,,,,,,,,,,,,,,13.72,,10.45,,1.74,0.32,,N,
2826,LIK,III,L6b-007,,,Opaline/CCS,0%,,Flake,Distal,,,,,,,,,,,,,,,,,,,,,,,,Feather,,,,,,,,,,,,,RECTANGULAR,,,,,,,,,,,,,,,,8.87,,14.17,,1.68,0.33,,N,
2827,LIK,III,L6b-007,,,Opaline/CCS,0%,,Flake,Proximal,,,,,,,,,,,,,,,,,,,,,,Yes,Bending,,,,,,,,,,,,,,RECTANGULAR,NotPrepared,No,2.76,1.34,,,,,,,,,,,,16.28,,6.88,,2.33,0.26,,N,
2828,LIK,III,L6b-007,,,Opaline/CCS,0%,,Flake,Complete,,,,,,,,,,,,,,,,,,,,,,Yes,Hertzian,Feather,,,,,,,,,,,,,TRIANGULAR,NotPrepared,No,4.03,1.05,Main,,,,,,,,,,,13.01,13.01,25.18,18.94,1.83,0.54,,N,
2829,LIK,III,L6b-007,,,Opaline/CCS,0%,,Flake,Proximal,,,,,,,,,,,,,,,,,,,,,,Yes,Hertzian,,,,,,,,,,,,,,RECTANGULAR,NotPrepared,No,5.77,2.45,,,,,,,,,,,,15.32,,12.82,,5.35,1.27,Ut,N,
2830,LIK,III,L6b-007,,,Opaline/CCS,0%,,Flake,Mesial,,,,,,,,,,,,,,,,,,,,,,,,,,,,,,,,,,,,,RECTANGULAR,,,,,,,,,,,,,,,,12.09,,13.9,,6.67,2.18,,N,
2831,LIK,III,L6b-007,,,Opaline/CCS,0%,,Flake,Complete,,,,,,,,,,,,,,,,,,,,,,Yes,Hertzian,Feather,,,,,,,,,,,,,TRIANGULAR,NotPrepared,No,5.44,1.48,Main,,,,,,,,,,,13.28,13.28,7.37,6.09,1.01,0.08,,N,
2832,LIK,III,L6b-007,,,Opaline/CCS,0%,,Flake,Complete,,,,,,,,,,,,,,,,,,,,,,Yes,Hertzian,Feather,,,,,,,,,,,,,RECTANGULAR,NotPrepared,No,4.5,1.4,Main,,,,,,,,,,,7.24,7.24,11.48,11.48,1.24,0.16,Ut,N,
2833,LIK,III,L6b-007,,,Opaline/CCS,0%,,Flake,Complete,,,,,,,,,,,,,,,,,,,,,,Yes,Hertzian,Feather,,,,,,,,,,,,,RECTANGULAR,NotPrepared,No,5.81,2.5,Main,,,,,,,,,,,12.53,12.53,16.28,16.28,2.58,0.58,,N,
2834,LIK,III,L6b-007,,,Opaline/CCS,0%,,Flake,Distal,,,,,,,,,,,,,,,,,,,,,,,,Feather,,,,,,,,,,,,,RECTANGULAR,,,,,,,,,,,,,,,,16.2,,16.67,,3.51,1.05,,N,
2835,LIK,III,L6b-007,,,Opaline/CCS,0%,,Flake,Distal,,,,,,,,,,,,,,,,,,,,,,,,Feather,,,,,,,,,,,,,TRAPEZOIDAL,,,,,,,,,,,,,,,,10.24,,20.19,,5.18,0.8,,N,
284,LIK,XIV,P4-056,,,Opaline/CCS,0%,,Flake,Complete,,,,,,,,,,,,,,,,,,,,,,Yes,Hertzian,Feather,,,,,,,,,,,,,TRIANGULAR,NotPrepared,No,5.78,3.17,Main,,,,,,,,,,,31.36,31.36,18.12,18.12,5.09,4.18,Ret,N,
2836,LIK,III,L6b-007,,,Opaline/CCS,0%,,Flake,Proximal,,,,,,,,,,,,,,,,,,,,,,Yes,Hertzian,,,,,,,,,,,,,,RECTANGULAR,NotPrepared,No,6.28,2.17,,,,,,,,,,,,12.53,,14.25,,2.37,0.6,,N,
2837,LIK,III,L6b-007,,,Opaline/CCS,0%,,Flake,Complete,,,,,,,,,,,,,,,,,,,,,,Yes,Hertzian,Feather,,,,,,,,,,,,,OVAL,NotPrepared,No,5.37,1.76,Main,,,,,,,,,,,26.12,26.12,16.06,16.06,4.66,1.75,,N,
2838,LIK,III,L6b-007,,,Opaline/CCS,0%,,Flake,Distal,,,,,,,,,,,,,,,,,,,,,,,,Feather,,,,,,,,,,,,,RECTANGULAR,,,,,,,,,,,,,,,,19.86,,17.07,,2.71,1.31,,N,
2839,LIK,III,L6b-007,,,Opaline/CCS,0%,,Flake,Complete,,,,,,,,,,,,,,,,,,,,,,Yes,Hertzian,Step,,,,,,,,,,,,,RECTANGULAR,NotPrepared,No,4.56,2.22,Main,,,,,,,,,,,31.41,31.41,12.62,11.71,4.62,2.71,,N,
2840,LIK,III,L6b-007,,,Opaline/CCS,0%,,Flake,Complete,,,,,,,,,,,,,,,,,,,,,,Yes,Hertzian,Feather,,,,,,,,,,,,,RECTANGULAR,NotPrepared,No,17.47,6.45,Main,,,,,,,,,,,30.07,30.07,18.11,18.11,7.3,6.62,,N,
2841,LIK,III,L6b-007,,,Opaline/CCS,0%,,Flake,Complete,,,,,,,,,,,,,,,,,,,,,,Yes,Hertzian,Feather,,,,,,,,,,,,,RECTANGULAR,NotPrepared,No,2.77,1.66,Main,,,,,,,,,,,10.33,10.33,5.23,5.23,1.6,0.12,,N,
2842,LIK,III,L6b-007,,,Opaline/CCS,0%,,Flake,Proximal,,,,,,,,,,,,,,,,,,,,,,Yes,Hertzian,,,,,,,,,,,,,,TRAPEZOIDAL,NotPrepared,No,12.06,5.01,,,,,,,,,,,,22.81,,26.61,,4.22,2.53,,N,
2843,LIK,III,L6b-007,,,Opaline/CCS,0%,,Flake,Complete,,,,,,,,,,,,,,,,,,,,,,Yes,Hertzian,Feather,,,,,,,,,,,,,RECTANGULAR,NotPrepared,No,5.2,1.11,Main,,,,,,,,,,,19.47,19.47,8.76,8.76,3.21,0.53,Ut,N,
2844,LIK,III,L6b-007,,,Opaline/CCS,0%,,Flake,Complete,,,,,,,,,,,,,,,,,,,,,,Yes,Hertzian,Feather,,,,,,,,,,,,,RECTANGULAR,NotPrepared,No,6.25,3.72,Main,,,,,,,,,,,16.29,16.29,13.43,13.43,5,1.42,Ut,N,
2845,LIK,III,L6b-007,,,Opaline/CCS,0%,,Flake,Complete,,,,,,,,,,,,,,,,,,,,,,Yes,Hertzian,Feather,,,,,,,,,,,,,RECTANGULAR,NotPrepared,No,3.98,1.57,Main,,,,,,,,,,,31.42,31.42,11.14,11.14,5.08,2.29,Ut,N,
285,LIK,XIV,P4-056,,,Opaline/CCS,0%,,Flake,Complete,,,,,,,,,,,,,,,,,,,,,,Yes,Wedging,Feather,,,,,,,,,,,,,TRAPEZOIDAL,Indeterminate,No,7.61,2.59,Main,,,,,,,,,,,28.45,28.45,31.39,23.24,3.74,2.93,,N,
2846,LIK,III,L6b-007,,,Opaline/CCS,0%,,Flake,Complete,,,,,,,,,,,,,,,,,,,,,,Yes,Hertzian,Feather,,,,,,,,,,,,,RECTANGULAR,NotPrepared,No,10,6.56,Main,,,,,,,,,,,32.15,32.15,19.39,19.39,4.41,3.59,,N,
2847,LIK,III,L6b-007,,,Opaline/CCS,0%,,RetouchedTool,Complete,,MinimallyRetouched,MarginalEdgeShaping,Dorsal,4,5678,5.25,1,4.79,6.38,6.46,,,,,,,,,,,,,,Flake,,,,,,,,,,,,TRIANGULAR,,,,,,,,,,,,,,,,27.35,,19.78,,5.62,3.85,Ret; Ut,N,
2848,LIK,III,L6b-007,,,Opaline/CCS,0%,,Flake,Proximal,,,,,,,,,,,,,,,,,,,,,,Yes,Hertzian,,,,,,,,,,,,,,RECTANGULAR,NotPrepared,No,8.7,6.29,,,,,,,,,,,,22.33,,27.41,,9.48,7.55,Ut,N,
2849,LIK,III,L6b-007,,,Opaline/CCS,0%,,Flake,Complete,,,,,,,,,,,,,,,,,,,,,,Yes,Hertzian,Feather,,,,,,,,,,,,,RECTANGULAR,NotPrepared,No,8.14,2.38,Main,,,,,,,,,,,46.16,46.16,11.75,8.72,4.14,3.13,Ut,N,
2850,LIK,III,L6b-007,,,Opaline/CCS,0%,,Flake,Complete,,,,,,,,,,,,,,,,,,,,,,Yes,Hertzian,Feather,,,,,,,,,,,,,OVAL,NotPrepared,No,3.7,0.83,Main,,,,,,,,,,,16.14,16.14,15.92,15.92,2.66,0.76,Ut,N,
2851,LIK,III,L6b-007,,,Quartz,0%,,Flake,Proximal,,,,,,,,,,,,,,,,,,,,,,Yes,Hertzian,,,,,,,,,,,,,,RECTANGULAR,NotPrepared,No,3.21,1.88,,,,,,,,,,,,10.73,,5.43,,2.81,0.17,,N,
2852,LIK,III,L6b-007,,,Quartz,0%,,Flake,Distal,,,,,,,,,,,,,,,,,,,,,,,,Feather,,,,,,,,,,,,,TRIANGULAR,,,,,,,,,,,,,,,,8.38,,11.51,,1.72,0.15,,N,
2853,LIK,III,L6b-007,,,Quartz,0%,,Flake,Complete,,,,,,,,,,,,,,,,,,,,,,Yes,Bending,Feather,,,,,,,,,,,,,RECTANGULAR,NotPrepared,No,3.86,1.59,Main,,,,,,,,,,,11.17,11.17,7.09,7.09,2.04,0.23,Ut,N,
2854,LIK,III,L6b-007,,,Hornfels,0%,,Flake,Complete,,,,,,,,,,,,,,,,,,,,,,Yes,Hertzian,Feather,,,,,,,,,,,,,RECTANGULAR,NotPrepared,No,19.57,7.31,Main,,,,,,,,,,,43.37,40.4,22.81,22.81,7.03,9.48,Ut,N,
2855,LIK,III,L6b-007,,,Hornfels,0%,,Flake,Complete,,,,,,,,,,,,,,,,,,,,,,Yes,Hertzian,Feather,,,,,,,,,,,,,TRAPEZOIDAL,NotPrepared,No,8.4,4.6,Main,,,,,,,,,,,28.64,28.64,19.56,15.6,4.04,2.78,,N,
286,LIK,XIV,P4-056,,,Opaline/CCS,0%,,Flake,Proximal,,,,,,,,,,,,,,,,,,,,,,Yes,Hertzian,,,,,,,,,,,,,,RECTANGULAR,NotPrepared,No,9.29,2.47,,,,,,,,,,,,14.05,,12.42,,4.14,0.75,,N,
2856,LIK,III,L5a-007,,,Opaline/CCS,0%,,Flake,Complete,,,,,,,,,,,,,,,,,,,,,,Yes,Hertzian,Feather,,,,,,,,,,,,,TRIANGULAR,NotPrepared,No,4.77,2.75,Main,,,,,,,,,,,13.95,13.95,5.1,4.72,2.25,0.22,,N,
2857,LIK,III,L6b-007,,,Opaline/CCS,0%,,Flake,Proximal,,,,,,,,,,,,,,,,,,,,,,Yes,Wedging,,,,,,,,,,,,,,RECTANGULAR,NotPrepared,No,3.28,1.15,,,,,,,,,,,,15.44,,4.29,,2.01,0.22,,N,
2858,LIK,III,L5a-007,,,Opaline/CCS,0%,,Flake,Fragment,,,,,,,,,,,,,,,,,,,,,,,,,,,,,,,,,,,,,RHOMBUS,,,,,,,,,,,,,,,,7.29,,22.46,,1.5,0.39,,N,
2859,LIK,III,L5a-007,,,Opaline/CCS,0%,,Flake,Complete,,,,,,,,,,,,,,,,,,,,,,Yes,Hertzian,Feather,,,,,,,,,,,,,TRIANGULAR,NotPrepared,No,7.52,2.3,Main,,,,,,,,,,,20.58,20.58,13.27,12.23,3.36,0.96,,N,
2860,LIK,III,L5a-007,,,Opaline/CCS,0%,,Flake,Proximal,,,,,,,,,,,,,,,,,,,,,,Yes,Bending,,,,,,,,,,,,,,TRAPEZOIDAL,NotPrepared,No,4.15,2.75,,,,,,,,,,,,14.31,,9.67,,2.05,0.5,,N,
2861,LIK,III,L5a-007,,,Opaline/CCS,0%,,Flake,Complete,,,,,,,,,,,,,,,,,,,,,,Yes,Hertzian,Feather,,,,,,,,,,,,,RECTANGULAR,NotPrepared,No,2.92,1.18,Main,,,,,,,,,,,12.68,12.68,7.82,7.82,0.97,0.12,,N,
2862,LIK,III,L5a-007,,,Opaline/CCS,0%,,Flake,Complete,,,,,,,,,,,,,,,,,,,,,,Yes,Bending,Feather,,,,,,,,,,,,,RECTANGULAR,NotPrepared,No,3.79,0.89,Main,,,,,,,,,,,15.41,15.41,9.95,9.95,1.34,0.25,,N,
2863,LIK,III,L5a-007,,,Opaline/CCS,0%,,Flake,Complete,,,,,,,,,,,,,,,,,,,,,,Yes,Hertzian,Feather,,,,,,,,,,,,,RECTANGULAR,NotPrepared,No,5.26,2.62,Main,,,,,,,,,,,12.77,10.69,10.09,10.09,1.91,0.23,,N,
2864,LIK,III,L5a-007,,,Opaline/CCS,0%,,Flake,Complete,,,,,,,,,,,,,,,,,,,,,,Yes,Hertzian,Feather,,,,,,,,,,,,,TRIANGULAR,NotPrepared,No,2.69,0.73,Main,,,,,,,,,,,8.55,8.55,11.24,9.88,1.22,0.11,,N,
2865,LIK,III,L5a-007,,,Opaline/CCS,0%,,Flake,Complete,,,,,,,,,,,,,,,,,,,,,,Yes,Hertzian,Feather,,,,,,,,,,,,,TRAPEZOIDAL,NotPrepared,No,4.82,1.55,Main,,,,,,,,,,,15.39,11.3,10.88,10,1.34,0.34,,N,
287,LIK,XIV,P4-056,,,Opaline/CCS,0%,,Flake,Complete,,,,,,,,,,,,,,,,,,,,,,Yes,Hertzian,Feather,,,,,,,,,,,,,RECTANGULAR,NotPrepared,No,6.61,1.23,Main,,,,,,,,,,,23.46,23.46,14.03,14.03,2.39,1.05,,N,
2866,LIK,III,L5a-007,,,Opaline/CCS,0%,,Flake,Complete,,,,,,,,,,,,,,,,,,,,,,Yes,Bending,Feather,,,,,,,,,,,,,TRAPEZOIDAL,NotPrepared,No,6.33,2.16,Main,,,,,,,,,,,6.38,6.38,10.4,8.52,2.68,0.29,,N,
2867,LIK,III,L5a-007,,,Opaline/CCS,0%,,Flake,Complete,,,,,,,,,,,,,,,,,,,,,,Yes,Bending,Feather,,,,,,,,,,,,,TRAPEZOIDAL,NotPrepared,No,5.78,3.24,Main,,,,,,,,,,,10.26,10.26,8.15,8.15,2.01,0.28,,N,
2868,LIK,III,L5a-007,,,Opaline/CCS,0%,,Flake,Distal,,,,,,,,,,,,,,,,,,,,,,,,Feather,,,,,,,,,,,,,RECTANGULAR,,,,,,,,,,,,,,,,19.69,,13.51,,2.4,0.95,Ut,N,
2869,LIK,III,L5a-007,,,Opaline/CCS,0%,,Flake,Complete,,,,,,,,,,,,,,,,,,,,,,Yes,Hertzian,Feather,,,,,,,,,,,,,TRAPEZOIDAL,NotPrepared,No,10.98,2.84,Main,,,,,,,,,,,9.42,9.42,21.02,17.44,3.77,0.93,,N,
2870,LIK,III,L5a-007,,,Opaline/CCS,0%,,Flake,Complete,,,,,,,,,,,,,,,,,,,,,,Yes,Hertzian,Feather,,,,,,,,,,,,,RECTANGULAR,NotPrepared,No,5.62,1.23,Main,,,,,,,,,,,11.19,11.19,10.53,10.53,1.29,0.21,,N,
2871,LIK,III,L5a-007,,,Opaline/CCS,0%,,Flake,Distal,,,,,,,,,,,,,,,,,,,,,,,,Feather,,,,,,,,,,,,,TRIANGULAR,,,,,,,,,,,,,,,,13.81,,15.18,,3.85,0.61,,N,
2872,LIK,III,L5a-007,,,Opaline/CCS,0%,,Flake,Complete,,,,,,,,,,,,,,,,,,,,,,Yes,Hertzian,Feather,,,,,,,,,,,,,RECTANGULAR,NotPrepared,No,7.51,1.65,Main,,,,,,,,,,,17.86,16.28,12.1,12.1,2.33,0.7,,N,
2873,LIK,III,L5a-007,,,Opaline/CCS,0%,,Flake,Complete,,,,,,,,,,,,,,,,,,,,,,Yes,Hertzian,Feather,,,,,,,,,,,,,RECTANGULAR,NotPrepared,No,9.27,5.26,Main,,,,,,,,,,,17.23,14.14,13.61,13.61,4.98,1.45,Ut,N,
2874,LIK,III,L5a-007,,,Opaline/CCS,0%,,Flake,Mesial,,,,,,,,,,,,,,,,,,,,,,,,,,,,,,,,,,,,,TRAPEZOIDAL,,,,,,,,,,,,,,,,11.75,,18.93,,3.11,1.1,,N,
2875,LIK,III,L5a-007,,,Opaline/CCS,0%,,Flake,Complete,,,,,,,,,,,,,,,,,,,,,,Yes,Hertzian,Feather,,,,,,,,,,,,,TRAPEZOIDAL,NotPrepared,No,10.76,3.1,Main,,,,,,,,,,,31.13,31.13,21.21,16.69,6.94,4,,N,
288,LIK,XIV,P4-056,,,Opaline/CCS,0%,,Flake,Complete,,,,,,,,,,,,,,,,,,,,,,Yes,Hertzian,Feather,,,,,,,,,,,,,TRIANGULAR,Indeterminate,No,7.67,1.16,Main,,,,,,,,,,,8.36,7.18,12.33,12.33,1.15,0.19,,N,
2876,LIK,III,L5a-007,,,Opaline/CCS,0%,,Flake,Complete,,,,,,,,,,,,,,,,,,,,,,Yes,Bending,Feather,,,,,,,,,,,,,TRIANGULAR,NotPrepared,No,9.8,2.04,Main,,,,,,,,,,,32.87,32.87,12.11,11.71,4.38,2.22,Ut,N,
2877,LIK,III,L5a-007,,,Opaline/CCS,0%,,Flake,Complete,,,,,,,,,,,,,,,,,,,,,,Yes,Hertzian,Feather,,,,,,,,,,,,,TRAPEZOIDAL,NotPrepared,No,4.78,0.85,Main,,,,,,,,,,,9.69,9.69,10.04,7.54,1.08,0.09,,N,
2878,LIK,III,L5a-007,,,Opaline/CCS,0%,,Flake,Complete,,,,,,,,,,,,,,,,,,,,,,Yes,Hertzian,Feather,,,,,,,,,,,,,RECTANGULAR,NotPrepared,No,2.27,1.86,Main,,,,,,,,,,,14.72,14.72,7.16,7.16,1.42,0.17,,N,
2879,LIK,III,L5a-007,,,Opaline/CCS,0%,,Flake,Complete,,,,,,,,,,,,,,,,,,,,,,Yes,Hertzian,Feather,,,,,,,,,,,,,RHOMBUS,NotPrepared,No,5.45,2.62,Main,,,,,,,,,,,15.51,15.51,16.57,10.68,2.81,0.73,,N,
2880,LIK,III,L5a-007,,,Opaline/CCS,0%,,Flake,Complete,,,,,,,,,,,,,,,,,,,,,,Yes,Hertzian,Feather,,,,,,,,,,,,,TRIANGULAR,NotPrepared,No,8,2.84,Main,,,,,,,,,,,16.65,16.65,14.29,14.29,2.99,0.66,,N,
2881,LIK,III,L5a-007,,,Opaline/CCS,0%,,Flake,Complete,,,,,,,,,,,,,,,,,,,,,,Yes,Hertzian,Feather,,,,,,,,,,,,,KITE,NotPrepared,No,5.53,3,Main,,,,,,,,,,,19.54,19.54,23.16,23.16,4.44,2.45,Ut,N,
2882,LIK,III,L5a-007,,,Opaline/CCS,0%,,Flake,Complete,,,,,,,,,,,,,,,,,,,,,,Yes,Hertzian,Feather,,,,,,,,,,,,,RECTANGULAR,NotPrepared,No,14.2,6.56,Main,,,,,,,,,,,21.2,21.2,17.61,17.61,6.54,2.45,,N,
2883,LIK,III,L5a-007,,,Hornfels,0%,,Flake,Complete,,,,,,,,,,,,,,,,,,,,,,Yes,Bending,Feather,,,,,,,,,,,,,RECTANGULAR,NotPrepared,No,5.33,2.18,Main,,,,,,,,,,,14.57,14.57,5.02,5.02,1.92,0.13,,N,
2884,LIK,III,L5a-007,,,Hornfels,0%,,Flake,Complete,,,,,,,,,,,,,,,,,,,,,,Yes,Hertzian,Feather,,,,,,,,,,,,,TRIANGULAR,NotPrepared,No,6.47,3.69,Main,,,,,,,,,,,9.88,9.88,7.65,5.72,3.56,0.23,,N,
2885,LIK,III,L5a-007,,,Hornfels,0%,,Flake,Complete,,,,,,,,,,,,,,,,,,,,,,Yes,Hertzian,Feather,,,,,,,,,,,,,RECTANGULAR,NotPrepared,No,3.03,1.5,Main,,,,,,,,,,,12.99,12.99,5.91,5.91,3.03,0.23,,N,
289,LIK,XIV,P4-056,,,Opaline/CCS,0%,,Flake,Complete,,,,,,,,,,,,,,,,,,,,,,Yes,Hertzian,Feather,,,,,,,,,,,,,OVAL,NotPrepared,No,4.71,1.4,Main,,,,,,,,,,,7.59,6.62,6.29,6.29,1.69,0.25,,N,
2886,LIK,III,L5a-007,,,Hornfels,0%,,Flake,Proximal,,,,,,,,,,,,,,,,,,,,,,Yes,Hertzian,,,,,,,,,,,,,,TRAPEZOIDAL,NotPrepared,No,6.95,3.38,,,,,,,,,,,,8.07,,12.84,,2.76,0.31,,N,
2887,LIK,III,L5a-007,,,Hornfels,0%,,Flake,Complete,,,,,,,,,,,,,,,,,,,,,,Yes,Hertzian,Feather,,,,,,,,,,,,,TRAPEZOIDAL,NotPrepared,No,6.82,5.2,Main,,,,,,,,,,,18.39,18.39,19.58,15.38,5.26,1.78,,N,
2888,LIK,III,L5a-007,,,Hornfels,0%,,Flake,Complete,,,,,,,,,,,,,,,,,,,,,,Yes,Hertzian,Feather,,,,,,,,,,,,,TRIANGULAR,NotPrepared,No,8.57,4.67,Main,,,,,,,,,,,18.87,18.87,10.15,6.83,3.27,0.81,,N,
2889,LIK,III,L5a-007,,,Hornfels,0%,,Flake,Distal,,,,,,,,,,,,,,,,,,,,,,,,Feather,,,,,,,,,,,,,TRIANGULAR,,,,,,,,,,,,,,,,21.78,,12.04,,2.66,0.77,,N,
2890,LIK,III,L5a-007,,,Opaline/CCS,0%,,Flake,Complete,,,,,,,,,,,,,,,,,,,,,,Yes,Hertzian,Feather,,,,,,,,,,,,,RECTANGULAR,NotPrepared,No,12.1,6.64,Main,,,,,,,,,,,24.73,24.73,13.29,12.7,7.68,2.67,,N,
2891,LIK,III,L5a-007,,,Opaline/CCS,0%,,Flake,Complete,,,,,,,,,,,,,,,,,,,,,,Yes,Hertzian,Feather,,,,,,,,,,,,,TRIANGULAR,NotPrepared,No,18.72,1.59,Main,,,,,,,,,,,18.56,18.56,23.53,18.73,2.99,1.29,,N,
2892,LIK,III,L5a-007,,,Hornfels,0%,,Flake,Complete,,,,,,,,,,,,,,,,,,,,,,Yes,Hertzian,Feather,,,,,,,,,,,,,RECTANGULAR,NotPrepared,No,24.86,4.6,Main,,,,,,,,,,,22.43,20.17,34.14,34.14,5.59,5.37,,N,
2893,LIK,III,L5a-007,,,Opaline/CCS,0%,,Flake,Complete,,,,,,,,,,,,,,,,,,,,,,Yes,Hertzian,Feather,,,,,,,,,,,,,RHOMBUS,NotPrepared,No,9.89,3.6,Main,,,,,,,,,,,24.53,18.57,23.51,23.51,4.33,2.87,Ut,N,
2894,LIK,III,L5a-007,,,Opaline/CCS,0%,,Flake,Mesial,,,,,,,,,,,,,,,,,,,,,,,,,,,,,,,,,,,,,TRAPEZOIDAL,,,,,,,,,,,,,,,,18.64,,18.22,,5.19,2.09,Ut,N,
2895,LIK,III,L5a-007,,,Opaline/CCS,0%,,Flake,Complete,,,,,,,,,,,,,,,,,,,,,,Yes,Hertzian,Feather,,,,,,,,,,,,,RECTANGULAR,NotPrepared,No,15.39,6.37,Main,,,,,,,,,,,57.28,42.99,29.07,29.07,11.97,21.89,Ut,N,
290,LIK,XIV,P4-056,,,Opaline/CCS,0%,,Flake,Complete,,,,,,,,,,,,,,,,,,,,,,Yes,Hertzian,Overshot,,,,,,,,,,,,,RECTANGULAR,NotPrepared,No,2.35,1,Main,,,,,,,,,,,16.23,16.23,6.4,6.4,2.56,0.33,,N,
2896,LIK,III,L5a-007,,,Opaline/CCS,0%,,RetouchedTool,Complete,,MinimallyRetouched,MarginalEdgeShaping,Dorsal,4,4567,4.88,1,4.66,3.42,2.45,,,,,,,,,,,,,,Flake,,,,,,,,,,,,TRAPEZOIDAL,,,,,,,,,,,,,,,,25.07,,28.05,,8.04,6.63,Ret; Ut,N,
2897,LIK,III,L5c-007,,,Opaline/CCS,0%,,Flake,Complete,,,,,,,,,,,,,,,,,,,,,,Yes,Hertzian,Feather,,,,,,,,,,,,,TRAPEZOIDAL,Indeterminate,No,2.74,0.85,Main,,,,,,,,,,,9.5,9.5,10.06,8.68,0.97,0.08,,N,
2898,LIK,III,L5c-007,,,Opaline/CCS,0%,,Flake,Complete,,,,,,,,,,,,,,,,,,,,,,Yes,Hertzian,Feather,,,,,,,,,,,,,RECTANGULAR,NotPrepared,No,4.35,1.54,Main,,,,,,,,,,,10.25,10.25,7.15,7.15,2.5,0.27,,N,
2899,LIK,III,L5c-007,,,Opaline/CCS,0%,,Flake,Complete,,,,,,,,,,,,,,,,,,,,,,Yes,Hertzian,Feather,,,,,,,,,,,,,TRIANGULAR,NotPrepared,No,3.68,0.75,Main,,,,,,,,,,,9.68,0.68,10.03,8.25,1.82,0.17,,N,
2900,LIK,III,L5c-007,,,Opaline/CCS,0%,,Flake,Complete,,,,,,,,,,,,,,,,,,,,,,Yes,Hertzian,Feather,,,,,,,,,,,,,OVAL,NotPrepared,No,7.51,2.43,Main,,,,,,,,,,,10.95,10.95,13.79,12.07,1.26,0.31,,N,
2901,LIK,III,L5c-007,,,Opaline/CCS,0%,,Flake,Complete,,,,,,,,,,,,,,,,,,,,,,Yes,Hertzian,Feather,,,,,,,,,,,,,RECTANGULAR,NotPrepared,No,8.55,7.66,Main,,,,,,,,,,,8.97,8.97,13.73,11.69,4.71,0.72,,N,
2902,LIK,III,L5c-007,,,Opaline/CCS,0%,,Flake,Complete,,,,,,,,,,,,,,,,,,,,,,Yes,Hertzian,Bipolar,,,,,,,,,,,,,RECTANGULAR,NotPrepared,No,4.3,1.57,Main,,,,,,,,,,,10.04,10.04,7.52,7.52,1.34,0.13,,N,
2903,LIK,III,L5c-007,,,Opaline/CCS,0%,,Flake,Complete,,,,,,,,,,,,,,,,,,,,,,Yes,Hertzian,Feather,,,,,,,,,,,,,RECTANGULAR,NotPrepared,No,3.27,1.35,Main,,,,,,,,,,,11.82,11.82,9.12,9.12,2.38,0.29,,N,
2904,LIK,III,L5c-007,,,Opaline/CCS,0%,,Flake,Complete,,,,,,,,,,,,,,,,,,,,,,Yes,Hertzian,Feather,,,,,,,,,,,,,TRIANGULAR,NotPrepared,No,3.5,1.21,Main,,,,,,,,,,,14.22,14.22,9.09,8.3,2.04,0.25,,N,
2905,LIK,III,L5c-007,,,Opaline/CCS,0%,,Flake,Proximal,,,,,,,,,,,,,,,,,,,,,,Yes,Hertzian,,,,,,,,,,,,,,RECTANGULAR,NotPrepared,No,6.64,2.73,,,,,,,,,,,,16.16,,9.91,,2.57,0.61,,N,
29,LIK,XV,O5c-057,,,Hornfels,0%,,Flake,Proximal,,,,,,,,,,,,,,,,,,,,,,Yes,Hertzian,,,,,,,,,,,,,,RECTANGULAR,NotPrepared,No,11.75,1.87,,,,,,,,,,,,9.58,,18.64,,5,1.21,,N,
291,LIK,XIV,P4-056,,,Opaline/CCS,0%,,Flake,Complete,,,,,,,,,,,,,,,,,,,,,,Yes,Wedging,Hinge,,,,,,,,,,,,,TRIANGULAR,Indeterminate,No,2.94,0.97,Main,,,,,,,,,,,14.61,14.61,13.9,13.9,2.36,0.42,,N,
2906,LIK,III,L5c-007,,,Opaline/CCS,0%,,Flake,Complete,,,,,,,,,,,,,,,,,,,,,,Yes,Hertzian,Feather,,,,,,,,,,,,,RECTANGULAR,NotPrepared,No,6.53,2.41,Main,,,,,,,,,,,14.25,14.25,10.78,10.78,1.51,0.4,,N,
2907,LIK,III,L5c-007,,,Opaline/CCS,0%,,Flake,Complete,,,,,,,,,,,,,,,,,,,,,,Yes,Hertzian,Feather,,,,,,,,,,,,,RECTANGULAR,NotPrepared,No,7.05,1.26,Main,,,,,,,,,,,11.43,11.43,9.59,9.59,1.88,0.33,,N,
2908,LIK,III,L5c-007,,,Opaline/CCS,0%,,Flake,Proximal,,,,,,,0,,0,0,0,0,0,0,0,0,0,0,0,0,0,Yes,Bending,,,0,0,0,0,0,0,0,0,0,0,0,RECTANGULAR,NotPrepared,No,4.83,1.98,,,,,,0,0,0,0,0,0,15.27,0,7.31,0,2.77,0.29,Ut,N,
2909,LIK,III,L5c-007,,,Opaline/CCS,0%,,Flake,Complete,,,,,,,,,,,,,,,,,,,,,,Yes,Hertzian,Feather,,,,,,,,,,,,,RECTANGULAR,NotPrepared,No,2.55,1.94,Main,,,,,,,,,,,14,14,6.04,6.04,3.53,0.28,,N,
2910,LIK,III,L5c-007,,,Opaline/CCS,0%,,Flake,Mesial,,,,,,,,,,,,,,,,,,,,,,,,,,,,,,,,,,,,,TRAPEZOIDAL,,,,,,,,,,,,,,,,10.05,,18.53,,2.74,0.7,,N,
2911,LIK,III,L5c-007,,,Opaline/CCS,0%,,Flake,Proximal,,,,,,,,,,,,,,,,,,,,,,Yes,Hertzian,,,,,,,,,,,,,,TRAPEZOIDAL,NotPrepared,No,9.46,5,,,,,,,,,,,,16.98,,28.52,,6.46,2.82,,N,
2912,LIK,III,L5c-007,,,Opaline/CCS,0%,,Flake,Complete,,,,,,,,,,,,,,,,,,,,,,Yes,Hertzian,Feather,,,,,,,,,,,,,TRIANGULAR,NotPrepared,No,3.77,1.52,Main,,,,,,,,,,,20.4,20.4,13.5,10.48,0.99,0.29,Ut,N,
2913,LIK,III,L5c-007,,,Opaline/CCS,0%,,Flake,Complete,,,,,,,,,,,,,,,,,,,,,,Yes,Hertzian,Feather,,,,,,,,,,,,,OVAL,NotPrepared,No,6.06,4.46,Main,,,,,,,,,,,16.87,16.87,15.41,15.41,2.32,0.89,,N,
2914,LIK,III,L5c-007,,,Opaline/CCS,0%,,Flake,Complete,,,,,,,,,,,,,,,,,,,,,,Yes,Hertzian,Feather,,,,,,,,,,,,,RECTANGULAR,NotPrepared,No,7.77,4.31,Main,,,,,,,,,,,18.13,18.13,16.77,16.77,5.2,1.58,,N,
2916,LIK,III,L5c-007,,,Opaline/CCS,0%,,Flake,Distal,,,,,,,,,,,,,,,,,,,,,,,,Feather,,,,,,,,,,,,,RECTANGULAR,,,,,,,,,,,,,,,,14.63,,18.6,,4.36,1.05,Ut,N,
292,LIK,XIV,P4-056,,,Opaline/CCS,0%,,Flake,Complete,,,,,,,,,,,,,,,,,,,,,,Yes,Hertzian,Feather,,,,,,,,,,,,,TRIANGULAR,NotPrepared,No,4.65,1.97,Main,,,,,,,,,,,15.38,15.38,8.1,8.1,2.43,0.31,,N,
2917,LIK,III,L5c-007,,,Opaline/CCS,0%,,Flake,Complete,,,,,,,,,,,,,,,,,,,,,,Yes,Bending,Feather,,,,,,,,,,,,,TRIANGULAR,NotPrepared,No,19.44,7.87,Main,,,,,,,,,,,15.07,15.07,22.58,16.44,4.2,1.54,,N,
2918,LIK,III,L5c-007,,,Opaline/CCS,0%,,Flake,Complete,,,,,,,,,,,,,,,,,,,,,,Yes,Hertzian,Feather,,,,,,,,,,,,,RECTANGULAR,NotPrepared,No,10.03,4.11,Main,,,,,,,,,,,30,30,11.48,11.48,4.99,3.8,,N,
2919,LIK,III,L5c-007,,,Opaline/CCS,0%,,Flake,Complete,,,,,,,,,,,,,,,,,,,,,,Yes,Hertzian,Feather,,,,,,,,,,,,,OVAL,NotPrepared,No,9.03,1.88,Main,,,,,,,,,,,22.39,22.39,20.46,17.61,2.85,1.51,,N,
2920,LIK,III,L5c-007,,,Opaline/CCS,0%,,Flake,Complete,,,,,,,,,,,,,,,,,,,,,,Yes,Hertzian,Feather,,,,,,,,,,,,,RECTANGULAR,NotPrepared,No,4.05,1.45,Main,,,,,,,,,,,13.28,13.28,6.59,6.59,1.17,0.11,,N,
2921,LIK,III,L5c-007,,,Opaline/CCS,0%,,Flake,Complete,,,,,,,,,,,,,,,,,,,,,,Yes,Hertzian,Feather,,,,,,,,,,,,,RECTANGULAR,NotPrepared,No,4.99,1.17,Main,,,,,,,,,,,14.56,14.56,14.53,12.42,2.42,0.58,Ut,N,
2922,LIK,III,L5c-007,,,Opaline/CCS,0%,,Flake,Complete,,,,,,,,,,,,,,,,,,,,,,Yes,Hertzian,Feather,,,,,,,,,,,,,RECTANGULAR,NotPrepared,No,4.48,1.23,Main,,,,,,,,,,,20.24,20.24,11.1,11.1,2.08,0.54,Ut,N,
2923,LIK,III,L5c-007,,,Opaline/CCS,0%,,Flake,Complete,,,,,,,,,,,,,,,,,,,,,,Yes,Hertzian,Feather,,,,,,,,,,,,,RECTANGULAR,NotPrepared,No,2.51,1.46,Main,,,,,,,,,,,18.65,18.65,12.78,9.29,1.55,0.53,,N,
2924,LIK,III,L5c-007,,,Opaline/CCS,0%,,Flake,Complete,,,,,,,,,,,,,,,,,,,,,,Yes,Hertzian,Feather,,,,,,,,,,,,,RECTANGULAR,NotPrepared,No,6.08,3.27,Main,,,,,,,,,,,33.43,33.43,21.31,21.31,7.9,6.13,Ut,N,
2925,LIK,III,L5c-007,,,Hornfels,0%,,Flake,Complete,,,,,,,,,,,,,,,,,,,,,,Yes,Hertzian,Feather,,,,,,,,,,,,,RECTANGULAR,Indeterminate,No,2.32,1.55,Main,,,,,,,,,,,11.55,11.55,3.53,3.53,2.45,0.06,,N,
2926,LIK,III,L5c-007,,,Hornfels,0%,,Flake,Complete,,,,,,,,,,,,,,,,,,,,,,Yes,Bending,Feather,,,,,,,,,,,,,RHOMBUS,NotPrepared,No,10.46,4.45,Main,,,,,,,,,,,4.51,4.51,16.16,11,2.79,0.25,,N,
293,LIK,XIV,P4-056,,,Opaline/CCS,0%,,Flake,Distal,,,,,,,,,,,,,,,,,,,,,,,,Feather,,,,,,,,,,,,,RECTANGULAR,,,,,,,,,,,,,,,,13.09,,12,,2.33,0.52,,N,
2927,LIK,III,L5c-007,,,Hornfels,0%,,Flake,Complete,,,,,,,,,,,,,,,,,,,,,,Yes,Hertzian,Feather,,,,,,,,,,,,,RECTANGULAR,NotPrepared,No,3.99,1.65,Main,,,,,,,,,,,11.18,11.18,10.02,10.02,1.77,0.19,,N,
2928,LIK,III,L5c-007,,,Opaline/CCS,0%,,Flake,Complete,,,,,,,,,,,,,,,,,,,,,,Yes,Hertzian,Feather,,,,,,,,,,,,,RECTANGULAR,NotPrepared,No,8.87,2.96,Main,,,,,,,,,,,18.46,18.46,14.43,14.43,1.96,0.7,,N,
2929,LIK,III,L5c-007,,,Hornfels,0%,,Flake,Complete,,,,,,,,,,,,,,,,,,,,,,Yes,Hertzian,Feather,,,,,,,,,,,,,TRAPEZOIDAL,NotPrepared,No,7.26,2.62,Main,,,,,,,,,,,13.83,13.83,16.64,10.59,2.82,0.94,,N,
2930,LIK,III,L5c-007,,,Hornfels,0%,,Flake,Complete,,,,,,,,,,,,,,,,,,,,,,Yes,Hertzian,Feather,,,,,,,,,,,,,OVAL,NotPrepared,No,9.68,3.77,Main,,,,,,,,,,,31.57,31.57,16.69,16.69,6.31,4.1,,N,
2931,LIK,III,L6a-007,,,Opaline/CCS,0%,,Flake,Proximal,,,,,,,,,,,,,,,,,,,,,,Yes,Hertzian,,,,,,,,,,,,,,RECTANGULAR,NotPrepared,No,3.61,1.37,,,,,,,,,,,,7.8,,12.02,,1.18,0.2,,N,
2932,LIK,III,L6a-007,,,Opaline/CCS,0%,,Flake,Proximal,,,,,,,,,,,,,,,,,,,,,,Yes,Hertzian,,,,,,,,,,,,,,TRAPEZOIDAL,NotPrepared,No,4.45,1.34,,,,,,,,,,,,5.95,,15.99,,2.7,0.25,,N,
2933,LIK,III,L6a-007,,,Opaline/CCS,0%,,Flake,Complete,,,,,,,,,,,,,,,,,,,,,,Yes,Hertzian,Feather,,,,,,,,,,,,,TRIANGULAR,Indeterminate,No,3.05,1.22,Main,,,,,,,,,,,14.01,14.01,8.54,8.54,2.17,0.24,,N,
2934,LIK,III,L6a-007,,,Opaline/CCS,0%,,Flake,Distal,,,,,,,,,,,,,,,,,,,,,,,,Feather,,,,,,,,,,,,,RECTANGULAR,,,,,,,,,,,,,,,,13.31,,7.8,,2.67,0.29,,N,
2935,LIK,III,L6a-007,,,Opaline/CCS,0%,,Flake,Proximal,,,,,,,,,,,,,,,,,,,,,,Yes,Hertzian,,,,,,,,,,,,,,TRIANGULAR,NotPrepared,No,3.06,2.42,,,,,,,,,,,,9.52,,12,,3.22,0.38,,N,
2936,LIK,III,L6a-007,,,Opaline/CCS,0%,,Flake,Complete,,,,,,,,,,,,,,,,,,,,,,Yes,Hertzian,Feather,,,,,,,,,,,,,TRAPEZOIDAL,NotPrepared,No,3.89,1.29,Main,,,,,,,,,,,17.87,17.87,9.15,9.15,2.1,0.37,Ut,N,
294,LIK,XIV,P4-056,,,Opaline/CCS,0%,,Flake,Proximal,,,,,,,,,,,,,,,,,,,,,,Yes,Hertzian,,,,,,,,,,,,,,RECTANGULAR,NotPrepared,No,5.56,1.68,,,,,,,,,,,,16.69,,15.14,,2.4,0.78,,N,
2937,LIK,III,L6a-007,,,Opaline/CCS,0%,,Flake,Complete,,,,,,,,,,,,,,,,,,,,,,Yes,Hertzian,Feather,,,,,,,,,,,,,RECTANGULAR,NotPrepared,No,2.87,1.6,Main,,,,,,,,,,,17.19,17.19,8.16,8.16,2.3,0.26,Ut,N,
2938,LIK,III,L6a-007,,,Opaline/CCS,0%,,Flake,Proximal,,,,,,,,,,,,,,,,,,,,,,Yes,Hertzian,,,,,,,,,,,,,,RECTANGULAR,NotPrepared,No,3.75,2.74,,,,,,,,,,,,16.36,,14.65,,2.86,0.61,,N,
2939,LIK,III,L6a-007,,,Opaline/CCS,0%,,Flake,Complete,,,,,,,,,,,,,,,,,,,,,,Yes,Bending,Feather,,,,,,,,,,,,,TRIANGULAR,NotPrepared,No,10.3,4.14,Main,,,,,,,,,,,17.47,11.25,11.07,7.97,3.14,0.58,,N,
2940,LIK,III,L6a-007,,,Opaline/CCS,0%,,Flake,Distal,,,,,,,,,,,,,,,,,,,,,,,,Feather,,,,,,,,,,,,,OVAL,,,,,,,,,,,,,,,,16.49,,20.73,,1.62,0.62,,N,
2941,LIK,III,L6a-007,,,Opaline/CCS,0%,,Flake,Complete,,,,,,,,,,,,,,,,,,,,,,Yes,Hertzian,Feather,,,,,,,,,,,,,OVAL,NotPrepared,No,4.45,1.76,Main,,,,,,,,,,,7.87,7.87,13.76,13.76,1.57,0.18,,N,
2942,LIK,III,L6a-007,,,Opaline/CCS,0%,,Flake,Complete,,,,,,,,,,,,,,,,,,,,,,Yes,Hertzian,Feather,,,,,,,,,,,,,TRIANGULAR,NotPrepared,No,2.96,1.33,Main,,,,,,,,,,,14.23,14.23,9.81,6.82,1.03,0.17,,N,
2943,LIK,III,L6a-007,,,Opaline/CCS,0%,,Flake,Complete,,,,,,,,,,,,,,,,,,,,,,Yes,Hertzian,Feather,,,,,,,,,,,,,RECTANGULAR,NotPrepared,No,4.71,1.34,Main,,,,,,,,,,,12.72,12.72,10.15,8.58,1.9,0.23,,N,
2944,LIK,III,L6a-007,,,Opaline/CCS,0%,,Flake,Complete,,,,,,,0,,0,0,0,0,0,0,0,0,0,0,0,0,0,Yes,Hertzian,Feather,,0,0,0,0,0,0,0,0,0,0,0,TRAPEZOIDAL,NotPrepared,No,4.34,2.01,Main,,,,,0,0,0,0,0,0,15.13,15.13,18.28,14.92,4.49,1.14,Ut,N,
2945,LIK,III,L6a-007,,,Opaline/CCS,0%,,Flake,Complete,,,,,,,,,,,,,,,,,,,,,,Yes,Hertzian,Feather,,,,,,,,,,,,,TRIANGULAR,NotPrepared,No,9.95,3.21,Main,,,,,,,,,,,26.7,26.7,9.82,9.82,2.85,1.11,Ut,N,
2946,LIK,III,L6a-007,,,Siltstone,0%,,Flake,Complete,,,,,,,,,,,,,,,,,,,,,,Yes,Bending,Feather,,,,,,,,,,,,,RECTANGULAR,NotPrepared,No,3.65,1.51,Main,,,,,,,,,,,16.25,16.25,5.27,5.27,1.8,0.16,,N,
295,LIK,XIV,P4-056,,,Opaline/CCS,0%,,Flake,Complete,,,,,,,,,,,,,,,,,,,,,,Yes,Hertzian,Hinge,,,,,,,,,,,,,RECTANGULAR,NotPrepared,No,11.67,3.28,Main,,,,,,,,,,,13.92,13.92,18.7,18.7,2.38,1.07,,N,
2947,LIK,III,L6a-007,,,Siltstone,0%,,Flake,Complete,,,,,,,,,,,,,,,,,,,,,,Yes,Hertzian,Feather,,,,,,,,,,,,,TRIANGULAR,NotPrepared,No,2.93,1.15,Main,,,,,,,,,,,15.54,14.28,6.78,5.83,2,0.16,,N,
2948,LIK,III,O6b/d-007,,,Opaline/CCS,0%,,Flake,Mesial,,,,,,,,,,,,,,,,,,,,,,,,,,,,,,,,,,,,,TRIANGULAR,,,,,,,,,,,,,,,,9.03,,9.95,,1.28,0.14,Ut,N,
2949,LIK,III,O6b/d-007,,,Opaline/CCS,0%,,Flake,Complete,,,,,,,,,,,,,,,,,,,,,,Yes,Hertzian,Feather,,,,,,,,,,,,,RECTANGULAR,NotPrepared,No,6.73,2.63,Main,,,,,,,,,,,6.53,4.79,12.39,9.02,1.42,0.12,,N,
2950,LIK,III,O6b/d-007,,,Opaline/CCS,0%,,Flake,Distal,,,,,,,,,,,,,,,,,,,,,,,,Feather,,,,,,,,,,,,,TRIANGULAR,,,,,,,,,,,,,,,,11.01,,14.71,,2.17,0.37,,N,
2951,LIK,III,O6b/d-007,,,Opaline/CCS,0%,,Flake,Complete,,,,,,,,,,,,,,,,,,,,,,Yes,Hertzian,Feather,,,,,,,,,,,,,RECTANGULAR,NotPrepared,No,3.52,1.31,Main,,,,,,,,,,,17.64,17.64,5.88,5.88,1.3,0.24,,N,
2952,LIK,III,O6b/d-007,,,Opaline/CCS,0%,,Flake,Complete,,,,,,,,,,,,,,,,,,,,,,Yes,Hertzian,Feather,,,,,,,,,,,,,RECTANGULAR,NotPrepared,No,4.73,0.99,Main,,,,,,,,,,,21.45,21.45,11.1,11.1,2.69,0.84,,N,
2953,LIK,III,O6b/d-007,,,Opaline/CCS,0%,,Flake,Distal,,,,,,,,,,,,,,,,,,,,,,,,Feather,,,,,,,,,,,,,TRIANGULAR,,,,,,,,,,,,,,,,21.99,,15.15,,2.42,0.67,Ut,N,
2954,LIK,III,O6b/d-007,,,Opaline/CCS,0%,,Flake,Mesial,,,,,,,,,,,,,,,,,,,,,,,,,,,,,,,,,,,,,RECTANGULAR,,,,,,,,,,,,,,,,8.59,,9.69,,1.72,0.18,,N,
2955,LIK,III,O6b/d-007,,,Opaline/CCS,0%,,Flake,Complete,,,,,,,,,,,,,,,,,,,,,,Yes,Hertzian,Feather,,,,,,,,,,,,,RECTANGULAR,NotPrepared,No,4.21,1.69,Main,,,,,,,,,,,15.54,15.54,6.31,6.31,2.18,0.24,,N,
2956,LIK,III,O6b/d-007,,,Opaline/CCS,0%,,Flake,Complete,,,,,,,,,,,,,,,,,,,,,,Yes,Hertzian,Feather,,,,,,,,,,,,,RECTANGULAR,NotPrepared,No,4.22,5.07,Main,,,,,,,,,,,32.42,32.42,8.48,8.48,4.55,1.65,,N,
296,LIK,XIV,P4-056,,,Opaline/CCS,0%,,Flake,Complete,,,,,,,,,,,,,,,,,,,,,,Yes,Hertzian,Feather,,,,,,,,,,,,,OVAL,Indeterminate,No,2.77,1,Main,,,,,,,,,,,10.9,10.9,9.09,1.86,1.85,0.15,,N,
2957,LIK,III,O6b/d-007,,,Opaline/CCS,0%,,Flake,Complete,,,,,,,,,,,,,,,,,,,,,,Yes,Hertzian,Feather,,,,,,,,,,,,,TRIANGULAR,NotPrepared,No,13.09,4.35,Main,,,,,,,,,,,17.98,17.98,16.22,14.52,7.2,1.92,Ut,N,
2958,LIK,III,L6c-007,,,Opaline/CCS,0%,,Flake,Mesial,,,,,,,,,,,,,,,,,,,,,,,,,,,,,,,,,,,,,RHOMBUS,,,,,,,,,,,,,,,,7.17,,10.29,,2.44,0.3,,N,
2959,LIK,III,L6c-007,,,Opaline/CCS,0%,,Flake,Complete,,,,,,,,,,,,,,,,,,,,,,Yes,Hertzian,Feather,,,,,,,,,,,,,TRAPEZOIDAL,NotPrepared,No,11.97,3.94,Main,,,,,,,,,,,17.08,17.08,25.5,22.75,4.85,2.09,,N,
2960,LIK,III,L6c-007,,,Opaline/CCS,0%,,Flake,Complete,,,,,,,,,,,,,,,,,,,,,,Yes,Hertzian,Feather,,,,,,,,,,,,,OVAL,NotPrepared,No,5.98,2.39,Main,,,,,,,,,,,26.93,26.93,18.87,18.87,2.54,1.9,Ut,N,
2961,LIK,III,L6d-007,,,Opaline/CCS,0%,,Flake,Complete,,,,,,,,,,,,,,,,,,,,,,Yes,Hertzian,Feather,,,,,,,,,,,,,RECTANGULAR,NotPrepared,No,4.42,0.98,Main,,,,,,,,,,,8.73,8.73,11.22,11.22,1,0.1,,N,
2962,LIK,III,L6d-007,,,Opaline/CCS,0%,,Flake,Complete,,,,,,,,,,,,,,,,,,,,,,Yes,Hertzian,Feather,,,,,,,,,,,,,RECTANGULAR,NotPrepared,No,4.99,1.46,Main,,,,,,,,,,,9.36,9.36,10.42,8.57,1.3,0.19,,N,
2963,LIK,III,L6d-007,,,Opaline/CCS,0%,,Flake,Complete,,,,,,,,,,,,,,,,,,,,,,Yes,Hertzian,Feather,,,,,,,,,,,,,RECTANGULAR,NotPrepared,No,5.07,1.23,Main,,,,,,,,,,,13.23,13.23,15.33,15.33,5.4,1,Ut; Potential Scraper,N,
2964,LIK,III,L6d-007,,,Opaline/CCS,0%,,Flake,Complete,,,,,,,,,,,,,,,,,,,,,,Yes,Hertzian,Feather,,,,,,,,,,,,,RECTANGULAR,NotPrepared,No,7.78,3.22,Main,,,,,,,,,,,12.08,12.08,17.38,14.42,3.61,0.69,,N,
2965,LIK,III,L6d-007,,,Opaline/CCS,0%,,Flake,Complete,,,,,,,,,,,,,,,,,,,,,,Yes,Hertzian,Feather,,,,,,,,,,,,,RECTANGULAR,NotPrepared,No,5.99,1.59,Main,,,,,,,,,,,18.69,18.69,13.75,13.75,3.83,1,,N,
2966,LIK,III,CaveSoundingO7-007,,,Opaline/CCS,0%,,Flake,Complete,,,,,,,,,,,,,,,,,,,,,,Yes,Hertzian,Feather,,,,,,,,,,,,,TRAPEZOIDAL,NotPrepared,No,13.98,7.06,Main,,,,,,,,,,,50.42,50.42,42.04,33.24,7.52,26.4,Ut,N,
297,LIK,XIV,P4-056,,,Opaline/CCS,0%,,Flake,Complete,,,,,,,,,,,,,,,,,,,,,,Yes,Hertzian,Feather,,,,,,,,,,,,,RECTANGULAR,NotPrepared,No,8.42,2.09,Main,,,,,,,,,,,17.13,17.13,14.6,14.6,4.29,1.25,,N,
2967,LIK,III,K4c-007,,,Opaline/CCS,0%,,Flake,Distal,,,,,,,,,,,,,,,,,,,,,,,,Feather,,,,,,,,,,,,,TRIANGULAR,,,,,,,,,,,,,,,,12.76,,12.38,,2,0.38,,N,
2968,LIK,III,K4c-007,,,Opaline/CCS,0%,,Flake,Complete,,,,,,,,,,,,,,,,,,,,,,Yes,Hertzian,Feather,,,,,,,,,,,,,RECTANGULAR,NotPrepared,No,2.54,1.5,Main,,,,,,,,,,,18.62,18.62,12.21,12.21,4.87,0.82,,N,
2969,LIK,III,K4c-007,,,Opaline/CCS,0%,,Flake,Complete,,,,,,,,,,,,,,,,,,,,,,Yes,Hertzian,Feather,,,,,,,,,,,,,RECTANGULAR,NotPrepared,No,5.76,1.64,Main,,,,,,,,,,,22.61,22.61,12.31,12.31,2.58,0.79,,N,
2970,LIK,III,K4c-007,,,Opaline/CCS,0%,,Flake,Complete,,,,,,,,,,,,,,,,,,,,,,Yes,Hertzian,Feather,,,,,,,,,,,,,RECTANGULAR,NotPrepared,No,3.88,2.84,Main,,,,,,,,,,,22.04,22.04,6.95,6.95,1.72,0.33,,N,
2971,LIK,III,K4c-007,,,Opaline/CCS,0%,,Flake,Complete,,,,,,,,,,,,,,,,,,,,,,Yes,Hertzian,Feather,,,,,,,,,,,,,RECTANGULAR,NotPrepared,No,2.94,1.79,Main,,,,,,,,,,,14.83,14.83,4.88,4.88,2.3,0.11,,N,
2972,LIK,III,K4c-007,,,Opaline/CCS,0%,,Flake,Complete,,,,,,,,,,,,,,,,,,,,,,Yes,Hertzian,Feather,,,,,,,,,,,,,OVAL,NotPrepared,No,2.97,0.9,Main,,,,,,,,,,,12.77,12.77,9.81,9.81,1.83,0.25,,N,
2973,LIK,III,K4c-007,,,Opaline/CCS,0%,,Flake,Proximal,,,,,,,,,,,,,,,,,,,,,,Yes,Hertzian,,,,,,,,,,,,,,RECTANGULAR,NotPrepared,No,9.6,3.88,,,,,,,,,,,,13.26,,10.59,,3.12,0.59,,N,
2974,LIK,III,K4c-007,,,Opaline/CCS,0%,,Flake,Complete,,,,,,,,,,,,,,,,,,,,,,Yes,Hertzian,Feather,,,,,,,,,,,,,RECTANGULAR,NotPrepared,No,6.04,3.1,Main,,,,,,,,,,,20.83,20.83,15.12,15.12,5.56,2.39,,N,
2975,LIK,III,K4c-007,,,Opaline/CCS,0%,,Flake,Complete,,,,,,,,,,,,,,,,,,,,,,Yes,Hertzian,Feather,,,,,,,,,,,,,OVAL,NotPrepared,No,3.43,1.23,Main,,,,,,,,,,,7.34,7.34,12.93,12.93,2.36,0.2,,N,
2976,LIK,III,K4c-007,,,Opaline/CCS,0%,,Flake,Complete,,,,,,,,,,,,,,,,,,,,,,Yes,Hertzian,Feather,,,,,,,,,,,,,RECTANGULAR,NotPrepared,No,10.05,3.31,Main,,,,,,,,,,,10.38,10.38,11.91,11.91,3.19,0.45,,N,
298,LIK,XIV,P4-056,,,Opaline/CCS,0%,,Flake,Distal,,,,,,,,,,,,,,,,,,,,,,,,Feather,,,,,,,,,,,,,RECTANGULAR,,,,,,,,,,,,,,,,15.7,,10.29,,2.01,0.41,,N,
2977,LIK,III,K4c-007,,,Opaline/CCS,0%,,Flake,Complete,,,,,,,,,,,,,,,,,,,,,,Yes,Bending,Feather,,,,,,,,,,,,,TRIANGULAR,NotPrepared,No,4.6,1.38,Main,,,,,,,,,,,12.47,12.47,8.15,8.15,1.6,0.13,,N,
2978,LIK,III,K4c-007,,,Opaline/CCS,0%,,Flake,Complete,,,,,,,,,,,,,,,,,,,,,,Yes,Hertzian,Feather,,,,,,,,,,,,,RECTANGULAR,NotPrepared,No,7.82,1.52,Main,,,,,,,,,,,15.8,15.8,10.51,10.51,2.1,0.57,Ut,N,
2979,LIK,III,K4c-007,,,Opaline/CCS,0%,,Flake,Complete,,,,,,,,,,,,,,,,,,,,,,Yes,Hertzian,Feather,,,,,,,,,,,,,OVAL,NotPrepared,No,5.48,1.4,Main,,,,,,,,,,,8.86,8.86,10.96,10.96,3.32,0.27,,N,
2980,LIK,III,K4c-007,,,Opaline/CCS,0%,,Flake,Complete,,,,,,,,,,,,,,,,,,,,,,Yes,Hertzian,Feather,,,,,,,,,,,,,RECTANGULAR,NotPrepared,No,3.03,1.42,Main,,,,,,,,,,,25.77,25.77,12.23,8.75,1.69,0.65,,N,
2981,LIK,III,K4c-007,,,Opaline/CCS,0%,,Flake,Proximal,,,,,,,,,,,,,,,,,,,,,,Yes,Hertzian,,,,,,,,,,,,,,RECTANGULAR,NotPrepared,No,5.85,4.08,,,,,,,,,,,,16.8,,9,,4.55,0.66,,N,
2982,LIK,III,K4c-007,,,Opaline/CCS,0%,,Flake,Complete,,,,,,,,,,,,,,,,,,,,,,Yes,Hertzian,Feather,,,,,,,,,,,,,RECTANGULAR,NotPrepared,No,4.86,1.67,Main,,,,,,,,,,,18.55,18.55,15.52,15.53,1.87,0.91,,N,
2983,LIK,III,K4c-007,,,Opaline/CCS,0%,,Flake,Complete,,,,,,,,,,,,,,,,,,,,,,Yes,Hertzian,Hinge,,,,,,,,,,,,,OVAL,NotPrepared,No,4.57,1.61,Main,,,,,,,,,,,12.2,12.2,21.47,17.31,4.34,1.3,,N,
2984,LIK,III,K4c-007,,,Opaline/CCS,0%,,Flake,Distal,,,,,,,,,,,,,,,,,,,,,,,,Feather,,,,,,,,,,,,,RECTANGULAR,,,,,,,,,,,,,,,,21.63,,29.68,,9.03,6.25,,N,
2985,LIK,III,K4c-007,,,Opaline/CCS,0%,,Flake,Complete,,,,,,,,,,,,,,,,,,,,,,Yes,Bending,Feather,,,,,,,,,,,,,TRIANGULAR,NotPrepared,No,6.08,0.57,Main,,,,,,,,,,,12.06,12.06,8.52,7.94,0.87,0.09,,N,
2986,LIK,III,K4c-007,,,Opaline/CCS,0%,,Flake,Complete,,,,,,,,,,,,,,,,,,,,,,Yes,Bending,Feather,,,,,,,,,,,,,RECTANGULAR,NotPrepared,No,9.04,3.95,Main,,,,,,,,,,,14.17,14.17,11.45,11.45,3.29,0.77,,N,
299,LIK,XIV,P4-056,,,Opaline/CCS,0%,,Flake,Mesial,,,,,,,,,,,,,,,,,,,,,,,,,,,,,,,,,,,,,RECTANGULAR,,,,,,,,,,,,,,,,9.91,,15.01,,1.33,0.35,,N,
2987,LIK,III,K4c-007,,,Opaline/CCS,0%,,Flake,Complete,,,,,,,,,,,,,,,,,,,,,,Yes,Hertzian,Feather,,,,,,,,,,,,,RECTANGULAR,NotPrepared,No,4.51,1.77,Main,,,,,,,,,,,24.28,24.28,13.82,9.14,3.22,1.44,Ut,N,
2988,LIK,III,K4c-007,,,Opaline/CCS,0%,,Flake,Complete,,,,,,,,,,,,,,,,,,,,,,Yes,Hertzian,Feather,,,,,,,,,,,,,TRIANGULAR,NotPrepared,No,5.76,3.56,Main,,,,,,,,,,,21.12,21.12,20.59,14.85,4.84,1.7,,N,
2989,LIK,III,K4c-007,,,Opaline/CCS,0%,,Flake,Fragment,,,,,,,,,,,,,,,,,,,,,,,,,,,,,,,,,,,,,RECTANGULAR,,,,,,,,,,,,,,,,16.48,,13.45,,7.17,2.43,Ut,N,
2990,LIK,III,K4c-007,,,Opaline/CCS,0%,,Flake,Complete,,,,,,,,,,,,,,,,,,,,,,Yes,Hertzian,Feather,,,,,,,,,,,,,RECTANGULAR,NotPrepared,No,3.14,2.17,Main,,,,,,,,,,,42.42,42.42,9.19,9.19,6.48,3.14,Ut,N,
2991,LIK,III,K4c-007,,,Quartz,0%,,Flake,Complete,,,,,,,,,,,,,,,,,,,,,,Yes,Hertzian,Feather,,,,,,,,,,,,,RECTANGULAR,NotPrepared,No,5.58,3.33,Main,,,,,,,,,,,20.64,20.64,6.15,6.15,3.14,0.58,,N,
2992,LIK,III,K4c-007,,,Quartz,0%,,Flake,Complete,,,,,,,,,,,,,,,,,,,,,,Yes,Hertzian,Feather,,,,,,,,,,,,,RECTANGULAR,NotPrepared,No,3.27,2.6,Main,,,,,,,,,,,14.76,14.76,3.96,3.96,4.17,0.29,,N,
2993,LIK,III,K4c-007,,,Quartz,0%,,Flake,Complete,,,,,,,,,,,,,,,,,,,,,,Yes,Hertzian,Feather,,,,,,,,,,,,,RECTANGULAR,NotPrepared,No,4.34,1.77,Main,,,,,,,,,,,10.45,10.45,11.47,11.47,3.39,0.41,,N,
2994,LIK,III,K4c-007,,,Quartz,0%,,Flake,Proximal,,,,,,,,,,,,,,,,,,,,,,Yes,Hertzian,,,,,,,,,,,,,,RECTANGULAR,NotPrepared,No,2.5,0.92,,,,,,,,,,,,13.94,,6.38,,1.61,0.14,,N,
2995,LIK,III,K4c-007,,,Quartz,0%,,Core,,Complete,,,,,,,,,,,,,,,,,,,,,,,,,,,,,,,,,,,,,,,,,,Bipolar,Bladelet,Cubic,0%,4,3,3,2,5,4.54,8.78,,7.49,,2.73,0.24,,N,
2996,LIK,III,K4c-007,,,Siltstone,0%,,Flake,Complete,,,,,,,,,,,,,,,,,,,,,,Yes,Hertzian,Feather,,,,,,,,,,,,,RECTANGULAR,NotPrepared,No,4.72,2.89,Main,,,,,,,,,,,7.52,7.52,8.12,7.19,2.07,0.14,Ut,N,
300,LIK,XIV,P4-056,,,Opaline/CCS,0%,,Flake,Complete,,,,,,,,,,,,,,,,,,,,,,Yes,Hertzian,Overshot,,,,,,,,,,,,,RECTANGULAR,NotPrepared,No,3.21,0.81,Main,,,,,,,,,,,13.85,13.85,5.31,5.31,1.38,0.16,,N,
2997,LIK,III,K4c-007,,,Siltstone,0%,,Flake,Complete,,,,,,,,,,,,,,,,,,,,,,Yes,Bending,Step,,,,,,,,,,,,,RECTANGULAR,NotPrepared,No,5.52,1.91,Main,,,,,,,,,,,12.46,12.46,6.74,6.74,2.34,0.29,,N,
2998,LIK,III,K4c-007,,,Siltstone,0%,,Flake,Distal,,,,,,,,,,,,,,,,,,,,,,,,Feather,,,,,,,,,,,,,RECTANGULAR,,,,,,,,,,,,,,,,13.52,,14.73,,3.11,0.55,,N,
2999,LIK,III,K4c-007,,,Siltstone,0%,,Flake,Fragment,,,,,,,,,,,,,,,,,,,,,,,,,,,,,,,,,,,,,RECTANGULAR,,,,,,,,,,,,,,,,14.32,,14.4,,4.69,1.71,,N,
3000,LIK,III,K4c-007,,,Siltstone,0%,,Flake,Proximal,,,,,,,,,,,,,,,,,,,,,,Yes,Hertzian,,,,,,,,,,,,,,TRAPEZOIDAL,NotPrepared,No,10.88,5.32,,,,,,,,,,,,12.15,,24.64,,7.91,1.84,,N,
3001,LIK,III,K4c-007,,,Siltstone,0%,,Flake,Fragment,,,,,,,0,,0,0,0,0,0,0,0,0,0,0,0,0,0,,,,,0,0,0,0,0,0,0,0,0,0,0,TRIANGULAR,,,0,0,,,,,,0,0,0,0,0,0,15.5,0,35.02,0,5.51,2.45,,N,
3002,LIK,III,K4b-007,,,Opaline/CCS,0%,,Flake,Complete,,,,,,,,,,,,,,,,,,,,,,Yes,Hertzian,Feather,,,,,,,,,,,,,KITE,NotPrepared,No,3.19,1.2,Main,,,,,,,,,,,12.58,12.58,8.15,8.15,1.4,0.13,,N,
3003,LIK,III,K4b-007,,,Opaline/CCS,0%,,Flake,Distal,,,,,,,,,,,,,,,,,,,,,,,,Hinge,,,,,,,,,,,,,RECTANGULAR,,,,,,,,,,,,,,,,6.39,,12.62,,2.2,0.27,,N,
3004,LIK,III,K4b-007,,,Opaline/CCS,0%,,Flake,Mesial,,,,,,,,,,,,,,,,,,,,,,,,,,,,,,,,,,,,,RECTANGULAR,,,,,,,,,,,,,,,,20.45,,4.51,,2.3,0.33,,N,
3005,LIK,III,K4b-007,,,Opaline/CCS,0%,,Flake,Complete,,,,,,,,,,,,,,,,,,,,,,Yes,Bending,Feather,,,,,,,,,,,,,TRIANGULAR,NotPrepared,No,9.84,5.77,Main,,,,,,,,,,,12.09,12.09,12.05,9.15,5.25,0.47,,N,
3006,LIK,III,K4b-007,,,Opaline/CCS,0%,,Flake,Complete,,,,,,,,,,,,,,,,,,,,,,Yes,Hertzian,Feather,,,,,,,,,,,,,RECTANGULAR,NotPrepared,No,3.7,1.27,Main,,,,,,,,,,,21.47,21.47,7.63,7.63,2.56,0.33,,N,
3,LIK,XV,O5c-057,,,Opaline/CCS,0%,,Flake,Complete,,,,,,,,,,,,,,,,,,,,,,Yes,Hertzian,Feather,,,,,,,,,,,,,RECTANGULAR,Indeterminate,No,4.37,1.07,Main,,,,,,,,,,,11.25,11.25,5.19,5.19,1,0.07,,N,
30,LIK,XV,O5c-057,,,Hornfels,0%,,Flake,Complete,,,,,,,,,,,,,,,,,,,,,,Yes,Bending,Feather,,,,,,,,,,,,,RECTANGULAR,NotPrepared,No,19.05,5.76,Main,,,,,,,,,,,6.23,6.23,21.74,21.74,5.58,0.84,,N,
301,LIK,XIV,P4-056,,,Opaline/CCS,0%,,Flake,Complete,,,,,,,,,,,,,,,,,,,,,,Yes,Hertzian,Feather,,,,,,,,,,,,,RECTANGULAR,NotPrepared,No,3.09,1.47,Main,,,,,,,,,,,21.88,21.88,8.64,8.64,2.27,0.57,,N,
3007,LIK,III,K4b-007,,,Opaline/CCS,0%,,Flake,Proximal,,,,,,,,,,,,,,,,,,,,,,Yes,Hertzian,,,,,,,,,,,,,,RECTANGULAR,NotPrepared,No,3.27,1.14,,,,,,,,,,,,8.29,,10.3,,0.98,0.13,,N,
3008,LIK,III,K4b-007,,,Opaline/CCS,0%,,Flake,Complete,,,,,,,,,,,,,,,,,,,,,,Yes,Hertzian,Feather,,,,,,,,,,,,,RECTANGULAR,NotPrepared,No,3.98,4.02,Main,,,,,,,,,,,20.22,20.22,18.06,18.06,6.01,2.05,,N,
3009,LIK,III,K4b-007,,,Opaline/CCS,0%,,Flake,Proximal,,,,,,,,,,,,,,,,,,,,,,Yes,Hertzian,,,,,,,,,,,,,,RECTANGULAR,NotPrepared,No,8.48,4.66,,,,,,,,,,,,19.47,,16.57,,2.77,1.88,,N,
3010,LIK,III,K4b-007,,,Opaline/CCS,0%,,Flake,Mesial,,,,,,,,,,,,,,,,,,,,,,,,,,,,,,,,,,,,,RECTANGULAR,,,,,,,,,,,,,,,,15.91,,9.57,,1.05,0.25,,N,
3011,LIK,III,K4b-007,,,Opaline/CCS,0%,,Flake,Distal,,,,,,,,,,,,,,,,,,,,,,,,Feather,,,,,,,,,,,,,RECTANGULAR,,,,,,,,,,,,,,,,8.85,,16.42,,1.85,0.4,,N,
3012,LIK,III,K4b-007,,,Opaline/CCS,0%,,Flake,Complete,,,,,,,,,,,,,,,,,,,,,,Yes,Hertzian,Feather,,,,,,,,,,,,,RECTANGULAR,NotPrepared,No,2.77,1.87,Main,,,,,,,,,,,10.09,10.09,6.39,6.39,2.56,0.16,,N,
3013,LIK,III,K4b-007,,,Opaline/CCS,0%,,Flake,Complete,,,,,,,,,,,,,,,,,,,,,,Yes,Hertzian,Feather,,,,,,,,,,,,,RECTANGULAR,NotPrepared,No,3.42,2.71,Main,,,,,,,,,,,20.06,20.06,3.94,3.94,4.77,0.47,,N,
3014,LIK,III,K4b-007,,,Opaline/CCS,0%,,Flake,Proximal,,,,,,,,,,,,,,,,,,,,,,Yes,Bending,,,,,,,,,,,,,,RECTANGULAR,NotPrepared,No,13.37,3.01,,,,,,,,,,,,20.28,,24.25,,4.56,2.76,,N,
3015,LIK,III,K4b-007,,,Opaline/CCS,0%,,Flake,Complete,,,,,,,,,,,,,,,,,,,,,,Yes,Hertzian,Feather,,,,,,,,,,,,,TRIANGULAR,NotPrepared,No,12.47,3.09,Main,,,,,,,,,,,29.03,29.03,22.93,15.75,9.52,5.86,,N,
3016,LIK,III,K4b-007,,,Opaline/CCS,0%,,Flake,Complete,,,,,,,,,,,,,,,,,,,,,,Yes,Hertzian,Feather,,,,,,,,,,,,,RECTANGULAR,NotPrepared,No,2.88,0.76,Main,,,,,,,,,,,12.28,12.28,12.88,12.88,1.35,0.3,,N,
302,LIK,XIV,P4-056,,,Opaline/CCS,0%,,Flake,Proximal,,,,,,,,,,,,,,,,,,,,,,Yes,Hertzian,,,,,,,,,,,,,,RECTANGULAR,Indeterminate,No,2.65,0.76,,,,,,,,,,,,12.17,,7.82,,1.66,0.16,,N,
3017,LIK,III,K4b-007,,,Siltstone,0%,,Flake,Complete,,,,,,,,,,,,,,,,,,,,,,Yes,Hertzian,Feather,,,,,,,,,,,,,OVAL,NotPrepared,No,5.65,2.58,Main,,,,,,,,,,,18.85,18.85,13.92,13.92,3.28,0.91,,N,
3018,LIK,III,K4b-007,,,Hornfels,0%,,Flake,Complete,,,,,,,,,,,,,,,,,,,,,,Yes,Bending,Feather,,,,,,,,,,,,,RECTANGULAR,NotPrepared,No,5.45,1.5,Main,,,,,,,,,,,11.07,11.07,7.29,7.29,1.81,0.16,,N,
3019,LIK,III,K4b-007,,,Hornfels,0%,,Flake,Proximal,,,,,,,,,,,,,,,,,,,,,,Yes,Hertzian,,,,,,,,,,,,,,RECTANGULAR,NotPrepared,No,10.62,3.68,,,,,,,,,,,,7.35,,13.7,,1.95,0.34,,N,
3020,LIK,III,K4b-007,,,Opaline/CCS,0%,,Flake,Complete,,,,,,,,,,,,,,,,,,,,,,Yes,Hertzian,Feather,,,,,,,,,,,,,RECTANGULAR,NotPrepared,No,5.66,1.95,Main,,,,,,,,,,,19.26,19.26,8.79,8.79,3.01,0.92,,N,
3021,LIK,III,K4b-007,,,Hornfels,0%,,Flake,Complete,,,,,,,,,,,,,,,,,,,,,,Yes,Hertzian,Feather,,,,,,,,,,,,,TRIANGULAR,NotPrepared,No,7.74,4.21,Main,,,,,,,,,,,17.54,17.54,8.34,7.53,4.13,0.51,,N,
3022,LIK,III,K4b-007,,,Hornfels,0%,,Flake,Mesial,,,,,,,,,,,,,,,,,,,,,,,,,,,,,,,,,,,,,RECTANGULAR,,,,,,,,,,,,,,,,15.02,,14.26,,3.14,1.33,,N,
3023,LIK,III,K4b-007,,,Hornfels,0%,,Flake,Proximal,,,,,,,,,,,,,,,,,,,,,,Yes,Hertzian,,,,,,,,,,,,,,OVAL,NotPrepared,No,8.4,3.92,,,,,,,,,,,,21.8,,26.09,,9.74,6,,N,
3024,LIK,III,K4b-007,,,Hornfels,1-10%,Outcrop,Flake,Complete,,,,,,,0,,0,0,0,0,0,0,0,0,0,0,0,0,0,Yes,Hertzian,Overshot,,0,0,0,0,0,0,0,0,0,0,0,RECTANGULAR,NotPrepared,No,7.36,3.25,Main,,,,,0,0,0,0,0,0,37.03,37.03,12.16,12.16,4.82,3.57,Ut,N,
3025,LIK,III,K4b-007,,,Hornfels,10-40%,Outcrop,Flake,Complete,,,,,,,,,,,,,,,,,,,,,,Yes,Hertzian,Feather,,,,,,,,,,,,,TRIANGULAR,NotPrepared,No,20.4,12.01,40.36,,,,,,,,,,,40.36,23.31,19.8,19.8,9.8,8.83,Ut,N,
3026,LIK,III,K4b-007,,,Opaline/CCS,0%,,Core,,Complete,,,,,,,,,,,,,,,,,,,,,,,,,,,,,,,,,,,,,,,,,,Platform,Irregular,Cubic,0%,4,3,4,4,3,20.76,26.35,,25.07,,14.27,7.82,,N,
303,LIK,XIV,P4-056,,,Opaline/CCS,1-10%,Cobble,Flake,Complete,,,,,,,,,,,,,,,,,,,,,,Yes,Bending,Feather,,,,,,,,,,,,,TRIANGULAR,NotPrepared,No,10.31,2.95,Main,,,,,,,,,,,13.51,13.51,11.79,9.08,3.56,0.57,,N,
3027,LIK,III,K4a-007,,,Opaline/CCS,0%,,Flake,Complete,,,,,,,,,,,,,,,,,,,,,,Yes,Hertzian,Feather,,,,,,,,,,,,,RECTANGULAR,NotPrepared,No,7.73,2.76,Main,,,,,,,,,,,15.68,15.68,13.24,13.24,2.82,0.65,,N,
3028,LIK,III,K4a-007,,,Opaline/CCS,0%,,Flake,Complete,,,,,,,,,,,,,,,,,,,,,,Yes,Hertzian,Feather,,,,,,,,,,,,,RECTANGULAR,NotPrepared,No,4.78,1.33,Main,,,,,,,,,,,16.28,16.28,9.79,9.79,2.24,0.45,,N,
3029,LIK,III,K4a-007,,,Opaline/CCS,0%,,Flake,Complete,,,,,,,,,,,,,,,,,,,,,,Yes,Hertzian,Feather,,,,,,,,,,,,,RECTANGULAR,NotPrepared,No,9.81,8.59,Main,,,,,,,,,,,13.28,13.28,11.24,11.24,9.14,1.55,,N,
3030,LIK,III,,,,Opaline/CCS,0%,,Flake,Complete,,,,,,,,,,,,,,,,,,,,,,Yes,Hertzian,Overshot,,,,,,,,,,,,,RECTANGULAR,NotPrepared,No,6.34,5.63,Main,,,,,,,,,,,11.03,11.03,10.12,10.12,6.77,1.05,,N,
3031,LIK,III,K4a-007,,,Opaline/CCS,0%,,Flake,Proximal,,,,,,,,,,,,,,,,,,,,,,Yes,Hertzian,,,,,,,,,,,,,,RECTANGULAR,NotPrepared,No,13.63,5.36,,,,,,,,,,,,16.16,,17.84,,3.98,1.92,Ut,N,
3032,LIK,III,K4a-007,,,Opaline/CCS,0%,,Flake,Distal,,,,,,,,,,,,,,,,,,,,,,,,Feather,,,,,,,,,,,,,TRIANGULAR,,,,,,,,,,,,,,,,18.02,,15.57,,2.3,0.46,,N,
3033,LIK,III,K4a-007,,,Opaline/CCS,0%,,Flake,Proximal,,,,,,,,,,,,,,,,,,,,,,Yes,Hertzian,,,,,,,,,,,,,,TRAPEZOIDAL,NotPrepared,No,4.04,2.02,,,,,,,,,,,,8.97,,18.42,,4.25,0.73,,N,
3034,LIK,III,K4a-007,,,Opaline/CCS,0%,,Flake,Proximal,,,,,,,,,,,,,,,,,,,,,,Yes,Hertzian,,,,,,,,,,,,,,RECTANGULAR,NotPrepared,No,8.89,4.87,,,,,,,,,,,,19.05,,14.34,,4.48,1.91,Ut,N,
3035,LIK,III,K4a-007,,,Opaline/CCS,0%,,Flake,Distal,,,,,,,,,,,,,,,,,,,,,,,,Feather,,,,,,,,,,,,,TRIANGULAR,,,,,,,,,,,,,,,,19.52,,18.89,,3.34,1.39,,N,
3036,LIK,III,K4a-007,,,Opaline/CCS,0%,,Flake,Complete,,,,,,,,,,,,,,,,,,,,,,Yes,Hertzian,Feather,,,,,,,,,,,,,RECTANGULAR,NotPrepared,No,13.51,2.99,Main,,,,,,,,,,,27.15,23.26,20.34,20.34,3.21,1.97,,N,
304,LIK,XIV,P4-056,,,Opaline/CCS,0%,,Flake,Proximal,,,,,,,,,,,,,,,,,,,,,,Yes,Hertzian,,,,,,,,,,,,,,OVAL,NotPrepared,No,4.28,3.1,,,,,,,,,,,,8.6,,17.12,,3.17,0.42,,N,
3037,LIK,III,K4a-007,,,Opaline/CCS,0%,,Flake,Complete,,,,,,,,,,,,,,,,,,,,,,Yes,Hertzian,Feather,,,,,,,,,,,,,RECTANGULAR,NotPrepared,No,8.64,4.68,Main,,,,,,,,,,,36.2,36.2,14.38,14.38,8.9,7.36,,N,
3038,LIK,III,K4a-007,,,Opaline/CCS,0%,,Flake,Complete,,,,,,,,,,,,,,,,,,,,,,Yes,Hertzian,Feather,,,,,,,,,,,,,RECTANGULAR,NotPrepared,No,6.76,2.86,Main,,,,,,,,,,,38.4,38.4,33.89,25.89,5.38,6.15,,N,
3039,LIK,III,K4a-007,,,Opaline/CCS,0%,,Core,,Complete,,,,,,,,,,,,,,,,,,,,,,,,,,,,,,,,,,,,,,,,,,Platform,Irregular,Cubic,0%,2,2,3,3,2,8.06,13.97,,8.42,,7.4,1.49,,N,
3040,LIK,III,K4a-007,,,Opaline/CCS,0%,,Flake,Complete,,,,,,,,,,,,,,,,,,,,,,Yes,Hertzian,Feather,,,,,,,,,,,,,TRIANGULAR,NotPrepared,No,5.19,0.9,Main,,,,,,,,,,,11.05,11.05,7.24,6.84,1.31,0.08,,N,
3041,LIK,III,K4a-007,,,Opaline/CCS,0%,,Flake,Complete,,,,,,,,,,,,,,,,,,,,,,Yes,Hertzian,Feather,,,,,,,,,,,,,RECTANGULAR,NotPrepared,No,5.26,2.64,Main,,,,,,,,,,,13.24,13.24,7.07,7.07,2.26,0.23,,N,
3042,LIK,III,K4a-007,,,Opaline/CCS,0%,,Flake,Complete,,,,,,,,,,,,,,,,,,,,,,Yes,Hertzian,Feather,,,,,,,,,,,,,TRIANGULAR,NotPrepared,No,3.78,2.2,Main,,,,,,,,,,,18.99,18.99,8.47,8.47,6.67,0.81,,N,
3043,LIK,III,K4a-007,,,Opaline/CCS,0%,,Flake,Complete,,,,,,,,,,,,,,,,,,,,,,Yes,Hertzian,Feather,,,,,,,,,,,,,RECTANGULAR,NotPrepared,No,2.55,1.2,Main,,,,,,,,,,,13.07,13.07,7.81,7.81,1.23,0.14,,N,
3044,LIK,III,K4a-007,,,Opaline/CCS,0%,,Flake,Distal,,,,,,,,,,,,,,,,,,,,,,,,Feather,,,,,,,,,,,,,RECTANGULAR,,,,,,,,,,,,,,,,25.73,,15.78,,2.57,1.34,Ut,N,
3045,LIK,III,K4a-007,,,Opaline/CCS,0%,,Flake,Complete,,,,,,,,,,,,,,,,,,,,,,Yes,Hertzian,Feather,,,,,,,,,,,,,TRIANGULAR,NotPrepared,No,4.51,1.86,Main,,,,,,,,,,,21.79,21.79,15.94,11.41,5.88,1.44,Ut,N,
3046,LIK,III,K4a-007,,,Opaline/CCS,0%,,Flake,Complete,,,,,,,,,,,,,,,,,,,,,,Yes,Hertzian,Feather,,,,,,,,,,,,,RECTANGULAR,NotPrepared,No,13.4,7.65,Main,,,,,,,,,,,30.25,30.25,22.96,22.96,7.19,7.32,,N,
305,LIK,XIV,P4-056,,,Opaline/CCS,0%,,Flake,Complete,,,,,,,,,,,,,,,,,,,,,,Yes,Hertzian,Feather,,,,,,,,,,,,,TRAPEZOIDAL,NotPrepared,No,11.55,2.31,Main,,,,,,,,,,,14.59,14.59,23.12,19.49,6.09,2.44,,N,
3047,LIK,III,K4a-007,,,Opaline/CCS,0%,,Flake,Proximal,,,,,,,,,,,,,,,,,,,,,,Yes,Hertzian,,,,,,,,,,,,,,RECTANGULAR,NotPrepared,No,4.59,0.97,,,,,,,,,,,,15.12,,10.66,,1.88,0.42,Ut,N,
3048,LIK,III,K4a-007,,,Hornfels,0%,,Flake,Distal,,,,,,,,,,,,,,,,,,,,,,,,Feather,,,,,,,,,,,,,TRIANGULAR,,,,,,,,,,,,,,,,16.97,,5.93,,3.95,0.47,,N,
3049,LIK,III,K4a-007,,,Hornfels,0%,,Flake,Complete,,,,,,,,,,,,,,,,,,,,,,Yes,Hertzian,Feather,,,,,,,,,,,,,RECTANGULAR,NotPrepared,No,5.31,3.46,Main,,,,,,,,,,,22.11,22.11,7.7,7.7.,3.63,0.62,,N,
3050,LIK,III,K4a-007,,,Hornfels,0%,,Flake,Complete,,,,,,,,,,,,,,,,,,,,,,Yes,Hertzian,Feather,,,,,,,,,,,,,RECTANGULAR,NotPrepared,No,2.53,1.2,Main,,,,,,,,,,,29.49,29.49,6.6,6.6,5.06,1.57,,N,
3051,LIK,III,K4a-007,,,Hornfels,0%,,Flake,Distal,,,,,,,,,,,,,,,,,,,,,,,,Feather,,,,,,,,,,,,,RECTANGULAR,,,,,,,,,,,,,,,,39.3,,30.67,,16.97,23.32,,N,
3052,LIK,III,L4a-007,,,Opaline/CCS,0%,,Flake,Proximal,,,,,,,,,,,,,,,,,,,,,,Yes,Hertzian,,,,,,,,,,,,,,RECTANGULAR,NotPrepared,No,13.35,2.07,,,,,,,,,,,,17.7,,14.54,,2.59,1.64,Ut,N,
3053,LIK,III,L4a-007,,,Opaline/CCS,0%,,Flake,Complete,,,,,,,,,,,,,,,,,,,,,,Yes,Hertzian,Feather,,,,,,,,,,,,,RECTANGULAR,NotPrepared,No,4.19,1.19,Main,,,,,,,,,,,15.42,15.41,10.69,10.69,1.02,0.26,,N,
3054,LIK,III,L4a-007,,,Opaline/CCS,0%,,Flake,Proximal,,,,,,,,,,,,,,,,,,,,,,Yes,Hertzian,,,,,,,,,,,,,,RECTANGULAR,NotPrepared,No,6.24,2.79,,,,,,,,,,,,14.86,,13.64,,2.7,0.76,,N,
3055,LIK,III,L4a-007,,,Opaline/CCS,0%,,Flake,Complete,,,,,,,,,,,,,,,,,,,,,,Yes,Hertzian,Feather,,,,,,,,,,,,,TRIANGULAR,NotPrepared,No,4.81,1.87,Main,,,,,,,,,,,18.95,12.38,8.03,8.03,3.61,0.53,,N,
3056,LIK,III,L4a-007,,,Opaline/CCS,0%,,Flake,Complete,,,,,,,,,,,,,,,,,,,,,,Yes,Hertzian,Feather,,,,,,,,,,,,,RECTANGULAR,NotPrepared,No,5.94,2.69,Main,,,,,,,,,,,23.38,23.38,12.11,12.11,3.64,1.14,,N,
306,LIK,XIV,P4-056,,,Opaline/CCS,0%,,Flake,Proximal,,,,,,,,,,,,,,,,,,,,,,Yes,Bending,,,,,,,,,,,,,,RHOMBUS,NotPrepared,No,17.19,3.43,,,,,,,,,,,,9.98,,21.9,,2.45,0.85,,N,
3057,LIK,III,L4a-007,,,Opaline/CCS,0%,,Flake,Complete,,,,,,,,,,,,,,,,,,,,,,Yes,Hertzian,Feather,,,,,,,,,,,,,RECTANGULAR,NotPrepared,No,2.55,1.27,Main,,,,,,,,,,,13.84,13.84,8.9,8.9,1.59,0.18,,N,
3058,LIK,III,L4a-007,,,Opaline/CCS,0%,,Flake,Proximal,,,,,,,,,,,,,,,,,,,,,,Yes,Hertzian,,,,,,,,,,,,,,TRAPEZOIDAL,NotPrepared,No,11.14,4.56,,,,,,,,,,,,20.33,,27.87,,6.58,4.89,Ut,N,
3059,LIK,III,L4a-007,,,Opaline/CCS,0%,,Flake,Complete,,,,,,,,,,,,,,,,,,,,,,Yes,Hertzian,Feather,,,,,,,,,,,,,RECTANGULAR,NotPrepared,No,5.37,2.19,Main,,,,,,,,,,,18.61,18.61,6.67,6.67,2.33,0.37,,N,
3060,LIK,III,L4a-007,,,Opaline/CCS,0%,,Flake,Complete,,,,,,,,,,,,,,,,,,,,,,Yes,Hertzian,Feather,,,,,,,,,,,,,RECTANGULAR,NotPrepared,No,9.23,3.19,Main,,,,,,,,,,,16.39,16.39,12.91,12.91,3.42,0.83,,N,
3061,LIK,III,L4a-007,,,Opaline/CCS,0%,,Flake,Mesial,,,,,,,,,,,,,,,,,,,,,,,,,,,,,,,,,,,,,RECTANGULAR,,,,,,,,,,,,,,,,18.57,,8.86,,3.35,0.51,,N,
3062,LIK,III,L4a-007,,,Opaline/CCS,0%,,Flake,Proximal,,,,,,,,,,,,,,,,,,,,,,Yes,Hertzian,,,,,,,,,,,,,,KITE,NotPrepared,No,3.16,1.07,,,,,,,,,,,,15.57,,13.01,,2.82,0.48,,N,
3063,LIK,III,L4a-007,,,Opaline/CCS,0%,,Flake,Mesial,,,,,,,,,,,,,,,,,,,,,,,,,,,,,,,,,,,,,RECTANGULAR,,,,,,,,,,,,,,,,14.44,,12.83,,6.96,1.82,Ut,N,
3064,LIK,III,L4a-007,,,Opaline/CCS,0%,,Flake,Complete,,,,,,,,,,,,,,,,,,,,,,Yes,Hertzian,Feather,,,,,,,,,,,,,TRIANGULAR,NotPrepared,No,2.32,0.94,Main,,,,,,,,,,,13.19,13.19,10.7,8.43,0.86,0.13,,N,
3065,LIK,III,L4a-007,,,Opaline/CCS,0%,,Flake,Complete,,,,,,,,,,,,,,,,,,,,,,Yes,Hertzian,Feather,,,,,,,,,,,,,RECTANGULAR,NotPrepared,No,12.14,4.02,Main,,,,,,,,,,,12.7,12.7,18.79,15.36,5.63,1.73,Ut,N,
3066,LIK,III,L4a-007,,,Opaline/CCS,0%,,Flake,Distal,,,,,,,,,,,,,,,,,,,,,,,,Feather,,,,,,,,,,,,,RECTANGULAR,,,,,,,,,,,,,,,,7.69,,20.42,,1.6,0.38,,N,
307,LIK,XIV,P4-056,,,Opaline/CCS,0%,,Flake,Distal,,,,,,,,,,,,,,,,,,,,,,,,Feather,,,,,,,,,,,,,RECTANGULAR,,,,,,,,,,,,,,,,28.19,,10.2,,1.54,0.58,,N,
3067,LIK,III,L4a-007,,,Opaline/CCS,0%,,Flake,Complete,,,,,,,,,,,,,,,,,,,,,,Yes,Hertzian,Feather,,,,,,,,,,,,,RECTANGULAR,NotPrepared,No,3.23,1.58,Main,,,,,,,,,,,14.98,14.98,7.66,7.66,1.45,0.17,,N,
3068,LIK,III,L4a-007,,,Opaline/CCS,0%,,Flake,Complete,,,,,,,,,,,,,,,,,,,,,,Yes,Hertzian,Feather,,,,,,,,,,,,,RECTANGULAR,NotPrepared,No,4.88,1.41,Main,,,,,,,,,,,14.41,14.41,11.96,11.96,1.98,0.39,,N,
3069,LIK,III,L4a-007,,,Opaline/CCS,0%,,Flake,Complete,,,,,,,,,,,,,,,,,,,,,,Yes,Hertzian,Feather,,,,,,,,,,,,,RECTANGULAR,Indeterminate,No,2.4,1.06,Main,,,,,,,,,,,13.92,13.92,8.31,8.31,1.64,0.22,,N,
3070,LIK,III,L4a-007,,,Opaline/CCS,0%,,Flake,Complete,,,,,,,,,,,,,,,,,,,,,,Yes,Bending,Feather,,,,,,,,,,,,,TRIANGULAR,NotPrepared,No,11.69,3.49,Main,,,,,,,,,,,8.71,8.71,14.79,11.17,2.52,0.31,,N,
3071,LIK,III,L4a-007,,,Opaline/CCS,0%,,Flake,Proximal,,,,,,,,,,,,,,,,,,,,,,Yes,Hertzian,,,,,,,,,,,,,,RECTANGULAR,NotPrepared,No,3.41,1.57,,,,,,,,,,,,11.84,,6,,2.2,0.19,,N,
3072,LIK,III,L4a-007,,,Opaline/CCS,0%,,Flake,Complete,,,,,,,,,,,,,,,,,,,,,,Yes,Hertzian,Feather,,,,,,,,,,,,,RECTANGULAR,Indeterminate,No,2.67,0.54,Main,,,,,,,,,,,12.07,12.07,9.28,6.82,1.12,0.1,,N,
3073,LIK,III,L4a-007,,,Opaline/CCS,0%,,Flake,Complete,,,,,,,,,,,,,,,,,,,,,,Yes,Hertzian,Feather,,,,,,,,,,,,,TRIANGULAR,NotPrepared,No,2.1,0.91,Main,,,,,,,,,,,13.06,13.06,6.9,6.9,1.47,0.12,,N,
3074,LIK,III,L4a-007,,,Opaline/CCS,0%,,Flake,Complete,,,,,,,,,,,,,,,,,,,,,,Yes,Hertzian,Feather,,,,,,,,,,,,,RECTANGULAR,NotPrepared,No,3.36,1.46,Main,,,,,,,,,,,12.14,12.14,4.99,4.99,1.13,0.07,,N,
3075,LIK,III,L4a-007,,,Opaline/CCS,0%,,Flake,Complete,,,,,,,,,,,,,,,,,,,,,,Yes,Hertzian,Feather,,,,,,,,,,,,,TRIANGULAR,NotPrepared,No,1.6,0.89,Main,,,,,,,,,,,20.31,20.31,10.76,7.53,4.76,0.8,Ut,N,
3076,LIK,III,L4a-007,,,Opaline/CCS,0%,,Flake,Complete,,,,,,,,,,,,,,,,,,,,,,Yes,Hertzian,Feather,,,,,,,,,,,,,RECTANGULAR,NotPrepared,No,2.84,1.17,Main,,,,,,,,,,,8.94,8.94,7.83,7.83,1.79,0.12,,N,
308,LIK,XIV,P4-056,,,Opaline/CCS,0%,,Flake,Distal,,,,,,,,,,,,,,,,,,,,,,,,Feather,,,,,,,,,,,,,TRIANGULAR,,,,,,,,,,,,,,,,19.74,,9.3,,2.1,0.35,,N,
3077,LIK,III,L4a-007,,,Opaline/CCS,0%,,Flake,Complete,,,,,,,,,,,,,,,,,,,,,,Yes,Hertzian,Feather,,,,,,,,,,,,,TRIANGULAR,NotPrepared,No,3.54,1.38,Main,,,,,,,,,,,15.37,15.37,9.52,8.7,2.81,0.33,,N,
3078,LIK,III,L4a-007,,,Opaline/CCS,0%,,Flake,Complete,,,,,,,,,,,,,,,,,,,,,,Yes,Hertzian,Feather,,,,,,,,,,,,,OVAL,NotPrepared,No,6.82,3,Main,,,,,,,,,,,12.52,12.52,14.24,14.24,2.56,0.36,,N,
3079,LIK,III,L4a-007,,,Opaline/CCS,0%,,Flake,Complete,,,,,,,0,,0,0,0,0,0,0,0,0,0,0,0,0,0,Yes,Hertzian,Feather,,0,0,0,0,0,0,0,0,0,0,0,RECTANGULAR,Indeterminate,No,6.03,6.35,Main,,,,,0,0,0,0,0,0,33.77,33.77,14.66,14.66,4.74,3.08,Ut,N,
3080,LIK,III,L4a-007,,,Opaline/CCS,0%,,Flake,Complete,,,,,,,,,,,,,,,,,,,,,,Yes,Hertzian,Feather,,,,,,,,,,,,,TRIANGULAR,NotPrepared,No,6.6,2.31,Main,,,,,,,,,,,18.43,18.43,10.69,10.22,1.75,0.49,,N,
3081,LIK,III,L4a-007,,,Opaline/CCS,0%,,Flake,Complete,,,,,,,,,,,,,,,,,,,,,,Yes,Hertzian,Feather,,,,,,,,,,,,,RECTANGULAR,NotPrepared,No,32.73,12.27,Main,,,,,,,,,,,13.76,13.76,29.16,39.16,10.54,11.8,Ut,N,
3082,LIK,III,L4a-007,,,Opaline/CCS,0%,,Flake,Complete,,,,,,,,,,,,,,,,,,,,,,Yes,Hertzian,Feather,,,,,,,,,,,,,RECTANGULAR,NotPrepared,No,4.96,1.85,Main,,,,,,,,,,,20.52,20.52,14.1,14.1,2.32,1,Ut,N,
3083,LIK,III,L4a-007,,,Opaline/CCS,0%,,Flake,Complete,,,,,,,,,,,,,,,,,,,,,,Yes,Hertzian,Feather,,,,,,,,,,,,,KITE,NotPrepared,No,10.94,5.3,Main,,,,,,,,,,,29.6,29.6,22.7,20.52,4.17,3.05,Ut,N,
3084,LIK,III,L4a-007,,,Siltstone,0%,,Flake,Complete,,,,,,,,,,,,,,,,,,,,,,Yes,Hertzian,Feather,,,,,,,,,,,,,RECTANGULAR,NotPrepared,No,3.9,0.56,Main,,,,,,,,,,,15.38,15.38,8.48,8.48,2.4,0.25,,N,
3085,LIK,III,L4a-007,,,Siltstone,0%,,Flake,Complete,,,,,,,,,,,,,,,,,,,,,,Yes,Hertzian,Feather,,,,,,,,,,,,,TRIANGULAR,NotPrepared,No,5.94,3.04,Main,,,,,,,,,,,13.04,13.04,10.54,10.54,1.58,0.35,,N,
3086,LIK,III,L4a-007,,,Siltstone,0%,,Flake,Complete,,,,,,,,,,,,,,,,,,,,,,Yes,Hertzian,Feather,,,,,,,,,,,,,RECTANGULAR,NotPrepared,No,9.79,2.71,Main,,,,,,,,,,,14.51,14.51,19.14,16.18,2.53,0.99,Ut,N,
309,LIK,XIV,P4-056,,,Opaline/CCS,0%,,Flake,Complete,,,,,,,,,,,,,,,,,,,,,,Yes,Hertzian,Feather,,,,,,,,,,,,,TRIANGULAR,NotPrepared,No,4.84,1.95,Main,,,,,,,,,,,15.01,15.01,11.97,8.28,1.89,0.31,,N,
3087,LIK,III,L4a-007,,,Siltstone,0%,,Flake,Complete,,,,,,,,,,,,,,,,,,,,,,Yes,Hertzian,Feather,,,,,,,,,,,,,RECTANGULAR,NotPrepared,No,16.6,10.53,Main,,,,,,,,,,,39.74,39.74,20.32,20.32,9.18,9.15,Ut,N,
3088,LIK,III,L4a-007,,,Siltstone,0%,,Flake,Complete,,,,,,,,,,,,,,,,,,,,,,Yes,Hertzian,Feather,,,,,,,,,,,,,RHOMBUS,NotPrepared,No,33.24,12.95,Main,,,,,,,,,,,26.97,26.97,41.03,35.18,10.25,13.93,,N,
3089,LIK,III,L4a-007,,,Hornfels,0%,,Flake,Complete,,,,,,,,,,,,,,,,,,,,,,Yes,Hertzian,Feather,,,,,,,,,,,,,RHOMBUS,NotPrepared,No,10.75,3.56,Main,,,,,,,,,,,30.3,27.24,21.07,21.07,9.08,6.74,,N,
3090,LIK,III,L4a-007,,,Quartz,0%,,Flake,Complete,,,,,,,,,,,,,,,,,,,,,,Yes,Hertzian,Feather,,,,,,,,,,,,,RECTANGULAR,NotPrepared,No,4.83,1.47,Main,,,,,,,,,,,10.95,10.95,6.98,6.98,1.55,0.17,,N,
3091,LIK,III,L4a-007,,,Quartz,0%,,Flake,Complete,,,,,,,,,,,,,,,,,,,,,,Yes,Wedging,Feather,,,,,,,,,,,,,RECTANGULAR,Indeterminate,No,3.31,0.95,Main,,,,,,,,,,,12.97,12.97,11.44,11.44,3.05,0.44,Ut,N,
3092,LIK,III,L4a-007,,,Quartz,0%,,Flake,Complete,,,,,,,,,,,,,,,,,,,,,,Yes,Hertzian,Feather,,,,,,,,,,,,,RECTANGULAR,NotPrepared,No,3.68,2.35,Main,,,,,,,,,,,12.87,12.87,6.79,6.79,2.91,0.38,,N,
3093,LIK,III,L4a-007,,,Quartz,10-40%,Outcrop,Flake,Proximal,,,,,,,,,,,,,,,,,,,,,,Yes,Hertzian,,,,,,,,,,,,,,RECTANGULAR,NotPrepared,No,2.57,1.09,,,,,,,,,,,,9.71,,8.08,,4.06,42,,N,
3094,LIK,III,K4d-007,,,Opaline/CCS,0%,,Flake,Mesial,,,,,,,,,,,,,,,,,,,,,,,,,,,,,,,,,,,,,RECTANGULAR,,,,,,,,,,,,,,,,9.4,,13.93,,3.35,0.6,Ut,N,
3095,LIK,III,K4d-007,,,Opaline/CCS,0%,,Flake,Complete,,,,,,,,,,,,,,,,,,,,,,Yes,Bending,Feather,,,,,,,,,,,,,TRIANGULAR,NotPrepared,No,8.6,4.68,Main,,,,,,,,,,,12.81,12.81,11.15,9.82,3.03,0.59,,N,
3096,LIK,III,K4d-007,,,Opaline/CCS,0%,,Flake,Proximal,,,,,,,,,,,,,,,,,,,,,,Yes,Hertzian,,,,,,,,,,,,,,TRAPEZOIDAL,NotPrepared,No,5.69,1.5,,,,,,,,,,,,6.42,,12.31,,4.21,0.23,,N,
310,LIK,XIV,P4-056,,,Opaline/CCS,0%,,Flake,Complete,,,,,,,,,,,,,,,,,,,,,,Yes,Hertzian,Hinge,,,,,,,,,,,,,RECTANGULAR,Indeterminate,No,4.48,1.07,Main,,,,,,,,,,,9.37,9.37,11.51,11.51,1.59,0.21,,N,
3097,LIK,III,K4d-007,,,Opaline/CCS,0%,,Flake,Complete,,,,,,,,,,,,,,,,,,,,,,Yes,Wedging,Feather,,,,,,,,,,,,,RECTANGULAR,Indeterminate,No,3.34,1.23,Main,,,,,,,,,,,22.38,22.38,7,7,2.67,0.54,,N,
3098,LIK,III,K4d-007,,,Opaline/CCS,0%,,Flake,Complete,,,,,,,,,,,,,,,,,,,,,,Yes,Hertzian,Feather,,,,,,,,,,,,,RECTANGULAR,NotPrepared,No,2.41,1.62,Main,,,,,,,,,,,10.7,10.7,11.43,11.43,2.91,0.42,,N,
3099,LIK,III,K4d-007,,,Opaline/CCS,0%,,Flake,Complete,,,,,,,,,,,,,,,,,,,,,,Yes,Hertzian,Feather,,,,,,,,,,,,,RECTANGULAR,NotPrepared,No,5.85,2.6,Main,,,,,,,,,,,19.93,19.93,8.47,8.47,2.17,0.55,,N,
3100,LIK,III,K4d-007,,,Opaline/CCS,0%,,Flake,Complete,,,,,,,0,,0,0,0,0,0,0,0,0,0,0,0,0,0,Yes,Bending,Feather,,0,0,0,0,0,0,0,0,0,0,0,RECTANGULAR,NotPrepared,No,8.72,3.27,Main,,,,,0,0,0,0,0,0,23.47,23.47,18.7,15.22,4.53,2.38,Ut,N,
3101,LIK,III,L4c-007,,,Opaline/CCS,0%,,Flake,Complete,,,,,,,,,,,,,,,,,,,,,,Yes,Hertzian,Feather,,,,,,,,,,,,,TRAPEZOIDAL,NotPrepared,No,3,1.12,Main,,,,,,,,,,,10.17,10.17,10.25,6.79,2.06,0.22,,N,
3102,LIK,III,L4c-007,,,Opaline/CCS,0%,,Flake,Complete,,,,,,,,,,,,,,,,,,,,,,Yes,Hertzian,Feather,,,,,,,,,,,,,RECTANGULAR,NotPrepared,No,2.84,1.9,Main,,,,,,,,,,,17.9,17.9,6.39,6.39,1.6,0.17,,N,
3103,LIK,III,L4c-007,,,Opaline/CCS,0%,,Flake,Mesial,,,,,,,,,,,,,,,,,,,,,,,,,,,,,,,,,,,,,RECTANGULAR,,,,,,,,,,,,,,,,11.19,,11,,1.4,0.32,,N,
3104,LIK,III,L4c-007,,,Opaline/CCS,0%,,Flake,Proximal,,,,,,,,,,,,,,,,,,,,,,Yes,Hertzian,,,,,,,,,,,,,,RECTANGULAR,NotPrepared,No,5.23,2.11,,,,,,,,,,,,19.89,,8.7,,3.33,1.11,Ut,N,
3105,LIK,III,L4c-007,,,Opaline/CCS,0%,,Flake,Complete,,,,,,,,,,,,,,,,,,,,,,Yes,Hertzian,Feather,,,,,,,,,,,,,TRAPEZOIDAL,NotPrepared,No,4.56,1.63,Main,,,,,,,,,,,8.2,8.2,14.82,14.82,2.24,0.25,Ut,N,
3106,LIK,III,L4c-007,,,Opaline/CCS,0%,,Flake,Complete,,,,,,,,,,,,,,,,,,,,,,Yes,Hertzian,Feather,,,,,,,,,,,,,TRIANGULAR,NotPrepared,No,4.94,1.86,Main,,,,,,,,,,,15.23,15.23,6.88,4.53,2.47,0.15,,N,
31,LIK,XV,O5c-057,,,Opaline/CCS,0%,,Flake,Complete,,,,,,,,,,,,,,,,,,,,,,Yes,Hertzian,Feather,,,,,,,,,,,,,RECTANGULAR,NotPrepared,No,7.33,4.04,Main,,,,,,,,,,,15.43,15.43,7.46,7.46,3.03,0.53,,N,
311,LIK,XIV,P4-056,,,Opaline/CCS,0%,,Flake,Complete,,,,,,,,,,,,,,,,,,,,,,Yes,Hertzian,Feather,,,,,,,,,,,,,TRIANGULAR,NotPrepared,No,6.09,1.47,Main,,,,,,,,,,,12.93,6.67,12.11,10.98,1.29,0.19,,N,
3107,LIK,III,L4c-007,,,Opaline/CCS,0%,,Flake,Complete,,,,,,,,,,,,,,,,,,,,,,Yes,Hertzian,Feather,,,,,,,,,,,,,TRAPEZOIDAL,NotPrepared,No,4.04,1.08,Main,,,,,,,,,,,13.38,11.34,11.58,8.59,1.58,0.31,,N,
3108,LIK,III,L4c-007,,,Opaline/CCS,0%,,Flake,Distal,,,,,,,,,,,,,,,,,,,,,,,,Feather,,,,,,,,,,,,,RECTANGULAR,,,,,,,,,,,,,,,,13.09,,13.55,,2.29,0.52,Ut,N,
3109,LIK,III,L4c-007,,,Opaline/CCS,0%,,Flake,Distal,,,,,,,,,,,,,,,,,,,,,,,,Feather,,,,,,,,,,,,,RECTANGULAR,,,,,,,,,,,,,,,,7.35,,13.78,,2.11,0.25,,N,
3110,LIK,III,L4c-007,,,Opaline/CCS,0%,,Flake,Complete,,,,,,,,,,,,,,,,,,,,,,Yes,Hertzian,Feather,,,,,,,,,,,,,RECTANGULAR,NotPrepared,No,5.41,1.28,Main,,,,,,,,,,,13.07,13.07,9.46,9.46,2.95,0.42,,N,
3111,LIK,III,L4c-007,,,Opaline/CCS,0%,,Flake,Proximal,,,,,,,,,,,,,,,,,,,,,,Yes,Hertzian,,,,,,,,,,,,,,TRAPEZOIDAL,NotPrepared,No,4.85,2.75,,,,,,,,,,,,8.32,,13.17,,2.38,0.29,,N,
3112,LIK,III,L4c-007,,,Opaline/CCS,0%,,Flake,Complete,,,,,,,,,,,,,,,,,,,,,,Yes,Hertzian,Feather,,,,,,,,,,,,,RECTANGULAR,NotPrepared,No,5.51,2.35,Main,,,,,,,,,,,11.09,11.09,11.29,9.68,2.4,0.29,,N,
3113,LIK,III,L4c-007,,,Opaline/CCS,0%,,Flake,Complete,,,,,,,,,,,,,,,,,,,,,,Yes,Hertzian,Feather,,,,,,,,,,,,,RECTANGULAR,NotPrepared,No,4.84,1.43,Main,,,,,,,,,,,13.61,13.61,9.77,9.77,1.07,0.18,,N,
3114,LIK,III,L4c-007,,,Opaline/CCS,0%,,Flake,Mesial,,,,,,,,,,,,,,,,,,,,,,,,,,,,,,,,,,,,,TRIANGULAR,,,,,,,,,,,,,,,,10.3,,14.97,,2.98,0.46,,N,
3115,LIK,III,L4c-007,,,Opaline/CCS,0%,,Flake,Complete,,,,,,,,,,,,,,,,,,,,,,Yes,Bending,Feather,,,,,,,,,,,,,RECTANGULAR,NotPrepared,No,3.76,4.52,Main,,,,,,,,,,,11.07,11.07,9.07,9.07,3.86,0.4,,N,
3116,LIK,III,L4c-007,,,Opaline/CCS,0%,,Flake,Proximal,,,,,,,,,,,,,,,,,,,,,,Yes,Hertzian,,,,,,,,,,,,,,TRIANGULAR,NotPrepared,No,3.03,1.67,,,,,,,,,,,,10.56,,9.57,,2.1,0.21,,N,
312,LIK,XIV,P4-056,,,Opaline/CCS,0%,,Flake,Proximal,,,,,,,,,,,,,,,,,,,,,,Yes,Hertzian,,,,,,,,,,,,,,RECTANGULAR,NotPrepared,No,6.28,2.28,,,,,,,,,,,,22.05,,13,,3.24,1.06,,N,
3117,LIK,III,L4c-007,,,Opaline/CCS,0%,,Flake,Complete,,,,,,,,,,,,,,,,,,,,,,Yes,Hertzian,Feather,,,,,,,,,,,,,RECTANGULAR,NotPrepared,No,11.44,3.04,Main,,,,,,,,,,,5.39,5.39,14.19,14.19,1.95,0.17,,N,
3118,LIK,III,L4c-007,,,Opaline/CCS,0%,,Flake,Complete,,,,,,,,,,,,,,,,,,,,,,Yes,Hertzian,Feather,,,,,,,,,,,,,RECTANGULAR,NotPrepared,No,3.35,1.7,Main,,,,,,,,,,,11.87,11.87,6.02,6.02,1.2,0.14,,N,
3119,LIK,III,L4c-007,,,Opaline/CCS,0%,,Flake,Proximal,,,,,,,,,,,,,,,,,,,,,,Yes,Hertzian,,,,,,,,,,,,,,TRAPEZOIDAL,NotPrepared,No,4.63,2.62,,,,,,,,,,,,8.09,,15.79,,3.83,0.5,Ut,N,
3120,LIK,III,L4c-007,,,Opaline/CCS,0%,,Flake,Fragment,,,,,,,,,,,,,,,,,,,,,,,,,,,,,,,,,,,,,TRAPEZOIDAL,,,,,,,,,,,,,,,,23.77,,7.76,,8.15,1.33,,N,
3121,LIK,III,L4c-007,,,Opaline/CCS,0%,,Flake,Complete,,,,,,,,,,,,,,,,,,,,,,Yes,Hertzian,Feather,,,,,,,,,,,,,RECTANGULAR,NotPrepared,No,8.01,2.05,Main,,,,,,,,,,,18.83,18.83,10.16,10.16,3.69,1.08,,N,
3122,LIK,III,L4c-007,,,Opaline/CCS,0%,,Flake,Distal,,,,,,,,,,,,,,,,,,,,,,,,Feather,,,,,,,,,,,,,RHOMBUS,,,,,,,,,,,,,,,,15.84,,16.32,,2.18,0.76,,N,
3123,LIK,III,L4c-007,,,Opaline/CCS,0%,,Flake,Complete,,,,,,,,,,,,,,,,,,,,,,Yes,Hertzian,Feather,,,,,,,,,,,,,RECTANGULAR,NotPrepared,No,8.22,2.42,Main,,,,,,,,,,,16.23,16.23,21.78,17.42,3.72,1.37,,N,
3124,LIK,III,L4c-007,,,Opaline/CCS,0%,,Flake,Complete,,,,,,,,,,,,,,,,,,,,,,Yes,Hertzian,Feather,,,,,,,,,,,,,RECTANGULAR,NotPrepared,No,15.43,3.37,Main,,,,,,,,,,,18.02,18.02,22.47,22.47,5.27,2.7,,N,
3125,LIK,III,L4c-007,,,Opaline/CCS,0%,,Flake,Complete,,,,,,,,,,,,,,,,,,,,,,Yes,Bending,Feather,,,,,,,,,,,,,RECTANGULAR,NotPrepared,No,7.18,3.43,Main,,,,,,,,,,,23.55,23.55,10.88,10.88,3.02,0.97,,N,
3126,LIK,III,L4c-007,,,Opaline/CCS,0%,,Flake,Fragment,,,,,,,,,,,,,,,,,,,,,,,,,,,,,,,,,,,,,TRIANGULAR,,,,,,,,,,,,,,,,22.99,,32.67,,8.9,5.55,,N,
313,LIK,XIV,P4-056,,,Opaline/CCS,0%,,Flake,Complete,,,,,,,,,,,,,,,,,,,,,,Yes,Hertzian,Feather,,,,,,,,,,,,,RECTANGULAR,NotPrepared,No,3.29,1.56,Main,,,,,,,,,,,13.21,13.21,5.5,5.5,0.97,0.09,,N,
3127,LIK,III,L4c-007,,,Opaline/CCS,0%,,Flake,Complete,,,,,,,,,,,,,,,,,,,,,,Yes,Hertzian,Feather,,,,,,,,,,,,,TRIANGULAR,NotPrepared,No,3.4,1.79,Main,,,,,,,,,,,21.18,21.18,18.83,14.18,5.72,1.69,,N,
3128,LIK,III,L4c-007,,,Opaline/CCS,0%,,Flake,Complete,,,,,,,,,,,,,,,,,,,,,,Yes,Hertzian,Feather,,,,,,,,,,,,,KITE,NotPrepared,No,4.92,2.39,Main,,,,,,,,,,,20.45,20.45,22.51,19.86,3.77,1.77,,N,
3129,LIK,III,L4c-007,,,Opaline/CCS,0%,,Flake,Complete,,,,,,,,,,,,,,,,,,,,,,Yes,Hertzian,Feather,,,,,,,,,,,,,TRIANGULAR,NotPrepared,No,6.24,2.26,Main,,,,,,,,,,,25.22,25.22,17.64,14.05,6.72,3.4,Ut,N,
3130,LIK,III,L4c-007,,,Opaline/CCS,0%,,Flake,Complete,,,,,,,,,,,,,,,,,,,,,,Yes,Hertzian,Feather,,,,,,,,,,,,,TRAPEZOIDAL,NotPrepared,No,7.99,3.3,Main,,,,,,,,,,,16.53,16.53,19.92,15.43,5.43,1.56,,N,
3131,LIK,III,L4c-007,,,Opaline/CCS,0%,,Flake,Complete,,,,,,,,,,,,,,,,,,,,,,Yes,Hertzian,Feather,,,,,,,,,,,,,RECTANGULAR,ResidualFacetWithBulb,No,4.31,1.68,Main,,,,,,,,,,,10.29,10.29,13.37,10.88,4.07,0.77,,N,
3132,LIK,III,L4c-007,,,Hornfels,0%,,Flake,Complete,,,,,,,,,,,,,,,,,,,,,,Yes,Hertzian,Feather,,,,,,,,,,,,,RECTANGULAR,NotPrepared,No,3.67,1.56,Main,,,,,,,,,,,12.26,12.26,3.78,3.78,1.94,0.12,,N,
3133,LIK,III,L4c-007,,,Hornfels,0%,,Flake,Proximal,,,,,,,,,,,,,,,,,,,,,,Yes,Hertzian,,,,,,,,,,,,,,RECTANGULAR,NotPrepared,No,7.22,3.1,,,,,,,,,,,,6.69,,12.47,,4.92,0.5,,N,
3134,LIK,III,L4c-007,,,Hornfels,0%,,Flake,Distal,,,,,,,,,,,,,,,,,,,,,,,,Feather,,,,,,,,,,,,,RECTANGULAR,,,,,,,,,,,,,,,,19.03,,21.99,,3.93,1.82,,N,
3135,LIK,III,L4c-007,,,Hornfels,0%,,Flake,Complete,,,,,,,,,,,,,,,,,,,,,,Yes,Hertzian,Feather,,,,,,,,,,,,,TRIANGULAR,NotPrepared,No,4.22,1.32,Main,,,,,,,,,,,25.55,25.55,21.5,14.56,4.34,2.68,,N,
3136,LIK,III,L4c-007,,,Hornfels,0%,,Flake,Complete,,,,,,,,,,,,,,,,,,,,,,Yes,Hertzian,Feather,,,,,,,,,,,,,RECTANGULAR,NotPrepared,No,24.73,14.19,Main,,,,,,,,,,,46.52,46.52,36.04,27.9,20.04,39.11,,N,
314,LIK,XIV,P4-056,,,Opaline/CCS,0%,,Flake,Mesial,,,,,,,,,,,,,,,,,,,,,,,,,,,,,,,,,,,,,TRAPEZOIDAL,,,,,,,,,,,,,,,,5.68,,12.97,,2.5,0.26,,N,
3137,LIK,III,L4c-007,,,Siltstone,0%,,Flake,Complete,,,,,,,,,,,,,,,,,,,,,,Yes,Hertzian,Feather,,,,,,,,,,,,,RECTANGULAR,NotPrepared,No,5.95,2.31,Main,,,,,,,,,,,10.47,10.47,14.61,14.61,2.15,0.35,,N,
3138,LIK,III,L4c-007,,,Siltstone,0%,,Flake,Complete,,,,,,,,,,,,,,,,,,,,,,Yes,Hertzian,Feather,,,,,,,,,,,,,KITE,NotPrepared,No,4.25,1.49,Main,,,,,,,,,,,19.87,19.87,16.37,12.24,2.28,0.68,,N,
3139,LIK,III,L4c-007,,,Siltstone,0%,,Flake,Complete,,,,,,,,,,,,,,,,,,,,,,Yes,Hertzian,Feather,,,,,,,,,,,,,RECTANGULAR,NotPrepared,No,5.69,0.9,Main,,,,,,,,,,,15.89,15.89,18.07,18.07,2.48,0.77,,N,
3140,LIK,III,L4c-007,,,Siltstone,0%,,Flake,Complete,,,,,,,,,,,,,,,,,,,,,,Yes,Hertzian,Feather,,,,,,,,,,,,,RECTANGULAR,NotPrepared,No,30.33,10.62,Main,,,,,,,,,,,38.29,38.29,35.91,35.91,11.14,20.42,,N,
3141,LIK,III,L4c-007,,,Siltstone,0%,,Flake,Complete,,,,,,,0,,0,0,0,0,0,0,0,0,0,0,0,0,0,Yes,Hertzian,Feather,,0,0,0,0,0,0,0,0,0,0,0,TRAPEZOIDAL,NotPrepared,No,6.74,1.86,Main,,,,,0,0,0,0,0,0,27.88,16.47,22.3,16.93,2.66,1.66,Ut,N,
3142,LIK,III,L4c-007,,,Siltstone,0%,,Flake,Complete,,,,,,,,,,,,,,,,,,,,,,Yes,Hertzian,Feather,,,,,,,,,,,,,RECTANGULAR,NotPrepared,No,30.35,15.21,Main,,,,,,,,,,,48.27,48.27,32.01,32.01,11.26,26.44,Ut,N,
3143,LIK,III,L4c-007,,,Hornfels,0%,,Flake,Complete,,,,,,,,,,,,,,,,,,,,,,Yes,Hertzian,Feather,,,,,,,,,,,,,TRAPEZOIDAL,NotPrepared,No,10.21,3.18,Main,,,,,,,,,,,13.44,13.44,25.88,19.12,4.14,1.19,Ut,N,
3144,LIK,III,L4c-007,,,Hornfels,0%,,Flake,Complete,,,,,,,,,,,,,,,,,,,,,,Yes,Hertzian,Feather,,,,,,,,,,,,,RECTANGULAR,NotPrepared,No,4.86,1.46,Main,,,,,,,,,,,27.86,27.86,14.21,14.21,3.35,1.57,Ut,N,
3145,LIK,III,L4c-007,,,Hornfels,0%,,Flake,Complete,,,,,,,,,,,,,,,,,,,,,,Yes,Hertzian,Feather,,,,,,,,,,,,,RECTANGULAR,NotPrepared,No,17.26,8.88,Main,,,,,,,,,,,38.73,30.52,32.89,27.09,6.76,11.29,Ut,N,
3146,LIK,III,L4c-007,,,Opaline/CCS,0%,,Flake,Complete,,,,,,,,,,,,,,,,,,,,,,Yes,Hertzian,Feather,,,,,,,,,,,,,RECTANGULAR,NotPrepared,No,10.16,6.1,Main,,,,,,,,,,,13.67,13.67,11.77,11.77,4.71,0.88,Ut,N,
315,LIK,XIV,P4-056,,,Opaline/CCS,0%,,Flake,Complete,,,,,,,,,,,,,,,,,,,,,,Yes,Bending,Feather,,,,,,,,,,,,,OVAL,NotPrepared,No,9.77,1.48,Main,,,,,,,,,,,6.88,6.88,11.95,11.26,1.57,0.18,,N,
3147,LIK,III,L4c-007,,,Opaline/CCS,0%,,Flake,Proximal,,,,,,,,,,,,,,,,,,,,,,Yes,Hertzian,,,,,,,,,,,,,,RECTANGULAR,NotPrepared,No,7.09,2.55,,,,,,,,,,,,14.68,,14.05,,4.07,1.14,Ut,N,
3148,LIK,III,L4c-007,,,Opaline/CCS,0%,,Flake,Distal,,,,,,,,,,,,,,,,,,,,,,,,Feather,,,,,,,,,,,,,TRIANGULAR,,,,,,,,,,,,,,,,19.89,,10.48,,1.52,0.48,Ut,N,
3149,LIK,III,L4c-007,,,Opaline/CCS,0%,,Flake,Complete,,,,,,,,,,,,,,,,,,,,,,Yes,Hertzian,Feather,,,,,,,,,,,,,TRAPEZOIDAL,NotPrepared,No,5.45,3.04,Main,,,,,,,,,,,19.87,19.87,13.35,11.95,4.95,1.23,Ut,N,
3150,LIK,III,L4c-007,,,Opaline/CCS,0%,,Flake,Complete,,,,,,,,,,,,,,,,,,,,,,Yes,Hertzian,Feather,,,,,,,,,,,,,RECTANGULAR,NotPrepared,No,4.69,1.18,Main,,,,,,,,,,,29.53,27.24,17,14.97,4.23,1.89,Ut,N,
3151,LIK,III,L4c-007,,,Quartz,0%,,Flake,Complete,,,,,,,,,,,,,,,,,,,,,,Yes,Wedging,Feather,,,,,,,,,,,,,RECTANGULAR,NotPrepared,No,3.09,1.11,Main,,,,,,,,,,,13.19,13.19,5.8,5.8,2.1,0.18,,N,
3152,LIK,III,L4c-007,,,Quartz,0%,,Flake,Complete,,,,,,,,,,,,,,,,,,,,,,Yes,Hertzian,Feather,,,,,,,,,,,,,RECTANGULAR,NotPrepared,No,3.88,1.96,Main,,,,,,,,,,,10.18,10.18,6.69,6.69,2.03,0.17,,N,
3153,LIK,III,L4c-007,,,Quartz,0%,,Flake,Distal,,,,,,,,,,,,,,,,,,,,,,,,Feather,,,,,,,,,,,,,TRIANGULAR,,,,,,,,,,,,,,,,19.26,,12.93,,6.37,1.48,,N,
3154,LIK,III,L4c-007,,,Quartz,0%,,Flake,Complete,,,,,,,,,,,,,,,,,,,,,,Yes,Wedging,Bipolar,,,,,,,,,,,,,RECTANGULAR,NotPrepared,No,2.66,0.94,Main,,,,,,,,,,,12.69,12.69,7.55,7.55,2.7,0.36,,N,
3155,LIK,III,L4c-007,,,Quartz,0%,,Flake,Complete,,,,,,,,,,,,,,,,,,,,,,Yes,Hertzian,Feather,,,,,,,,,,,,,RECTANGULAR,NotPrepared,No,3.53,1.64,Main,,,,,,,,,,,21.84,21.84,11.25,11.25,6.04,1.44,,N,
3156,LIK,III,L4c-007,,,Quartz,0%,,Flake,Complete,,,,,,,,,,,,,,,,,,,,,,Yes,Bending,Feather,,,,,,,,,,,,,RECTANGULAR,NotPrepared,No,4.69,1.67,Main,,,,,,,,,,,10.05,10.05,7.64,6.69,1.05,0.09,,N,
316,LIK,XIV,P4-056,,,Opaline/CCS,0%,,Flake,Complete,,,,,,,,,,,,,,,,,,,,,,Yes,Hertzian,Feather,,,,,,,,,,,,,TRAPEZOIDAL,NotPrepared,No,4.6,1.44,Main,,,,,,,,,,,8.47,8.47,12.33,10.11,2.51,0.27,,N,
3157,LIK,III,L4d-007,,,Opaline/CCS,0%,,Flake,Complete,,,,,,,,,,,,,,,,,,,,,,Yes,Hertzian,Feather,,,,,,,,,,,,,TRIANGULAR,NotPrepared,No,4.05,1.49,Main,,,,,,,,,,,9.84,9.84,13.51,10.43,2.4,0.27,,N,
3158,LIK,III,L4d-007,,,Opaline/CCS,0%,,Flake,Complete,,,,,,,,,,,,,,,,,,,,,,Yes,Hertzian,Step,,,,,,,,,,,,,RECTANGULAR,Indeterminate,No,2.7,1.16,Main,,,,,,,,,,,14.11,14.11,4.39,4.39,3.52,0.25,,N,
3159,LIK,III,L4d-007,,,Opaline/CCS,0%,,Flake,Complete,,,,,,,,,,,,,,,,,,,,,,Yes,Bending,Feather,,,,,,,,,,,,,TRIANGULAR,NotPrepared,No,9.52,3.43,Main,,,,,,,,,,,11.84,11.84,10.99,9.38,2.62,0.31,,N,
3160,LIK,III,L4d-007,,,Opaline/CCS,0%,,Flake,Proximal,,,,,,,,,,,,,,,,,,,,,,Yes,Hertzian,,,,,,,,,,,,,,RECTANGULAR,NotPrepared,No,7.2,3.19,,,,,,,,,,,,19.96,,13.17,,2.55,1.36,,N,
3161,LIK,III,L4d-007,,,Opaline/CCS,0%,,Flake,Mesial,,,,,,,,,,,,,,,,,,,,,,,,,,,,,,,,,,,,,RECTANGULAR,,,,,,,,,,,,,,,,8.84,,14.19,,3.22,0.6,Ut,N,
3162,LIK,III,L4d-007,,,Opaline/CCS,0%,,Flake,Complete,,,,,,,,,,,,,,,,,,,,,,Yes,Hertzian,Feather,,,,,,,,,,,,,TRIANGULAR,NotPrepared,No,2.37,1.43,Main,,,,,,,,,,,16.03,16.03,10.27,8.15,1.91,0.5,Ut; Potential scraper,N,
3163,LIK,III,L4d-007,,,Opaline/CCS,0%,,Flake,Proximal,,,,,,,,,,,,,,,,,,,,,,Yes,Hertzian,,,,,,,,,,,,,,RECTANGULAR,NotPrepared,No,6.7,2.59,,,,,,,,,,,,20.57,,12.12,,3.56,1.34,Ut,N,
3164,LIK,III,L4d-007,,,Opaline/CCS,0%,,Flake,Proximal,,,,,,,,,,,,,,,,,,,,,,Yes,Hertzian,,,,,,,,,,,,,,RECTANGULAR,NotPrepared,No,5.12,1.85,,,,,,,,,,,,9.66,,16.59,,2.2,0.42,,N,
3165,LIK,III,L4d-007,,,Opaline/CCS,0%,,Flake,Complete,,,,,,,,,,,,,,,,,,,,,,Yes,Hertzian,Feather,,,,,,,,,,,,,RECTANGULAR,NotPrepared,No,5.14,3.57,Main,,,,,,,,,,,17.8,17.8,5.73,5.73,3.29,0.4,,N,
3166,LIK,III,L4d-007,,,Opaline/CCS,0%,,Flake,Proximal,,,,,,,,,,,,,,,,,,,,,,Yes,Hertzian,,,,,,,,,,,,,,RECTANGULAR,NotPrepared,No,3.83,1.18,,,,,,,,,,,,14.69,,10.81,,1.19,0.34,,N,
317,LIK,XIV,P4-056,,,Opaline/CCS,0%,,Flake,Complete,,,,,,,,,,,,,,,,,,,,,,Yes,Bending,Bipolar,,,,,,,,,,,,,RECTANGULAR,NotPrepared,No,3.47,1.57,Main,,,,,,,,,,,12.23,12.23,7.84,7.84,2.51,0.26,,N,
3167,LIK,III,L4d-007,,,Opaline/CCS,0%,,Flake,Fragment,,,,,,,,,,,,,,,,,,,,,,,,,,,,,,,,,,,,,RECTANGULAR,,,,,,,,,,,,,,,,9.3,,16.92,,7.54,0.94,,N,
3168,LIK,III,L4d-007,,,Opaline/CCS,0%,,Flake,Complete,,,,,,,,,,,,,,,,,,,,,,Yes,Hertzian,Feather,,,,,,,,,,,,,TRAPEZOIDAL,NotPrepared,No,8.22,3.72,Main,,,,,,,,,,,18.44,18.44,21.32,21.32,5.03,1.74,,N,
3169,LIK,III,L4d-007,,,Opaline/CCS,0%,,Flake,Complete,,,,,,,,,,,,,,,,,,,,,,Yes,Hertzian,Feather,,,,,,,,,,,,,RHOMBUS,NotPrepared,No,14.02,3.63,Main,,,,,,,,,,,12.67,12.67,19.56,16.26,4.91,1.32,Ut,N,
3170,LIK,III,L4d-007,,,Opaline/CCS,0%,,Flake,Complete,,,,,,,,,,,,,,,,,,,,,,Yes,Hertzian,Feather,,,,,,,,,,,,,RECTANGULAR,NotPrepared,No,4.8,2.37,Main,,,,,,,,,,,32.82,32.82,7.31,7.31,6.71,2.03,,N,
3171,LIK,III,L4d-007,,,Opaline/CCS,0%,,Flake,Complete,,,,,,,,,,,,,,,,,,,,,,Yes,Bending,Overshot,,,,,,,,,,,,,RECTANGULAR,NotPrepared,No,10.64,7.2,Main,,,,,,,,,,,24.61,24.61,20.46,20.46,8.24,7.88,,N,
3172,LIK,III,L4d-007,,,Opaline/CCS,0%,,Flake,Complete,,,,,,,,,,,,,,,,,,,,,,Yes,Hertzian,Feather,,,,,,,,,,,,,RECTANGULAR,NotPrepared,No,6.08,2.05,Main,,,,,,,,,,,33.55,33.55,16.64,16.64,6.09,4.11,Ut,N,
3173,LIK,III,L4d-007,,,Opaline/CCS,0%,,Flake,Complete,,,,,,,,,,,,,,,,,,,,,,Yes,Hertzian,Feather,,,,,,,,,,,,,RHOMBUS,NotPrepared,No,13.03,8.16,Main,,,,,,,,,,,36.74,36.74,49.89,38.97,4.97,14.12,,Y,
3174,LIK,III,L4d-007,,,Opaline/CCS,0%,,Flake,Complete,,,,,,,,,,,,,,,,,,,,,,Yes,Hertzian,Feather,,,,,,,,,,,,,TRIANGULAR,NotPrepared,No,5.05,1.06,Main,,,,,,,,,,,14.83,14.83,8.67,6.51,2.13,0.29,Ut,N,
3175,LIK,III,L4d-007,,,Opaline/CCS,0%,,Flake,Complete,,,,,,,,,,,,,,,,,,,,,,Yes,Hertzian,Feather,,,,,,,,,,,,,TRIANGULAR,NotPrepared,No,13.85,3.54,Main,,,,,,,,,,,14.19,12.2,12.03,12.03,3.08,0.7,Ut,N,
3176,LIK,III,L4d-007,,,Opaline/CCS,0%,,Flake,Complete,,,,,,,,,,,,,,,,,,,,,,Yes,Hertzian,Overshot,,,,,,,,,,,,,OVAL,NotPrepared,No,3.67,1.87,Main,,,,,,,,,,,17.15,17.15,13.7,13.7,3.01,0.81,,N,
318,LIK,XIV,P4-056,,,Opaline/CCS,0%,,Flake,Complete,,,,,,,,,,,,,,,,,,,,,,Yes,Hertzian,Feather,,,,,,,,,,,,,TRIANGULAR,NotPrepared,No,4.93,1.27,Main,,,,,,,,,,,9.51,7.58,10.48,10.48,1.76,0.26,Ret,N,
3177,LIK,III,L4d-007,,,Opaline/CCS,0%,,Flake,Complete,,,,,,,,,,,,,,,,,,,,,,Yes,Hertzian,Feather,,,,,,,,,,,,,TRIANGULAR,NotPrepared,No,5.18,2.97,Main,,,,,,,,,,,22.78,22.78,12.23,9.1,2.22,0.87,,N,
3178,LIK,III,L4d-007,,,Opaline/CCS,0%,,Flake,Complete,,,,,,,,,,,,,,,,,,,,,,Yes,Hertzian,Feather,,,,,,,,,,,,,RECTANGULAR,NotPrepared,No,3.51,1.15,Main,,,,,,,,,,,11.84,11.84,9.01,9.01,2.22,0.26,,N,
3179,LIK,III,L4d-007,,,Opaline/CCS,1-10%,Cobble,Flake,Complete,,,,,,,,,,,,,,,,,,,,,,Yes,Hertzian,Feather,,,,,,,,,,,,,RECTANGULAR,NotPrepared,No,7.14,2.83,Main,,,,,,,,,,,20.94,20.94,13.02,13.02,3.55,0.88,Ut,N,
3180,LIK,III,L4d-007,,,Siltstone,0%,,Flake,Complete,,,,,,,,,,,,,,,,,,,,,,Yes,Hertzian,Feather,,,,,,,,,,,,,TRIANGULAR,NotPrepared,No,5.73,2.95,Main,,,,,,,,,,,13.51,13.51,6.7,5.65,2.57,0.24,,N,
3181,LIK,III,L4d-007,,,Siltstone,0%,,Flake,Proximal,,,,,,,,,,,,,,,,,,,,,,Yes,Hertzian,,,,,,,,,,,,,,RECTANGULAR,NotPrepared,No,6.07,1.92,,,,,,,,,,,,13.82,,9.87,,3.82,0.49,,N,
3182,LIK,III,L4d-007,,,Siltstone,0%,,Flake,Complete,,,,,,,,,,,,,,,,,,,,,,Yes,Hertzian,Feather,,,,,,,,,,,,,RECTANGULAR,NotPrepared,No,3.1,1.8,Main,,,,,,,,,,,14,13.8,4.68,4.68,2.03,0.13,,N,
3183,LIK,III,L4d-007,,,Siltstone,0%,,Flake,Proximal,,,,,,,,,,,,,,,,,,,,,,Yes,Hertzian,,,,,,,,,,,,,,RECTANGULAR,NotPrepared,No,10.15,1.16,,,,,,,,,,,,9.17,,13.19,,1.94,0.29,,N,
3184,LIK,III,L4d-007,,,Siltstone,0%,,Flake,Complete,,,,,,,,,,,,,,,,,,,,,,Yes,Hertzian,Feather,,,,,,,,,,,,,TRIANGULAR,NotPrepared,No,3.01,1.67,Main,,,,,,,,,,,13.55,13.55,10.06,8.25,1.66,0.25,Ut,N,
3185,LIK,III,L4d-007,,,Siltstone,0%,,Flake,Complete,,,,,,,,,,,,,,,,,,,,,,Yes,Hertzian,Feather,,,,,,,,,,,,,RECTANGULAR,NotPrepared,No,2.86,1.71,Main,,,,,,,,,,,17.44,17.44,5.89,3.09,2.19,0.2,,N,
3186,LIK,III,L4d-007,,,Siltstone,0%,,Flake,Complete,,,,,,,,,,,,,,,,,,,,,,Yes,Hertzian,Feather,,,,,,,,,,,,,TRIANGULAR,NotPrepared,No,21.69,7.84,Main,,,,,,,,,,,35.88,35.88,25.06,21.74,6.96,8.5,,N,
319,LIK,XIV,P4-056,,,Opaline/CCS,0%,,Flake,Complete,,,,,,,,,,,,,,,,,,,,,,Yes,Hertzian,Feather,,,,,,,,,,,,,OVAL,NotPrepared,No,3.72,1.17,Main,,,,,,,,,,,9.47,9.47,11.26,9.48,0.66,0.08,,N,
3187,LIK,III,L4d-007,,,Hornfels,0%,,Flake,Proximal,,,,,,,,,,,,,,,,,,,,,,Yes,Hertzian,,,,,,,,,,,,,,RECTANGULAR,NotPrepared,No,4.75,0.84,,,,,,,,,,,,13.56,,11.28,,1.16,0.17,,N,
3188,LIK,III,L4d-007,,,Hornfels,0%,,Flake,Complete,,,,,,,,,,,,,,,,,,,,,,Yes,Hertzian,Feather,,,,,,,,,,,,,RECTANGULAR,NotPrepared,No,4.11,2.13,Main,,,,,,,,,,,12.68,12.68,12.91,12.91,3,0.55,Ut,N,
3189,LIK,III,L4d-007,,,Hornfels,0%,,Flake,Complete,,,,,,,,,,,,,,,,,,,,,,Yes,Hertzian,Feather,,,,,,,,,,,,,TRAPEZOIDAL,NotPrepared,No,8.31,3.78,Main,,,,,,,,,,,39.19,39.19,23.95,19.34,9.02,8.81,Ut,N,
3190,LIK,III,L4d-007,,,Opaline/CCS,0%,,Flake,Complete,,,,,,,,,,,,,,,,,,,,,,Yes,Hertzian,Feather,,,,,,,,,,,,,RECTANGULAR,NotPrepared,No,2.78,1.72,Main,,,,,,,,,,,21.77,21.77,6.55,6.55,1.62,0.2,Ut,N,
3191,LIK,III,L4d-007,,,Opaline/CCS,0%,,Flake,Complete,,,,,,,,,,,,,,,,,,,,,,Yes,Hertzian,Feather,,,,,,,,,,,,,TRAPEZOIDAL,NotPrepared,No,6.13,2.14,Main,,,,,,,,,,,25.82,25.82,15.24,15.24,3.08,1.59,Ut,N,
3192,LIK,III,L4d-007,,,Opaline/CCS,0%,,Flake,Complete,,,,,,,,,,,,,,,,,,,,,,Yes,Hertzian,Feather,,,,,,,,,,,,,RECTANGULAR,NotPrepared,No,4.94,2.3,Main,,,,,,,,,,,28.23,28.23,13.49,13.49,2.66,1.22,Ut,N,
3193,LIK,III,L4d-007,,,Opaline/CCS,0%,,Flake,Complete,,,,,,,,,,,,,,,,,,,,,,Yes,Hertzian,Feather,,,,,,,,,,,,,RECTANGULAR,NotPrepared,No,6.12,1.82,Main,,,,,,,,,,,23.01,23.01,13.55,13.55,4.05,1.76,Ut,N,
3194,LIK,III,L4d-007,,,Quartz,0%,,Flake,Complete,,,,,,,,,,,,,,,,,,,,,,Yes,Hertzian,Feather,,,,,,,,,,,,,RECTANGULAR,NotPrepared,No,4.98,1.49,Main,,,,,,,,,,,13.52,13.52,8,8,1.53,0.18,,N,
3195,LIK,III,L4d-007,,,Quartz,0%,,Flake,Complete,,,,,,,,,,,,,,,,,,,,,,Yes,Hertzian,Crushed,,,,,,,,,,,,,RECTANGULAR,NotPrepared,No,9.82,3.07,Main,,,,,,,,,,,15.64,15.64,13.09,13.09,3.69,1.48,,N,
3196,LIK,III,L4d-007,,,Quartz,0%,,Core,,Complete,,,,,,,,,,,,,,,,,,,,,,,,,,,,,,,,,,,,,,,,,,Bipolar,Bladelet,Spherical,0%,4,2,2,4,2,16.66,17.62,,8.45,,5.44,0.82,,N,
320,LIK,XIV,P4-056,,,Opaline/CCS,0%,,Flake,Complete,,,,,,,,,,,,,,,,,,,,,,Yes,Hertzian,Feather,,,,,,,,,,,,,RECTANGULAR,Indeterminate,No,1.47,0.74,Main,,,,,,,,,,,17.02,17.02,2.96,2.96,1.56,0.07,,N,
3197,LIK,III,L4d-007,,,Opaline/CCS,0%,,Core,,Complete,,,,,,,,,,,,,,,,,,,,,,,,,,,,,,,,,,,,,,,,,,Platform,Irregular,Cubic,0%,4,3,3,3,4,15.01,16.57,,16.35,,9.47,3.23,,N,
3198,LIK,III,K5a-007,,,Opaline/CCS,0%,,Flake,Complete,,,,,,,,,,,,,,,,,,,,,,Yes,Hertzian,Feather,,,,,,,,,,,,,RECTANGULAR,NotPrepared,No,3.72,1.89,Main,,,,,,,,,,,10.59,10.59,8.69,8.69,1.39,0.19,,N,
3199,LIK,III,K5a-007,,,Opaline/CCS,0%,,Flake,Complete,,,,,,,,,,,,,,,,,,,,,,Yes,Hertzian,Feather,,,,,,,,,,,,,RECTANGULAR,NotPrepared,No,3.97,1.27,Main,,,,,,,,,,,12.56,12.56,11.24,11.24,1.68,0.31,,N,
3200,LIK,III,K5a-007,,,Opaline/CCS,0%,,Flake,Complete,,,,,,,,,,,,,,,,,,,,,,Yes,Hertzian,Feather,,,,,,,,,,,,,RECTANGULAR,NotPrepared,No,7.48,2.23,Main,,,,,,,,,,,11.53,11.53,9.22,9.22,2.3,0.42,,N,
3201,LIK,III,K5a-007,,,Opaline/CCS,0%,,Flake,Complete,,,,,,,,,,,,,,,,,,,,,,Yes,Hertzian,Feather,,,,,,,,,,,,,RECTANGULAR,NotPrepared,No,6.12,2.97,Main,,,,,,,,,,,13.11,13.11,10.56,10.56,2.01,0.4,,N,
3202,LIK,III,K5a-007,,,Opaline/CCS,0%,,Flake,Complete,,,,,,,,,,,,,,,,,,,,,,Yes,Hertzian,Feather,,,,,,,,,,,,,RECTANGULAR,NotPrepared,No,4.65,2.16,Main,,,,,,,,,,,10.62,10.62,10.49,10.49,1.64,0.25,,N,
3203,LIK,III,K5a-007,,,Opaline/CCS,0%,,Flake,Complete,,,,,,,,,,,,,,,,,,,,,,Yes,Hertzian,Feather,,,,,,,,,,,,,RECTANGULAR,NotPrepared,No,9.84,4.2,Main,,,,,,,,,,,16.1,16.1,17.31,14.4,3.76,1.29,,N,
3204,LIK,III,K5a-007,,,Opaline/CCS,0%,,Flake,Distal,,,,,,,,,,,,,,,,,,,,,,,,Feather,,,,,,,,,,,,,RECTANGULAR,,,,,,,,,,,,,,,,25.92,,17.32,,3.44,1.63,Ut,N,
3205,LIK,III,K5a-007,,,Opaline/CCS,0%,,Flake,Mesial,,,,,,,,,,,,,,,,,,,,,,,,,,,,,,,,,,,,,RECTANGULAR,,,,,,,,,,,,,,,,24.03,,13.89,,4.88,2.12,,N,
3206,LIK,III,K5a-007,,,Opaline/CCS,0%,,Flake,Fragment,,,,,,,,,,,,,,,,,,,,,,,,,,,,,,,,,,,,,TRIANGULAR,,,,,,,,,,,,,,,,13.05,,30.26,,8.27,3.66,,N,
32,LIK,XV,O5c-057,,,Opaline/CCS,0%,,Flake,Complete,,,,,,,,,,,,,,,,,,,,,,Yes,Hertzian,Feather,,,,,,,,,,,,,OVAL,NotPrepared,No,3.95,1.36,Main,,,,,,,,,,,14.43,14.43,18.62,18.62,2.28,0.79,,N,
321,LIK,XIV,P4-056,,,Opaline/CCS,0%,,Flake,Complete,,,,,,,,,,,,,,,,,,,,,,Yes,Hertzian,Feather,,,,,,,,,,,,,TRIANGULAR,NotPrepared,No,4.86,1.83,Main,,,,,,,,,,,14.91,14.91,15.69,11.36,1.66,0.36,,N,
3207,LIK,III,K5a-007,,,Opaline/CCS,0%,,Flake,Complete,,,,,,,,,,,,,,,,,,,,,,Yes,Hertzian,Feather,,,,,,,,,,,,,RECTANGULAR,NotPrepared,No,7,2.04,Main,,,,,,,,,,,30.52,30.52,25.42,19.34,7.94,6.23,,N,
3208,LIK,III,K5a-007,,,Tuff,0%,,Flake,Complete,,,,,,,,,,,,,,,,,,,,,,Yes,Hertzian,Feather,,,,,,,,,,,,,TRAPEZOIDAL,NotPrepared,No,6.49,2.27,Main,,,,,,,,,,,13.24,13.24,20.45,14.71,2,0.71,Ut,N,
3209,LIK,III,K5a-007,,,Tuff,0%,,Flake,Complete,,,,,,,,,,,,,,,,,,,,,,Yes,Hertzian,Feather,,,,,,,,,,,,,TRAPEZOIDAL,NotPrepared,No,13.4,2.63,Main,,,,,,,,,,,16.27,13.7,19.83,17.96,3.22,1.25,,N,
3210,LIK,III,K5a-007,,,Hornfels,0%,,Flake,Proximal,,,,,,,,,,,,,,,,,,,,,,Yes,Bending,,,,,,,,,,,,,,RECTANGULAR,NotPrepared,No,7.66,2.96,,,,,,,,,,,,21.07,,11.1,,2.93,0.95,,N,
3211,LIK,III,K5a-007,,,Hornfels,0%,,Flake,Complete,,,,,,,,,,,,,,,,,,,,,,Yes,Bending,Feather,,,,,,,,,,,,,TRIANGULAR,NotPrepared,No,9.64,3.75,Main,,,,,,,,,,,13.15,13.15,10.76,9.16,2.6,0.45,,N,
3212,LIK,III,K5a-007,,,Hornfels,0%,,Flake,Complete,,,,,,,,,,,,,,,,,,,,,,Yes,Bending,Feather,,,,,,,,,,,,,TRIANGULAR,NotPrepared,No,8.16,4.17,Main,,,,,,,,,,,18.95,18.95,12.65,8.1,4.48,0.6,,N,
3213,LIK,III,K5a-007,,,Hornfels,40-60%,Cobble,Flake,Complete,,,,,,,,,,,,,,,,,,,,,,Yes,Bending,Feather,,,,,,,,,,,,,RECTANGULAR,NotPrepared,No,9.47,4.07,Main,,,,,,,,,,,17.15,17.15,14.14,14.14,2.99,1.3,,N,
3214,LIK,III,K5a-007,,,Hornfels,0%,,Flake,Distal,,,,,,,,,,,,,,,,,,,,,,,,Feather,,,,,,,,,,,,,RECTANGULAR,,,,,,,,,,,,,,,,23.25,,25.96,,7.82,5.73,,N,
3215,LIK,III,K5a-007,,,Siltstone,0%,,Flake,Complete,,,,,,,,,,,,,,,,,,,,,,Yes,Hertzian,Feather,,,,,,,,,,,,,RECTANGULAR,NotPrepared,No,5.97,3.36,Main,,,,,,,,,,,15.41,15.41,9.42,9.42,2.76,0.58,,N,
3216,LIK,III,K5a-007,,,Siltstone,0%,,Flake,Complete,,,,,,,,,,,,,,,,,,,,,,Yes,Bending,Feather,,,,,,,,,,,,,RECTANGULAR,NotPrepared,No,7.54,3.43,Main,,,,,,,,,,,27.94,26.31,8.26,8.26,4.46,1.41,,N,
322,LIK,XIV,P4-056,,,Opaline/CCS,0%,,Flake,Distal,,,,,,,,,,,,,,,,,,,,,,,,Feather,,,,,,,,,,,,,RECTANGULAR,,,,,,,,,,,,,,,,14.33,,7.08,,1.31,0.18,,N,
3217,LIK,III,K5a-007,,,Hornfels,0%,,Flake,Complete,,,,,,,,,,,,,,,,,,,,,,Yes,Hertzian,Feather,,,,,,,,,,,,,RECTANGULAR,NotPrepared,No,6.86,4.68,Main,,,,,,,,,,,23.43,23.43,10.93,10.93,4.01,1.62,Ut,N,
3218,LIK,III,K5a-007,,,Hornfels,0%,,RetouchedTool,Complete,,MinimallyRetouched,MarginalEdgeShaping,Dorsal,4,2345,3.76,1,5,5.2,3.02,,,,,,,,,,,,,,Flake,,,,,,,,,,,,RECTANGULAR,,,,,,,,,,,,,,,,42.31,,25.22,,10.04,11,Ret; Ut,N,
3219,LIK,III,K5a-007,,,Opaline/CCS,0%,,Flake,Complete,,,,,,,,,,,,,,,,,,,,,,Yes,Hertzian,Feather,,,,,,,,,,,,,TRIANGULAR,NotPrepared,No,12.24,3.88,Main,,,,,,,,,,,23.43,23.43,17.28,15.51,3.34,1.56,Ut; Potential point,N,
3220,LIK,III,K5a-007,,,Quartz,0%,,Flake,Complete,,,,,,,,,,,,,,,,,,,,,,Yes,Hertzian,Feather,,,,,,,,,,,,,RECTANGULAR,NotPrepared,No,3.26,1.21,Main,,,,,,,,,,,17.01,17.01,9,8.06,1.96,0.38,,N,
3221,LIK,III,K5a-007,,,Quartz,0%,,Flake,Complete,,,,,,,,,,,,,,,,,,,,,,Yes,Hertzian,Feather,,,,,,,,,,,,,RECTANGULAR,NotPrepared,No,3.99,2.02,Main,,,,,,,,,,,12.56,12.56,12.67,12.67,4.15,0.75,,N,
3222,LIK,III,K5a-007,,,Siltstone,0%,,Core,,Complete,,,,,,,,,,,,,,,,,,,,,,,,,,,,,,,,,,,,,,,,,,Inclined,Radial,Cubic,0%,6,3,3,5,5,13.41,40,,32.72,,13.19,20.78,,N,
3223,LIK,III,K5d-007,,,Opaline/CCS,0%,,Flake,Complete,,,,,,,,,,,,,,,,,,,,,,Yes,Hertzian,Feather,,,,,,,,,,,,,TRIANGULAR,NotPrepared,No,3.83,2.14,Main,,,,,,,,,,,15.22,15.22,8.55,8.55,1.29,0.21,,N,
3224,LIK,III,K5d-007,,,Opaline/CCS,0%,,Flake,Proximal,,,,,,,,,,,,,,,,,,,,,,Yes,Bending,,,,,,,,,,,,,,RECTANGULAR,NotPrepared,No,4.2,1.4,,,,,,,,,,,,8.09,,10.24,,1.66,0.18,,N,
3225,LIK,III,K5d-007,,,Opaline/CCS,0%,,Flake,Complete,,,,,,,,,,,,,,,,,,,,,,Yes,Hertzian,Feather,,,,,,,,,,,,,RECTANGULAR,NotPrepared,No,5.7,1.26,Main,,,,,,,,,,,10.99,10.99,8.08,8.08,1.19,0.16,,N,
3226,LIK,III,K5d-007,,,Opaline/CCS,0%,,Flake,Complete,,,,,,,,,,,,,,,,,,,,,,Yes,Hertzian,Feather,,,,,,,,,,,,,RECTANGULAR,NotPrepared,No,2.27,1.85,Main,,,,,,,,,,,15.63,15.63,9.05,9.05,3.46,0.59,Ut,N,
323,LIK,XIV,P4-056,,,Opaline/CCS,0%,,Flake,Distal,,,,,,,,,,,,,,,,,,,,,,,,Feather,,,,,,,,,,,,,TRIANGULAR,,,,,,,,,,,,,,,,14.26,,11.97,,1.18,0.15,,N,
3227,LIK,III,K5d-007,,,Opaline/CCS,0%,,Flake,Proximal,,,,,,,,,,,,,,,,,,,,,,Yes,Hertzian,,,,,,,,,,,,,,RECTANGULAR,NotPrepared,No,7.54,2.69,,,,,,,,,,,,15.49,,11.12,,3.82,0.65,,N,
3228,LIK,III,K5d-007,,,Opaline/CCS,0%,,Flake,Complete,,,,,,,,,,,,,,,,,,,,,,Yes,Hertzian,Feather,,,,,,,,,,,,,TRAPEZOIDAL,NotPrepared,No,4.65,3.23,Main,,,,,,,,,,,21.85,21.85,11.86,11.86,9.96,3.44,,N,
3229,LIK,III,K5d-007,,,Opaline/CCS,0%,,Flake,Complete,,,,,,,,,,,,,,,,,,,,,,Yes,Hertzian,Feather,,,,,,,,,,,,,RECTANGULAR,NotPrepared,No,1.94,0.88,Main,,,,,,,,,,,10.82,10.82,5,5,0.54,0.03,,N,
3230,LIK,III,K5d-007,,,Opaline/CCS,0%,,Flake,Complete,,,,,,,,,,,,,,,,,,,,,,Yes,Hertzian,Feather,,,,,,,,,,,,,RECTANGULAR,NotPrepared,No,2.57,0.74,Main,,,,,,,,,,,13.88,13.88,5.44,5.44,0.9,0.09,,N,
3231,LIK,III,K5d-007,,,Opaline/CCS,0%,,Flake,Complete,,,,,,,,,,,,,,,,,,,,,,Yes,Hertzian,Feather,,,,,,,,,,,,,RECTANGULAR,NotPrepared,No,2.77,1.66,Main,,,,,,,,,,,16.4,16.4,7.24,7.24,2.38,0.4,,N,
3232,LIK,III,K5d-007,,,Opaline/CCS,0%,,Flake,Complete,,,,,,,,,,,,,,,,,,,,,,Yes,Hertzian,Feather,,,,,,,,,,,,,TRAPEZOIDAL,NotPrepared,No,5.15,2.02,Main,,,,,,,,,,,16.1,16.1,16.71,11.07,2.12,0.6,Ut,N,
3233,LIK,III,K5d-007,,,Opaline/CCS,0%,,Flake,Complete,,,,,,,,,,,,,,,,,,,,,,Yes,Hertzian,Feather,,,,,,,,,,,,,TRAPEZOIDAL,NotPrepared,No,10.58,2.45,Main,,,,,,,,,,,26.03,15.42,15.32,15.32,4.8,1.35,,N,
3234,LIK,III,K5d-007,,,Opaline/CCS,0%,,Flake,Complete,,,,,,,,,,,,,,,,,,,,,,Yes,Hertzian,Feather,,,,,,,,,,,,,TRIANGULAR,ResidualFacetWithBulb,No,8.26,3.32,Main,,,,,,,,,,,25.17,25.17,17.03,17.03,2.41,1.35,,N,
3235,LIK,III,K5d-007,,,Siltstone,0%,,Flake,Complete,,,,,,,,,,,,,,,,,,,,,,Yes,Bending,Step,,,,,,,,,,,,,RECTANGULAR,NotPrepared,No,6.54,5.05,Main,,,,,,,,,,,26.25,26.25,13.35,13.35,8.08,4.25,,N,
3236,LIK,III,K5d-007,,,Opaline/CCS,0%,,Flake,Complete,,,,,,,,,,,,,,,,,,,,,,Yes,Hertzian,Feather,,,,,,,,,,,,,RECTANGULAR,NotPrepared,No,6.94,3.8,Main,,,,,,,,,,,23.58,23.58,20.15,20.15,9.39,4.94,Ut,N,
324,LIK,XIV,P4-056,,,Opaline/CCS,0%,,Flake,Proximal,,,,,,,,,,,,,,,,,,,,,,Yes,Hertzian,,,,,,,,,,,,,,RECTANGULAR,Indeterminate,No,7.13,2.06,,,,,,,,,,,,8.6,,12.73,,2.08,0.34,,N,
3237,LIK,III,K5d-007,,,Hornfels,0%,,Flake,Complete,,,,,,,,,,,,,,,,,,,,,,Yes,Hertzian,Feather,,,,,,,,,,,,,TRIANGULAR,NotPrepared,No,7.1,4.18,Main,,,,,,,,,,,41.89,41.89,37.55,31.64,8.63,17.67,Ut,N,
3238,LIK,III,I5a-075,,,Opaline/CCS,0%,,Flake,Complete,,,,,,,,,,,,,,,,,,,,,,Yes,Hertzian,Feather,,,,,,,,,,,,,RECTANGULAR,NotPrepared,No,1.62,2.16,Main,,,,,,,,,,,14.16,14.16,3.08,3.08,2.87,0.12,,N,
3239,LIK,III,I5a-075,,,Opaline/CCS,0%,,Flake,Complete,,,,,,,,,,,,,,,,,,,,,,Yes,Hertzian,Feather,,,,,,,,,,,,,KITE,NotPrepared,No,2.95,1.27,Main,,,,,,,,,,,13.5,13.5,9.79,9.79,1.45,0.2,,N,
3240,LIK,III,I5a-075,,,Opaline/CCS,0%,,Flake,Proximal,,,,,,,,,,,,,,,,,,,,,,Yes,Hertzian,,,,,,,,,,,,,,RECTANGULAR,NotPrepared,No,2.48,1.01,,,,,,,,,,,,6.06,,11.82,,1.2,0.09,,N,
3241,LIK,III,I5a-075,,,Opaline/CCS,0%,,Flake,Complete,,,,,,,,,,,,,,,,,,,,,,Yes,Hertzian,Hinge,,,,,,,,,,,,,RECTANGULAR,NotPrepared,No,4.81,1.3,Main,,,,,,,,,,,10.47,10.47,7.24,7.24,2.22,0.22,,N,
3242,LIK,III,I5a-075,,,Opaline/CCS,0%,,Flake,Mesial,,,,,,,,,,,,,,,,,,,,,,,,,,,,,,,,,,,,,RECTANGULAR,,,,,,,,,,,,,,,,12.76,,6.05,,3.37,0.3,,N,
3243,LIK,III,I5a-075,,,Opaline/CCS,0%,,Flake,Complete,,,,,,,,,,,,,,,,,,,,,,Yes,Hertzian,Feather,,,,,,,,,,,,,TRIANGULAR,NotPrepared,No,4.04,1.14,Main,,,,,,,,,,,16.68,16.68,6.89,5.21,1.63,0.16,Ut,N,
3244,LIK,III,I5a-075,,,Opaline/CCS,0%,,Flake,Complete,,,,,,,,,,,,,,,,,,,,,,Yes,Hertzian,Feather,,,,,,,,,,,,,TRAPEZOIDAL,NotPrepared,No,5.16,2.22,Main,,,,,,,,,,,8.73,8.73,11.81,9.85,2.25,0.18,,N,
3245,LIK,III,I5a-075,,,Opaline/CCS,0%,,Flake,Complete,,,,,,,,,,,,,,,,,,,,,,Yes,Hertzian,Hinge,,,,,,,,,,,,,RECTANGULAR,NotPrepared,No,5.2,3.85,Main,,,,,,,,,,,14.34,14.34,9.23,9.23,4.69,0.63,,N,
3246,LIK,III,I5a-075,,,Opaline/CCS,0%,,Flake,Complete,,,,,,,,,,,,,,,,,,,,,,Yes,Hertzian,Feather,,,,,,,,,,,,,RECTANGULAR,ResidualFacetWithBulb,No,4.15,1,Main,,,,,,,,,,,14.58,14.58,6.39,6.39,1.02,0.12,,N,
325,LIK,XIV,P4-056,,,Opaline/CCS,0%,,Flake,Complete,,,,,,,,,,,,,,,,,,,,,,Yes,Hertzian,Feather,,,,,,,,,,,,,RECTANGULAR,NotPrepared,No,8.86,4.89,Main,,,,,,,,,,,7.46,7.46,15.9,11.92,3.97,0.7,,N,
3247,LIK,III,I5a-075,,,Opaline/CCS,0%,,Flake,Complete,,,,,,,,,,,,,,,,,,,,,,Yes,Hertzian,Feather,,,,,,,,,,,,,RECTANGULAR,NotPrepared,No,6.27,1.81,Main,,,,,,,,,,,17.61,17.61,9.22,9.22,2.46,0.56,,N,
3248,LIK,III,I5a-075,,,Opaline/CCS,0%,,Flake,Fragment,,,,,,,,,,,,,,,,,,,,,,,,,,,,,,,,,,,,,RECTANGULAR,,,,,,,,,,,,,,,,12.56,,20.9,,8.53,2.52,,N,
3249,LIK,III,I5a-075,,,Opaline/CCS,0%,,Flake,Distal,,,,,,,,,,,,,,,,,,,,,,,,Feather,,,,,,,,,,,,,RECTANGULAR,,,,,,,,,,,,,,,,13.48,,17.32,,5.94,1.81,,N,
3250,LIK,III,I5a-075,,,Opaline/CCS,0%,,Flake,Complete,,,,,,,,,,,,,,,,,,,,,,Yes,Hertzian,Step,,,,,,,,,,,,,RECTANGULAR,NotPrepared,No,13.57,9,Main,,,,,,,,,,,19.16,19.16,16.26,16.26,8.26,3.72,,N,
3251,LIK,III,I5a-075,,,Opaline/CCS,0%,,Core,,Complete,,,,,,,,,,,,,,,,,,,,,,,,,,,,,,,,,,,,,,,,,,Inclined,Radial,Cubic,0%,4,3,3,4,4,10.98,25.83,,17.24,,8.46,7,,N,
3252,LIK,III,I5a-075,,,Hornfels,0%,,Flake,Complete,,,,,,,,,,,,,,,,,,,,,,Yes,Hertzian,Feather,,,,,,,,,,,,,RECTANGULAR,NotPrepared,No,12.37,3.59,Main,,,,,,,,,,,18.51,18.51,13.63,13.63,4.44,1.62,,N,
3253,LIK,III,I5a-075,,,Quartzite,0%,,Flake,Proximal,,,,,,,,,,,,,,,,,,,,,,Yes,Hertzian,,,,,,,,,,,,,,RECTANGULAR,NotPrepared,No,7.55,2.86,,,,,,,,,,,,12.34,,16.43,,2.27,0.63,,N,
3254,LIK,III,I5a-075,,,Quartzite,0%,,Flake,Mesial,,,,,,,,,,,,,,,,,,,,,,,,,,,,,,,,,,,,,RECTANGULAR,,,,,,,,,,,,,,,,15.45,,28.82,,6.48,2.67,,N,
3255,LIK,III,I5a-075,,,Opaline/CCS,0%,,Flake,Mesial,,,,,,,,,,,,,,,,,,,,,,,,,,,,,,,,,,,,,RECTANGULAR,,,,,,,,,,,,,,,,13.35,,13.03,,3.88,0.78,Ut,N,
3256,LIK,III,I5a-075,,,Opaline/CCS,0%,,Flake,Complete,,,,,,,,,,,,,,,,,,,,,,Yes,Hertzian,Feather,,,,,,,,,,,,,KITE,NotPrepared,No,2.43,1.21,Main,,,,,,,,,,,24.24,24.24,13.95,10.34,1.85,0.72,Ut,N,
326,LIK,XIV,P4-056,,,Opaline/CCS,0%,,Flake,Complete,,,,,,,,,,,,,,,,,,,,,,Yes,Hertzian,Feather,,,,,,,,,,,,,TRIANGULAR,Indeterminate,No,7.53,1.23,Main,,,,,,,,,,,26.97,26.97,14,14,3,1.31,,N,
3257,LIK,III,I5a-075,,,Opaline/CCS,0%,,Flake,Proximal,,,,,,,,,,,,,,,,,,,,,,Yes,Hertzian,,,,,,,,,,,,,,RECTANGULAR,NotPrepared,No,20.67,5.59,,,,,,,,,,,,28.49,,30.6,,7.64,7.86,Ut,N,
3258,LIK,III,N5a-007,,,Opaline/CCS,0%,,Flake,Complete,,,,,,,,,,,,,,,,,,,,,,Yes,Hertzian,Feather,,,,,,,,,,,,,TRAPEZOIDAL,NotPrepared,No,3.13,1.09,Main,,,,,,,,,,,7.64,7.64,11.43,9.47,2.07,0.25,,N,
3259,LIK,III,N5a-007,,,Opaline/CCS,0%,,Flake,Complete,,,,,,,,,,,,,,,,,,,,,,Yes,Hertzian,Feather,,,,,,,,,,,,,TRIANGULAR,NotPrepared,No,3.88,1.37,Main,,,,,,,,,,,12.09,12.09,9.62,7.13,1.67,0.13,Ut,N,
3260,LIK,III,N5a-007,,,Opaline/CCS,0%,,Flake,Proximal,,,,,,,,,,,,,,,,,,,,,,Yes,Hertzian,,,,,,,,,,,,,,RECTANGULAR,NotPrepared,No,4.1,1.67,,,,,,,,,,,,17.33,,9.5,,3.86,0.6,Ut,N,
3261,LIK,III,N5a-007,,,Opaline/CCS,0%,,Flake,Distal,,,,,,,,,,,,,,,,,,,,,,,,Feather,,,,,,,,,,,,,TRIANGULAR,,,,,,,,,,,,,,,,12.57,,11.79,,2.8,0.36,,N,
3262,LIK,III,N5a-007,,,Opaline/CCS,0%,,Flake,Distal,,,,,,,,,,,,,,,,,,,,,,,,Feather,,,,,,,,,,,,,TRIANGULAR,,,,,,,,,,,,,,,,12.78,,17.71,,3.39,1.05,Ut,N,
3263,LIK,III,N5a-007,,,Opaline/CCS,0%,,Flake,Complete,,,,,,,,,,,,,,,,,,,,,,Yes,Hertzian,Feather,,,,,,,,,,,,,RECTANGULAR,NotPrepared,No,4.26,1.77,Main,,,,,,,,,,,12.64,12.64,8.67,8.67,1.15,0.16,,N,
3264,LIK,III,N5a-007,,,Opaline/CCS,0%,,Flake,Proximal,,,,,,,,,,,,,,,,,,,,,,Yes,Hertzian,,,,,,,,,,,,,,RECTANGULAR,NotPrepared,No,10.04,2.28,,,,,,,,,,,,20.77,,23.13,,3.43,2.39,,N,
3265,LIK,III,N5a-007,,,Opaline/CCS,0%,,Flake,Complete,,,,,,,,,,,,,,,,,,,,,,Yes,Hertzian,Feather,,,,,,,,,,,,,RECTANGULAR,NotPrepared,No,7.57,3.45,Main,,,,,,,,,,,47.51,47.51,30.94,26.42,4.06,6.63,Ut,N,
3266,LIK,III,N5a-007,,,Opaline/CCS,0%,,Flake,Complete,,,,,,,,,,,,,,,,,,,,,,Yes,Hertzian,Feather,,,,,,,,,,,,,RHOMBUS,NotPrepared,No,4.5,1.94,Main,,,,,,,,,,,15.86,10.38,7.81,7.81,2.28,0.3,,N,
327,LIK,XIV,P4-056,,,Opaline/CCS,0%,,Flake,Complete,,,,,,,,,,,,,,,,,,,,,,Yes,Hertzian,Feather,,,,,,,,,,,,,RECTANGULAR,NotPrepared,No,7.61,2.65,Main,,,,,,,,,,,12.91,12.91,12.67,12.67,3.57,0.7,,N,
3267,LIK,III,N5a-007,,,Opaline/CCS,0%,,Flake,Mesial,,,,,,,,,,,,,,,,,,,,,,,,,,,,,,,,,,,,,RECTANGULAR,,,,,,,,,,,,,,,,11.12,,11.86,,2.76,0.62,,N,
3268,LIK,III,N5a-007,,,Opaline/CCS,0%,,Flake,Complete,,,,,,,,,,,,,,,,,,,,,,Yes,Hertzian,Feather,,,,,,,,,,,,,TRIANGULAR,NotPrepared,No,22.2,12.04,Main,,,,,,,,,,,39.8,39.8,36.11,29.22,8.95,15.79,,N,
3269,LIK,III,N5a-007,,,Opaline/CCS,0%,,Flake,Complete,,,,,,,,,,,,,,,,,,,,,,Yes,Hertzian,Feather,,,,,,,,,,,,,RECTANGULAR,NotPrepared,No,10.64,4.15,Main,,,,,,,,,,,12.81,12.81,19.28,15.75,5.2,1.15,,N,
3270,LIK,III,N5a-007,,,Opaline/CCS,0%,,Flake,Complete,,,,,,,,,,,,,,,,,,,,,,Yes,Bending,Feather,,,,,,,,,,,,,RECTANGULAR,NotPrepared,No,34.87,14.44,Main,,,,,,,,,,,49.61,49.61,31.96,31.96,13.22,27.89,Ut,N,
3271,LIK,III,N5a-007,,,Opaline/CCS,0%,,Flake,Complete,,,,,,,,,,,,,,,,,,,,,,Yes,Hertzian,Feather,,,,,,,,,,,,,RECTANGULAR,NotPrepared,No,17.16,10.61,Main,,,,,,,,,,,45.37,45.37,27.57,26.75,15.51,21.69,,N,
3272,LIK,III,N5a-007,,,Opaline/CCS,0%,,Flake,Complete,,,,,,,,,,,,,,,,,,,,,,Yes,Hertzian,Feather,,,,,,,,,,,,,TRIANGULAR,NotPrepared,No,13.31,5.87,Main,,,,,,,,,,,40.39,40.39,63.84,47.56,7.02,25.45,Ut,N,
3273,LIK,III,N5a-007,,,Opaline/CCS,0%,,Flake,Complete,,,,,,,,,,,,,,,,,,,,,,Yes,Hertzian,Feather,,,,,,,,,,,,,TRIANGULAR,NotPrepared,No,7.48,4.93,Main,,,,,,,,,,,42.78,42.78,48.7,39.24,18.75,38.67,Ut,N,
3274,LIK,III,N5a-007,,,Opaline/CCS,0%,,Flake,Complete,,,,,,,,,,,,,,,,,,,,,,Yes,Hertzian,Feather,,,,,,,,,,,,,RECTANGULAR,NotPrepared,No,3.98,1.65,Main,,,,,,,,,,,22.13,22.13,12.5,12.5,3.03,1.05,Ut,N,
3275,LIK,III,M5a-010,,,Opaline/CCS,0%,,Flake,Proximal,,,,,,,,,,,,,,,,,,,,,,Yes,Bending,,,,,,,,,,,,,,RECTANGULAR,NotPrepared,No,5.63,3.34,,,,,,,,,,,,23.28,,11.6,,3.54,1.09,Ut,N,
3276,LIK,III,M5a-010,,,Opaline/CCS,0%,,Flake,Proximal,,,,,,,,,,,,,,,,,,,,,,Yes,Hertzian,,,,,,,,,,,,,,TRIANGULAR,NotPrepared,No,3.8,1.78,,,,,,,,,,,,23.8,,15.91,,5.19,2.27,,N,
328,LIK,XIV,P4-056,,,Opaline/CCS,0%,,Flake,Complete,,,,,,,,,,,,,,,,,,,,,,Yes,Hertzian,Feather,,,,,,,,,,,,,RECTANGULAR,ResidualFacetWithBulb,No,8.19,2.55,Main,,,,,,,,,,,11.14,11.14,12.31,12.31,1.84,0.35,,N,
3277,LIK,III,M5a-010,,,Opaline/CCS,0%,,Flake,Complete,,,,,,,,,,,,,,,,,,,,,,Yes,Hertzian,Feather,,,,,,,,,,,,,RECTANGULAR,NotPrepared,No,5.21,2.02,Main,,,,,,,,,,,7.88,7.88,10.33,10.33,1.6,0.17,,N,
3278,LIK,III,M5a-010,,,Opaline/CCS,0%,,Flake,Complete,,,,,,,,,,,,,,,,,,,,,,Yes,Hertzian,Feather,,,,,,,,,,,,,RHOMBUS,NotPrepared,No,6.06,1.55,Main,,,,,,,,,,,12.74,7.08,8.67,8.67,2.13,0.27,,N,
3279,LIK,III,M5a-010,,,Opaline/CCS,0%,,Flake,Complete,,,,,,,,,,,,,,,,,,,,,,Yes,Hertzian,Feather,,,,,,,,,,,,,TRIANGULAR,NotPrepared,No,6.23,1.76,Main,,,,,,,,,,,16.88,16.88,8.69,6.28,1.8,0.26,,N,
3280,LIK,III,M5a-010,,,Opaline/CCS,0%,,Flake,Complete,,,,,,,,,,,,,,,,,,,,,,Yes,Wedging,Feather,,,,,,,,,,,,,RECTANGULAR,Indeterminate,No,2.09,0.93,Main,,,,,,,,,,,12.81,12.81,5.81,5.81,1.58,0.11,,N,
3281,LIK,III,M5a-010,,,Opaline/CCS,0%,,Flake,Complete,,,,,,,,,,,,,,,,,,,,,,Yes,Hertzian,Feather,,,,,,,,,,,,,RECTANGULAR,NotPrepared,No,3.74,1.74,Main,,,,,,,,,,,12.72,12.72,7.87,7.87,1.81,0.2,,N,
3282,LIK,III,M5a-010,,,Opaline/CCS,0%,,Flake,Complete,,,,,,,,,,,,,,,,,,,,,,Yes,Hertzian,Feather,,,,,,,,,,,,,RECTANGULAR,NotPrepared,No,4.44,0.76,Main,,,,,,,,,,,11.96,11.96,6.07,6.07,2.01,0.17,,N,
3283,LIK,III,M5a-010,,,Opaline/CCS,0%,,Flake,Complete,,,,,,,,,,,,,,,,,,,,,,Yes,Hertzian,Feather,,,,,,,,,,,,,RECTANGULAR,NotPrepared,No,4.73,2.67,Main,,,,,,,,,,,11.05,11.05,5.12,5.12,1.52,0.1,,N,
3284,LIK,III,M5a-010,,,Opaline/CCS,0%,,Flake,Complete,,,,,,,,,,,,,,,,,,,,,,Yes,Hertzian,Feather,,,,,,,,,,,,,RECTANGULAR,NotPrepared,No,5.55,2.93,Main,,,,,,,,,,,11.46,11.46,7.74,7.74,3.26,0.42,,N,
3285,LIK,III,M5a-010,,,Opaline/CCS,0%,,Flake,Complete,,,,,,,,,,,,,,,,,,,,,,Yes,Hertzian,Feather,,,,,,,,,,,,,RECTANGULAR,NotPrepared,No,7.54,1.08,Main,,,,,,,,,,,9.4,9.4,12.46,12.46,0.73,0.16,,N,
3286,LIK,III,M5a-010,,,Opaline/CCS,0%,,Flake,Distal,,,,,,,,,,,,,,,,,,,,,,,,Feather,,,,,,,,,,,,,TRIANGULAR,,,,,,,,,,,,,,,,17.95,,15.38,,2.3,0.78,,N,
329,LIK,XIV,P4-056,,,Opaline/CCS,0%,,Flake,Complete,,,,,,,,,,,,,,,,,,,,,,Yes,Hertzian,Hinge,,,,,,,,,,,,,RECTANGULAR,NotPrepared,No,3.5,2.25,Main,,,,,,,,,,,22.52,22.52,8.02,8.02,2.42,0.5,,N,
3287,LIK,III,M5a-010,,,Opaline/CCS,0%,,Flake,Complete,,,,,,,,,,,,,,,,,,,,,,Yes,Hertzian,Feather,,,,,,,,,,,,,RECTANGULAR,NotPrepared,No,9.48,6.49,Main,,,,,,,,,,,17.25,17.25,14.19,14.19,6.63,1.65,Ut,N,
3288,LIK,III,M5a-010,,,Opaline/CCS,0%,,Flake,Complete,,,,,,,,,,,,,,,,,,,,,,Yes,Hertzian,Feather,,,,,,,,,,,,,RECTANGULAR,NotPrepared,No,10.56,2.2,Main,,,,,,,,,,,16.57,16.57,16.63,16.63,2.43,0.97,Ut,N,
3289,LIK,III,M5a-010,,,Opaline/CCS,0%,,Flake,Complete,,,,,,,,,,,,,,,,,,,,,,Yes,Hertzian,Feather,,,,,,,,,,,,,TRIANGULAR,NotPrepared,No,4.27,2.83,Main,,,,,,,,,,,12.58,12.58,12.59,8.87,2.22,0.37,,N,
3290,LIK,III,M5a-010,,,Opaline/CCS,0%,,Flake,Complete,,,,,,,,,,,,,,,,,,,,,,Yes,Bending,Feather,,,,,,,,,,,,,TRIANGULAR,NotPrepared,No,13.94,5.62,Main,,,,,,,,,,,33.29,33.29,18.37,14.65,6.79,3.45,,N,
3291,LIK,III,M5a-010,,,Opaline/CCS,0%,,Flake,Complete,,,,,,,,,,,,,,,,,,,,,,Yes,Hertzian,Feather,,,,,,,,,,,,,TRIANGULAR,NotPrepared,No,4.92,1.55,Main,,,,,,,,,,,20.79,20.79,21.23,13.92,2.02,1.14,,N,
3292,LIK,III,M5a-010,,,Opaline/CCS,0%,,Flake,Mesial,,,,,,,,,,,,,,,,,,,,,,,,,,,,,,,,,,,,,RECTANGULAR,,,,,,,,,,,,,,,,15.01,,23.52,,1.96,1.44,,N,
3293,LIK,III,M5a-010,,,Opaline/CCS,0%,,Flake,Complete,,,,,,,,,,,,,,,,,,,,,,Yes,Bending,Overshot,,,,,,,,,,,,,RECTANGULAR,NotPrepared,No,19.65,9.75,Main,,,,,,,,,,,22.9,22.9,28.14,28.14,9.82,11.72,Ut,N,
3294,LIK,III,M5a-010,,,Opaline/CCS,0%,,Flake,Distal,,,,,,,,,,,,,,,,,,,,,,,,Feather,,,,,,,,,,,,,RECTANGULAR,,,,,,,,,,,,,,,,21.98,,14.39,,4.28,5.1.2,,N,
3295,LIK,III,M5a-010,,,Opaline/CCS,0%,,Flake,Distal,,,,,,,,,,,,,,,,,,,,,,,,Feather,,,,,,,,,,,,,TRIANGULAR,,,,,,,,,,,,,,,,16.25,,10.64,,1.65,0.33,,N,
3296,LIK,III,M5a-010,,,Opaline/CCS,0%,,Flake,Complete,,,,,,,,,,,,,,,,,,,,,,Yes,Hertzian,Feather,,,,,,,,,,,,,RECTANGULAR,NotPrepared,No,8.68,3.62,Main,,,,,,,,,,,20.41,15.98,20.58,14.73,3.15,1.22,,N,
330,LIK,XIV,P4-056,,,Opaline/CCS,0%,,Flake,Proximal,,,,,,,,,,,,,,,,,,,,,,Yes,Hertzian,,,,,,,,,,,,,,RECTANGULAR,NotPrepared,No,8.62,3.74,,,,,,,,,,,,15.23,,10.56,,3.69,0.9,,N,
3297,LIK,III,M5a-010,,,Opaline/CCS,0%,,Flake,Complete,,,,,,,,,,,,,,,,,,,,,,Yes,Hertzian,Feather,,,,,,,,,,,,,RECTANGULAR,NotPrepared,No,5.79,1.98,Main,,,,,,,,,,,17.45,17.45,8.1,8.1,3.14,0.55,,N,
3298,LIK,III,M5a-010,,,Opaline/CCS,0%,,Flake,Complete,,,,,,,,,,,,,,,,,,,,,,Yes,Hertzian,Feather,,,,,,,,,,,,,RECTANGULAR,NotPrepared,No,6,3.29,Main,,,,,,,,,,,10.38,10.38,7.59,7.59,2.04,0.19,,N,
3299,LIK,III,M5a-010,,,Opaline/CCS,0%,,Flake,Complete,,,,,,,,,,,,,,,,,,,,,,Yes,Hertzian,Crushed,,,,,,,,,,,,,RECTANGULAR,NotPrepared,No,6.33,3.24,Main,,,,,,,,,,,12.75,12.75,11.34,11.34,3.6,0.78,,N,
3300,LIK,III,M5a-010,,,Opaline/CCS,0%,,Flake,Complete,,,,,,,,,,,,,,,,,,,,,,Yes,Hertzian,Feather,,,,,,,,,,,,,TRAPEZOIDAL,NotPrepared,No,4.57,2.06,Main,,,,,,,,,,,10.28,10.28,11.9,10.86,1.68,0.26,,N,
3301,LIK,III,M5a-010,,,Opaline/CCS,0%,,Flake,Distal,,,,,,,,,,,,,,,,,,,,,,,,Feather,,,,,,,,,,,,,TRAPEZOIDAL,,,,,,,,,,,,,,,,7.56,,17.66,,1.95,0.28,Ut,N,
3302,LIK,III,M5a-010,,,Opaline/CCS,0%,,Flake,Mesial,,,,,,,,,,,,,,,,,,,,,,,,,,,,,,,,,,,,,RECTANGULAR,,,,,,,,,,,,,,,,12.93,,11.56,,2.36,0.53,,N,
3303,LIK,III,M5a-010,,,Opaline/CCS,0%,,Flake,Complete,,,,,,,,,,,,,,,,,,,,,,Yes,Hertzian,Feather,,,,,,,,,,,,,RECTANGULAR,NotPrepared,No,5.52,1.21,Main,,,,,,,,,,,7.01,7.01,12.6,12.6,1.47,0.14,,N,
3304,LIK,III,M5a-010,,,Opaline/CCS,0%,,Flake,Complete,,,,,,,,,,,,,,,,,,,,,,Yes,Hertzian,Feather,,,,,,,,,,,,,RECTANGULAR,FacetWithBulb,No,6.67,1.15,Main,,,,,,,,,,,8.56,8.56,10.48,10.48,1.23,0.17,,N,
3305,LIK,III,M5a-010,,,Opaline/CCS,0%,,Flake,Complete,,,,,,,,,,,,,,,,,,,,,,Yes,Hertzian,Feather,,,,,,,,,,,,,RECTANGULAR,NotPrepared,No,5.85,2.49,Main,,,,,,,,,,,9.67,9.67,15.85,15.85,1.94,0.37,,N,
3306,LIK,III,M5a-010,,,Opaline/CCS,0%,,Flake,Proximal,,,,,,,,,,,,,,,,,,,,,,Yes,Hertzian,,,,,,,,,,,,,,RECTANGULAR,NotPrepared,No,2.45,1.2,,,,,,,,,,,,10.09,,10.42,,1.35,0.18,,N,
33,LIK,XV,O5c-057,,,Opaline/CCS,0%,,Flake,Complete,,,,,,,,,,,,,,,,,,,,,,Yes,Hertzian,Feather,,,,,,,,,,,,,TRIANGULAR,NotPrepared,No,5.64,1.15,Main,,,,,,,,,,,11.22,6.42,14.24,14.24,0.63,0.13,,N,
331,LIK,XIV,P4-056,,,Opaline/CCS,0%,,Flake,Mesial,,,,,,,,,,,,,,,,,,,,,,,,,,,,,,,,,,,,,RECTANGULAR,,,,,,,,,,,,,,,,4.56,,13.28,,1.82,0.18,,N,
3307,LIK,III,M5a-010,,,Opaline/CCS,0%,,Flake,Complete,,,,,,,,,,,,,,,,,,,,,,Yes,Hertzian,Feather,,,,,,,,,,,,,OVAL,NotPrepared,No,3.59,1.49,Main,,,,,,,,,,,10.71,10.71,11.71,9.74,1.26,0.17,,N,
3308,LIK,III,M5a-010,,,Opaline/CCS,0%,,Flake,Complete,,,,,,,,,,,,,,,,,,,,,,Yes,Hertzian,Feather,,,,,,,,,,,,,RECTANGULAR,Indeterminate,No,1.81,1.03,Main,,,,,,,,,,,10.22,10.22,3.9,3.9,1.7,0.04,,N,
3309,LIK,III,M5a-010,,,Opaline/CCS,0%,,Flake,Complete,,,,,,,,,,,,,,,,,,,,,,Yes,Hertzian,Feather,,,,,,,,,,,,,TRIANGULAR,Indeterminate,No,2.15,1.21,Main,,,,,,,,,,,9.48,9.48,3.67,3.34,1.79,0.05,,N,
3310,LIK,III,M5a-010,,,Opaline/CCS,0%,,Flake,Distal,,,,,,,,,,,,,,,,,,,,,,,,Feather,,,,,,,,,,,,,RECTANGULAR,,,,,,,,,,,,,,,,19.41,,6.6,,4.14,0.71,Ut,N,
3311,LIK,III,M5a-010,,,Opaline/CCS,0%,,Flake,Complete,,,,,,,,,,,,,,,,,,,,,,Yes,Wedging,Feather,,,,,,,,,,,,,RECTANGULAR,NotPrepared,No,3.16,0.85,Main,,,,,,,,,,,18.86,18.86,3.42,3.42,2.14,0.16,,N,
3312,LIK,III,M5a-010,,,Opaline/CCS,0%,,Flake,Complete,,,,,,,,,,,,,,,,,,,,,,Yes,Hertzian,Feather,,,,,,,,,,,,,RECTANGULAR,NotPrepared,No,6.46,3.04,Main,,,,,,,,,,,25.91,25.91,15.62,15.62,5.1,1.51,,N,
3313,LIK,III,M5a-010,,,Opaline/CCS,0%,,Flake,Complete,,,,,,,,,,,,,,,,,,,,,,Yes,Hertzian,Feather,,,,,,,,,,,,,OVAL,NotPrepared,No,8.82,3.01,Main,,,,,,,,,,,18.77,18.77,12.79,12.79,3.69,0.87,,N,
3314,LIK,III,M5a-010,,,Opaline/CCS,0%,,Flake,Distal,,,,,,,,,,,,,,,,,,,,,,,,Feather,,,,,,,,,,,,,RECTANGULAR,,,,,,,,,,,,,,,,20.94,,22.3,,4.26,2.37,,N,
3315,LIK,III,M5a-010,,,Opaline/CCS,0%,,Flake,Complete,,,,,,,,,,,,,,,,,,,,,,Yes,Hertzian,Feather,,,,,,,,,,,,,RECTANGULAR,NotPrepared,No,8.56,2.78,Main,,,,,,,,,,,17.75,17.75,21.53,21.53,3.91,1.93,,N,
3316,LIK,III,M5a-010,,,Opaline/CCS,0%,,Flake,Complete,,,,,,,,,,,,,,,,,,,,,,Yes,Hertzian,Feather,,,,,,,,,,,,,RHOMBUS,NotPrepared,No,25.7,8,Main,,,,,,,,,,,21.46,21.46,37.91,31.11,7.15,5.91,Ut,N,
332,LIK,XIV,P4-056,,,Opaline/CCS,0%,,Flake,Proximal,,,,,,,,,,,,,,,,,,,,,,Yes,Hertzian,,,,,,,,,,,,,,TRIANGULAR,NotPrepared,No,2.18,1.57,,,,,,,,,,,,13.72,,13.83,,3.86,0.55,,N,
3317,LIK,III,M5a-010,,,Opaline/CCS,0%,,Flake,Complete,,,,,,,,,,,,,,,,,,,,,,Yes,Hertzian,Feather,,,,,,,,,,,,,RECTANGULAR,NotPrepared,No,12.23,8.33,Main,,,,,,,,,,,57.8,49.78,20.53,20.53,12.23,21.39,Ut,N,
3318,LIK,III,M5a-010,,,Opaline/CCS,0%,,Flake,Complete,,,,,,,,,,,,,,,,,,,,,,Yes,Hertzian,Feather,,,,,,,,,,,,,RECTANGULAR,NotPrepared,No,4.77,3.31,Main,,,,,,,,,,,19.64,19.64,6.17,6.17,2.02,0.43,,N,
3319,LIK,III,M5a-010,,,Hornfels,0%,,Flake,Complete,,,,,,,,,,,,,,,,,,,,,,Yes,Hertzian,Feather,,,,,,,,,,,,,RECTANGULAR,NotPrepared,No,3.59,1.43,Main,,,,,,,,,,,10.95,10.95,5.3,5.3,1.53,0.07,,N,
3320,LIK,III,M5a-010,,,Hornfels,0%,,Flake,Complete,,,,,,,,,,,,,,,,,,,,,,Yes,Hertzian,Feather,,,,,,,,,,,,,TRAPEZOIDAL,NotPrepared,No,12.69,4.36,Main,,,,,,,,,,,19.64,19.64,15.47,15.47,4.87,1.28,,N,
3321,LIK,III,M5a-010,,,Opaline/CCS,0%,,Flake,Complete,,,,,,,,,,,,,,,,,,,,,,Yes,Hertzian,Feather,,,,,,,,,,,,,RECTANGULAR,NotPrepared,No,9.59,5.08,Main,,,,,,,,,,,23.56,23.56,10.89,9.77,4.59,1.1,,N,
3322,LIK,III,M5a-010,,,Hornfels,0%,,Flake,Complete,,,,,,,,,,,,,,,,,,,,,,Yes,Hertzian,Feather,,,,,,,,,,,,,TRAPEZOIDAL,NotPrepared,No,4.38,2,Main,,,,,,,,,,,10.89,10.89,14.12,11.09,2.58,0.33,,N,
3323,LIK,III,M5a-010,,,Hornfels,0%,,Flake,Complete,,,,,,,,,,,,,,,,,,,,,,Yes,Hertzian,Feather,,,,,,,,,,,,,RECTANGULAR,Indeterminate,No,2.34,1.04,Main,,,,,,,,,,,12.7,12.7,6.94,6.94,1.7,0.16,,N,
3324,LIK,III,M5a-010,,,Siltstone,0%,,Flake,Complete,,,,,,,,,,,,,,,,,,,,,,Yes,Hertzian,Feather,,,,,,,,,,,,,RECTANGULAR,NotPrepared,No,4.34,1.86,Main,,,,,,,,,,,19.6,19.6,14.06,14.06,7.5,3.04,,N,
3325,LIK,III,M5a-010,,,Quartz,0%,,Core,,Complete,,,,,,,,,,,,,,,,,,,,,,,,,,,,,,,,,,,,,,,,,,Inclined,Radial,Cubic,0%,5,3,2,4,4,9.58,14.29,,13.21,,8.58,1.84,,N,
3326,LIK,III,O5b-007,,,Opaline/CCS,0%,,Core,,Complete,,,,,,,,,,,,,,,,,,,,,,,,,,,,,,,,,,,,,,,,,,Platform,Irregular,Cubic,0%,7,4,4,4,6,25.35,51.8,,26.89,,25.65,72.95,,N,
333,LIK,XIV,P4-056,,,Opaline/CCS,0%,,Flake,Complete,,,,,,,,,,,,,,,,,,,,,,Yes,Hertzian,Feather,,,,,,,,,,,,,RECTANGULAR,NotPrepared,No,8.63,3.87,Main,,,,,,,,,,,21.91,21.91,27.34,24.29,8.35,5.19,,N,
3327,LIK,III,M6b-016,,,Opaline/CCS,0%,,Core,,Complete,,,,,,,,,,,,,,,,,,,,,,,,,,,,,,,,,,,,,,,,,,Inclined,Radial,Cubic,0%,5,3,2,4,6,26.91,36.68,,31.4,,19.11,24.69,,N,
3328,LIK,III,N6b-007,,,Quartz,0%,,Core,,Complete,,,,,,,,,,,,,,,,,,,,,,,,,,,,,,,,,,,,,,,,,,Platform,Irregular,Cubic,0%,5,3,2,5,3,15.07,25.82,,21.43,,13.09,8.75,,N,
3329,LIK,III,N3/4-008,,,Opaline/CCS,0%,,Core,,Complete,,,,,,,,,,,,,,,,,,,,,,,,,,,,,,,,,,,,,,,,,,Bipolar,RiceGrain,Cubic,0%,3,2,2,3,3,12.07,13.22,,4.12,,3.5,0.26,,N,
3330,LIK,III,P4c-006/007,,,Opaline/CCS,0%,,Core,,Complete,,,,,,,,,,,,,,,,,,,,,,,,,,,,,,,,,,,,,,,,,,Platform,Radial,Spherical,0%,4,3,2,3,3,16.62,14.76,,14,,10.19,3.73,,N,
3331,LIK,III,N3a-007,,,Opaline/CCS,0%,,Core,,Complete,,,,,,,,,,,,,,,,,,,,,,,,,,,,,,,,,,,,,,,,,,Platform,Irregular,Spherical,0%,6,3,3,5,7,18.09,26.52,,24.45,,20.27,17.7,,N,
3332,LIK,III,M3a-007,,,Opaline/CCS,0%,,Core,,Complete,,,,,,,,,,,,,,,,,,,,,,,,,,,,,,,,,,,,,,,,,,Inclined,Radial,Spherical,0%,6,4,3,4,7,19.61,40.5,,30.82,,24.39,33.18,,N,
3333,LIK,III,N6b-007,,,Opaline/CCS,0%,,Core,,Complete,,,,,,,,,,,,,,,,,,,,,,,,,,,,,,,,,,,,,,,,,,Platform,Irregular,Cubic,0%,4,3,1,4,5,16.36,34.08,,18,58,,9.24,7,,N
3334,LIK,III,N6b-007,,,Opaline/CCS,0%,,Core,,Complete,,,,,,,,,,,,,,,,,,,,,,,,,,,,,,,,,,,,,,,,,,Platform,Irregular,Cubic,0%,6,3,3,6,2,12.42,32.69,,18.13,,15.09,10,,N,
3335,LIK,III,N4b-009,,,Opaline/CCS,0%,,Core,,Complete,,,,,,,,,,,,,,,,,,,,,,,,,,,,,,,,,,,,,,,,,,Platform,Bladelet,Cubic,0%,5,3,2,4,5,21.55,23.02,,14.08,,11.44,5.69,,N,
3336,LIK,III,M4c-010,,,Opaline/CCS,0%,,Core,,Complete,,,,,,,,,,,,,,,,,,,,,,,,,,,,,,,,,,,,,,,,,,Platform,Irregular,Cubic,0%,3,2,3,1,3,11.42,25.25,,10.4,,4.51,2.25,Potential core on flake,N,
334,LIK,XIV,P4-056,,,Opaline/CCS,0%,,Flake,Complete,,,,,,,,,,,,,,,,,,,,,,Yes,Hertzian,Feather,,,,,,,,,,,,,OVAL,NotPrepared,No,11.91,3.79,Main,,,,,,,,,,,13.04,13.04,20.32,20.32,4.15,1,,N,
3337,LIK,III,M6a-016,,,Opaline/CCS,0%,,Core,,Complete,,,,,,,,,,,,,,,,,,,,,,,,,,,,,,,,,,,,,,,,,,Platform,Irregular,Cubic,0%,6,3,3,3,4,39.11,46.52,,33.01,,16.97,34.08,,N,
3338,LIK,III,M5b-010,,,Opaline/CCS,0%,,Core,,Complete,,,,,,,,,,,,,,,,,,,,,,,,,,,,,,,,,,,,,,,,,,Platform,Irregular,Spherical,0%,8,4,4,6,5,20.89,31.32,,23.41,,20.15,18.96,,N,
3339,LIK,III,N4d-009,,,Opaline/CCS,0%,,Core,,Complete,,,,,,,,,,,,,,,,,,,,,,,,,,,,,,,,,,,,,,,,,,Platform,Irregular,Cubic,10-40%,4,3,0,4,5,15.15,30.47,,11.43,,8.76,3.67,,N,
3340,LIK,III,M4c-008,,,Opaline/CCS,0%,,Core,,Complete,,,,,,,,,,,,,,,,,,,,,,,,,,,,,,,,,,,,,,,,,,Platform,Bladelet,Cubic,0%,4,3,2,5,2,9.52,14.58,,9.49,,7.66,1.28,,N,
3341,LIK,III,M3c-007,,,Opaline/CCS,0%,,Core,,Complete,,,,,,,,,,,,,,,,,,,,,,,,,,,,,,,,,,,,,,,,,,Bipolar,FlatBladelet,Cubic,0%,4,2,2,2,6,21.99,22.85,,2.58,,6.09,4.13,,N,
3342,LIK,III,M4c-008,,,Opaline/CCS,0%,,Flake,Complete,,,,,,,,,,,,,,,,,,,,,,Yes,Hertzian,Overshot,,,,,,,,,,,,,RECTANGULAR,NotPrepared,No,10.84,10.13,Main,,,,,,,,,,,43.28,43.28,29.32,29.32,13.29,26.5,Ut,N,
3343,LIK,III,N5b-007,,,Opaline/CCS,0%,,Core,,Complete,,,,,,,,,,,,,,,,,,,,,,,,,,,,,,,,,,,,,,,,,,Platform,Irregular,Cubic,0%,4,2,2,3,4,28.38,43.24,,33.72,,18.21,37,,N,
3344,LIK,III,M5c-010,,,Opaline/CCS,0%,,Core,,Complete,,,,,,,,,,,,,,,,,,,,,,,,,,,,,,,,,,,,,,,,,,Platform,Bladelet,Cubic,0%,5,3,2,5,2,13.99,16.29,,12.28,,7.2,2.3,,N,
3345,LIK,III,M5c-010,,,Opaline/CCS,0%,,Core,,Complete,,,,,,,,,,,,,,,,,,,,,,,,,,,,,,,,,,,,,,,,,,Platform,Irregular,Cubic,0%,6,5,3,3,6,27.49,38.03,,27.97,,16.17,25,,N,
3346,LIK,III,N6c-007,,,Opaline/CCS,0%,,Core,,Complete,,,,,,,,,,,,,,,,,,,,,,,,,,,,,,,,,,,,,,,,,,Platform,Irregular,Cubic,0%,9,3,2,3,8,35.95,67.26,,46.47,,23.17,126.75,,N,
335,LIK,XIV,P4-056,,,Opaline/CCS,0%,,Flake,Complete,,,,,,,,,,,,,,,,,,,,,,Yes,Hertzian,Feather,,,,,,,,,,,,,RECTANGULAR,NotPrepared,No,3.47,1.22,Main,,,,,,,,,,,12.18,12.18,4.51,4.51,1.63,0.09,,N,
3347,LIK,I,L7d-062,,,Hornfels,0%,,Flake,Complete,,,,,,,,,,,,,,,,,,,,,,Yes,Hertzian,Feather,,,,,,,,,,,,,RECTANGULAR,NotPrepared,No,15.46,10.13,Main,,,,,,,,,,,60.23,60.23,21.5,21.5,8.4,14.34,Ut,N,
3348,LIK,I,J7d-001,,,Opaline/CCS,0%,,Flake,Complete,,,,,,,,,,,,,,,,,,,,,,Yes,Bending,Feather,,,,,,,,,,,,,TRIANGULAR,NotPrepared,No,9.28,4,Main,,,,,,,,,,,21.97,21.97,11.52,11.41,2.81,0.88,,N,
3349,LIK,I,I7c-063,,,Opaline/CCS,0%,,Flake,Complete,,,,,,,,,,,,,,,,,,,,,,Yes,Hertzian,Feather,,,,,,,,,,,,,TRIANGULAR,NotPrepared,No,5.13,2.05,Main,,,,,,,,,,,9.05,9.05,15.34,9.2,1.85,0.33,,N,
3350,LIK,I,I7c-063,,,Opaline/CCS,0%,,Flake,Distal,,,,,,,,,,,,,,,,,,,,,,,,Feather,,,,,,,,,,,,,RECTANGULAR,,,,,,,,,,,,,,,,11.37,,9.53,,1.6,0.26,,N,
3351,LIK,I,I7c-063,,,Opaline/CCS,0%,,Flake,Complete,,,,,,,,,,,,,,,,,,,,,,Yes,Hertzian,Step,,,,,,,,,,,,,RECTANGULAR,NotPrepared,No,6.13,1.33,Main,,,,,,,,,,,17.58,17.58,10.51,10.51,2.28,0.64,,N,
3352,LIK,I,I7c-063,,,Quartz,0%,,Flake,Complete,,,,,,,,,,,,,,,,,,,,,,Yes,Bending,Feather,,,,,,,,,,,,,RECTANGULAR,NotPrepared,No,9.83,3.8,Main,,,,,,,,,,,11.4,11.4,15.05,15.05,4.02,0.89,Ut,N,
3353,LIK,I,I7c-063,,,Opaline/CCS,0%,,Flake,Complete,,,,,,,,,,,,,,,,,,,,,,Yes,Hertzian,Feather,,,,,,,,,,,,,TRIANGULAR,NotPrepared,No,10.97,2.44,Main,,,,,,,,,,,14.02,14.02,12.43,12.43,2.23,0.48,,N,
3354,LIK,I,I7c-063,,,Opaline/CCS,0%,,Core,,Complete,,,,,,,,,,,,,,,,,,,,,,,,,,,,,,,,,,,,,,,,,,Platform,Irregular,Spherical,0%,6,4,2,3,4,22.77,24.66,,24.24,,18.18,15.64,,N,
3355,LIK,I,I7b-063,,,Opaline/CCS,0%,,Flake,Complete,,,,,,,,,,,,,,,,,,,,,,Yes,Hertzian,Feather,,,,,,,,,,,,,RECTANGULAR,NotPrepared,No,10.63,4.62,Main,,,,,,,,,,,21.02,21.02,20.68,19.22,3.49,2.47,,N,
3356,LIK,I,I7b-063,,,Opaline/CCS,0%,,Flake,Complete,,,,,,,,,,,,,,,,,,,,,,Yes,Hertzian,Overshot,,,,,,,,,,,,,RECTANGULAR,NotPrepared,No,9.86,3.77,Main,,,,,,,,,,,48.38,48.38,26.59,26.59,13.25,14.05,Ut,N,
336,LIK,XIV,P4-056,,,Opaline/CCS,0%,,Flake,Complete,,,,,,,,,,,,,,,,,,,,,,Yes,Hertzian,Feather,,,,,,,,,,,,,TRIANGULAR,ResidualFacetWithBulb,No,7.21,2.97,Main,,,,,,,,,,,21.22,21.22,10.57,10.57,1.52,0.49,,N,
3357,LIK,I,I7b-063,,,Opaline/CCS,0%,,Flake,Complete,,,,,,,,,,,,,,,,,,,,,,Yes,Hertzian,Feather,,,,,,,,,,,,,RECTANGULAR,NotPrepared,No,8.78,3.64,Main,,,,,,,,,,,22.97,22.97,25.33,25.33,2.5,2.75,Ut,N,
3358,LIK,I,I7a-063,,,Opaline/CCS,0%,,Flake,Complete,,,,,,,,,,,,,,,,,,,,,,Yes,Bending,Feather,,,,,,,,,,,,,RECTANGULAR,NotPrepared,No,5.23,1.04,Main,,,,,,,,,,,16.11,16.11,11.26,7.39,2.16,0.31,,N,
3359,LIK,I,I7a-063,,,Opaline/CCS,0%,,Flake,Complete,,,,,,,,,,,,,,,,,,,,,,Yes,Hertzian,Feather,,,,,,,,,,,,,TRAPEZOIDAL,NotPrepared,No,6.29,1.87,Main,,,,,,,,,,,9.72,9.72,16.28,10.92,1.61,0.3,,N,
3360,LIK,I,I7a-063,,,Opaline/CCS,0%,,Flake,Complete,,,,,,,,,,,,,,,,,,,,,,Yes,Hertzian,Feather,,,,,,,,,,,,,TRIANGULAR,NotPrepared,No,16.79,8.12,Main,,,,,,,,,,,30.85,30.85,23.2,17.77,5.77,3.93,Ut,N,
3361,LIK,I,I6c-063,,,Opaline/CCS,0%,,Flake,Proximal,,,,,,,,,,,,,,,,,,,,,,Yes,Bending,,,,,,,,,,,,,,TRIANGULAR,NotPrepared,No,4.18,1.22,,,,,,,,,,,,12.05,,10.34,,2.94,0.3,,N,
3362,LIK,I,I7a-063,,,Opaline/CCS,0%,,Flake,Distal,,,,,,,,,,,,,,,,,,,,,,,,Feather,,,,,,,,,,,,,TRIANGULAR,,,,,,,,,,,,,,,,12.17,,12.16,,3.12,0.44,Ut,N,
3363,LIK,I,I7a-063,,,Opaline/CCS,0%,,Flake,Complete,,,,,,,,,,,,,,,,,,,,,,Yes,Bending,Feather,,,,,,,,,,,,,RECTANGULAR,NotPrepared,No,11.24,2.47,Main,,,,,,,,,,,25.1,25.1,16.47,16.47,2.26,0.92,,N,
3364,LIK,I,I7a-063,,,Hornfels,0%,,Flake,Proximal,,,,,,,,,,,,,,,,,,,,,,Yes,Hertzian,,,,,,,,,,,,,,RECTANGULAR,NotPrepared,No,5.87,1.56,,,,,,,,,,,,6.9,,10.09,,1.91,0.17,,N,
3365,LIK,I,I6b-063,,,Opaline/CCS,0%,,Flake,Distal,,,,,,,,,,,,,,,,,,,,,,,,Feather,,,,,,,,,,,,,TRIANGULAR,,,,,,,,,,,,,,,,7.17,,11.96,,2.43,0.23,,N,
3366,LIK,I,I7a-063,,,Opaline/CCS,0%,,Flake,Distal,,,,,,,,,,,,,,,,,,,,,,,,Feather,,,,,,,,,,,,,TRIANGULAR,,,,,,,,,,,,,,,,14.03,,8.54,,3.13,0.44,,N,
337,LIK,XIV,P4-056,,,Opaline/CCS,0%,,Flake,Distal,,,,,,,,,,,,,,,,,,,,,,,,Feather,,,,,,,,,,,,,RECTANGULAR,,,,,,,,,,,,,,,,17.7,,12.78,,4.66,1.09,,N,
3367,LIK,I,I7a-063,,,Opaline/CCS,0%,,Flake,Complete,,,,,,,,,,,,,,,,,,,,,,Yes,Hertzian,Feather,,,,,,,,,,,,,RECTANGULAR,NotPrepared,No,6.36,1.93,Main,,,,,,,,,,,15.04,15.04,9.33,9.33,3.83,0.59,,N,
3368,LIK,I,I7a-063,,,Opaline/CCS,0%,,Flake,Complete,,,,,,,,,,,,,,,,,,,,,,Yes,Hertzian,Feather,,,,,,,,,,,,,RECTANGULAR,NotPrepared,No,6.72,1.58,Main,,,,,,,,,,,24.79,24.79,10.67,10.67,2.39,0.83,Ut,N,
3369,LIK,I,I7a-063,,,Opaline/CCS,0%,,Flake,Complete,,,,,,,,,,,,,,,,,,,,,,Yes,Hertzian,Feather,,,,,,,,,,,,,RECTANGULAR,NotPrepared,No,5.42,1.45,Main,,,,,,,,,,,18.36,18.36,10.02,10.02,1.62,0.37,,N,
3370,LIK,I,I7a-063,,,Opaline/CCS,0%,,Flake,Complete,,,,,,,,,,,,,,,,,,,,,,Yes,Hertzian,Feather,,,,,,,,,,,,,TRIANGULAR,NotPrepared,No,7.48,2.94,Main,,,,,,,,,,,11.12,11.12,13.58,10.56,2.07,0.23,,N,
3371,LIK,I,I7a-063,,,Opaline/CCS,0%,,Flake,Complete,,,,,,,,,,,,,,,,,,,,,,Yes,Hertzian,Feather,,,,,,,,,,,,,RECTANGULAR,NotPrepared,No,10.91,3.79,Main,,,,,,,,,,,14.8,14.8,15.96,15.96,2.41,0.94,,N,
3372,LIK,I,I7a-063,,,Opaline/CCS,0%,,Flake,Complete,,,,,,,,,,,,,,,,,,,,,,Yes,Hertzian,Feather,,,,,,,,,,,,,RECTANGULAR,NotPrepared,Yes,12.71,4.26,Main,,,,,,,,,,,25.44,25.44,15.87,15.87,3.78,1.65,,N,
3373,LIK,I,I6a-063,,,Opaline/CCS,0%,,Flake,Complete,,,,,,,,,,,,,,,,,,,,,,Yes,Bending,Feather,,,,,,,,,,,,,TRAPEZOIDAL,NotPrepared,No,4.87,1.11,Main,,,,,,,,,,,7.63,7.63,12.12,10.37,0.98,0.08,Ut,N,
3374,LIK,I,I6a-063,,,Opaline/CCS,0%,,Flake,Proximal,,,,,,,,,,,,,,,,,,,,,,Yes,Hertzian,,,,,,,,,,,,,,RECTANGULAR,NotPrepared,No,5.47,1.48,,,,,,,,,,,,8.85,,11.97,,1.83,0.24,,N,
3375,LIK,I,I6a-063,,,Opaline/CCS,0%,,Flake,Distal,,,,,,,,,,,,,,,,,,,,,,,,Feather,,,,,,,,,,,,,RECTANGULAR,,,,,,,,,,,,,,,,11.03,,8.2,,1.93,0.23,Ut,N,
3376,LIK,I,I6a-063,,,Opaline/CCS,0%,,Flake,Complete,,,,,,,,,,,,,,,,,,,,,,Yes,Hertzian,Feather,,,,,,,,,,,,,RECTANGULAR,NotPrepared,No,4.27,1.28,Main,,,,,,,,,,,23.12,23.12,8.19,8.19,1.65,0.48,,N,
338,LIK,XIV,P4-056,,,Opaline/CCS,0%,,Flake,Complete,,,,,,,,,,,,,,,,,,,,,,Yes,Hertzian,Feather,,,,,,,,,,,,,TRAPEZOIDAL,NotPrepared,No,8.36,3.49,Main,,,,,,,,,,,10.84,10.84,17.68,14.07,1.88,0.59,,N,
3377,LIK,I,I6a-063,,,Opaline/CCS,0%,,Flake,Complete,,,,,,,,,,,,,,,,,,,,,,Yes,Hertzian,Feather,,,,,,,,,,,,,RECTANGULAR,NotPrepared,No,3.69,1.04,Main,,,,,,,,,,,12.98,12.98,17.99,17.99,3.19,0.55,Ut,N,
3378,LIK,I,I6a-063,,,Opaline/CCS,0%,,Flake,Complete,,,,,,,0,,0,0,0,0,0,0,0,0,0,0,0,0,0,Yes,Hertzian,Feather,,0,0,0,0,0,0,0,0,0,0,0,OVAL,NotPrepared,No,13.48,6.4,Main,,,,,0,0,0,0,0,0,20.38,20.38,18.97,18.97,5.69,2.4,Ut,N,
3379,LIK,I,I6a-063,,,Opaline/CCS,0%,,Flake,Complete,,,,,,,,,,,,,,,,,,,,,,Yes,Hertzian,Feather,,,,,,,,,,,,,TRAPEZOIDAL,NotPrepared,No,7.06,1.94,Main,,,,,,,,,,,21.49,21.49,22.32,17.1,3.23,1.82,,N,
3380,LIK,I,I6-066,,,Opaline/CCS,0%,,Flake,Complete,,,,,,,,,,,,,,,,,,,,,,Yes,Hertzian,Feather,,,,,,,,,,,,,RECTANGULAR,NotPrepared,No,3.96,2.12,Main,,,,,,,,,,,14.47,14.47,7.74,7.74,1.86,0.25,,N,
3381,LIK,I,I6-066,,,Opaline/CCS,0%,,Flake,Proximal,,,,,,,,,,,,,,,,,,,,,,Yes,Hertzian,,,,,,,,,,,,,,RECTANGULAR,NotPrepared,No,6.1,1.63,,,,,,,,,,,,11.04,,8.42,,1.53,0.23,Ut,N,
3382,LIK,I,I6-066,,,Opaline/CCS,0%,,Flake,Complete,,,,,,,,,,,,,,,,,,,,,,Yes,Hertzian,Feather,,,,,,,,,,,,,RECTANGULAR,NotPrepared,No,7.75,2,Main,,,,,,,,,,,12.29,12.29,13.03,11.25,2.15,0.23,,N,
3383,LIK,I,I5d-063,,,Opaline/CCS,0%,,Flake,Distal,,,,,,,,,,,,,,,,,,,,,,,,Feather,,,,,,,,,,,,,RECTANGULAR,,,,,,,,,,,,,,,,14.78,,4.18,,2.58,0.2,,N,
3384,LIK,I,I5d-063,,,Opaline/CCS,0%,,Flake,Complete,,,,,,,,,,,,,,,,,,,,,,Yes,Hertzian,Feather,,,,,,,,,,,,,RECTANGULAR,Indeterminate,No,3.05,0.83,Main,,,,,,,,,,,13.81,13.81,8.34,8.34,3.01,0.27,,N,
3385,LIK,I,I5d-063,,,Opaline/CCS,0%,,Flake,Complete,,,,,,,,,,,,,,,,,,,,,,Yes,Hertzian,Feather,,,,,,,,,,,,,RECTANGULAR,NotPrepared,No,15.34,5.65,Main,,,,,,,,,,,34.64,34.64,19.81,19.81,7.2,4.43,Ut,N,
3386,LIK,I,I5c-063,,,Opaline/CCS,0%,,Flake,Complete,,,,,,,,,,,,,,,,,,,,,,Yes,Hertzian,Feather,,,,,,,,,,,,,RECTANGULAR,NotPrepared,No,3.68,1.62,Main,,,,,,,,,,,24.45,24.45,9.25,9.25,2.35,0.66,Ut,N,
339,LIK,XIV,P4-056,,,Opaline/CCS,0%,,Flake,Proximal,,,,,,,,,,,,,,,,,,,,,,Yes,Hertzian,,,,,,,,,,,,,,TRIANGULAR,NotPrepared,No,4.92,1.85,,,,,,,,,,,,19.55,,12.89,,3.21,1.28,,N,
3387,LIK,I,I5c-063,,,Hornfels,0%,,Flake,Distal,,,,,,,,,,,,,,,,,,,,,,,,Feather,,,,,,,,,,,,,RECTANGULAR,,,,,,,,,,,,,,,,8.33,,11.46,,1.93,0.22,,N,
3388,LIK,I,I5c-063,,,Hornfels,0%,,Flake,Complete,,,,,,,,,,,,,,,,,,,,,,Yes,Hertzian,Feather,,,,,,,,,,,,,RECTANGULAR,NotPrepared,No,4.23,2.4,Main,,,,,,,,,,,15.02,14.13,5.79,5.79,2.56,0.23,,N,
3389,LIK,I,I5a-063,,,Opaline/CCS,0%,,Flake,Proximal,,,,,,,,,,,,,,,,,,,,,,Yes,Bending,,,,,,,,,,,,,,RECTANGULAR,NotPrepared,No,4.29,3.27,,,,,,,,,,,,10.49,,5.78,,1.29,0.17,,N,
3390,LIK,I,I5-066,,,Opaline/CCS,0%,,Flake,Distal,,,,,,,,,,,,,,,,,,,,,,,,Feather,,,,,,,,,,,,,TRIANGULAR,,,,,,,,,,,,,,,,9.26,,10.86,,1.13,0.14,,N,
3391,LIK,I,I5-066,,,Opaline/CCS,0%,,Flake,Proximal,,,,,,,,,,,,,,,,,,,,,,Yes,Hertzian,,,,,,,,,,,,,,RECTANGULAR,NotPrepared,No,3.73,1.29,,,,,,,,,,,,19.08,,16.15,,2.76,0.93,,N,
3392,LIK,I,I5-066,,,Opaline/CCS,0%,,Flake,Proximal,,,,,,,,,,,,,,,,,,,,,,Yes,Hertzian,,,,,,,,,,,,,,TRAPEZOIDAL,NotPrepared,No,10.51,4.23,,,,,,,,,,,,13.81,,18.09,,5.07,1.66,Ut,N,
3393,LIK,I,I5-066,,,Opaline/CCS,0%,,Flake,Complete,,,,,,,,,,,,,,,,,,,,,,Yes,Hertzian,Feather,,,,,,,,,,,,,RECTANGULAR,NotPrepared,No,7.12,3.62,Main,,,,,,,,,,,17.45,17.45,9.02,9.02,3.08,0.45,,N,
3394,LIK,I,L7b-001,,,Hornfels,0%,,Flake,Complete,,,,,,,,,,,,,,,,,,,,,,Yes,Hertzian,Feather,,,,,,,,,,,,,RECTANGULAR,NotPrepared,No,10.68,2.44,Main,,,,,,,,,,,45.24,45.24,19.34,19.34,4.58,3.82,Ret; Ut,Y,
3395,LIK,I,L7d-061,,,Opaline/CCS,0%,,Flake,Distal,,,,,,,,,,,,,,,,,,,,,,,,Feather,,,,,,,,,,,,,TRIANGULAR,,,,,,,,,,,,,,,,29.45,,11.82,,2.66,0.9,,N,
3396,LIK,I,L7d-061,,,Opaline/CCS,0%,,Flake,Complete,,,,,,,,,,,,,,,,,,,,,,Yes,Hertzian,Feather,,,,,,,,,,,,,RECTANGULAR,NotPrepared,No,8.69,2.44,Main,,,,,,,,,,,23.4,23.4,20.17,20.17,3.41,2,,N,
340,LIK,XIV,P4-056,,,Opaline/CCS,0%,,Flake,Complete,,,,,,,,,,,,,,,,,,,,,,Yes,Bending,Feather,,,,,,,,,,,,,RECTANGULAR,NotPrepared,No,6.07,1.31,Main,,,,,,,,,,,23.06,23.06,14.28,14.28,7.15,2.51,Ret,N,
3397,LIK,I,L7a-001,,,Opaline/CCS,0%,,Flake,Complete,,,,,,,,,,,,,,,,,,,,,,Yes,Hertzian,Overshot,,,,,,,,,,,,,RECTANGULAR,NotPrepared,No,15.64,5.43,Main,,,,,,,,,,,33.52,33.52,15.4,15.4,8.19,6.16,,N,
3398,LIK,I,L7b-061,,,Opaline/CCS,0%,,Flake,Complete,,,,,,,,,,,,,,,,,,,,,,Yes,Hertzian,Feather,,,,,,,,,,,,,TRAPEZOIDAL,NotPrepared,No,7.86,3.44,Main,,,,,,,,,,,11.07,11.07,23.97,13.35,2.91,0.82,,N,
3399,LIK,I,L6d-001,,,Opaline/CCS,0%,,Flake,Complete,,,,,,,,,,,,,,,,,,,,,,Yes,Bending,Feather,,,,,,,,,,,,,TRIANGULAR,NotPrepared,No,4.34,1.48,Main,,,,,,,,,,,13.51,13.51,5.88,5.79,1.87,0.16,,N,
3400,LIK,I,L6d-001,,,Opaline/CCS,0%,,Flake,Complete,,,,,,,,,,,,,,,,,,,,,,Yes,Hertzian,Hinge,,,,,,,,,,,,,TRIANGULAR,NotPrepared,No,2.09,0.79,Main,,,,,,,,,,,9.42,9.42,12.06,9.7,2.16,0.22,,N,
3401,LIK,I,L6d-001,,,Opaline/CCS,0%,,Flake,Complete,,,,,,,,,,,,,,,,,,,,,,Yes,Hertzian,Feather,,,,,,,,,,,,,RECTANGULAR,NotPrepared,No,7.14,1.06,Main,,,,,,,,,,,14.72,11.48,12.15,12.15,1.42,0.38,,N,
3402,LIK,I,L6d-001,,,Opaline/CCS,0%,,Flake,Complete,,,,,,,,,,,,,,,,,,,,,,Yes,Hertzian,Feather,,,,,,,,,,,,,RECTANGULAR,NotPrepared,No,4.08,2.89,Main,,,,,,,,,,,28.73,28.73,10.06,10.06,3.05,1.18,,N,
3403,LIK,I,L6c-001,,,Opaline/CCS,0%,,Flake,Complete,,,,,,,,,,,,,,,,,,,,,,Yes,Hertzian,Feather,,,,,,,,,,,,,RECTANGULAR,NotPrepared,No,7.16,1.6,Main,,,,,,,,,,,20.4,20.4,13.65,13.65,3.49,1.15,,N,
3404,LIK,I,L6b-001,,,Opaline/CCS,10-40%,Cobble,Flake,Complete,,,,,,,,,,,,,,,,,,,,,,Yes,Hertzian,Overshot,,,,,,,,,,,,,RECTANGULAR,NotPrepared,No,6.24,2.54,Main,,,,,,,,,,,24.67,24.67,14.71,14.71,4.89,2.72,,N,
3405,LIK,I,L6b-001,,,Opaline/CCS,0%,,Flake,Complete,,,,,,,,,,,,,,,,,,,,,,Yes,Hertzian,Feather,,,,,,,,,,,,,RECTANGULAR,NotPrepared,No,11.37,4.68,Main,,,,,,,,,,,22.73,22.73,17.86,17.86,2.96,1.66,,Y,
3406,LIK,I,L6a-001,,,Opaline/CCS,0%,,Flake,Complete,,,,,,,,,,,,,,,,,,,,,,Yes,Hertzian,Feather,,,,,,,,,,,,,TRAPEZOIDAL,NotPrepared,No,8.61,1.89,Main,,,,,,,,,,,9.45,9.45,10.87,9.71,1.4,0.17,Ut,N,
34,LIK,XV,O5c-057,,,Opaline/CCS,0%,,Flake,Complete,,,,,,,,,,,,,,,,,,,,,,Yes,Hertzian,Step,,,,,,,,,,,,,TRAPEZOIDAL,NotPrepared,No,13.41,2.57,Main,,,,,,,,,,,16.46,16.46,16.33,14,2.42,1.04,,N,
341,LIK,XIV,P4-056,,,Opaline/CCS,0%,,Flake,Proximal,,,,,,,,,,,,,,,,,,,,,,Yes,Hertzian,,,,,,,,,,,,,,TRIANGULAR,NotPrepared,No,3.4,0.79,,,,,,,,,,,,10.62,,9.26,,1.17,0.1,,N,
3407,LIK,I,L6-061,,,Opaline/CCS,0%,,Flake,Proximal,,,,,,,,,,,,,,,,,,,,,,Yes,Hertzian,,,,,,,,,,,,,,RECTANGULAR,NotPrepared,No,2.64,0.62,,,,,,,,,,,,10.71,,5.26,,0.63,0.05,,N,
3408,LIK,I,L6-061,,,Opaline/CCS,0%,,Flake,Complete,,,,,,,,,,,,,,,,,,,,,,Yes,Hertzian,Feather,,,,,,,,,,,,,RECTANGULAR,NotPrepared,No,3.64,1.44,Main,,,,,,,,,,,13.34,13.34,9.34,9.34,1.96,0.23,,N,
3409,LIK,I,L6-061,,,Hornfels,0%,,Flake,Proximal,,,,,,,,,,,,,,,,,,,,,,Yes,Hertzian,,,,,,,,,,,,,,RECTANGULAR,NotPrepared,No,3.6,0.98,,,,,,,,,,,,7.6,,10.29,,1.22,0.09,,N,
3410,LIK,I,L6-061,,,Opaline/CCS,10-40%,Cobble,Flake,Complete,,,,,,,,,,,,,,,,,,,,,,Yes,Hertzian,Feather,,,,,,,,,,,,,TRIANGULAR,NotPrepared,No,6.77,4.22,Main,,,,,,,,,,,8.58,8.58,10.51,8.75,4.85,0.41,,N,
3411,LIK,I,L6-061,,,Hornfels,0%,,Flake,Complete,,,,,,,,,,,,,,,,,,,,,,Yes,Bending,Feather,,,,,,,,,,,,,RECTANGULAR,NotPrepared,No,8.48,2.81,Main,,,,,,,,,,,10.56,10.56,10.74,8.93,2.91,0.37,,N,
3412,LIK,I,L6-061,,,Hornfels,0%,,Flake,Mesial,,,,,,,,,,,,,,,,,,,,,,,,,,,,,,,,,,,,,RECTANGULAR,,,,,,,,,,,,,,,,9.63,,15.19,,2.68,0.5,,N,
3413,LIK,I,L6-061,,,Hornfels,0%,,Flake,Fragment,,,,,,,,,,,,,,,,,,,,,,,,,,,,,,,,,,,,,RECTANGULAR,,,,,,,,,,,,,,,,16.07,,24.28,,1.65,0.61,,N,
3414,LIK,I,K4a-001,,,Opaline/CCS,0%,,Flake,Complete,,,,,,,,,,,,,,,,,,,,,,Yes,Hertzian,Feather,,,,,,,,,,,,,RECTANGULAR,NotPrepared,No,6.06,2.31,Main,,,,,,,,,,,18.86,18.86,12.81,12.81,2.82,0.87,,N,
3415,LIK,I,K4a-001,,,Opaline/CCS,0%,,Flake,Complete,,,,,,,,,,,,,,,,,,,,,,Yes,Hertzian,Feather,,,,,,,,,,,,,RECTANGULAR,NotPrepared,No,7.27,2.58,Main,,,,,,,,,,,35.17,31.24,16.75,16.75,5.97,4.51,,N,
3416,LIK,I,K4d-001,,,Opaline/CCS,0%,,Flake,Proximal,,,,,,,,,,,,,,,,,,,,,,Yes,Hertzian,,,,,,,,,,,,,,RECTANGULAR,NotPrepared,No,4.3,0.86,,,,,,,,,,,,12.43,,10.35,,1.6,0.29,,N,
342,LIK,XIV,P4-056,,,Opaline/CCS,0%,,Flake,Proximal,,,,,,,,,,,,,,,,,,,,,,Yes,Hertzian,,,,,,,,,,,,,,TRAPEZOIDAL,NotPrepared,No,8.21,2.47,,,,,,,,,,,,15.35,,19.47,,2.78,1.12,,N,
3417,LIK,I,K4d-001,,,Opaline/CCS,0%,,Flake,Complete,,,,,,,,,,,,,,,,,,,,,,Yes,Hertzian,Hinge,,,,,,,,,,,,,RECTANGULAR,NotPrepared,No,5.4,2.27,Main,,,,,,,,,,,25.58,25.58,13.96,13.96,3.06,1.53,Ut,N,
3418,LIK,I,K5b-001,,,Opaline/CCS,0%,,Flake,Complete,,,,,,,,,,,,,,,,,,,,,,Yes,Hertzian,Feather,,,,,,,,,,,,,RECTANGULAR,NotPrepared,No,2.83,1.72,Main,,,,,,,,,,,17.14,17.14,3.4,3.4,2.89,0.21,,N,
3419,LIK,I,K5b-001,,,Opaline/CCS,0%,,Flake,Distal,,,,,,,,,,,,,,,,,,,,,,,,Feather,,,,,,,,,,,,,TRIANGULAR,,,,,,,,,,,,,,,,9.33,,10.5,,1.66,0.13,,N,
3420,LIK,I,K5b-001,,,Opaline/CCS,0%,,Flake,Distal,,,,,,,,,,,,,,,,,,,,,,,,Feather,,,,,,,,,,,,,RECTANGULAR,,,,,,,,,,,,,,,,12.58,,4.96,,2.31,0.24,,N,
3421,LIK,I,K5b-001,,,Opaline/CCS,0%,,Flake,Complete,,,,,,,,,,,,,,,,,,,,,,Yes,Hertzian,Feather,,,,,,,,,,,,,RECTANGULAR,NotPrepared,No,6.16,3.12,Main,,,,,,,,,,,17.54,17.54,18.15,18.15,2.93,1.17,,N,
3422,LIK,I,K5b-001,,,Hornfels,0%,,Flake,Complete,,,,,,,,,,,,,,,,,,,,,,Yes,Hertzian,Feather,,,,,,,,,,,,,TRAPEZOIDAL,NotPrepared,No,18.74,9.12,Main,,,,,,,,,,,10.58,10.58,23.49,20.89,7.21,1.8,,N,
3423,LIK,I,K5a-001,,,Opaline/CCS,0%,,Flake,Complete,,,,,,,,,,,,,,,,,,,,,,Yes,Hertzian,Feather,,,,,,,,,,,,,RECTANGULAR,NotPrepared,No,3.72,1.59,Main,,,,,,,,,,,13.25,13.25,5.89,5.89,1.62,0.2,,N,
3424,LIK,I,K5a-001,,,Opaline/CCS,0%,,Flake,Complete,,,,,,,,,,,,,,,,,,,,,,Yes,Hertzian,Feather,,,,,,,,,,,,,RECTANGULAR,NotPrepared,No,14.17,3.13,Main,,,,,,,,,,,41.11,41.11,20.52,20.52,8.81,7.81,,N,
3425,LIK,I,J5c-063,,,Hornfels,0%,,Flake,Complete,,,,,,,,,,,,,,,,,,,,,,Yes,Hertzian,Feather,,,,,,,,,,,,,RECTANGULAR,NotPrepared,No,4.27,1.88,Main,,,,,,,,,,,11.29,11.29,7.42,7.42,3.63,0.34,,N,
3426,LIK,I,J5c-063,,,Opaline/CCS,0%,,Flake,Distal,,,,,,,,,,,,,,,,,,,,,,,,Feather,,,,,,,,,,,,,RECTANGULAR,,,,,,,,,,,,,,,,21.92,,10.92,,1.93,0.61,,N,
343,LIK,XIV,P4-056,,,Opaline/CCS,0%,,Flake,Complete,,,,,,,,,,,,,,,,,,,,,,Yes,Bending,Feather,,,,,,,,,,,,,RECTANGULAR,NotPrepared,No,8.78,3.56,Main,,,,,,,,,,,21.64,15.31,9.21,9.21,2.25,0.59,,N,
3427,LIK,I,J5c-063,,,Opaline/CCS,0%,,Flake,Complete,,,,,,,,,,,,,,,,,,,,,,Yes,Wedging,Feather,,,,,,,,,,,,,RECTANGULAR,Indeterminate,No,5.08,0.97,Main,,,,,,,,,,,30.24,27.12,10.08,10.08,2.63,0.87,,N,
3428,LIK,I,J5b-063,,,Opaline/CCS,0%,,Flake,Complete,,,,,,,,,,,,,,,,,,,,,,Yes,Hertzian,Feather,,,,,,,,,,,,,TRIANGULAR,NotPrepared,No,5.83,2.87,Main,,,,,,,,,,,12.34,12.34,10.3,8.86,1.7,0.21,,N,
3429,LIK,I,J5b-063,,,Opaline/CCS,0%,,Flake,Complete,,,,,,,,,,,,,,,,,,,,,,Yes,Hertzian,Overshot,,,,,,,,,,,,,RECTANGULAR,NotPrepared,No,7.04,3.43,Main,,,,,,,,,,,10.16,10.16,12.82,12.82,3.95,0.65,,N,
3430,LIK,I,I7d-063,,,Opaline/CCS,0%,,Flake,Complete,,,,,,,,,,,,,,,,,,,,,,Yes,Hertzian,Feather,,,,,,,,,,,,,RECTANGULAR,NotPrepared,No,3.44,1.11,Main,,,,,,,,,,,13.95,13.95,8.34,8.34,1.9,0.15,,N,
3431,LIK,I,I7d-063,,,Opaline/CCS,10-40%,Outcrop,Flake,Distal,,,,,,,,,,,,,,,,,,,,,,,,Feather,,,,,,,,,,,,,RECTANGULAR,,,,,,,,,,,,,,,,8.95,,11.35,,1.86,0.3,Ut,N,
3432,LIK,I,I7d-063,,,Opaline/CCS,0%,,Flake,Complete,,,,,,,,,,,,,,,,,,,,,,Yes,Hertzian,Feather,,,,,,,,,,,,,TRAPEZOIDAL,NotPrepared,No,5.04,2.97,CoreMaintenance,,,,,,,,,,,7.42,7.42,15.82,14.07,3.49,0.71,,N,
3433,LIK,I,I7d-063,,,Opaline/CCS,0%,,Flake,Distal,,,,,,,,,,,,,,,,,,,,,,,,Feather,,,,,,,,,,,,,TRIANGULAR,,,,,,,,,,,,,,,,12.67,,6.76,,1.29,0.08,,N,
3434,LIK,I,I7d-063,,,Opaline/CCS,0%,,Flake,Complete,,,,,,,,,,,,,,,,,,,,,,Yes,Hertzian,Feather,,,,,,,,,,,,,RECTANGULAR,NotPrepared,No,4.9,1.58,Main,,,,,,,,,,,9.75,9.75,13.43,12.31,1.54,0.26,,N,
3436,LIK,I,I7d-063,,,Opaline/CCS,0%,,Flake,Distal,,,,,,,,,,,,,,,,,,,,,,,,Feather,,,,,,,,,,,,,RECTANGULAR,,,,,,,,,,,,,,,,16.36,,19.39,,5.95,2.59,,N,
3437,LIK,I,I7d-063,,,Siltstone,0%,,Flake,Complete,,,,,,,,,,,,,,,,,,,,,,Yes,Bending,Feather,,,,,,,,,,,,,RECTANGULAR,NotPrepared,No,5.67,1.99,Main,,,,,,,,,,,18.62,18.62,11.4,11.4,2.66,0.75,,N,
344,LIK,XIV,P4-056,,,Opaline/CCS,0%,,Flake,Complete,,,,,,,,,,,,,,,,,,,,,,Yes,Wedging,Hinge,,,,,,,,,,,,,RECTANGULAR,Indeterminate,No,4.49,0.94,Main,,,,,,,,,,,9.11,6.48,12.94,12.94,1.63,0.2,,N,
3438,LIK,I,J5-066,,,Opaline/CCS,0%,,Flake,Proximal,,,,,,,,,,,,,,,,,,,,,,Yes,Hertzian,,,,,,,,,,,,,,RECTANGULAR,NotPrepared,No,4.48,1.99,,,,,,,,,,,,19.29,,11.36,,2.54,0.96,,N,
3439,LIK,I,J5-066,,,Opaline/CCS,0%,,Flake,Complete,,,,,,,,,,,,,,,,,,,,,,Yes,Hertzian,Feather,,,,,,,,,,,,,RECTANGULAR,NotPrepared,No,6.57,1.79,Main,,,,,,,,,,,12.35,12.35,12.11,12.11,1.7,0.35,,N,
3440,LIK,I,J5-066,,,Opaline/CCS,0%,,Flake,Proximal,,,,,,,,,,,,,,,,,,,,,,Yes,Hertzian,,,,,,,,,,,,,,RECTANGULAR,NotPrepared,No,6.08,1.01,,,,,,,,,,,,7.57,,9.47,,1.39,0.18,,N,
3441,LIK,I,J5-066,,,Opaline/CCS,0%,,Flake,Complete,,,,,,,,,,,,,,,,,,,,,,Yes,Hertzian,Feather,,,,,,,,,,,,,TRAPEZOIDAL,NotPrepared,No,3.98,0.92,Main,,,,,,,,,,,11.02,11.02,12.22,10.74,0.99,0.14,,N,
3442,LIK,I,J5-066,,,Opaline/CCS,0%,,Flake,Mesial,,,,,,,,,,,,,,,,,,,,,,,,,,,,,,,,,,,,,RECTANGULAR,,,,,,,,,,,,,,,,11.8,,15.71,,1.59,0.49,,N,
3443,LIK,I,P5c-001,,,Opaline/CCS,0%,,Flake,Complete,,,,,,,,,,,,,,,,,,,,,,Yes,Hertzian,Feather,,,,,,,,,,,,,RECTANGULAR,NotPrepared,No,4.29,1.98,Main,,,,,,,,,,,13.55,13.55,4.54,4.54,3.51,0.21,,N,
3444,LIK,I,P5c-001,,,Opaline/CCS,0%,,Flake,Complete,,,,,,,,,,,,,,,,,,,,,,Yes,Hertzian,Hinge,,,,,,,,,,,,,OVAL,NotPrepared,No,2.99,1.38,Main,,,,,,,,,,,8.41,8.41,10.93,9.46,1.9,0.18,,N,
3445,LIK,I,P5c-001,,,Opaline/CCS,0%,,Flake,Complete,,,,,,,,,,,,,,,,,,,,,,Yes,Hertzian,Hinge,,,,,,,,,,,,,RECTANGULAR,NotPrepared,No,5.14,1.81,Main,,,,,,,,,,,15.13,15.13,17.82,15.19,3.05,1,,N,
3446,LIK,I,K5c-001,,,Opaline/CCS,0%,,Flake,Complete,,,,,,,,,,,,,,,,,,,,,,Yes,Hertzian,Feather,,,,,,,,,,,,,RECTANGULAR,NotPrepared,No,5.42,1.22,Main,,,,,,,,,,,20.24,20.24,10.71,10.71,3.29,0.7,,N,
3447,LIK,I,K5c-001,,,Opaline/CCS,0%,,Flake,Complete,,,,,,,,,,,,,,,,,,,,,,Yes,Hertzian,Feather,,,,,,,,,,,,,RECTANGULAR,NotPrepared,No,4.93,1.73,Main,,,,,,,,,,,38.45,38.45,10.98,10.98,3.7,1.65,,N,
345,LIK,XIV,P4-056,,,Opaline/CCS,0%,,Flake,Complete,,,,,,,,,,,,,,,,,,,,,,Yes,Hertzian,Feather,,,,,,,,,,,,,RECTANGULAR,Indeterminate,No,3.58,0.7,Main,,,,,,,,,,,21.8,15.57,11.55,11.55,1.08,0.32,,N,
3448,LIK,I,K5d-001,,,Opaline/CCS,0%,,Flake,Complete,,,,,,,,,,,,,,,,,,,,,,Yes,Hertzian,Feather,,,,,,,,,,,,,RECTANGULAR,NotPrepared,No,5.95,2,Main,,,,,,,,,,,14.51,14.51,9,7.22,2.19,0.23,Ut,N,
3449,LIK,I,K5d-001,,,Opaline/CCS,0%,,Flake,Complete,,,,,,,,,,,,,,,,,,,,,,Yes,Hertzian,Feather,,,,,,,,,,,,,TRIANGULAR,NotPrepared,No,6.52,2.22,Main,,,,,,,,,,,19.98,19.98,11.88,10.4,2.93,0.66,,N,
3450,LIK,I,K6-061,,,Opaline/CCS,0%,,Flake,Complete,,,,,,,,,,,,,,,,,,,,,,Yes,Hertzian,Feather,,,,,,,,,,,,,RECTANGULAR,NotPrepared,No,4.03,2.4,Main,,,,,,,,,,,26.61,23.35,6.27,6.27,2.35,0.55,,N,
3451,LIK,I,K6b-062,,,Opaline/CCS,0%,,Flake,Proximal,,,,,,,,,,,,,,,,,,,,,,Yes,Hertzian,,,,,,,,,,,,,,RECTANGULAR,NotPrepared,No,3.68,1.01,,,,,,,,,,,,14.32,,11.86,,2.01,0.35,,N,
3452,LIK,I,K6b-062,,,Opaline/CCS,0%,,Flake,Complete,,,,,,,,,,,,,,,,,,,,,,Yes,Hertzian,Feather,,,,,,,,,,,,,RECTANGULAR,NotPrepared,No,3.29,0.95,Main,,,,,,,,,,,18.01,18.01,5.66,5.66,1.98,0.18,,N,
3453,LIK,I,K6b-062,,,Opaline/CCS,0%,,Flake,Complete,,,,,,,,,,,,,,,,,,,,,,Yes,Hertzian,Feather,,,,,,,,,,,,,RECTANGULAR,NotPrepared,No,3.44,1.41,Main,,,,,,,,,,,9.01,9.01,9.87,9.87,1.81,0.18,,N,
3454,LIK,I,K6b-062,,,Opaline/CCS,0%,,Flake,Complete,,,,,,,,,,,,,,,,,,,,,,Yes,Hertzian,Feather,,,,,,,,,,,,,RECTANGULAR,NotPrepared,No,2.76,1.69,Main,,,,,,,,,,,17.31,17.31,6.16,6.16,2.18,0.29,,N,
3455,LIK,I,K6b-062,,,Opaline/CCS,0%,,Flake,Complete,,,,,,,,,,,,,,,,,,,,,,Yes,Hertzian,Feather,,,,,,,,,,,,,RECTANGULAR,NotPrepared,No,2.42,1.29,Main,,,,,,,,,,,17.04,17.04,8.26,8.26,2.06,0.33,,N,
3456,LIK,I,K6b-062,,,Opaline/CCS,0%,,Flake,Complete,,,,,,,,,,,,,,,,,,,,,,Yes,Hertzian,Feather,,,,,,,,,,,,,RECTANGULAR,NotPrepared,No,5.03,2.29,Main,,,,,,,,,,,38.53,38.53,20.72,20.72,7.05,6.46,,N,
3457,LIK,I,K6b-062,,,Opaline/CCS,0%,,Core,,Complete,,,,,,,,,,,,,,,,,,,,,,,,,,,,,,,,,,,,,,,,,,Platform,Irregular,Cubic,0%,5,3,3,4,5,24.53,33.21,,28.29,,13.95,24.82,,N,
346,LIK,XIV,P4-056,,,Opaline/CCS,0%,,Flake,Distal,,,,,,,,,,,,,,,,,,,,,,,,Hinge,,,,,,,,,,,,,OVAL,,,,,,,,,,,,,,,,15.64,,22.98,,3.26,1.46,,N,
3458,LIK,I,K6b-001,,,Opaline/CCS,0%,,Flake,Distal,,,,,,,,,,,,,,,,,,,,,,,,Feather,,,,,,,,,,,,,RECTANGULAR,,,,,,,,,,,,,,,,16.41,,12.61,,1.79,0.47,,N,
3459,LIK,I,K6b-001,,,Opaline/CCS,0%,,Flake,Complete,,,,,,,,,,,,,,,,,,,,,,Yes,Hertzian,Feather,,,,,,,,,,,,,RECTANGULAR,NotPrepared,No,3,1.76,Main,,,,,,,,,,,26.73,26.73,11.18,11.18,2.85,0.75,,N,
3460,LIK,I,K6b-001,,,Opaline/CCS,0%,,Flake,Complete,,,,,,,,,,,,,,,,,,,,,,Yes,Hertzian,Feather,,,,,,,,,,,,,TRAPEZOIDAL,NotPrepared,No,7.25,3.26,Main,,,,,,,,,,,25.49,25.49,12.63,12.63,4.97,1.46,,N,
3461,LIK,I,K6c-001,,,Opaline/CCS,0%,,Flake,Complete,,,,,,,,,,,,,,,,,,,,,,Yes,Hertzian,Feather,,,,,,,,,,,,,RECTANGULAR,NotPrepared,No,5.16,1.09,Main,,,,,,,,,,,12.74,12.74,11.55,11.55,2.55,0.38,,N,
3462,LIK,I,K6c-001,,,Opaline/CCS,0%,,Flake,Complete,,,,,,,,,,,,,,,,,,,,,,Yes,Hertzian,Feather,,,,,,,,,,,,,KITE,NotPrepared,No,5.86,1.41,Main,,,,,,,,,,,31.09,31.09,20.54,20.54,3.01,2.34,,N,
3463,LIK,I,K6c-001,,,Opaline/CCS,0%,,Flake,Complete,,,,,,,,,,,,,,,,,,,,,,Yes,Hertzian,Feather,,,,,,,,,,,,,RECTANGULAR,NotPrepared,No,8.23,1.77,Main,,,,,,,,,,,37.09,37.09,23.3,23.3,7.08,8,,N,
3464,LIK,I,K6c-001,,,Opaline/CCS,0%,,Flake,Complete,,,,,,,,,,,,,,,,,,,,,,Yes,Hertzian,Feather,,,,,,,,,,,,,RECTANGULAR,NotPrepared,No,4.17,1.49,Main,,,,,,,,,,,32.19,32.19,12.39,12.39,4.26,2.31,Ut,N,
3465,LIK,I,K6c-001,,,Opaline/CCS,0%,,Flake,Complete,,,,,,,,,,,,,,,,,,,,,,Yes,Hertzian,Feather,,,,,,,,,,,,,RECTANGULAR,NotPrepared,No,3.83,1.03,Main,,,,,,,,,,,26.62,26.62,8.73,8.73,3.81,0.79,Ut,N,
3466,LIK,I,J6b-063,,,Hornfels,0%,,Flake,Complete,,,,,,,,,,,,,,,,,,,,,,Yes,Hertzian,Feather,,,,,,,,,,,,,RECTANGULAR,NotPrepared,No,3.85,2.18,Main,,,,,,,,,,,11.99,11.99,4.51,4.51,2.03,0.16,,N,
3467,LIK,I,J6b-063,,,Hornfels,0%,,Flake,Mesial,,,,,,,,,,,,,,,,,,,,,,,,,,,,,,,,,,,,,RECTANGULAR,,,,,,,,,,,,,,,,9.93,,10.12,,1.7,0.27,,N,
347,LIK,XIV,P4-056,,,Opaline/CCS,0%,,Flake,Complete,,,,,,,,,,,,,,,,,,,,,,Yes,Bending,Feather,,,,,,,,,,,,,RECTANGULAR,NotPrepared,No,10.08,7.48,Main,,,,,,,,,,,17.42,17.42,17.06,17.06,6.15,2.18,,N,
3468,LIK,I,J6b-063,,,Hornfels,0%,,Flake,Complete,,,,,,,,,,,,,,,,,,,,,,Yes,Hertzian,Feather,,,,,,,,,,,,,RECTANGULAR,NotPrepared,No,5.75,1.95,Main,,,,,,,,,,,10.9,10.9,15.61,12.87,1.69,0.36,,N,
3469,LIK,I,J6b-063,,,Hornfels,0%,,Flake,Complete,,,,,,,,,,,,,,,,,,,,,,Yes,Bending,Feather,,,,,,,,,,,,,RECTANGULAR,NotPrepared,No,9.25,2.85,Main,,,,,,,,,,,19.86,19.86,13.99,13.99,3.66,1.25,,N,
3470,LIK,I,J6b-063,,,Opaline/CCS,0%,,Flake,Distal,,,,,,,,,,,,,,,,,,,,,,,,Feather,,,,,,,,,,,,,TRIANGULAR,,,,,,,,,,,,,,,,16.88,,10.86,,4.72,0.94,,N,
3471,LIK,I,J6b-063,,,Opaline/CCS,0%,,Flake,Complete,,,,,,,,,,,,,,,,,,,,,,Yes,Hertzian,Feather,,,,,,,,,,,,,TRIANGULAR,NotPrepared,No,4.98,2.62,Main,,,,,,,,,,,22.56,22.56,20.97,20.97,5.94,2.78,Ut,N,
3472,LIK,I,J6b-063,,,Opaline/CCS,0%,,Flake,Complete,,,,,,,,,,,,,,,,,,,,,,Yes,Hertzian,Feather,,,,,,,,,,,,,RECTANGULAR,NotPrepared,No,10.75,4.03,Main,,,,,,,,,,,26.78,26.78,16.48,16.48,6.6,2.4,,N,
3473,LIK,I,J6b-063,,,Quartz,0%,,Flake,Complete,,,,,,,,,,,,,,,,,,,,,,Yes,Hertzian,Feather,,,,,,,,,,,,,RECTANGULAR,NotPrepared,No,8.78,4.89,Main,,,,,,,,,,,13.59,13.59,11.52,11.52,4.45,0.81,,N,
3474,LIK,I,J6c-063,,,Opaline/CCS,0%,,Flake,Proximal,,,,,,,,,,,,,,,,,,,,,,Yes,Hertzian,,,,,,,,,,,,,,RECTANGULAR,NotPrepared,No,8.46,3.39,,,,,,,,,,,,11.09,,12.77,,1.77,0.53,,N,
3475,LIK,I,J6d-063,,,Hornfels,0%,,Flake,Complete,,,,,,,,,,,,,,,,,,,,,,Yes,Hertzian,Feather,,,,,,,,,,,,,RECTANGULAR,NotPrepared,No,3.52,1,Main,,,,,,,,,,,18.68,18.68,7.02,7.02,1.27,0.16,,N,
3476,LIK,I,J6d-063,,,Opaline/CCS,0%,,Flake,Complete,,,,,,,,,,,,,,,,,,,,,,Yes,Hertzian,Feather,,,,,,,,,,,,,RECTANGULAR,NotPrepared,No,3.66,1.15,Main,,,,,,,,,,,27.67,27.67,13.8,13.8,2.02,1,,N,
3477,LIK,I,J6d-062,,,Opaline/CCS,0%,,Flake,Mesial,,,,,,,,,,,,,,,,,,,,,,,,,,,,,,,,,,,,,RECTANGULAR,,,,,,,,,,,,,,,,9.22,,19.34,,2.43,0.43,,N,
348,LIK,XIV,P4-056,,,Opaline/CCS,1-10%,Cobble,Flake,Complete,,,,,,,,,,,,,,,,,,,,,,Yes,Hertzian,Feather,,,,,,,,,,,,,TRIANGULAR,NotPrepared,No,11.62,1.66,Main,,,,,,,,,,,14.57,14.57,20.77,20.77,1.39,0.71,,N,
3478,LIK,I,J6d-062,,,Opaline/CCS,0%,,Flake,Complete,,,,,,,,,,,,,,,,,,,,,,Yes,Hertzian,Feather,,,,,,,,,,,,,TRIANGULAR,NotPrepared,No,6.41,2.53,Main,,,,,,,,,,,16.15,16.15,10.16,8.96,1.97,0.29,,N,
3479,LIK,I,J6d-062,,,Opaline/CCS,10-40%,Cobble,Flake,Complete,,,,,,,,,,,,,,,,,,,,,,Yes,Hertzian,Feather,,,,,,,,,,,,,RECTANGULAR,NotPrepared,No,7,2.16,Main,,,,,,,,,,,31.61,31.61,18.17,18.17,3.55,2.3,,N,
3480,LIK,I,L5-061,,,Opaline/CCS,0%,,Flake,Complete,,,,,,,,,,,,,,,,,,,,,,Yes,Hertzian,Feather,,,,,,,,,,,,,RECTANGULAR,NotPrepared,No,7.82,4.03,Main,,,,,,,,,,,18.1,18.1,11.48,11.48,6.94,1.31,,N,
3481,LIK,I,L5-061,,,Hornfels,10-40%,Cobble,Flake,Complete,,,,,,,,,,,,,,,,,,,,,,Yes,Hertzian,Feather,,,,,,,,,,,,,RECTANGULAR,NotPrepared,No,12.99,5.61,Main,,,,,,,,,,,26.17,26.17,28.13,28.13,5.62,4.64,,N,
3482,LIK,I,L5-061,,,Basalt,0%,,Flake,Complete,,,,,,,,,,,,,,,,,,,,,,Yes,Hertzian,Feather,,,,,,,,,,,,,TRAPEZOIDAL,NotPrepared,No,17.53,12.19,Main,,,,,,,,,,,55.45,55.45,35.59,35.59,12.05,32.76,,N,
3483,LIK,I,K7c-062,,,Opaline/CCS,0%,,Core,,Complete,,,,,,,,,,,,,,,,,,,,,,,,,,,,,,,,,,,,,,,,,,Platform,Irregular,Cubic,0%,4,3,4,2,3,10.32,15.59,,13.16,,6.62,2.55,,N,
3484,LIK,I,K7c-001,,,Opaline/CCS,0%,,Flake,Proximal,,,,,,,,,,,,,,,,,,,,,,Yes,Bending,,,,,,,,,,,,,,TRIANGULAR,NotPrepared,No,6.03,2.11,,,,,,,,,,,,8.95,,13.96,,1.36,0.29,,N,
3485,LIK,I,K7c-001,,,Opaline/CCS,0%,,Flake,Complete,,,,,,,,,,,,,,,,,,,,,,Yes,Hertzian,Feather,,,,,,,,,,,,,RECTANGULAR,NotPrepared,No,12.1,2.66,Main,,,,,,,,,,,10.7,10.7,14.25,10.21,2.73,0.52,,N,
3486,LIK,I,K7c-001,,,Opaline/CCS,0%,,Flake,Complete,,,,,,,,,,,,,,,,,,,,,,Yes,Hertzian,Feather,,,,,,,,,,,,,RECTANGULAR,NotPrepared,No,10.79,4.89,Main,,,,,,,,,,,29.69,29.69,30.04,30.04,5.1,4.1,,N,
3487,LIK,I,K7c-001,,,Opaline/CCS,0%,,Flake,Complete,,,,,,,,,,,,,,,,,,,,,,Yes,Hertzian,Feather,,,,,,,,,,,,,TRIANGULAR,NotPrepared,No,7.44,1.64,Main,,,,,,,,,,,46.9,46.9,13.94,12.14,5.92,3.37,Ut,N,
349,LIK,XIV,P4-056,,,Opaline/CCS,0%,,Flake,Complete,,,,,,,,,,,,,,,,,,,,,,Yes,Hertzian,Feather,,,,,,,,,,,,,RECTANGULAR,NotPrepared,No,3.73,2.08,Main,,,,,,,,,,,16.12,16.12,8.44,8.44,1.74,0.31,Ret,Y,
3488,LIK,I,K7c-001,,,Opaline/CCS,0%,,Flake,Complete,,,,,,,,,,,,,,,,,,,,,,Yes,Hertzian,Feather,,,,,,,,,,,,,RECTANGULAR,NotPrepared,No,17.63,10.55,Main,,,,,,,,,,,21.01,21.01,22.84,22.84,4.95,4.66,,N,
3489,LIK,I,K7d-063,,,Hornfels,0%,,Flake,Complete,,,,,,,,,,,,,,,,,,,,,,Yes,Hertzian,Feather,,,,,,,,,,,,,TRIANGULAR,NotPrepared,No,8.06,2.75,Main,,,,,,,,,,,28.18,28.18,11.13,11.13,4.79,1.28,,N,
3490,LIK,I,K7d-062,,,Opaline/CCS,0%,,Flake,Complete,,,,,,,,,,,,,,,,,,,,,,Yes,Hertzian,Overshot,,,,,,,,,,,,,RECTANGULAR,NotPrepared,No,6.84,2.91,Main,,,,,,,,,,,27.42,27.42,22.91,22.91,4.78,3.92,,N,
3491,LIK,I,K7d-062,,,Opaline/CCS,0%,,Flake,Complete,,,,,,,0,,0,0,0,0,0,0,0,0,0,0,0,0,0,Yes,Hertzian,Feather,,0,0,0,0,0,0,0,0,0,0,0,TRIANGULAR,NotPrepared,No,5.04,2.08,Main,,,,,0,0,0,0,0,0,25.92,25.92,14.21,12.67,2,0.9,Ut,N,
3492,LIK,I,L4-001,,,Opaline/CCS,0%,,Flake,Proximal,,,,,,,,,,,,,,,,,,,,,,Yes,Hertzian,,,,,,,,,,,,,,RECTANGULAR,NotPrepared,No,4.71,3.23,,,,,,,,,,,,22,,15.03,,5.12,1.89,,N,
3493,LIK,I,L4-001,,,Opaline/CCS,0%,,Flake,Complete,,,,,,,,,,,,,,,,,,,,,,Yes,Hertzian,Feather,,,,,,,,,,,,,RECTANGULAR,NotPrepared,No,2.39,1.6,Main,,,,,,,,,,,13.82,13.82,7.72,7.72,1.58,0.16,,N,
3494,LIK,I,L4-001,,,Opaline/CCS,0%,,Flake,Complete,,,,,,,,,,,,,,,,,,,,,,Yes,Hertzian,Feather,,,,,,,,,,,,,RECTANGULAR,NotPrepared,No,6.75,0.98,Main,,,,,,,,,,,9.28,9.28,8.05,8.05,0.52,0.07,,N,
3495,LIK,I,General-001,,,Opaline/CCS,0%,,Core,,Complete,,,,,,,,,,,,,,,,,,,,,,,,,,,,,,,,,,,,,,,,,,Platform,Irregular,Spherical,0%,6,4,4,5,6,25.01,33.89,,28.41,,19.93,28.71,,N,
3496,LIK,I,Contact of 001,,,Opaline/CCS,0%,,Flake,Distal,,,,,,,,,,,,,,,,,,,,,,,,Feather,,,,,,,,,,,,,RECTANGULAR,,,,,,,,,,,,,,,,14.66,,4.27,,2.22,0.09,Ut,N,
3497,LIK,I,Contact of 001,,,Opaline/CCS,0%,,Flake,Complete,,,,,,,,,,,,,,,,,,,,,,Yes,Hertzian,Feather,,,,,,,,,,,,,RECTANGULAR,NotPrepared,No,4.39,2.34,Main,,,,,,,,,,,22.26,22.26,10.7,10.7,5.05,1.44,Ut,N,
350,LIK,XIV,P4-056,,,Opaline/CCS,0%,,Flake,Complete,,,,,,,,,,,,,,,,,,,,,,Yes,Hertzian,Feather,,,,,,,,,,,,,RECTANGULAR,NotPrepared,No,5.67,0.73,Main,,,,,,,,,,,11.59,11.59,11.44,11.44,2.97,0.35,,N,
3498,LIK,I,Contact of 001,,,Opaline/CCS,0%,,Flake,Complete,,,,,,,,,,,,,,,,,,,,,,Yes,Hertzian,Feather,,,,,,,,,,,,,RECTANGULAR,NotPrepared,No,6.55,3.18,Main,,,,,,,,,,,26.64,26.64,9.21,9.21,2.84,0.96,Ut,N,
3499,LIK,I,I/J 5/6-065,,,Opaline/CCS,0%,,Flake,Complete,,,,,,,,,,,,,,,,,,,,,,Yes,Hertzian,Step,,,,,,,,,,,,,RECTANGULAR,NotPrepared,No,5.4,2.75,Main,,,,,,,,,,,33.7,33.7,18.74,14.31,8.07,6.08,,N,
3500,LIK,I,I/J 5/6-065,,,Opaline/CCS,0%,,Flake,Complete,,,,,,,,,,,,,,,,,,,,,,Yes,Bending,Overshot,,,,,,,,,,,,,TRAPEZOIDAL,NotPrepared,No,15.18,4.86,Main,,,,,,,,,,,44.72,44.72,35.32,22.32,9,20.83,,N,
3501,LIK,I,I/J 5/6-065,,,Tuff,0%,,Flake,Proximal,,,,,,,,,,,,,,,,,,,,,,Yes,Hertzian,,,,,,,,,,,,,,RECTANGULAR,NotPrepared,No,18.14,4.44,,,,,,,,,,,,27.47,,16.02,,4.97,4.08,,N,
3502,LIK,I,J5d-063,,,Hornfels,0%,,Flake,Mesial,,,,,,,,,,,,,,,,,,,,,,,,,,,,,,,,,,,,,RECTANGULAR,,,,,,,,,,,,,,,,5.35,,15.38,,1.8,0.16,,N,
3503,LIK,I,J5d-063,,,Hornfels,0%,,Flake,Complete,,,,,,,,,,,,,,,,,,,,,,Yes,Hertzian,Feather,,,,,,,,,,,,,RECTANGULAR,NotPrepared,No,6.18,2.04,Main,,,,,,,,,,,23.47,23.47,7.75,7.75,1.78,0.47,,N,
3504,LIK,I,J5d-063,,,Hornfels,0%,,Flake,Proximal,,,,,,,,,,,,,,,,,,,,,,Yes,Hertzian,,,,,,,,,,,,,,RECTANGULAR,Indeterminate,No,2.58,1.58,,,,,,,,,,,,13.54,,9.71,,2.15,0.44,,N,
3505,LIK,I,J5d-063,,,Hornfels,0%,,Flake,Complete,,,,,,,,,,,,,,,,,,,,,,Yes,Hertzian,Feather,,,,,,,,,,,,,RECTANGULAR,Indeterminate,No,2.53,1.46,Main,,,,,,,,,,,16.85,16.85,7.35,7.35,1.49,0.22,,N,
3506,LIK,I,J5d-063,,,Hornfels,0%,,Flake,Complete,,,,,,,,,,,,,,,,,,,,,,Yes,Hertzian,Feather,,,,,,,,,,,,,RECTANGULAR,NotPrepared,No,8.77,3.11,Main,,,,,,,,,,,16.3,14.52,10.76,10.76,2.66,0.59,,N,
3507,LIK,I,J5d-063,,,Hornfels,0%,,Flake,Complete,,,,,,,,,,,,,,,,,,,,,,Yes,Hertzian,Feather,,,,,,,,,,,,,RECTANGULAR,NotPrepared,No,14.74,7.83,Main,,,,,,,,,,,23.97,23.97,21.03,21.03,5.79,3.5,,N,
35,LIK,XV,O5c-057,,,Opaline/CCS,0%,,Flake,Complete,,,,,,,,,,,,,,,,,,,,,,Yes,Hertzian,Feather,,,,,,,,,,,,,TRIANGULAR,NotPrepared,No,7.13,2.61,Main,,,,,,,,,,,16.04,16.04,8.96,8.24,1.51,0.27,Possible barbed point (photo on phone),N,
351,LIK,XIV,P4-056,,,Opaline/CCS,0%,,Flake,Complete,,,,,,,,,,,,,,,,,,,,,,Yes,Hertzian,Feather,,,,,,,,,,,,,TRIANGULAR,NotPrepared,No,9.02,3.06,Main,,,,,,,,,,,19.08,10.24,9.03,9.03,0.99,0.36,,N,
3508,LIK,I,J5d-063,,,Opaline/CCS,0%,,Flake,Complete,,,,,,,,,,,,,,,,,,,,,,Yes,Hertzian,Feather,,,,,,,,,,,,,RECTANGULAR,NotPrepared,No,5.07,1.05,Main,,,,,,,,,,,16.82,16.82,12.76,12.09,4.06,1.16,,N,
3509,LIK,I,J5d-063,,,Hornfels,0%,,Flake,Complete,,,,,,,,,,,,,,,,,,,,,,Yes,Hertzian,Feather,,,,,,,,,,,,,TRIANGULAR,NotPrepared,No,9.95,5.61,Main,,,,,,,,,,,41.29,41.29,18.97,18.97,10.68,7.16,,N,
3510,LIK,I,N4a-001,,,Opaline/CCS,0%,,Flake,Mesial,,,,,,,,,,,,,,,,,,,,,,,,,,,,,,,,,,,,,RECTANGULAR,,,,,,,,,,,,,,,,12.79,,7.61,,1.02,0.18,,N,
3511,LIK,I,L5a-001,,,Opaline/CCS,0%,,Flake,Proximal,,,,,,,,,,,,,,,,,,,,,,Yes,Bending,,,,,,,,,,,,,,RECTANGULAR,NotPrepared,No,5.89,2.2,,,,,,,,,,,,20.92,,14.66,,3.79,1.09,Ut,N,
3512,LIK,I,L5a-001,,,Opaline/CCS,0%,,Flake,Complete,,,,,,,,,,,,,,,,,,,,,,Yes,Hertzian,Feather,,,,,,,,,,,,,RECTANGULAR,NotPrepared,No,5.87,1.57,Main,,,,,,,,,,,23.86,23.86,13.95,13.95,3.5,1.37,Ut,N,
3513,LIK,I,J5-001,,,Opaline/CCS,0%,,Flake,Mesial,,,,,,,,,,,,,,,,,,,,,,,,,,,,,,,,,,,,,RECTANGULAR,,,,,,,,,,,,,,,,10.82,,5.61,,1.41,0.11,,N,
3514,LIK,I,J5-001,,,Opaline/CCS,0%,,Flake,Fragment,,,,,,,,,,,,,,,,,,,,,,,,,,,,,,,,,,,,,RECTANGULAR,,,,,,,,,,,,,,,,26.83,,11.13,,11.47,3.92,,N,
3515,LIK,I,J5c-001,,,Opaline/CCS,0%,,Flake,Proximal,,,,,,,,,,,,,,,,,,,,,,Yes,Hertzian,,,,,,,,,,,,,,RECTANGULAR,NotPrepared,No,9.39,5.05,,,,,,,,,,,,24,,15.83,,2.08,1.9,,N,
3516,LIK,I,O6-004,,,Opaline/CCS,0%,,Flake,Distal,,,,,,,,,,,,,,,,,,,,,,,,Feather,,,,,,,,,,,,,TRIANGULAR,,,,,,,,,,,,,,,,12.85,,16.04,,4.61,0.91,,N,
3517,LIK,I,N4a-001,,,Opaline/CCS,0%,,Flake,Complete,,,,,,,,,,,,,,,,,,,,,,Yes,Hertzian,Feather,,,,,,,,,,,,,RECTANGULAR,NotPrepared,No,16.76,5.43,Main,,,,,,,,,,,40.09,40.09,26.57,26.57,8.73,9.56,Ut,N,
352,LIK,XIV,P4-056,,,Opaline/CCS,0%,,Flake,Complete,,,,,,,,,,,,,,,,,,,,,,Yes,Hertzian,Feather,,,,,,,,,,,,,RECTANGULAR,NotPrepared,No,10.65,4.45,Main,,,,,,,,,,,14.39,14.39,16.74,16.74,4.66,1.41,Ret,Y,
3518,LIK,I,N5d-006,,,Opaline/CCS,0%,,Flake,Complete,,,,,,,,,,,,,,,,,,,,,,Yes,Hertzian,Feather,,,,,,,,,,,,,RECTANGULAR,NotPrepared,No,2.95,1.33,Main,,,,,,,,,,,15.38,15.38,6.25,6.25,1.95,0.3,,N,
3519,LIK,I,P5b-001,,,Opaline/CCS,0%,,Flake,Distal,,,,,,,,,,,,,,,,,,,,,,,,Feather,,,,,,,,,,,,,RECTANGULAR,,,,,,,,,,,,,,,,7.94,,13.27,,1.08,0.12,,N,
3520,LIK,I,M4b-002,,,Opaline/CCS,0%,,Flake,Complete,,,,,,,,,,,,,,,,,,,,,,Yes,Bending,Feather,,,,,,,,,,,,,RECTANGULAR,NotPrepared,No,5.65,1.52,Main,,,,,,,,,,,9.78,9.78,9.25,9.25,0.65,0.12,,N,
3521,LIK,I,M5b-001,,,Opaline/CCS,0%,,Flake,Fragment,,,,,,,,,,,,,,,,,,,,,,,,,,,,,,,,,,,,,TRIANGULAR,,,,,,,,,,,,,,,,18.52,,8.28,,4.43,1.05,Ret; Ut; Definite scraper fragment,N,
3522,LIK,I,O5a-001,,,Opaline/CCS,0%,,Flake,Fragment,,,,,,,,,,,,,,,,,,,,,,,,,,,,,,,,,,,,,RECTANGULAR,,,,,,,,,,,,,,,,8.24,,24.91,,4.8,1.1,,N,
3523,LIK,I,O6b-001,,,Opaline/CCS,0%,,Flake,Complete,,,,,,,,,,,,,,,,,,,,,,Yes,Hertzian,Feather,,,,,,,,,,,,,RECTANGULAR,NotPrepared,No,17.94,7.52,Main,,,,,,,,,,,38.8,27.48,35.3,35.3,4.73,6.34,Ut,N,
3524,LIK,I,O6b-001,,,Opaline/CCS,0%,,Flake,Complete,,,,,,,,,,,,,,,,,,,,,,Yes,Hertzian,Feather,,,,,,,,,,,,,TRAPEZOIDAL,NotPrepared,No,24.98,9.47,Main,,,,,,,,,,,52.77,52.77,58.42,44.42,11.74,41.41,Ut,N,
3525,LIK,I,M5b-001,,,Opaline/CCS,0%,,Flake,Complete,,,,,,,,,,,,,,,,,,,,,,Yes,Hertzian,Feather,,,,,,,,,,,,,RECTANGULAR,NotPrepared,No,6.13,1.54,Main,,,,,,,,,,,25.05,25.05,9.7,9.7,2.11,0.78,Ut,N,
3526,LIK,I,M6c-001,,,Opaline/CCS,0%,,Flake,Proximal,,,,,,,,,,,,,,,,,,,,,,Yes,Hertzian,,,,,,,,,,,,,,TRAPEZOIDAL,NotPrepared,No,8.89,2.11,,,,,,,,,,,,11.96,,24.47,,4.63,1.76,Ut,N,
3527,LIK,I,N6d-006,,,Opaline/CCS,0%,,Flake,Proximal,,,,,,,,,,,,,,,,,,,,,,Yes,Hertzian,,,,,,,,,,,,,,RECTANGULAR,NotPrepared,No,8.81,1.95,,,,,,,,,,,,14.78,,18.39,,2.18,1.13,Ut,N,
353,LIK,XIV,P4-056,,,Opaline/CCS,0%,,Flake,Complete,,,,,,,,,,,,,,,,,,,,,,Yes,Hertzian,Feather,,,,,,,,,,,,,OVAL,NotPrepared,No,7.03,3.57,Main,,,,,,,,,,,27.2,27.2,18.81,18.81,4.59,2.81,,N,
3528,LIK,I,M6c-001,,,Hornfels,0%,,Flake,Complete,,,,,,,,,,,,,,,,,,,,,,Yes,Bending,Feather,,,,,,,,,,,,,TRIANGULAR,NotPrepared,No,7.46,2.21,Main,,,,,,,,,,,21.3,21.3,11.31,11.31,2.21,0.79,,N,
3529,LIK,I,M6c-001,,,Opaline/CCS,0%,,Flake,Complete,,,,,,,,,,,,,,,,,,,,,,Yes,Hertzian,Feather,,,,,,,,,,,,,RECTANGULAR,NotPrepared,No,17.83,2.68,Main,,,,,,,,,,,36.71,31.1,21.33,21.33,6.37,7.37,Ut,N,
3530,LIK,I,M6d-006,,,Opaline/CCS,0%,,Flake,Proximal,,,,,,,,,,,,,,,,,,,,,,Yes,Hertzian,,,,,,,,,,,,,,RECTANGULAR,NotPrepared,No,7,3.1,,,,,,,,,,,,14.16,,11.27,,2.67,0.72,,N,
3531,LIK,I,N4a-001,,,Opaline/CCS,0%,,Flake,Complete,,,,,,,,,,,,,,,,,,,,,,Yes,Hertzian,Feather,,,,,,,,,,,,,TRIANGULAR,NotPrepared,No,2.22,1,Main,,,,,,,,,,,6.82,6.82,14.39,10.28,1.37,0.13,,N,
3532,LIK,I,M3a-004,,,Opaline/CCS,0%,,Flake,Complete,,,,,,,,,,,,,,,,,,,,,,Yes,Hertzian,Hinge,,,,,,,,,,,,,TRAPEZOIDAL,NotPrepared,No,13.72,3.81,Main,,,,,,,,,,,16.09,16.09,27.25,20.84,5.07,3.13,Ut,N,
3533,LIK,I,P3-005,,,Opaline/CCS,0%,,Flake,Complete,,,,,,,,,,,,,,,,,,,,,,Yes,Hertzian,Feather,,,,,,,,,,,,,TRIANGULAR,NotPrepared,No,6.21,1.54,Main,,,,,,,,,,,11.05,11.05,6.18,4.49,1.44,0.09,,N,
3534,LIK,I,P3-005,,,Opaline/CCS,0%,,Flake,Proximal,,,,,,,,,,,,,,,,,,,,,,Yes,Hertzian,,,,,,,,,,,,,,RECTANGULAR,NotPrepared,No,9.59,1.8,,,,,,,,,,,,17.26,,14.44,,3.47,1.15,,N,
3535,LIK,I,P3-005,,,Hornfels,0%,,Flake,Complete,,,,,,,,,,,,,,,,,,,,,,Yes,Hertzian,Feather,,,,,,,,,,,,,RECTANGULAR,NotPrepared,No,8.81,5.84,Main,,,,,,,,,,,20.47,20.47,8.8,8.8,5.54,1.43,Ut,N,
3536,LIK,I,P3-005,,,Hornfels,0%,,Flake,Proximal,,,,,,,,,,,,,,,,,,,,,,Yes,Hertzian,,,,,,,,,,,,,,TRAPEZOIDAL,NotPrepared,No,9.84,3,,,,,,,,,,,,10.33,,18.49,,4.45,1.11,,N,
3537,LIK,I,P3-005,,,Hornfels,0%,,Flake,Complete,,,,,,,,,,,,,,,,,,,,,,Yes,Hertzian,Feather,,,,,,,,,,,,,KITE,NotPrepared,No,5.51,2.75,Main,,,,,,,,,,,16.18,16.18,14.81,14.81,4.69,1,,N,
354,LIK,XIV,P4-056,,,Opaline/CCS,0%,,Flake,Complete,,,,,,,,,,,,,,,,,,,,,,Yes,Hertzian,Step,,,,,,,,,,,,,RECTANGULAR,NotPrepared,No,18.37,5.19,Main,,,,,,,,,,,25.47,25.47,20.82,17.81,5.65,3.32,,N,
3538,LIK,I,N5d-006,,,Siltstone,0%,,Flake,Distal,,,,,,,,,,,,,,,,,,,,,,,,Feather,,,,,,,,,,,,,RECTANGULAR,,,,,,,,,,,,,,,,14.12,,5.61,,3.84,0.33,,N,
3539,LIK,I,N4b-001,,,Siltstone,0%,,Flake,Complete,,,,,,,,,,,,,,,,,,,,,,Yes,Bending,Feather,,,,,,,,,,,,,RECTANGULAR,NotPrepared,No,6.46,2.18,Main,,,,,,,,,,,15.68,15.68,11.35,11.35,3.3,0.74,Ut,N,
3540,LIK,I,M6b-001,,,Opaline/CCS,0%,,Flake,Complete,,,,,,,,,,,,,,,,,,,,,,Yes,Hertzian,Feather,,,,,,,,,,,,,RECTANGULAR,NotPrepared,No,11.18,2.51,Main,,,,,,,,,,,46.69,46.69,22.24,22.24,6.99,7.44,Ut,N,
3541,LIK,I,P5b-001,,,Opaline/CCS,0%,,Flake,Complete,,,,,,,,,,,,,,,,,,,,,,Yes,Hertzian,Step,,,,,,,,,,,,,RECTANGULAR,NotPrepared,No,3.49,1.62,Main,,,,,,,,,,,31.33,31.33,9.44,9.44,3.39,1.29,,N,
3542,LIK,I,M5d-001,,,Opaline/CCS,0%,,Flake,Complete,,,,,,,,,,,,,,,,,,,,,,Yes,Hertzian,Feather,,,,,,,,,,,,,RECTANGULAR,NotPrepared,No,4.52,3.33,Main,,,,,,,,,,,25.09,25.09,12.8,12.8,5,2.33,Ut,N,
3543,LIK,I,N4a-001,,,Opaline/CCS,0%,,Flake,Proximal,,,,,,,,,,,,,,,,,,,,,,Yes,Hertzian,,,,,,,,,,,,,,RECTANGULAR,NotPrepared,No,4.26,0.71,,,,,,,,,,,,12.71,,7.66,,1.6,0.19,,N,
3544,LIK,I,M6c-006,,,Opaline/CCS,0%,,Flake,Distal,,,,,,,,,,,,,,,,,,,,,,,,Feather,,,,,,,,,,,,,RECTANGULAR,,,,,,,,,,,,,,,,5.23,,10.14,,2.02,0.11,,N,
3545,LIK,I,O5c-001,,,Opaline/CCS,0%,,Flake,Complete,,,,,,,,,,,,,,,,,,,,,,Yes,Hertzian,Feather,,,,,,,,,,,,,TRIANGULAR,NotPrepared,No,3.46,1.44,Main,,,,,,,,,,,15.74,15.74,8.56,8.56,1.76,0.26,,N,
3546,LIK,I,P5a-001,,,Opaline/CCS,0%,,Flake,Complete,,,,,,,,,,,,,,,,,,,,,,Yes,Hertzian,Feather,,,,,,,,,,,,,RECTANGULAR,Indeterminate,No,6.47,1.93,Main,,,,,,,,,,,36.36,36.36,17.91,17.91,3.46,3.07,,N,
3547,LIK,I,L5d-001,,,Hornfels,0%,,Flake,Complete,,,,,,,,,,,,,,,,,,,,,,Yes,Hertzian,Feather,,,,,,,,,,,,,RECTANGULAR,NotPrepared,No,33.56,15.85,Main,,,,,,,,,,,95.15,95.15,92.57,92.57,20.24,232.06,Ut,N,
355,LIK,XIV,P4-056,,,Opaline/CCS,0%,,Flake,Complete,,,,,,,,,,,,,,,,,,,,,,Yes,Hertzian,Feather,,,,,,,,,,,,,RECTANGULAR,NotPrepared,No,23.47,11.8,Main,,,,,,,,,,,39.48,39.48,28.45,24.21,9.81,17,Ret,N,
3548,LIK,I,L5d-001,,,Opaline/CCS,0%,,Flake,Distal,,,,,,,,,,,,,,,,,,,,,,,,Hinge,,,,,,,,,,,,,RECTANGULAR,,,,,,,,,,,,,,,,16.09,,12.71,,1.79,0.86,,N,
3549,LIK,I,L4a-001,,,Opaline/CCS,0%,,Core,,Complete,,,,,,,,,,,,,,,,,,,,,,,,,,,,,,,,,,,,,,,,,,Platform,Irregular,Spherical,0%,5,3,3,5,4,22.12,37.31,,32.46,,24.78,44.77,,N,
3550,LIK,VI,I7a-085,,,Opaline/CCS,0%,,Core,,Complete,,,,,,,,,,,,,,,,,,,,,,,,,,,,,,,,,,,,,,,,,,Platform,Irregular,Cubic,0%,5,3,3,6,3,28.35,33.63,,22.86,,18.17,27.03,,N,
3551,LIK,V,L5c-021,,,Opaline/CCS,0%,,Flake,Complete,,,,,,,,,,,,,,,,,,,,,,Yes,Bending,Overshot,,,,,,,,,,,,,RHOMBUS,NotPrepared,No,19.79,9.58,Main,,,,,,,,,,,25.59,25.59,24.64,24.64,12.73,14.93,Ut,N,
3552,LIK,XI,O5c-039,,,Hornfels,0%,,Core,,Complete,,,,,,,,,,,,,,,,,,,,,,,,,,,,,,,,,,,,,,,,,,Inclined,Radial,Cubic,0%,6,3,1,5,4,20.91,61.01,,44.21,,27.54,80.18,Possible core on flake,N,
3553,LIK,XI,O5c-039,,,Opaline/CCS,0%,,Core,,Complete,,,,,,,,,,,,,,,,,,,,,,,,,,,,,,,,,,,,,,,,,,Platform,Bladelet,Spherical,0%,7,4,2,4,5,22.3,33.35,,32.62,,31.75,56.59,,N,
3554,LIK,I,J5a-063,,,Opaline/CCS,0%,,Core,,Complete,,,,,,,,,,,,,,,,,,,,,,,,,,,,,,,,,,,,,,,,,,Inclined,Irregular,Cubic,0%,5,3,3,5,4,30.05,32.13,,32.11,,20.19,35.43,,N,
3555,LIK,IV,I5a-078,,,Opaline/CCS,0%,,Core,,Complete,,,,,,,,,,,,,,,,,,,,,,,,,,,,,,,,,,,,,,,,,,Inclined,Irregular,Cubic,0%,4,3,3,3,4,33.13,38,,36.55,,20.51,40.86,In hearth 4,N,
3556,LIK,XI,O4d-039,,,Opaline/CCS,0%,,Core,,Complete,,,,,,,,,,,,,,,,,,,,,,,,,,,,,,,,,,,,,,,,,,Platform,Irregular,Cubic,0%,5,4,2,3,4,24.4,30.77,,26.81,,16.45,25.89,,N,
3557,LIK,XI,N5a-039,,,Opaline/CCS,0%,,Core,,Complete,,,,,,,,,,,,,,,,,,,,,,,,,,,,,,,,,,,,,,,,,,Platform,Bladelet,Cubic,0%,8,5,4,4,4,26.88,48.34,,31.43,,27.17,69.34,,N,
356,LIK,XIV,P4-056,,,Opaline/CCS,0%,,Flake,Mesial,,,,,,,,,,,,,,,,,,,,,,,,,,,,,,,,,,,,,RECTANGULAR,,,,,,,,,,,,,,,,24.29,,36.98,,12.2,14.08,,N,
3558,LIK,XI,N5d-039,,,Opaline/CCS,0%,,Core,,Complete,,,,,,,,,,,,,,,,,,,,,,,,,,,,,,,,,,,,,,,,,,Platform,Irregular,Cubic,0%,5,4,4,5,2,22.16,44.65,,27.3,,24.35,53.25,,N,
3559,LIK,VII,O4d-032,,,Opaline/CCS,0%,,Core,,Complete,,,,,,,,,,,,,,,,,,,,,,,,,,,,,,,,,,,,,,,,,,Platform,Bladelet,Cubic,0%,4,2,2,4,5,26.4,24.91,,23.74,,18.57,16.87,,N,
3560,LIK,III,J5c-075,,,Opaline/CCS,0%,,Core,,Complete,,,,,,,,,,,,,,,,,,,,,,,,,,,,,,,,,,,,,,,,,,Inclined,Irregular,Cubic,0%,3,1,2,2,6,15.05,29.2,,20.88,,10.78,7.86,,N,
3561,LIK,III,K4a-007,,,Opaline/CCS,0%,,Core,,Complete,,,,,,,,,,,,,,,,,,,,,,,,,,,,,,,,,,,,,,,,,,Platform,Irregular,Cubic,0%,4,3,1,3,3,19.99,20.65,,19.55,,6.04,4.85,,N,
3562,LIK,VI,I5a-084,,,Hornfels,10-40%,Cobble,Core,,Complete,,,,,,,,,,,,,,,,,,,,,,,,,,,,,,,,,,,,,,,,,,Platform,Irregular,Cubic,0%,5,4,3,3,1,20.09,44.48,,32.22,,26.78,49.3,,N,
3563,LIK,XIII,O5c-093,,,Opaline/CCS,0%,,Core,,Complete,,,,,,,,,,,,,,,,,,,,,,,,,,,,,,,,,,,,,,,,,,Platform,Bladelet,Cubic,0%,4,3,2,3,5,23.9,33.76,,19.4,,12.83,14.34,,N,
3564,LIK,III,J7a-007,,,Opaline/CCS,0%,,Core,,Complete,,,,,,,,,,,,,,,,,,,,,,,,,,,,,,,,,,,,,,,,,,Platform,Bladelet,Spherical,0%,7,3,5,6,2,16.79,23.5,,22.79,,16.53,11.94,,N,
3565,LIK,XIII,O5c-049,,,Opaline/CCS,0%,,Core,,Complete,,,,,,,,,,,,,,,,,,,,,,,,,,,,,,,,,,,,,,,,,,Platform,Irregular,Spherical,0%,6,4,5,5,3,26.46,36.12,,32.64,,20.55,35.86,,N,
3566,LIK,XIII,O5c-049,,,Opaline/CCS,0%,,Core,,Complete,,,,,,,,,,,,,,,,,,,,,,,,,,,,,,,,,,,,,,,,,,Platform,Bladelet,Spherical,0%,6,3,2,3,5,36.81,46.93,,29,,23.02,33.73,,N,
3567,LIK,XI,O5c-039,,,Opaline/CCS,10-40%,Outcrop,Core,,Complete,,,,,,,,,,,,,,,,,,,,,,,,,,,,,,,,,,,,,,,,,,Platform,Bladelet,Cubic,0%,6,4,3,4,2,28.36,33.5,,30.63,,25.3,38.19,,N,
357,LIK,XIV,P4-056,,,Hornfels,10-40%,Cobble,Flake,Complete,,,,,,,,,,,,,,,,,,,,,,Yes,Hertzian,Feather,,,,,,,,,,,,,RECTANGULAR,NotPrepared,No,8.27,3.4,Main,,,,,,,,,,,15.52,15.52,25.69,19.76,3.05,1.28,,N,
3568,LIK,XI,O5a-039,,,Hornfels,0%,,Core,,Complete,,,,,,,,,,,,,,,,,,,,,,,,,,,,,,,,,,,,,,,,,,Platform,Irregular,Spherical,0%,6,5,6,6,4,27.13,48.12,,45.55,,32.57,75.9,,N,
3569,LIK,VII,N4c-069,,,Opaline/CCS,0%,,Core,,Complete,,,,,,,,,,,,,,,,,,,,,,,,,,,,,,,,,,,,,,,,,,Platform,Bladelet,Cubic,0%,4,2,1,4,5,14.65,20.95,,17.54,,6.43,2.57,,N,
3570,LIK,VII,N4c-069,,,Opaline/CCS,0%,,Core,,Complete,,,,,,,,,,,,,,,,,,,,,,,,,,,,,,,,,,,,,,,,,,Bipolar,CoreReducedPiece,Cubic,0%,3,2,1,0,6,13.34,17.94,,13.38,,3.23,0.82,,N,
3571,LIK,VII,K4b-094,,,Opaline/CCS,0%,,Core,,Complete,,,,,,,,,,,,,,,,,,,,,,,,,,,,,,,,,,,,,,,,,,Platform,Bladelet,Cubic,1-10%,6,3,3,2,5,22.12,26.33,,19.52,,10.52,9.29,,N,
3572,LIK,XIII,O5c-093,,,Opaline/CCS,0%,,Core,,Complete,,,,,,,,,,,,,,,,,,,,,,,,,,,,,,,,,,,,,,,,,,Platform,Irregular,Spherical,0%,10,5,5,5,4,20.91,33.21,,27.59,,33.08,36.07,,N,
3573,LIK,IV,L6c-076,,,Opaline/CCS,0%,,Core,,Complete,,,,,,,,,,,,,,,,,,,,,,,,,,,,,,,,,,,,,,,,,,Platform,Bladelet,Cubic,0%,5,3,3,3,2,11.23,19.72,,11.19,,10.68,3.38,,N,
3574,LIK,IV,L6a-076,,,Opaline/CCS,0%,,Core,,Complete,,,,,,,,,,,,,,,,,,,,,,,,,,,,,,,,,,,,,,,,,,Platform,Bladelet,Cubic,0%,6,3,4,3,5,19.67,26.44,,22,,11.72,10.07,,N,
3575,LIK,V,K6b-081,,,Opaline/CCS,0%,,Core,,Complete,,,,,,,,,,,,,,,,,,,,,,,,,,,,,,,,,,,,,,,,,,Inclined,Radial,Cubic,0%,3,2,1,5,2,7.81,19.97,,13.43,,8,2.06,,N,
3576,LIK,VII,O5c-032,,,Opaline/CCS,0%,,Core,,Complete,,,,,,,,,,,,,,,,,,,,,,,,,,,,,,,,,,,,,,,,,,Platform,Bladelet,Cubic,0%,5,3,2,3,3,18.83,26.19,,25.43,,18.54,20.26,,N,
3577,LIK,I,J6d-063,,,Opaline/CCS,0%,,Core,,Complete,,,,,,,,,,,,,,,,,,,,,,,,,,,,,,,,,,,,,,,,,,Platform,Irregular,Spherical,0%,4,1,2,2,7,31.19,35.91,,35.66,,20.84,36.15,,N,
358,LIK,XIV,P4-056,,,Hornfels,0%,,Flake,Complete,,,,,,,,,,,,,,,,,,,,,,Yes,Hertzian,Feather,,,,,,,,,,,,,RECTANGULAR,NotPrepared,No,6.36,1.68,Main,,,,,,,,,,,15.19,15.19,16.61,13.06,2.78,0.51,,N,
3578,LIK,XIV,O5c-099,,,Hornfels,0%,,Core,,Complete,,,,,,,,,,,,,,,,,,,,,,,,,,,,,,,,,,,,,,,,,,Platform,Irregular,Cubic,0%,5,3,2,3,4,30.34,38.62,,28.03,,25.7,39.63,,N,
3579,LIK,VII,L4d-094,,,Opaline/CCS,0%,,Core,,Complete,,,,,,,,,,,,,,,,,,,,,,,,,,,,,,,,,,,,,,,,,,Platform,Bladelet,Spherical,0%,7,4,4,5,5,19,22.04,,19.72,,18.84,13.69,,N,
3580,LIK,X,L6c-070,,,Opaline/CCS,0%,,Core,,Complete,,,,,,,,,,,,,,,,,,,,,,,,,,,,,,,,,,,,,,,,,,Platform,Irregular,Spherical,0%,8,5,3,5,4,30,45.78,,44.97,,32.17,106.56,Possible bipolar (crushing on distal),Y,
3581,LIK,XIII,O4c-049,,,Opaline/CCS,0%,,Core,,Complete,,,,,,,,,,,,,,,,,,,,,,,,,,,,,,,,,,,,,,,,,,Platform,Irregular,Spherical,0%,6,4,2,6,5,17.97,36.39,,24.6,,21.92,27.86,,N,
3582,LIK,XIII,O5c-046,,,Opaline/CCS,0%,,Core,,Complete,,,,,,,,,,,,,,,,,,,,,,,,,,,,,,,,,,,,,,,,,,Platform,Irregular,Cubic,0%,5,3,4,4,5,26.77,45.3,,27.22,,14.7,27.19,,N,
3583,LIK,V,I5d-021,,,Opaline/CCS,0%,,Core,,Complete,,,,,,,,,,,,,,,,,,,,,,,,,,,,,,,,,,,,,,,,,,Platform,Irregular,Spherical,0%,8,5,2,4,5,36.51,59.66,,39.94,,43.22,134.72,,N,
3584,LIK,XI,O5a-039,,,Hornfels,0%,,Core,,Complete,,,,,,,,,,,,,,,,,,,,,,,,,,,,,,,,,,,,,,,,,,Platform,Irregular,Spherical,0%,8,4,2,5,4,34.59,45.63,,33.54,,28.02,53.26,,N,
3585,LIK,XI,N5a-039,,,Opaline/CCS,0%,,Core,,Complete,,,,,,,,,,,,,,,,,,,,,,,,,,,,,,,,,,,,,,,,,,Platform,Irregular,Spherical,0%,5,4,4,2,5,23.55,43.87,,33.56,,33.44,71.09,,N,
3586,LIK,XI,N4b-039,,,Opaline/CCS,0%,,Core,,Complete,,,,,,,,,,,,,,,,,,,,,,,,,,,,,,,,,,,,,,,,,,Platform,Irregular,Spherical,0%,5,4,3,2,3,18.36,35.01,,29.88,,27.12,31.15,,N,
3587,LIK,XI,N5c-039,,,Opaline/CCS,0%,,Core,,Complete,,,,,,,,,,,,,,,,,,,,,,,,,,,,,,,,,,,,,,,,,,Platform,Irregular,Cubic,0%,4,2,2,3,3,25.47,33.72,,27.55,,13.78,19.33,Ut,N,
359,LIK,XIV,P4-056,,,Opaline/CCS,0%,,Flake,Proximal,,,,,,,,,,,,,,,,,,,,,,Yes,Hertzian,,,,,,,,,,,,,,RECTANGULAR,NotPrepared,No,8,1.17,,,,,,,,,,,,24.13,,17.68,,4.4,2.07,,N,
3588,LIK,XI,O5a-039,,,Opaline/CCS,0%,,Core,,Complete,,,,,,,,,,,,,,,,,,,,,,,,,,,,,,,,,,,,,,,,,,Inclined,Radial,Cubic,0%,6,4,3,2,6,23.2,42.43,,38.2,,18.28,42.19,,N,
3589,LIK,XI,N5c-039,,,Opaline/CCS,10-40%,Outcrop,Core,,Complete,,,,,,,,,,,,,,,,,,,,,,,,,,,,,,,,,,,,,,,,,,Platform,Irregular,Cubic,0%,4,3,3,5,1,19.37,35.82,,35.3,,24.13,45.08,,N,
3590,LIK,XI,O4d-039,,,Opaline/CCS,0%,,Core,,Complete,,,,,,,,,,,,,,,,,,,,,,,,,,,,,,,,,,,,,,,,,,Platform,Irregular,Spherical,0%,7,4,3,3,3,25.51,39.78,,36.82,,28.03,64.41,,N,
3591,LIK,XI,N4b-039,,,Hornfels,0%,,Core,,Complete,,,,,,,,,,,,,,,,,,,,,,,,,,,,,,,,,,,,,,,,,,Platform,Irregular,Cubic,0%,5,3,1,6,3,31.17,72.46,,55.69,,31.28,138.57,,N,
3592,LIK,XIII,O5a-046,,,Hornfels,0%,,Core,,Complete,,,,,,,,,,,,,,,,,,,,,,,,,,,,,,,,,,,,,,,,,,Inclined,Radial,Cubic,0%,7,3,1,4,3,40.34,77.01,,50.5,,42.22,227.85,,N,
3593,LIK,XIII,P4-054,,,Hornfels,0%,,Core,,Complete,,,,,,,,,,,,,,,,,,,,,,,,,,,,,,,,,,,,,,,,,,Inclined,Radial,Cubic,0%,7,4,3,6,3,32.2,73.61,,57.15,,35.54,171.22,,Y,
3594,LIK,XIII,P4-054,,,Hornfels,0%,,Flake,Complete,,,,,,,,,,,,,,,,,,,,,,Yes,Hertzian,Feather,,,,,,,,,,,,,TRAPEZOIDAL,NotPrepared,No,17.3,5.34,Main,,,,,,,,,,,55.54,55.54,81.36,64.46,25.15,90.92,Ut,N,
3595,LIK,XIII,P4-054,,,Opaline/CCS,0%,,Flake,Complete,,,,,,,,,,,,,,,,,,,,,,Yes,Hertzian,Feather,,,,,,,,,,,,,RECTANGULAR,NotPrepared,No,13.78,4.76,Main,,,,,,,,,,,48.17,48.17,28.42,28.42,9.02,15.86,Ut,N,
3596,LIK,XIII,P4-054,,,Opaline/CCS,0%,,Flake,Complete,,,,,,,,,,,,,,,,,,,,,,Yes,Hertzian,Feather,,,,,,,,,,,,,TRIANGULAR,NotPrepared,No,6.46,1.74,Main,,,,,,,,,,,35.47,35.47,19.16,19.16,3.5,2.72,Ut; Potential point,Y,
3597,LIK,XIII,P4-054,,,Opaline/CCS,0%,,Flake,Complete,,,,,,,,,,,,,,,,,,,,,,Yes,Hertzian,Step,,,,,,,,,,,,,RECTANGULAR,NotPrepared,No,4.32,1.56,Main,,,,,,,,,,,25.53,25.53,11.65,11.65,2.73,0.96,Ut,N,
360,LIK,XIV,P4-056,,,Hornfels,0%,,Flake,Complete,,,,,,,,,,,,,,,,,,,,,,Yes,Hertzian,Feather,,,,,,,,,,,,,RECTANGULAR,NotPrepared,No,10.18,3.72,Main,,,,,,,,,,,32.45,32.45,10.61,8.61,4.39,1.92,,N,
3598,LIK,XIII,P4-054,,,Hornfels,0%,,Flake,Complete,,,,,,,,,,,,,,,,,,,,,,Yes,Hertzian,Feather,,,,,,,,,,,,,RECTANGULAR,NotPrepared,No,3.68,1.8,Main,,,,,,,,,,,23.78,23.78,9.2,9.2,1.71,0.59,,Y,
3599,LIK,XIII,P4-054,,,Hornfels,0%,,Flake,Complete,,,,,,,,,,,,,,,,,,,,,,Yes,Hertzian,Feather,,,,,,,,,,,,,TRAPEZOIDAL,NotPrepared,No,4.95,3.23,Main,,,,,,,,,,,18.76,18.76,28.15,28.15,6.07,3.23,,N,
3600,LIK,XIII,P4-054,,,Hornfels,0%,,Flake,Complete,,,,,,,,,,,,,,,,,,,,,,Yes,Hertzian,Feather,,,,,,,,,,,,,RECTANGULAR,NotPrepared,No,9.06,3.09,Main,,,,,,,,,,,22.8,22.8,13.71,13.71,3.88,1.46,,N,
3601,LIK,XIII,P4-054,,,Hornfels,0%,,Flake,Complete,,,,,,,,,,,,,,,,,,,,,,Yes,Hertzian,Feather,,,,,,,,,,,,,TRIANGULAR,NotPrepared,No,26.66,10.72,Main,,,,,,,,,,,31.72,31.72,27.35,21.7,5.86,6.41,Ut,N,
3602,LIK,XIII,P4-054,,,Tuff,0%,,Flake,Complete,,,,,,,,,,,,,,,,,,,,,,Yes,Hertzian,Feather,,,,,,,,,,,,,RECTANGULAR,NotPrepared,No,12.43,4.08,Main,,,,,,,,,,,17.87,17.87,18.64,18.64,5.58,1.93,,N,
3603,LIK,XIII,P4-054,,,Tuff,0%,,Flake,Complete,,,,,,,,,,,,,,,,,,,,,,Yes,Hertzian,Feather,,,,,,,,,,,,,RECTANGULAR,NotPrepared,No,16.9,9.43,Main,,,,,,,,,,,39.41,39.41,19.48,19.48,6.27,7.85,,N,
3604,LIK,XIII,P4-054,,,Tuff,0%,,Flake,Complete,,,,,,,,,,,,,,,,,,,,,,Yes,Hertzian,Feather,,,,,,,,,,,,,TRIANGULAR,NotPrepared,No,6.86,3.1,Main,,,,,,,,,,,25.96,25.96,10.24,10.24,1.89,0.69,Ut,N,
3605,LIK,XIII,P4-054,,,Siltstone,0%,,Flake,Complete,,,,,,,,,,,,,,,,,,,,,,Yes,Hertzian,Feather,,,,,,,,,,,,,RECTANGULAR,NotPrepared,No,14.95,6.81,Main,,,,,,,,,,,43.86,43.86,18.07,18.07,9.83,8.52,,N,
3606,LIK,XIII,P4-054,,,Siltstone,0%,,Flake,Complete,,,,,,,,,,,,,,,,,,,,,,Yes,Hertzian,Feather,,,,,,,,,,,,,TRAPEZOIDAL,NotPrepared,No,5.83,2.66,Main,,,,,,,,,,,27.6,27.6,16.27,16.27,2.58,1.4,,N,
3607,LIK,XIII,P4-054,,,Siltstone,0%,,Flake,Complete,,,,,,,,,,,,,,,,,,,,,,Yes,Hertzian,Feather,,,,,,,,,,,,,RECTANGULAR,NotPrepared,No,5.46,1.66,Main,,,,,,,,,,,22.39,22.39,10.53,10.53,1.68,0.62,,N,
36,LIK,XV,O5c-057,,,Opaline/CCS,0%,,Flake,Complete,,,,,,,,,,,,,,,,,,,,,,Yes,Hertzian,Hinge,,,,,,,,,,,,,TRAPEZOIDAL,NotPrepared,No,7.34,1.63,Main,,,,,,,,,,,10.92,10.92,20.65,20.65,2.68,0.81,,N,
361,LIK,XIV,P4-056,,,Hornfels,0%,,Flake,Complete,,,,,,,,,,,,,,,,,,,,,,Yes,Hertzian,Bipolar,,,,,,,,,,,,,RECTANGULAR,NotPrepared,No,13.08,5.9,Main,,,,,,,,,,,11.74,11.74,18.21,15.45,6.92,1.7,,N,
3608,LIK,XIII,P4-054,,,Siltstone,0%,,Flake,Complete,,,,,,,,,,,,,,,,,,,,,,Yes,Hertzian,Feather,,,,,,,,,,,,,RECTANGULAR,NotPrepared,No,7.6,2.25,Main,,,,,,,,,,,26.63,26.63,13.34,13.34,4.04,1.82,,N,
3609,LIK,XIII,P4-054,,,Siltstone,0%,,Flake,Complete,,,,,,,,,,,,,,,,,,,,,,Yes,Hertzian,Feather,,,,,,,,,,,,,TRIANGULAR,ResidualFacetWithBulb,No,4.51,1.2,Main,,,,,,,,,,,15.94,15.94,7.32,7.32,1.47,0.21,Ut,N,
3610,LIK,XIII,P4-054,,,Siltstone,0%,,Flake,Complete,,,,,,,,,,,,,,,,,,,,,,Yes,Hertzian,Feather,,,,,,,,,,,,,TRIANGULAR,NotPrepared,No,3.7,1.4,Main,,,,,,,,,,,16.6,16.6,7.17,7.17,2.27,0.25,,N,
3611,LIK,XIII,P4-054,,,Opaline/CCS,0%,,Flake,Complete,,,,,,,,,,,,,,,,,,,,,,Yes,Hertzian,Feather,,,,,,,,,,,,,RECTANGULAR,NotPrepared,No,8.98,4.54,Main,,,,,,,,,,,46.06,46.06,21.39,21.39,8.42,10.87,,N,
3612,LIK,XIII,P4-054,,,Opaline/CCS,0%,,Flake,Complete,,,,,,,,,,,,,,,,,,,,,,Yes,Hertzian,Feather,,,,,,,,,,,,,OVAL,NotPrepared,No,12.25,4.39,Main,,,,,,,,,,,24.2,24.2,35.22,35.22,4.91,2.67,Ut,N,
3613,LIK,XIII,P4-054,,,Opaline/CCS,0%,,Flake,Complete,,,,,,,,,,,,,,,,,,,,,,Yes,Bending,Feather,,,,,,,,,,,,,RECTANGULAR,NotPrepared,No,5.7,1.69,Main,,,,,,,,,,,29.12,29.12,5.71,5.71,4,0.98,,N,
3614,LIK,XIII,P4-054,,,Opaline/CCS,0%,,Flake,Complete,,,,,,,,,,,,,,,,,,,,,,Yes,Hertzian,Feather,,,,,,,,,,,,,RECTANGULAR,Indeterminate,No,3.07,0.75,Main,,,,,,,,,,,21.93,21.93,8.94,8.94,1.42,0.41,Ut,N,
3615,LIK,XIII,P4-054,,,Opaline/CCS,0%,,Flake,Complete,,,,,,,,,,,,,,,,,,,,,,Yes,Hertzian,Feather,,,,,,,,,,,,,RECTANGULAR,NotPrepared,No,3.46,2.16,Main,,,,,,,,,,,17.15,17.15,8.7,8.7,1.23,0.34,,N,
3616,LIK,XIII,P4-054,,,Opaline/CCS,0%,,Flake,Complete,,,,,,,,,,,,,,,,,,,,,,Yes,Hertzian,Feather,,,,,,,,,,,,,RECTANGULAR,NotPrepared,No,2.05,1.53,Main,,,,,,,,,,,12.9,12.9,5.28,5.28,1,0.09,,N,
3617,LIK,XIII,P4-054,,,Opaline/CCS,0%,,Flake,Complete,,,,,,,,,,,,,,,,,,,,,,Yes,Hertzian,Feather,,,,,,,,,,,,,RECTANGULAR,NotPrepared,No,3.61,2.17,Main,,,,,,,,,,,13.41,13.41,4.85,4.85,1.73,0.13,,N,
362,LIK,XIV,P4-056,,,Hornfels,0%,,Flake,Complete,,,,,,,,,,,,,,,,,,,,,,Yes,Bending,Feather,,,,,,,,,,,,,OVAL,NotPrepared,No,10.13,3.73,Main,,,,,,,,,,,11.73,11.73,19.86,17.74,2.69,0.64,,N,
3618,LIK,XI,P4-041,,,Opaline/CCS,0%,,Flake,Complete,,,,,,,,,,,,,,,,,,,,,,Yes,Bending,Overshot,,,,,,,,,,,,,TRIANGULAR,NotPrepared,No,8.97,5.68,Main,,,,,,,,,,,40.32,40.32,45.44,36.23,7.04,1665,,N,
3619,LIK,XI,P4-041,,,Opaline/CCS,10-40%,Cobble,Flake,Complete,,,,,,,,,,,,,,,,,,,,,,Yes,Hertzian,Feather,,,,,,,,,,,,,RECTANGULAR,NotPrepared,No,13.05,4.7,Main,,,,,,,,,,,23.67,23.67,18.2,18.2,7.22,3.89,,N,
3620,LIK,I,,,,Opaline/CCS,0%,,Flake,Complete,,,,,,,,,,,,,,,,,,,,,,Yes,Hertzian,Feather,,,,,,,,,,,,,RECTANGULAR,NotPrepared,No,6.2,3.43,Main,,,,,,,,,,,38.05,38.05,14.84,14.84,4.01,2.95,,N,
3621,LIK,XI,P4-041,,,Opaline/CCS,0%,,Flake,Complete,,,,,,,,,,,,,,,,,,,,,,Yes,Bending,Feather,,,,,,,,,,,,,RECTANGULAR,NotPrepared,No,24.31,11.69,Main,,,,,,,,,,,21.04,21.04,27.02,20.57,7.93,6.69,,N,
3622,LIK,XI,P4-041,,,Opaline/CCS,0%,,Flake,Complete,,,,,,,,,,,,,,,,,,,,,,Yes,Hertzian,Feather,,,,,,,,,,,,,RHOMBUS,NotPrepared,No,4.9,3.69,Main,,,,,,,,,,,26.34,26.34,19.56,19.56,4.89,2.75,,N,
3623,LIK,XI,P4-041,,,Opaline/CCS,0%,,Flake,Complete,,,,,,,,,,,,,,,,,,,,,,Yes,Hertzian,Feather,,,,,,,,,,,,,OVAL,NotPrepared,No,12.35,5.48,Main,,,,,,,,,,,31.1,31.1,32.2,32.2,8.36,9.64,,N,
3624,LIK,XI,P4-041,,,Opaline/CCS,10-40%,Outcrop,Flake,Complete,,,,,,,,,,,,,,,,,,,,,,Yes,Hertzian,Feather,,,,,,,,,,,,,RECTANGULAR,NotPrepared,No,8.14,4.27,Main,,,,,,,,,,,31.29,31.29,15.26,15.26,4.33,2.6,,N,
3625,LIK,XI,P4-041,,,Opaline/CCS,0%,,Flake,Complete,,,,,,,,,,,,,,,,,,,,,,Yes,Hertzian,Feather,,,,,,,,,,,,,TRAPEZOIDAL,NotPrepared,No,6.98,2.47,Main,,,,,,,,,,,29.72,29.72,33.09,20.81,9.14,6.31,,N,
3626,LIK,XI,P4-041,,,Opaline/CCS,0%,,Flake,Complete,,,,,,,,,,,,,,,,,,,,,,Yes,Hertzian,Feather,,,,,,,,,,,,,TRIANGULAR,NotPrepared,No,4.92,1.55,Main,,,,,,,,,,,40.67,40.67,9.35,9.35,6.57,2.35,,N,
3627,LIK,XI,P4-041,,,Opaline/CCS,0%,,Flake,Complete,,,,,,,,,,,,,,,,,,,,,,Yes,Bending,Feather,,,,,,,,,,,,,TRIANGULAR,NotPrepared,No,22.22,9.69,Main,,,,,,,,,,,34.36,34.36,30.1,24.24,9.41,8,,N,
363,LIK,XIV,P4-056,,,Hornfels,0%,,Flake,Complete,,,,,,,,,,,,,,,,,,,,,,Yes,Hertzian,Feather,,,,,,,,,,,,,TRIANGULAR,NotPrepared,No,7.82,2.25,Main,,,,,,,,,,,17.89,17.89,12.49,10.31,3.91,0.63,,N,
3628,LIK,XI,P4-041,,,Opaline/CCS,0%,,Flake,Complete,,,,,,,,,,,,,,,,,,,,,,Yes,Bending,Feather,,,,,,,,,,,,,RECTANGULAR,NotPrepared,No,18.25,3.75,Main,,,,,,,,,,,41.6,27.68,26.3,26.3,8.94,9.84,,N,
3629,LIK,XI,P4-041,,,Opaline/CCS,0%,,Flake,Complete,,,,,,,,,,,,,,,,,,,,,,Yes,Hertzian,Feather,,,,,,,,,,,,,RECTANGULAR,NotPrepared,No,14.52,7.59,Main,,,,,,,,,,,22.83,22.83,22.27,22.27,5.76,3.82,Ut,N,
3630,LIK,XI,P4-041,,,Opaline/CCS,0%,,Flake,Complete,,,,,,,,,,,,,,,,,,,,,,Yes,Hertzian,Feather,,,,,,,,,,,,,RECTANGULAR,NotPrepared,No,9.88,2.7,Main,,,,,,,,,,,36.37,36.37,14.6,14.6,5.24,2.73,,N,
3631,LIK,XI,P4-041,,,Opaline/CCS,0%,,Flake,Complete,,,,,,,,,,,,,,,,,,,,,,Yes,Hertzian,Feather,,,,,,,,,,,,,TRAPEZOIDAL,NotPrepared,No,5.6,3.31,Main,,,,,,,,,,,14.73,14.73,15.43,11.64,2.2,0.57,,N,
3632,LIK,XI,P4-044,,,Opaline/CCS,0%,,Flake,Complete,,,,,,,,,,,,,,,,,,,,,,Yes,Hertzian,Feather,,,,,,,,,,,,,TRAPEZOIDAL,NotPrepared,No,20.13,6.66,Main,,,,,,,,,,,29.79,29.79,39.26,28.71,9.32,8.96,,N,
3633,LIK,XI,P4-044,,,Opaline/CCS,0%,,Flake,Complete,,,,,,,,,,,,,,,,,,,,,,Yes,Hertzian,Feather,,,,,,,,,,,,,TRIANGULAR,NotPrepared,No,25.31,10.69,Main,,,,,,,,,,,42.29,42.29,40.65,26.32,9.88,11.79,,N,
3634,LIK,XI,P4-044,,,Opaline/CCS,0%,,Flake,Complete,,,,,,,,,,,,,,,,,,,,,,Yes,Hertzian,Feather,,,,,,,,,,,,,RECTANGULAR,NotPrepared,No,11.76,7.21,Main,,,,,,,,,,,58.94,58.94,13.09,13.09,6.5,5.82,,N,
3635,LIK,XI,P4-044,,,Opaline/CCS,0%,,Flake,Complete,,,,,,,,,,,,,,,,,,,,,,Yes,Hertzian,Step,,,,,,,,,,,,,TRAPEZOIDAL,NotPrepared,No,17.66,7.63,Main,,,,,,,,,,,21.64,21.64,46.56,31.94,8.95,13.71,,N,
3636,LIK,XI,P4-044,,,Opaline/CCS,0%,,Flake,Complete,,,,,,,0,,0,0,0,0,0,0,0,0,0,0,0,0,0,Yes,Hertzian,Feather,,0,0,0,0,0,0,0,0,0,0,0,TRIANGULAR,NotPrepared,No,8.57,2.92,Main,,,,,0,0,0,0,0,0,35.16,35.16,12.68,12.68,6.96,3.11,Ut,N,
3637,LIK,XI,P4-044,,,Opaline/CCS,0%,,Flake,Proximal,,,,,,,,,,,,,,,,,,,,,,Yes,Hertzian,,,,,,,,,,,,,,RECTANGULAR,NotPrepared,No,17.24,8.06,,,,,,,,,,,,17.48,,17.48,,7.83,6.64,,N,
364,LIK,XIV,P4-056,,,Hornfels,0%,,Flake,Complete,,,,,,,,,,,,,,,,,,,,,,Yes,Hertzian,Feather,,,,,,,,,,,,,TRIANGULAR,NotPrepared,No,14.67,3.13,Main,,,,,,,,,,,20.77,15.03,18.71,18.71,3.09,1.52,,N,
3638,LIK,XI,P4-044,,,Opaline/CCS,0%,,Flake,Complete,,,,,,,,,,,,,,,,,,,,,,Yes,Bending,Feather,,,,,,,,,,,,,RECTANGULAR,NotPrepared,No,6.17,1.88,38.57,,,,,,,,,,,38.57,8.88,8.88,8.88,4.1,1.49,,N,
3639,LIK,XI,P4-044,,,Opaline/CCS,0%,,Flake,Complete,,,,,,,,,,,,,,,,,,,,,,Yes,Hertzian,Feather,,,,,,,,,,,,,OVAL,NotPrepared,No,19.22,7.07,Main,,,,,,,,,,,36.16,36.16,40.19,40.19,7.75,16.61,,N,
3640,LIK,XI,P4-044,,,Opaline/CCS,0%,,Flake,Complete,,,,,,,,,,,,,,,,,,,,,,Yes,Hertzian,Feather,,,,,,,,,,,,,TRAPEZOIDAL,NotPrepared,No,6.58,5.23,Main,,,,,,,,,,,14.31,14.31,21.76,12.23,5.47,1.35,,N,
3641,LIK,XI,P4-044,,,Opaline/CCS,0%,,Flake,Proximal,,,,,,,,,,,,,,,,,,,,,,Yes,Hertzian,,,,,,,,,,,,,,RECTANGULAR,NotPrepared,No,18.09,6.11,,,,,,,,,,,,19.25,,22.15,,9.12,6.46,,N,
3642,LIK,XI,P4-044,,,Opaline/CCS,0%,,Flake,Complete,,,,,,,,,,,,,,,,,,,,,,Yes,Hertzian,Feather,,,,,,,,,,,,,RECTANGULAR,NotPrepared,No,3.01,1.52,Main,,,,,,,,,,,21.06,21.06,8,8,2.46,0.37,,Y,
3643,LIK,XI,P4-044,,,Opaline/CCS,0%,,Flake,Complete,,,,,,,,,,,,,,,,,,,,,,Yes,Hertzian,Feather,,,,,,,,,,,,,RECTANGULAR,NotPrepared,No,7.1,1.69,Main,,,,,,,,,,,11.5,11.5,23.55,23.55,3.1,0.93,,N,
3644,LIK,XI,P4-044,,,Opaline/CCS,0%,,Flake,Complete,,,,,,,,,,,,,,,,,,,,,,Yes,Hertzian,Feather,,,,,,,,,,,,,RECTANGULAR,NotPrepared,No,5.63,1.53,Main,,,,,,,,,,,33.93,33.93,13.47,13.47,3.95,2.34,,N,
3645,LIK,XI,P4-044,,,Opaline/CCS,0%,,Flake,Complete,,,,,,,,,,,,,,,,,,,,,,Yes,Hertzian,Feather,,,,,,,,,,,,,RECTANGULAR,NotPrepared,No,5.43,3.02,Main,,,,,,,,,,,16.54,16.54,5.13,5.13,1.88,0.21,,N,
3646,LIK,XI,P4-044,,,Opaline/CCS,0%,,Flake,Complete,,,,,,,,,,,,,,,,,,,,,,Yes,Hertzian,Feather,,,,,,,,,,,,,RECTANGULAR,NotPrepared,No,3.22,1.39,Main,,,,,,,,,,,13.3,13.3,5.11,5.11,0.97,0.12,,N,
3647,LIK,XI,P4-044,,,Opaline/CCS,0%,,Flake,Complete,,,,,,,,,,,,,,,,,,,,,,Yes,Hertzian,Feather,,,,,,,,,,,,,TRAPEZOIDAL,NotPrepared,No,7.16,3.5,Main,,,,,,,,,,,20.74,26.68,21.23,21.61,6.86,5.29,,N,
365,LIK,XIV,P4-056,,,Hornfels,0%,,Flake,Proximal,,,,,,,,,,,,,,,,,,,,,,Yes,Hertzian,,,,,,,,,,,,,,RECTANGULAR,NotPrepared,No,12.75,5.59,,,,,,,,,,,,28.83,,32.6,,4.52,4.51,,N,
3648,LIK,XI,P4-044,,,Opaline/CCS,0%,,Core,,Complete,,,,,,,,,,,,,,,,,,,,,,,,,,,,,,,,,,,,,,,,,,Platform,Irregular,Cubic,0%,5,4,3,3,4,13.98,27.72,,20.72,,14.51,15.87,,Y,
3649,LIK,XI,P4-044,,,Opaline/CCS,0%,,Core,,Complete,,,,,,,,,,,,,,,,,,,,,,,,,,,,,,,,,,,,,,,,,,Platform,Irregular,Spherical,0%,7,4,3,5,5,27.97,39.73,,38.43,,32.81,74.97,,N,
3650,LIK,XI,P4-044,,,Opaline/CCS,0%,,Core,,Complete,,,,,,,,,,,,,,,,,,,,,,,,,,,,,,,,,,,,,,,,,,Platform,Irregular,Cubic,0%,7,5,5,4,4,33.27,48.64,,37.27,,34.23,85.46,,Y,
3651,LIK,XI,P4-044,,,Opaline/CCS,0%,,Core,,Complete,,,,,,,,,,,,,,,,,,,,,,,,,,,,,,,,,,,,,,,,,,Platform,Bladelet,Cubic,0%,5,3,2,4,6,10.88,28.95,,17.82,,10.98,7.47,,Y,
3652,LIK,XI,P4-044,,,Hornfels,0%,,Flake,Complete,,,,,,,,,,,,,,,,,,,,,,Yes,Hertzian,Feather,,,,,,,,,,,,,RECTANGULAR,NotPrepared,No,19.61,10.81,Main,,,,,,,,,,,43.05,43.05,24.06,24.06,10.68,17.73,Ut,N,
3653,LIK,XI,P4-044,,,Hornfels,0%,,Flake,Complete,,,,,,,,,,,,,,,,,,,,,,Yes,Hertzian,Feather,,,,,,,,,,,,,TRIANGULAR,NotPrepared,No,13.39,15.32,Main,,,,,,,,,,,47.92,47.91,22.85,22.85,13.75,18.76,Ut,N,
3654,LIK,XIII,O5a-046,,,Hornfels,0%,,Flake,Complete,,,,,,,,,,,,,,,,,,,,,,Yes,Hertzian,Feather,,,,,,,,,,,,,TRIANGULAR,NotPrepared,No,11.12,1.62,Main,,,,,,,,,,,42.73,30.47,25.19,25.19,6.31,6.19,,N,
3655,LIK,XIII,O5a-046,,,Hornfels,0%,,Flake,Complete,,,,,,,,,,,,,,,,,,,,,,Yes,Hertzian,Feather,,,,,,,,,,,,,RECTANGULAR,NotPrepared,No,12.49,1.38,Main,,,,,,,,,,,26.25,22.27,23.23,23.23,3.19,2,,N,
3656,LIK,XIII,O5a-046,,,Hornfels,10-40%,Cobble,Flake,Complete,,,,,,,,,,,,,,,,,,,,,,Yes,Hertzian,Feather,,,,,,,,,,,,,RECTANGULAR,NotPrepared,No,6.24,2.44,Main,,,,,,,,,,,19.61,19.61,9.24,9.24,2.54,0.62,,N,
3657,LIK,XII,O5a-046,,,Hornfels,0%,,Flake,Complete,,,,,,,,,,,,,,,,,,,,,,Yes,Hertzian,Feather,,,,,,,,,,,,,OVAL,NotPrepared,No,9.65,3.23,Main,,,,,,,,,,,19.02,19.02,25.15,25.15,4.47,2.63,,N,
366,LIK,XIV,P4-056,,,Hornfels,0%,,Flake,Complete,,,,,,,,,,,,,,,,,,,,,,Yes,Hertzian,Overshot,,,,,,,,,,,,,RECTANGULAR,NotPrepared,No,8.06,3.07,Main,,,,,,,,,,,27,21.18,20.97,14.5,2.54,2.13,,N,
3658,LIK,XIII,O5a-046,,,Hornfels,0%,,Flake,Complete,,,,,,,,,,,,,,,,,,,,,,Yes,Hertzian,Overshot,,,,,,,,,,,,,RECTANGULAR,NotPrepared,No,14.82,3.92,Main,,,,,,,,,,,31.55,31.55,10.52,10.52,4.35,3.05,,Y,
3659,LIK,XIII,O5a-046,,,Hornfels,0%,,Flake,Complete,,,,,,,0,,0,0,0,0,0,0,0,0,0,0,0,0,0,Yes,Hertzian,Feather,,0,0,0,0,0,0,0,0,0,0,0,RECTANGULAR,NotPrepared,No,7.25,2.28,Main,,,,,0,0,0,0,0,0,16.7,12,14.85,14.85,1.69,0.4,Ut,Y,
3660,LIK,XIII,O5a-046,,,Hornfels,0%,,Flake,Complete,,,,,,,,,,,,,,,,,,,,,,Yes,Hertzian,Feather,,,,,,,,,,,,,RECTANGULAR,NotPrepared,No,4.35,1.06,Main,,,,,,,,,,,11.8,11.8,7.06,7.06,2.08,0.22,,N,
3661,LIK,XIII,O5a-046,,,Hornfels,0%,,Flake,Complete,,,,,,,,,,,,,,,,,,,,,,Yes,Hertzian,Feather,,,,,,,,,,,,,TRIANGULAR,NotPrepared,No,5.4,0.88,Main,,,,,,,,,,,21.6,21.6,9.97,9.97,3.02,0.7,,N,
3662,LIK,XIII,O5a-046,,,Hornfels,0%,,Flake,Complete,,,,,,,,,,,,,,,,,,,,,,Yes,Hertzian,Feather,,,,,,,,,,,,,RECTANGULAR,NotPrepared,No,11.2,3.34,Main,,,,,,,,,,,13.88,13.88,15.56,15.56,4.23,1.38,,N,
3663,LIK,XIII,O5a-046,,,Hornfels,0%,,Flake,Complete,,,,,,,,,,,,,,,,,,,,,,Yes,Hertzian,Feather,,,,,,,,,,,,,RECTANGULAR,NotPrepared,No,8.92,3.79,Main,,,,,,,,,,,19.35,19.35,10.77,10.77,2.83,0.86,,Y,
3664,LIK,XIII,O5a-046,,,Hornfels,0%,,Flake,Complete,,,,,,,,,,,,,,,,,,,,,,Yes,Hertzian,Feather,,,,,,,,,,,,,RECTANGULAR,NotPrepared,No,12.13,6.7,Main,,,,,,,,,,,19.33,19.33,17.06,17.06,4.37,2.24,,N,
3666,LIK,XIII,O5a-046,,,Hornfels,0%,,Flake,Complete,,,,,,,,,,,,,,,,,,,,,,Yes,Hertzian,Feather,,,,,,,,,,,,,RECTANGULAR,NotPrepared,No,5.23,1.54,Main,,,,,,,,,,,14.63,14.63,18.27,18.27,1.98,0.55,,N,
3667,LIK,XIII,O5a-046,,,Hornfels,0%,,Flake,Complete,,,,,,,,,,,,,,,,,,,,,,Yes,Bending,Feather,,,,,,,,,,,,,RHOMBUS,NotPrepared,No,9.48,5.37,Main,,,,,,,,,,,10.55,10.55,14.43,14.43,4.31,0.66,,N,
3668,LIK,XIII,O5a-046,,,Hornfels,0%,,Flake,Complete,,,,,,,,,,,,,,,,,,,,,,Yes,Hertzian,Feather,,,,,,,,,,,,,RECTANGULAR,NotPrepared,No,9.64,3.83,Main,,,,,,,,,,,9.65,9.65,14.74,12.74,3.51,0.61,,Y,
367,LIK,XIV,P4-056,,,Hornfels,0%,,Flake,Proximal,,,,,,,,,,,,,,,,,,,,,,Yes,Hertzian,,,,,,,,,,,,,,RECTANGULAR,NotPrepared,No,8.87,1.84,,,,,,,,,,,,19.8,,18.45,,3.61,1.47,,N,
3669,LIK,XIII,O5a-046,,,Hornfels,0%,,Flake,Complete,,,,,,,,,,,,,,,,,,,,,,Yes,Hertzian,Feather,,,,,,,,,,,,,RECTANGULAR,NotPrepared,No,12.66,2.79,Main,,,,,,,,,,,8.35,8.35,15.1,15.1,1.87,0.48,,N,
3670,LIK,XIII,O5a-046,,,Hornfels,0%,,Flake,Complete,,,,,,,,,,,,,,,,,,,,,,Yes,Hertzian,Feather,,,,,,,,,,,,,RECTANGULAR,NotPrepared,No,8.7,2.19,Main,,,,,,,,,,,14.41,14.41,12.37,12.37,2.7,0.37,,N,
3671,LIK,XIII,O5a-046,,,Hornfels,0%,,Flake,Complete,,,,,,,,,,,,,,,,,,,,,,Yes,Hertzian,Feather,,,,,,,,,,,,,TRIANGULAR,NotPrepared,No,9.57,3.89,Main,,,,,,,,,,,12.93,12.93,13.69,11.86,3.41,0.58,,N,
3672,LIK,XIII,O5a-046,,,Hornfels,0%,,Flake,Complete,,,,,,,,,,,,,,,,,,,,,,Yes,Hertzian,Feather,,,,,,,,,,,,,OVAL,NotPrepared,No,6.6,1.94,Main,,,,,,,,,,,15.16,15.16,17.3,15.1,3.35,0.78,,N,
3673,LIK,XIII,O5a-046,,,Hornfels,0%,,Flake,Complete,,,,,,,,,,,,,,,,,,,,,,Yes,Hertzian,Feather,,,,,,,,,,,,,RECTANGULAR,NotPrepared,No,6.13,2.48,Main,,,,,,,,,,,14.92,14.92,6.78,6.78,1.99,0.31,,N,
3674,LIK,XIII,O5a-046,,,Hornfels,0%,,Flake,Complete,,,,,,,,,,,,,,,,,,,,,,Yes,Hertzian,Feather,,,,,,,,,,,,,TRIANGULAR,NotPrepared,No,16.45,5.63,Main,,,,,,,,,,,37.07,37.07,22.52,14.05,6.12,3.66,,N,
3675,LIK,XIII,O5a-046,,,Hornfels,0%,,Flake,Complete,,,,,,,,,,,,,,,,,,,,,,Yes,Hertzian,Feather,,,,,,,,,,,,,TRAPEZOIDAL,NotPrepared,No,24.45,4.36,Main,,,,,,,,,,,14.28,14.28,27.88,18.42,4.86,1.55,,N,
3676,LIK,XIII,O5a-046,,,Hornfels,0%,,Flake,Complete,,,,,,,,,,,,,,,,,,,,,,Yes,Hertzian,Feather,,,,,,,,,,,,,RECTANGULAR,NotPrepared,No,3.96,2.36,Main,,,,,,,,,,,19.11,19.11,7.65,7.65,2.65,0.34,,Y,
3677,LIK,XIII,O5a-046,,,Hornfels,0%,,Flake,Complete,,,,,,,,,,,,,,,,,,,,,,Yes,Hertzian,Feather,,,,,,,,,,,,,RECTANGULAR,NotPrepared,No,5.38,3.1,Main,,,,,,,,,,,13.58,12.64,8.53,8.53,4.16,0.58,,N,
3678,LIK,XIII,O5a-046,,,Hornfels,0%,,Flake,Complete,,,,,,,,,,,,,,,,,,,,,,Yes,Bending,Feather,,,,,,,,,,,,,TRAPEZOIDAL,NotPrepared,No,15.56,1.36,Main,,,,,,,,,,,10.11,9.05,12.94,12.94,1.66,0.3,,N,
368,LIK,XIV,P4-056,,,Hornfels,0%,,Flake,Complete,,,,,,,,,,,,,,,,,,,,,,Yes,Hertzian,Feather,,,,,,,,,,,,,RECTANGULAR,ResidualFacetWithBulb,No,7.07,2.02,Main,,,,,,,,,,,12.81,12.81,11.34,11.34,3,0.46,,N,
3679,LIK,XIII,O5a-046,,,Hornfels,0%,,Flake,Complete,,,,,,,,,,,,,,,,,,,,,,Yes,Bending,Feather,,,,,,,,,,,,,RECTANGULAR,NotPrepared,No,8.11,1.88,Main,,,,,,,,,,,11.71,11.71,5.9,5.9,1.63,0.17,,N,
3680,LIK,XIII,,,,Hornfels,0%,,Flake,Complete,,,,,,,,,,,,,,,,,,,,,,Yes,Hertzian,Feather,,,,,,,,,,,,,RECTANGULAR,NotPrepared,No,7.73,1.22,Main,,,,,,,,,,,16.2,16.2,13.61,13.61,2.11,0.61,,Y,
3681,LIK,XIII,O5a-046,,,Hornfels,0%,,Flake,Complete,,,,,,,,,,,,,,,,,,,,,,Yes,Hertzian,Feather,,,,,,,,,,,,,RECTANGULAR,NotPrepared,No,4.34,1.31,Main,,,,,,,,,,,14.68,14.68,8.43,8.43,1.44,0.2,,N,
3682,LIK,XIII,O5a-046,,,Hornfels,0%,,Flake,Complete,,,,,,,,,,,,,,,,,,,,,,Yes,Hertzian,Feather,,,,,,,,,,,,,RECTANGULAR,NotPrepared,No,6.02,2.88,Main,,,,,,,,,,,16.43,16.43,9.28,9.28,1.88,0.38,,N,
3683,LIK,XIII,O5a-046,,,Hornfels,0%,,Flake,Complete,,,,,,,,,,,,,,,,,,,,,,Yes,Hertzian,Feather,,,,,,,,,,,,,RECTANGULAR,FacetWithBulb,No,10.9,3.66,Main,,,,,,,,,,,8.63,8.63,14.69,14.69,2.91,0.54,Ut,Y,
3684,3684,XIII,O5a-046,,,Hornfels,0%,,Flake,Complete,,,,,,,,,,,,,,,,,,,,,,Yes,Hertzian,Feather,,,,,,,,,,,,,RECTANGULAR,NotPrepared,No,4.96,2.16,Main,,,,,,,,,,,12.7,12.7,9.25,9.25,1.98,0.26,,N,
3685,LIK,XIII,O5a-046,,,Hornfels,0%,,Flake,Complete,,,,,,,,,,,,,,,,,,,,,,Yes,Hertzian,Feather,,,,,,,,,,,,,TRIANGULAR,NotPrepared,No,5.02,2.02,Main,,,,,,,,,,,15.46,15.46,10.51,10.51,1.59,0.35,,N,
3686,LIK,XIII,O5a-046,,,Hornfels,0%,,Flake,Complete,,,,,,,,,,,,,,,,,,,,,,Yes,Hertzian,Feather,,,,,,,,,,,,,RECTANGULAR,NotPrepared,No,6.66,2.05,Main,,,,,,,,,,,10.35,10.35,10.29,10.29,2.2,0.34,,N,
3687,LIK,XIII,O5a-046,,,Hornfels,0%,,Flake,Complete,,,,,,,,,,,,,,,,,,,,,,Yes,Bending,Feather,,,,,,,,,,,,,RECTANGULAR,Indeterminate,No,3.28,1.98,Main,,,,,,,,,,,11.65,11.65,5.06,5.06,1.37,0.1,,N,
3688,LIK,XIII,O5a-046,,,Hornfels,0%,,Flake,Complete,,,,,,,,,,,,,,,,,,,,,,Yes,Hertzian,Feather,,,,,,,,,,,,,TRIANGULAR,NotPrepared,No,9.8,4.31,Main,,,,,,,,,,,9.17,9.17,11.13,9.13,2.91,0.29,,N,
369,LIK,XIV,P4-056,,,Opaline/CCS,0%,,Flake,Complete,,,,,,,,,,,,,,,,,,,,,,Yes,Hertzian,Feather,,,,,,,,,,,,,RECTANGULAR,NotPrepared,No,7.12,1.37,Main,,,,,,,,,,,17.16,17.16,13.51,13.51,3.86,0.82,,N,
3689,LIK,XIII,O5a-046,,,Hornfels,0%,,Flake,Complete,,,,,,,,,,,,,,,,,,,,,,Yes,Hertzian,Feather,,,,,,,,,,,,,RECTANGULAR,Indeterminate,No,4.46,0.84,Main,,,,,,,,,,,14.18,9.56,8.88,8.88,1.04,0.13,,N,
3690,LIK,XIII,O5a-046,,,Hornfels,0%,,Flake,Complete,,,,,,,0,,0,0,0,0,0,0,0,0,0,0,0,0,0,Yes,Hertzian,Feather,,0,0,0,0,0,0,0,0,0,0,0,RECTANGULAR,NotPrepared,No,22.98,7.78,Main,,,,,0,0,0,0,0,0,33.14,33.14,27.5,27.5,9.15,8.96,Ut,N,
3691,LIK,XIII,O5a-046,,,Hornfels,0%,,Flake,Complete,,,,,,,,,,,,,,,,,,,,,,Yes,Hertzian,Feather,,,,,,,,,,,,,RECTANGULAR,NotPrepared,No,11.51,4.6,Main,,,,,,,,,,,26.08,26.08,26.77,26.77,12.15,9.77,Ut,Y,
3692,LIK,XIII,O5a-046,,,Hornfels,0%,,Flake,Complete,,,,,,,,,,,,,,,,,,,,,,Yes,Hertzian,Feather,,,,,,,,,,,,,RECTANGULAR,NotPrepared,No,17.26,7.43,Main,,,,,,,,,,,13.51,13.51,28.26,23.76,7.21,4.17,,N,
3693,LIK,XIII,O5a-046,,,Hornfels,0%,,Flake,Complete,,,,,,,,,,,,,,,,,,,,,,Yes,Bending,Feather,,,,,,,,,,,,,RECTANGULAR,NotPrepared,No,10.94,6.1,Main,,,,,,,,,,,33.35,33.35,18.8,18.8,12.71,8.71,,N,
3694,LIK,VII,M4c-036,,,Hornfels,0%,,Flake,Complete,,,,,,,,,,,,,,,,,,,,,,Yes,Hertzian,Feather,,,,,,,,,,,,,RECTANGULAR,NotPrepared,No,5.33,2.4,Main,,,,,,,,,,,15.69,15.69,7.05,7.05,3.88,0.57,,N,
3695,LIK,VII,M4c-036,,,Hornfels,0%,,Flake,Complete,,,,,,,,,,,,,,,,,,,,,,Yes,Hertzian,Feather,,,,,,,,,,,,,RHOMBUS,NotPrepared,No,7.2,2.41,Main,,,,,,,,,,,31.13,23.42,24.17,24.17,3.27,1.67,,N,
3696,LIK,VII,M4c-036,,,Hornfels,0%,,Flake,Complete,,,,,,,,,,,,,,,,,,,,,,Yes,Hertzian,Feather,,,,,,,,,,,,,TRIANGULAR,NotPrepared,No,16.93,7.1,Main,,,,,,,,,,,29.95,29.95,23.14,15.42,8.19,4.92,,N,
3697,LIK,VII,M4c-036,,,Hornfels,0%,,Flake,Complete,,,,,,,,,,,,,,,,,,,,,,Yes,Hertzian,Feather,,,,,,,,,,,,,RECTANGULAR,NotPrepared,No,4.96,1.95,Main,,,,,,,,,,,9.86,9.86,9.2,6.96,2.31,0.22,,N,
3698,LIK,VII,N5d-036,,,Hornfels,0%,,Flake,Complete,,,,,,,,,,,,,,,,,,,,,,Yes,Hertzian,Feather,,,,,,,,,,,,,RECTANGULAR,NotPrepared,No,15.38,7.73,Main,,,,,,,,,,,47.8,47.8,17.89,17.89,7.75,7.94,,N,
370,LIK,XIV,P4-056,,,Hornfels,0%,,Flake,Complete,,,,,,,,,,,,,,,,,,,,,,Yes,Hertzian,Feather,,,,,,,,,,,,,RECTANGULAR,Indeterminate,No,4.3,1.33,Main,,,,,,,,,,,17.53,14.19,8.91,8.91,0.69,0.3,,N,
3699,LIK,VII,N5d-036,,,Hornfels,0%,,Flake,Complete,,,,,,,0,,0,0,0,0,0,0,0,0,0,0,0,0,0,Yes,Hertzian,Feather,,0,0,0,0,0,0,0,0,0,0,0,RECTANGULAR,NotPrepared,No,11.23,5.02,Main,,,,,0,0,0,0,0,0,34.76,34.76,14.18,14.18,8.05,3.86,Ut,N,
3700,LIK,VII,N5d-036,,,Hornfels,0%,,Flake,Complete,,,,,,,,,,,,,,,,,,,,,,Yes,Hertzian,Feather,,,,,,,,,,,,,TRIANGULAR,NotPrepared,No,10.85,2.92,Main,,,,,,,,,,,15.37,15.37,21.43,21.43,4.54,1.65,,N,
3701,LIK,VII,N5d-036,,,Hornfels,0%,,Flake,Complete,,,,,,,,,,,,,,,,,,,,,,Yes,Hertzian,Feather,,,,,,,,,,,,,RECTANGULAR,NotPrepared,No,6.26,2.75,Main,,,,,,,,,,,25.32,25.32,12.24,11.62,2.02,0.68,,N,
3702,LIK,VII,N5d-036,,,Hornfels,0%,,Flake,Complete,,,,,,,,,,,,,,,,,,,,,,Yes,Hertzian,Feather,,,,,,,,,,,,,RECTANGULAR,NotPrepared,No,21.94,4.64,Main,,,,,,,,,,,17.25,17.25,29.37,29.37,3.3,2.79,,N,
3703,LIK,VII,N5d-036,,,Hornfels,0%,,Flake,Complete,,,,,,,,,,,,,,,,,,,,,,Yes,Hertzian,Feather,,,,,,,,,,,,,TRIANGULAR,NotPrepared,No,8.49,1.75,Main,,,,,,,,,,,9.79,8.5,10.8,10.8,1.36,0.21,,N,
3704,LIK,VII,N5d-036,,,Hornfels,40-60%,Outcrop,Flake,Complete,,,,,,,,,,,,,,,,,,,,,,Yes,Hertzian,Feather,,,,,,,,,,,,,RECTANGULAR,NotPrepared,No,16.05,3.32,Main,,,,,,,,,,,38.72,38.72,28.65,28.65,7.99,11.83,,Y,
3705,LIK,VII,N5d-036,,,Hornfels,0%,,Flake,Complete,,,,,,,,,,,,,,,,,,,,,,Yes,Hertzian,Feather,,,,,,,,,,,,,RECTANGULAR,NotPrepared,No,8.46,1.45,Main,,,,,,,,,,,17.04,17.04,13.6,13.6,3.89,1.23,,N,
3706,LIK,VII,N5d-036,,,Hornfels,0%,,Flake,Complete,,,,,,,,,,,,,,,,,,,,,,Yes,Hertzian,Feather,,,,,,,,,,,,,RECTANGULAR,NotPrepared,No,5.8,1.7,Main,,,,,,,,,,,30.79,30.79,7.3,7.3,2.44,0.76,Ut,Y,
3707,LIK,VII,M4c-031,,,Hornfels,0%,,Flake,Complete,,,,,,,,,,,,,,,,,,,,,,Yes,Hertzian,Feather,,,,,,,,,,,,,RECTANGULAR,NotPrepared,No,17.23,3.75,Main,,,,,,,,,,,17.33,17.33,21.8,21.8,4.71,2.44,,N,
3708,LIK,VII,M4c-031,,,Hornfels,0%,,Flake,Complete,,,,,,,,,,,,,,,,,,,,,,Yes,Hertzian,Feather,,,,,,,,,,,,,TRAPEZOIDAL,NotPrepared,No,9.86,4.79,Main,,,,,,,,,,,33.5,33.5,32.49,23,12.77,11.53,,N,
37,LIK,XV,O5c-057,,,Opaline/CCS,0%,,Flake,Complete,,,,,,,,,,,,,,,,,,,,,,Yes,Hertzian,Feather,,,,,,,,,,,,,TRIANGULAR,NotPrepared,No,6.68,1.56,Main,,,,,,,,,,,11.87,11.87,7.5,7.5,1.75,0.15,,N,
371,LIK,XIV,P4-056,,,Hornfels,0%,,Flake,Complete,,,,,,,,,,,,,,,,,,,,,,Yes,Hertzian,Feather,,,,,,,,,,,,,RHOMBUS,NotPrepared,No,8.41,3.29,Main,,,,,,,,,,,10.76,10.76,13.58,11.81,2.33,0.32,,N,
3709,LIK,VII,M4c-031,,,Hornfels,10-40%,Outcrop,Flake,Complete,,,,,,,,,,,,,,,,,,,,,,Yes,Hertzian,Feather,,,,,,,,,,,,,RECTANGULAR,NotPrepared,No,10.72,6.13,Main,,,,,,,,,,,38.06,38.07,27.56,27.56,8.87,12.46,,N,
3710,LIK,VII,M4c-031,,,Hornfels,0%,,Flake,Complete,,,,,,,,,,,,,,,,,,,,,,Yes,Hertzian,Feather,,,,,,,,,,,,,TRIANGULAR,NotPrepared,No,10.46,6.93,Main,,,,,,,,,,,19.86,19.86,28.66,17.86,5.57,4.54,,N,
3711,LIK,VII,M4c-031,,,Hornfels,0%,,Flake,Complete,,,,,,,,,,,,,,,,,,,,,,Yes,Hertzian,Feather,,,,,,,,,,,,,RECTANGULAR,NotPrepared,No,10.74,2.96,Main,,,,,,,,,,,17.85,17.85,15.28,13.72,3.06,1.56,,N,
3712,LIK,VII,M4c-031,,,Hornfels,0%,,Flake,Complete,,,,,,,,,,,,,,,,,,,,,,Yes,Hertzian,Feather,,,,,,,,,,,,,KITE,NotPrepared,No,19.34,5.15,Main,,,,,,,,,,,24.31,24.31,24.82,24.82,6.01,4.68,,N,
3713,LIK,VII,M4c-031,,,Hornfels,0%,,Flake,Complete,,,,,,,,,,,,,,,,,,,,,,Yes,Hertzian,Feather,,,,,,,,,,,,,RECTANGULAR,NotPrepared,No,9.45,4.19,Main,,,,,,,,,,,34.33,34.33,14,14,3.61,2.3,,N,
3714,LIK,VII,M4c-031,,,Hornfels,0%,,Flake,Complete,,,,,,,,,,,,,,,,,,,,,,Yes,Hertzian,Feather,,,,,,,,,,,,,TRIANGULAR,NotPrepared,No,8.65,3.79,Main,,,,,,,,,,,27.66,27.66,11.36,8.35,6.52,1.68,,N,
3715,LIK,VII,M4c-031,,,Hornfels,0%,,Flake,Complete,,,,,,,,,,,,,,,,,,,,,,Yes,Hertzian,Feather,,,,,,,,,,,,,RECTANGULAR,NotPrepared,No,6.07,4.42,Main,,,,,,,,,,,11.9,11.9,6.17,6.17,2.94,0.3,,N,
3716,LIK,VII,M4c-031,,,Hornfels,0%,,Flake,Complete,,,,,,,,,,,,,,,,,,,,,,Yes,Hertzian,Feather,,,,,,,,,,,,,TRAPEZOIDAL,NotPrepared,No,3.96,1.36,Main,,,,,,,,,,,16.17,16.17,15.03,15.03,2.68,0.47,,N,
3717,LIK,VII,L4a-094,,,Hornfels,0%,,Flake,Complete,,,,,,,,,,,,,,,,,,,,,,Yes,Bending,Feather,,,,,,,,,,,,,TRAPEZOIDAL,NotPrepared,No,6.86,1.88,Main,,,,,,,,,,,8.65,8.65,20.03,17.85,5.81,1.05,,N,
3718,LIK,VII,M4c-031,,,Hornfels,0%,,Flake,Complete,,,,,,,,,,,,,,,,,,,,,,Yes,Hertzian,Feather,,,,,,,,,,,,,RECTANGULAR,NotPrepared,No,5.5,1.24,Main,,,,,,,,,,,10.38,8.27,16.78,13.44,1.84,0.26,,N,
372,LIK,XIV,P4-056,,,Hornfels,0%,,Flake,Complete,,,,,,,,,,,,,,,,,,,,,,Yes,Hertzian,Feather,,,,,,,,,,,,,RECTANGULAR,NotPrepared,No,4.65,1.09,Main,,,,,,,,,,,7.38,7.38,10.33,10.33,1.8,0.16,,N,
3719,LIK,VII,L4a-094,,,Hornfels,0%,,Flake,Complete,,,,,,,,,,,,,,,,,,,,,,Yes,Hertzian,Feather,,,,,,,,,,,,,TRAPEZOIDAL,NotPrepared,No,11.54,1.93,Main,,,,,,,,,,,12.51,12.51,24.19,17.44,2.42,0.81,,N,
3720,LIK,VII,L4a-094,,,Hornfels,0%,,Flake,Complete,,,,,,,,,,,,,,,,,,,,,,Yes,Hertzian,Feather,,,,,,,,,,,,,TRIANGULAR,NotPrepared,No,4.97,2.06,Main,,,,,,,,,,,18.61,18.61,13.07,9.77,3.21,0.66,,N,
3721,LIK,VII,L4a-094,,,Hornfels,0%,,Flake,Complete,,,,,,,,,,,,,,,,,,,,,,Yes,Hertzian,Feather,,,,,,,,,,,,,RECTANGULAR,NotPrepared,No,8.27,1.69,Main,,,,,,,,,,,14.31,14.31,14.32,14.31,1.8,0.48,,N,
3722,LIK,VII,L4a-094,,,Hornfels,0%,,Flake,Complete,,,,,,,,,,,,,,,,,,,,,,Yes,Hertzian,Feather,,,,,,,,,,,,,RECTANGULAR,NotPrepared,No,5.94,2.61,Main,,,,,,,,,,,28.98,28.98,15.91,15.91,7.35,2.81,,N,
3723,LIK,VII,L4a-094,,,Hornfels,0%,,Flake,Complete,,,,,,,,,,,,,,,,,,,,,,Yes,Hertzian,Feather,,,,,,,,,,,,,RECTANGULAR,NotPrepared,No,21.38,9.24,Main,,,,,,,,,,,31.7,31.7,29.18,29.18,7.56,8.38,,N,
3724,LIK,VII,L5b-094,,,Hornfels,0%,,Flake,Complete,,,,,,,,,,,,,,,,,,,,,,Yes,Hertzian,Feather,,,,,,,,,,,,,RECTANGULAR,NotPrepared,No,5.49,1.29,Main,,,,,,,,,,,14.22,14.22,10.66,10.66,1.83,0.34,,N,
3725,LIK,VII,L5b-094,,,Hornfels,0%,,Flake,Complete,,,,,,,,,,,,,,,,,,,,,,Yes,Hertzian,Feather,,,,,,,,,,,,,TRIANGULAR,NotPrepared,No,9.02,3.12,Main,,,,,,,,,,,17.07,17.07,13.47,13.47,2.51,0.5,,N,
3726,LIK,VII,L5b-094,,,Hornfels,0%,,Flake,Complete,,,,,,,,,,,,,,,,,,,,,,Yes,Hertzian,Feather,,,,,,,,,,,,,RECTANGULAR,NotPrepared,No,7.74,1.55,Main,,,,,,,,,,,20.67,20.67,10.97,10.97,3.61,1.5,,N,
3727,LIK,VII,L5b-094,,,Hornfels,0%,,Flake,Complete,,,,,,,,,,,,,,,,,,,,,,Yes,Bending,Feather,,,,,,,,,,,,,RECTANGULAR,NotPrepared,No,7.45,2.11,Main,,,,,,,,,,,14.98,14.98,13.48,13.48,2.9,0.61,,N,
3728,LIK,VII,L5b-094,,,Hornfels,0%,,Flake,Complete,,,,,,,,,,,,,,,,,,,,,,Yes,Hertzian,Feather,,,,,,,,,,,,,TRAPEZOIDAL,NotPrepared,No,9.33,3.02,Main,,,,,,,,,,,13.31,13.31,43.52,37.68,5.89,4.87,Ut,Y,
373,LIK,XIV,P4-056,,,Hornfels,0%,,Flake,Complete,,,,,,,,,,,,,,,,,,,,,,Yes,Hertzian,Feather,,,,,,,,,,,,,RECTANGULAR,NotPrepared,No,4.03,0.74,Main,,,,,,,,,,,11.1,11.1,12.5,12.5,1.35,0.18,,N,
3729,LIK,VII,L5b-094,,,Hornfels,0%,,Flake,Complete,,,,,,,,,,,,,,,,,,,,,,Yes,Hertzian,Feather,,,,,,,,,,,,,TRAPEZOIDAL,NotPrepared,No,10.33,1.61,Main,,,,,,,,,,,10.25,10.25,13.38,13.38,1.62,0.23,,N,
3730,LIK,VII,L5b-094,,,Hornfels,0%,,RetouchedTool,Complete,,MinimallyRetouched,MarginalEdgeShaping,Dorsal,3,678,3.75,1,3.51,3.48,7.42,,,,,,,,,,,,,,Flake,,,,,,,,,,,,TRIANGULAR,,,,,,,,,,,,,,,,29.64,,29.21,,12.16,7.22,Ret; Ut,Y,
3731,LIK,VII,L5b-094,,,Hornfels,0%,,Flake,Complete,,,,,,,,,,,,,,,,,,,,,,Yes,Hertzian,Feather,,,,,,,,,,,,,RECTANGULAR,NotPrepared,No,12.62,5.52,Main,,,,,,,,,,,29.45,29.45,29.45,18.54,17.58,4.43,Ut,N,
3732,LIK,VII,M3b-031,,,Hornfels,0%,,Flake,Complete,,,,,,,,,,,,,,,,,,,,,,Yes,Hertzian,Feather,,,,,,,,,,,,,RECTANGULAR,NotPrepared,No,4.63,1.65,Main,,,,,,,,,,,9.28,9.28,8.39,8.39,1.92,0.22,,N,
3733,LIK,VII,M3b-031,,,Hornfels,0%,,Flake,Complete,,,,,,,,,,,,,,,,,,,,,,Yes,Hertzian,Feather,,,,,,,,,,,,,TRIANGULAR,NotPrepared,No,3.93,1.3,Main,,,,,,,,,,,14.43,14.43,14.82,11.35,1.98,0.45,,N,
3734,LIK,VII,M3b-031,,,Hornfels,0%,,Flake,Complete,,,,,,,,,,,,,,,,,,,,,,Yes,Hertzian,Feather,,,,,,,,,,,,,OVAL,NotPrepared,No,4.02,1.54,Main,,,,,,,,,,,16.69,16.69,8.74,8.74,1.17,0.24,,N,
3735,LIK,VII,M3b-031,,,Hornfels,0%,,Flake,Complete,,,,,,,,,,,,,,,,,,,,,,Yes,Hertzian,Overshot,,,,,,,,,,,,,RECTANGULAR,NotPrepared,No,13.99,4.17,Main,,,,,,,,,,,33.68,33.68,19.53,19.53,6.78,5.09,,N,
3736,LIK,VII,M3b-031,,,Hornfels,0%,,Flake,Complete,,,,,,,,,,,,,,,,,,,,,,Yes,Hertzian,Feather,,,,,,,,,,,,,RHOMBUS,NotPrepared,No,17.17,9.22,Main,,,,,,,,,,,13.92,13.92,34.39,19.88,5.37,4.31,,N,
3737,LIK,VII,M3b-031,,,Hornfels,0%,,Flake,Complete,,,,,,,,,,,,,,,,,,,,,,Yes,Hertzian,Feather,,,,,,,,,,,,,RECTANGULAR,NotPrepared,No,9.72,2.7,Main,,,,,,,,,,,48.11,44.05,30.45,30.45,3.94,12.74,,N,
3738,LIK,VII,M3b-031,,,Hornfels,1-10%,Outcrop,Flake,Complete,,,,,,,,,,,,,,,,,,,,,,Yes,Hertzian,Feather,,,,,,,,,,,,,RECTANGULAR,NotPrepared,No,4.45,2.06,Main,,,,,,,,,,,16.13,16.13,5.63,5.63,2.04,0.22,,N,
374,LIK,XIV,P4-056,,,Hornfels,0%,,Flake,Complete,,,,,,,,,,,,,,,,,,,,,,Yes,Hertzian,Feather,,,,,,,,,,,,,OVAL,NotPrepared,No,3.62,1.03,Main,,,,,,,,,,,9.72,9.72,12.7,9.73,1.29,0.22,,N,
3739,LIK,VII,M3b-031,,,Hornfels,0%,,Flake,Complete,,,,,,,,,,,,,,,,,,,,,,Yes,Hertzian,Feather,,,,,,,,,,,,,TRIANGULAR,NotPrepared,No,3.03,1.19,Main,,,,,,,,,,,15.3,15.3,5.37,5.37,1.94,0.13,,N,
3740,LIK,VII,M3b-031,,,Hornfels,0%,,Flake,Complete,,,,,,,,,,,,,,,,,,,,,,Yes,Hertzian,Feather,,,,,,,,,,,,,RECTANGULAR,NotPrepared,No,3.71,0.87,Main,,,,,,,,,,,10.35,10.35,10.57,8.65,1.65,0.17,Ut,N,
3741,LIK,VII,M3b-031,,,Hornfels,0%,,Flake,Complete,,,,,,,,,,,,,,,,,,,,,,Yes,Hertzian,Hinge,,,,,,,,,,,,,RECTANGULAR,NotPrepared,No,9.32,3.35,Main,,,,,,,,,,,37.33,37.33,37.14,37.14,10.6,18.09,,N,
3742,LIK,VII,O3c-031,,,Hornfels,0%,,Flake,Complete,,,,,,,,,,,,,,,,,,,,,,Yes,Hertzian,Feather,,,,,,,,,,,,,OVAL,NotPrepared,No,4.6,2.12,Main,,,,,,,,,,,11.07,11.07,11.66,11.66,2.72,0.4,,N,
3743,LIK,VII,O3c-031,,,Hornfels,0%,,Flake,Complete,,,,,,,,,,,,,,,,,,,,,,Yes,Hertzian,Feather,,,,,,,,,,,,,TRAPEZOIDAL,NotPrepared,No,4.62,1.06,Main,,,,,,,,,,,8.98,8.98,10.4,9.06,1.32,0.11,,N,
3744,LIK,VII,O3c-031,,,Hornfels,0%,,Flake,Complete,,,,,,,,,,,,,,,,,,,,,,Yes,Hertzian,Feather,,,,,,,,,,,,,TRAPEZOIDAL,NotPrepared,No,6.11,1.77,Main,,,,,,,,,,,13.37,13.37,25.06,17.88,3.59,0.95,,N,
3745,LIK,VII,O3c-031,,,Hornfels,0%,,Flake,Complete,,,,,,,,,,,,,,,,,,,,,,Yes,Bending,Feather,,,,,,,,,,,,,RECTANGULAR,NotPrepared,No,12.26,3.03,Main,,,,,,,,,,,23.67,23.67,14.66,14.66,3.02,1.19,,N,
3746,LIK,VII,O3c-031,,,Hornfels,10-40%,Outcrop,Flake,Complete,,,,,,,,,,,,,,,,,,,,,,Yes,Hertzian,Feather,,,,,,,,,,,,,RECTANGULAR,NotPrepared,No,14.38,5.35,Main,,,,,,,,,,,30.03,30.03,28.65,28.65,6.2,6.29,,N,
3747,LIK,VII,N5a-031,,,Hornfels,0%,,Flake,Complete,,,,,,,0,,0,0,0,0,0,0,0,0,0,0,0,0,0,Yes,Hertzian,Feather,,0,0,0,0,0,0,0,0,0,0,0,RECTANGULAR,NotPrepared,No,10.3,2.92,Main,,,,,0,0,0,0,0,0,26.48,26.48,19.44,19.44,5.12,2.49,Ut,N,
3748,LIK,VII,N5a-031,,,Hornfels,0%,,Flake,Complete,,,,,,,,,,,,,,,,,,,,,,Yes,Hertzian,Feather,,,,,,,,,,,,,RECTANGULAR,NotPrepared,No,6,1.3,Main,,,,,,,,,,,15.97,15.97,9.68,9.68,2.13,0.26,,N,
375,LIK,XIV,P4-056,,,Hornfels,0%,,Flake,Complete,,,,,,,,,,,,,,,,,,,,,,Yes,Hertzian,Feather,,,,,,,,,,,,,RECTANGULAR,NotPrepared,No,6.82,1.84,Main,,,,,,,,,,,14.69,14.69,8.77,8.77,1.53,0.26,,N,
3749,LIK,VII,N5a-031,,,Hornfels,0%,,Flake,Complete,,,,,,,,,,,,,,,,,,,,,,Yes,Hertzian,Feather,,,,,,,,,,,,,RECTANGULAR,NotPrepared,No,20.64,9.55,Main,,,,,,,,,,,30.68,30.68,32.01,28.26,7.73,9.1,,N,
3750,LIK,VII,N5b-031,,,Hornfels,0%,,Flake,Complete,,,,,,,,,,,,,,,,,,,,,,Yes,Hertzian,Feather,,,,,,,,,,,,,RECTANGULAR,NotPrepared,No,14.64,3.43,Main,,,,,,,,,,,18.41,18.41,19.21,19.21,4.05,1.85,,N,
3751,LIK,VII,N5b-031,,,Hornfels,0%,,Flake,Complete,,,,,,,,,,,,,,,,,,,,,,Yes,Hertzian,Feather,,,,,,,,,,,,,RECTANGULAR,NotPrepared,No,4.68,2.46,Main,,,,,,,,,,,16.76,16.76,6.09,6.09,3.33,0.38,,N,
3752,LIK,VII,N5b-031,,,Hornfels,0%,,Flake,Complete,,,,,,,,,,,,,,,,,,,,,,Yes,Hertzian,Feather,,,,,,,,,,,,,RECTANGULAR,NotPrepared,No,5.47,1.26,Main,,,,,,,,,,,8.7,8.7,15.25,15.25,1.94,0.25,,N,
3753,LIK,VII,N5b-031,,,Hornfels,0%,,Flake,Complete,,,,,,,,,,,,,,,,,,,,,,Yes,Bending,Feather,,,,,,,,,,,,,RECTANGULAR,NotPrepared,No,9.35,5.41,Main,,,,,,,,,,,17.02,17.02,14.87,13.83,2.94,0.97,,N,
3754,LIK,VII,N5b-031,,,Hornfels,0%,,Flake,Complete,,,,,,,,,,,,,,,,,,,,,,Yes,Hertzian,Feather,,,,,,,,,,,,,OVAL,Indeterminate,No,6.74,1.4,Main,,,,,,,,,,,17.61,17.61,15.5,15.5,1.92,0.51,,N,
3755,LIK,VII,N5b-031,,,Hornfels,0%,,Flake,Complete,,,,,,,,,,,,,,,,,,,,,,Yes,Hertzian,Feather,,,,,,,,,,,,,RECTANGULAR,NotPrepared,No,6.42,2.36,Main,,,,,,,,,,,12.55,12.55,13.28,12.53,1.99,0.38,,N,
3756,LIK,VII,N5b-031,,,Hornfels,0%,,Flake,Complete,,,,,,,,,,,,,,,,,,,,,,Yes,Hertzian,Feather,,,,,,,,,,,,,RHOMBUS,NotPrepared,No,12.34,3.86,Main,,,,,,,,,,,11.58,10.55,13.74,13.74,3.91,0.64,,N,
3757,LIK,XIII,O5a-045,,,Hornfels,0%,,Flake,Complete,,,,,,,,,,,,,,,,,,,,,,Yes,Hertzian,Feather,,,,,,,,,,,,,RHOMBUS,NotPrepared,No,12.47,3.16,Main,,,,,,,,,,,23.58,23.58,39.35,39.35,9.1,7.54,Ut,N,
3758,LIK,XIII,O5a-045,,,Hornfels,0%,,Flake,Complete,,,,,,,,,,,,,,,,,,,,,,Yes,Hertzian,Feather,,,,,,,,,,,,,RECTANGULAR,NotPrepared,No,19.48,7.9,Main,,,,,,,,,,,14.48,14.48,37.55,37.55,5.18,4,,N,
376,LIK,XIV,P4-056,,,Hornfels,0%,,Flake,Complete,,,,,,,,,,,,,,,,,,,,,,Yes,Hertzian,Feather,,,,,,,,,,,,,TRAPEZOIDAL,NotPrepared,No,6.34,2.35,Main,,,,,,,,,,,9.47,9.47,18.17,16.15,3.08,0.64,,N,
3759,LIK,XIII,O5a-045,,,Hornfels,0%,,Flake,Complete,,,,,,,,,,,,,,,,,,,,,,Yes,Bending,Overshot,,,,,,,,,,,,,RECTANGULAR,NotPrepared,No,16.93,5.22,Main,,,,,,,,,,,25.28,25.28,19.47,19.47,6.47,5.13,Ut,N,
3760,LIK,XIII,O5a-045,,,Hornfels,0%,,Flake,Complete,,,,,,,,,,,,,,,,,,,,,,Yes,Hertzian,Feather,,,,,,,,,,,,,RECTANGULAR,NotPrepared,No,7.05,2,Main,,,,,,,,,,,13.32,13.32,9.51,9.51,1.35,0.22,,N,
3761,LIK,XIII,O5a-045,,,Hornfels,0%,,Flake,Complete,,,,,,,,,,,,,,,,,,,,,,Yes,Bending,Feather,,,,,,,,,,,,,RECTANGULAR,NotPrepared,No,23.61,10.18,Main,,,,,,,,,,,35.06,35.06,26.56,26.56,7.2,10.92,,N,
3762,LIK,XIII,O5a-045,,,Hornfels,0%,,Flake,Complete,,,,,,,,,,,,,,,,,,,,,,Yes,Hertzian,Feather,,,,,,,,,,,,,TRAPEZOIDAL,NotPrepared,No,5.5,2.95,Main,,,,,,,,,,,11.22,11.22,12.12,10.7,1.68,0.32,,N,
3763,LIK,XIII,O5a-045,,,Hornfels,0%,,Flake,Complete,,,,,,,,,,,,,,,,,,,,,,Yes,Bending,Feather,,,,,,,,,,,,,RECTANGULAR,NotPrepared,No,4.43,2.33,Main,,,,,,,,,,,13.81,13.81,3.16,3.16,2.95,0.16,,N,
3764,LIK,XIII,O5a-045,,,Hornfels,0%,,Flake,Proximal,,,,,,,,,,,,,,,,,,,,,,Yes,Hertzian,,,,,,,,,,,,,,KITE,NotPrepared,No,20.65,5.83,,,,,,,,,,,,22.48,,46.18,,9.02,10.03,,N,
3765,LIK,XIII,O5a-045,,,Hornfels,0%,,Flake,Proximal,,,,,,,,,,,,,,,,,,,,,,Yes,Hertzian,,,,,,,,,,,,,,TRAPEZOIDAL,NotPrepared,No,6.05,2.85,,,,,,,,,,,,10.04,,19.29,,4.25,0.69,,N,
3766,LIK,XIII,O5a-045,,,Hornfels,0%,,Flake,Complete,,,,,,,,,,,,,,,,,,,,,,Yes,Hertzian,Feather,,,,,,,,,,,,,TRIANGULAR,NotPrepared,No,6.45,6.94,Main,,,,,,,,,,,9.99,9.99,19.92,13.98,5.04,1.18,,N,
3767,LIK,XI,N5b-039,,,Opaline/CCS,0%,,Flake,Complete,,,,,,,,,,,,,,,,,,,,,,Yes,Hertzian,Feather,,,,,,,,,,,,,RHOMBUS,NotPrepared,No,7.78,1.87,Main,,,,,,,,,,,10.52,10.52,12.8,12.8,1.07,0.2,,N,
3768,LIK,XI,N5b-039,,,Hornfels,0%,,Flake,Complete,,,,,,,,,,,,,,,,,,,,,,Yes,Hertzian,Feather,,,,,,,,,,,,,RECTANGULAR,NotPrepared,No,8.59,1.46,Main,,,,,,,,,,,14.66,14.66,13.16,13.16,3.2,0.72,,N,
377,LIK,XIV,P4-056,,,Hornfels,0%,,Flake,Complete,,,,,,,,,,,,,,,,,,,,,,Yes,Hertzian,Feather,,,,,,,,,,,,,RECTANGULAR,NotPrepared,No,5.3,1.75,Main,,,,,,,,,,,13.67,13.67,10.05,10.05,1.27,0.27,,N,
3769,LIK,XI,N5b-039,,,Hornfels,0%,,Flake,Complete,,,,,,,0,,0,0,0,0,0,0,0,0,0,0,0,0,0,Yes,Hertzian,Feather,,0,0,0,0,0,0,0,0,0,0,0,TRIANGULAR,NotPrepared,No,7.02,3.02,Main,,,,,0,0,0,0,0,0,17.63,17.63,24.02,16.37,7.49,2.63,Ut,N,
3770,LIK,XI,N5b-039,,,Hornfels,0%,,Flake,Complete,,,,,,,,,,,,,,,,,,,,,,Yes,Hertzian,Feather,,,,,,,,,,,,,TRIANGULAR,NotPrepared,No,6.44,3.04,Main,,,,,,,,,,,14.85,14.85,20.4,15.2,5.04,1.13,,N,
3771,LIK,XI,N5b-039,,,Hornfels,0%,,Flake,Proximal,,,,,,,,,,,,,,,,,,,,,,Yes,Hertzian,,,,,,,,,,,,,,RECTANGULAR,NotPrepared,No,7.47,2.26,,,,,,,,,,,,11.55,,18.7,,3.23,0.74,,N,
3772,LIK,XI,N5b-039,,,Hornfels,0%,,Flake,Complete,,,,,,,,,,,,,,,,,,,,,,Yes,Bending,Feather,,,,,,,,,,,,,RECTANGULAR,NotPrepared,No,12.7,5.18,Main,,,,,,,,,,,45.92,45.92,19.57,19.57,8.48,10.23,,N,
3773,LIK,XI,N5b-039,,,Hornfels,0%,,Flake,Complete,,,,,,,,,,,,,,,,,,,,,,Yes,Bending,Overshot,,,,,,,,,,,,,RECTANGULAR,NotPrepared,No,20.7,12.79,Main,,,,,,,,,,,40.47,40.47,16.86,16.86,14.59,24.41,,N,
3774,LIK,XI,N5b-039,,,Hornfels,0%,,Core,,Complete,,,,,,,,,,,,,,,,,,,,,,,,,,,,,,,,,,,,,,,,,,Platform,Irregular,Cubic,0%,6,4,3,3,4,38.58,42.72,,40.71,,36.05,118.31,,N,
3775,LIK,XI,O5a-039,,,Hornfels,0%,,Flake,Complete,,,,,,,,,,,,,,,,,,,,,,Yes,Hertzian,Feather,,,,,,,,,,,,,RECTANGULAR,NotPrepared,No,8.78,3.34,Main,,,,,,,,,,,16.63,16.63,13.49,13.49,3.59,1,,N,
3776,LIK,XI,O5a-039,,,Hornfels,0%,,Flake,Complete,,,,,,,,,,,,,,,,,,,,,,Yes,Hertzian,Feather,,,,,,,,,,,,,RECTANGULAR,NotPrepared,No,7.12,2.41,Main,,,,,,,,,,,13.03,13.03,10.91,10.91,2.42,0.52,,N,
3777,LIK,XI,O5a-039,,,Hornfels,0%,,Flake,Complete,,,,,,,,,,,,,,,,,,,,,,Yes,Bending,Feather,,,,,,,,,,,,,TRIANGULAR,NotPrepared,No,12.84,3.78,Main,,,,,,,,,,,8.89,7.88,13.3,13.3,1.88,0.29,,N,
3778,LIK,XI,O5a-039,,,Hornfels,0%,,Flake,Complete,,,,,,,,,,,,,,,,,,,,,,Yes,Hertzian,Feather,,,,,,,,,,,,,RECTANGULAR,NotPrepared,No,9.45,2.52,Main,,,,,,,,,,,39.21,29.69,20.24,20.24,4.5,4.1,Ut,N,
378,LIK,XIV,P4-056,,,Opaline/CCS,0%,,Flake,Distal,,,,,,,,,,,,,,,,,,,,,,,,Feather,,,,,,,,,,,,,OVAL,,,,,,,,,,,,,,,,12.65,,11.89,,3.39,0.44,,N,
3779,LIK,XI,O5a-039,,,Hornfels,0%,,Flake,Complete,,,,,,,,,,,,,,,,,,,,,,Yes,Hertzian,Feather,,,,,,,,,,,,,TRIANGULAR,NotPrepared,No,18.99,8.52,Main,,,,,,,,,,,31.09,31.09,23.05,22,8.52,6.44,Ut,N,
3780,LIK,XI,O5a-039,,,Hornfels,0%,,Flake,Complete,,,,,,,,,,,,,,,,,,,,,,Yes,Hertzian,Feather,,,,,,,,,,,,,TRIANGULAR,NotPrepared,No,32.49,7.81,Main,,,,,,,,,,,45.53,14.55,54.75,54.75,7.04,16.22,Ut,N,
3781,LIK,XI,O5a-039,,,Hornfels,0%,,Flake,Complete,,,,,,,,,,,,,,,,,,,,,,Yes,Hertzian,Feather,,,,,,,,,,,,,RECTANGULAR,NotPrepared,No,7.34,3.34,Main,,,,,,,,,,,43.62,43.62,17.84,17.84,4.38,5.21,,N,
3782,LIK,XI,O5a-039,,,Hornfels,0%,,Flake,Complete,,,,,,,,,,,,,,,,,,,,,,Yes,Hertzian,Feather,,,,,,,,,,,,,RECTANGULAR,NotPrepared,No,38.23,15.4,Main,,,,,,,,,,,37.32,37.32,38.54,38.54,11.56,24,,N,
3783,LIK,XI,O5a-039,,,Hornfels,0%,,Flake,Complete,,,,,,,,,,,,,,,,,,,,,,Yes,Bending,Feather,,,,,,,,,,,,,RECTANGULAR,NotPrepared,No,9.41,5.87,Main,,,,,,,,,,,24.1,24.1,15.72,15.72,3.92,2.58,,N,
3784,LIK,XI,O5a-039,,,Hornfels,0%,,Flake,Complete,,,,,,,,,,,,,,,,,,,,,,Yes,Hertzian,Feather,,,,,,,,,,,,,RECTANGULAR,NotPrepared,No,7.93,1.46,Main,,,,,,,,,,,21.28,21.28,8.39,8.39,2.84,0.62,,N,
3785,LIK,XI,O5a-039,,,Hornfels,0%,,Flake,Complete,,,,,,,,,,,,,,,,,,,,,,Yes,Hertzian,Feather,,,,,,,,,,,,,RECTANGULAR,NotPrepared,No,7.5,2.95,Main,,,,,,,,,,,12.27,12.27,13.3,13.3,3.42,0.63,,N,
3786,LIK,XI,O5a-039,,,Other,0%,,Flake,Proximal,,,,,,,,,,,,,,,,,,,,,,Yes,Hertzian,,,,,,,,,,,,,,RECTANGULAR,NotPrepared,No,5.55,0.9,,,,,,,,,,,,8.79,,14.82,,1.28,0.2,,N,
3787,LIK,XI,O5a-039,,,Hornfels,0%,,Flake,Complete,,,,,,,,,,,,,,,,,,,,,,Yes,Hertzian,Feather,,,,,,,,,,,,,RECTANGULAR,NotPrepared,No,14.1,6.3,Main,,,,,,,,,,,16.28,16.28,19.89,19.89,3.96,1.95,,N,
3788,LIK,XI,O5a-039,,,Hornfels,0%,,Flake,Complete,,,,,,,,,,,,,,,,,,,,,,Yes,Hertzian,Feather,,,,,,,,,,,,,RECTANGULAR,NotPrepared,No,16.89,6.27,Main,,,,,,,,,,,27.95,27.95,20.83,20.83,6.1,4.3,,N,
379,LIK,XIV,P4-056,,,Hornfels,0%,,Flake,Complete,,,,,,,,,,,,,,,,,,,,,,Yes,Hertzian,Feather,,,,,,,,,,,,,RECTANGULAR,NotPrepared,No,2.76,1.03,Main,,,,,,,,,,,15.71,15.71,9.08,9.08,1.32,0.24,,N,
3789,LIK,XI,O5a-039,,,Hornfels,0%,,Flake,Complete,,,,,,,,,,,,,,,,,,,,,,Yes,Hertzian,Feather,,,,,,,,,,,,,RECTANGULAR,NotPrepared,No,9.77,2.51,Main,,,,,,,,,,,23.63,23.63,16.88,16.88,3.4,1.64,,N,
3790,LIK,XI,O5a-039,,,Hornfels,0%,,Flake,Proximal,,,,,,,,,,,,,,,,,,,,,,Yes,Hertzian,,,,,,,,,,,,,,RECTANGULAR,NotPrepared,No,6.6,2.79,,,,,,,,,,,,16.39,,8.01,,3.11,0.57,,N,
3791,LIK,XI,O5a-039,,,Hornfels,0%,,Flake,Complete,,,,,,,,,,,,,,,,,,,,,,Yes,Hertzian,Feather,,,,,,,,,,,,,TRIANGULAR,NotPrepared,No,7.78,2.37,Main,,,,,,,,,,,11.32,11.32,10.88,8.93,1.96,0.25,,N,
3792,LIK,XI,O5a-039,,,Hornfels,0%,,Flake,Complete,,,,,,,,,,,,,,,,,,,,,,Yes,Hertzian,Feather,,,,,,,,,,,,,TRIANGULAR,NotPrepared,No,7.84,3.3,Main,,,,,,,,,,,14.31,14.31,7.39,7.39,3.36,0.35,,N,
3793,LIK,XI,O5a-039,,,Hornfels,0%,,Flake,Complete,,,,,,,,,,,,,,,,,,,,,,Yes,Hertzian,Feather,,,,,,,,,,,,,RECTANGULAR,ResidualFacetWithBulb,No,14.73,8.73,Main,,,,,,,,,,,17.75,17.75,19.36,18.36,7.79,2.92,,N,
3794,LIK,XI,O5a-039,,,Hornfels,0%,,Flake,Complete,,,,,,,,,,,,,,,,,,,,,,Yes,Hertzian,Feather,,,,,,,,,,,,,RECTANGULAR,NotPrepared,No,7,5.37,Main,,,,,,,,,,,23.36,23.36,10.42,10.42,4.22,1.18,,N,
3795,LIK,XI,O5a-039,,,Hornfels,0%,,Flake,Complete,,,,,,,0,,0,0,0,0,0,0,0,0,0,0,0,0,0,Yes,Bending,Feather,,0,0,0,0,0,0,0,0,0,0,0,TRIANGULAR,NotPrepared,No,6.37,2.96,Main,,,,,0,0,0,0,0,0,25.21,25.21,30.76,25.69,8.57,5.61,Ut,N,
3796,LIK,XI,O5a-039,,,Hornfels,0%,,Flake,Proximal,,,,,,,,,,,,,,,,,,,,,,Yes,Bending,,,,,,,,,,,,,,RECTANGULAR,NotPrepared,No,5.13,1.17,,,,,,,,,,,,11.28,,11.55,,2.02,0.4,,N,
3797,LIK,XI,O5a-039,,,Hornfels,0%,,Flake,Complete,,,,,,,,,,,,,,,,,,,,,,Yes,Bending,Feather,,,,,,,,,,,,,RECTANGULAR,NotPrepared,No,4.87,2.03,Main,,,,,,,,,,,19.08,16.26,9.2,9.2,2.34,0.6,,N,
3798,LIK,XI,O5a-039,,,Hornfels,0%,,Flake,Complete,,,,,,,,,,,,,,,,,,,,,,Yes,Hertzian,Feather,,,,,,,,,,,,,RECTANGULAR,NotPrepared,No,2.69,0.95,Main,,,,,,,,,,,11.95,11.95,7.2,7.2,0.97,0.13,,N,
380,LIK,XIV,P4-056,,,Hornfels,0%,,Flake,Complete,,,,,,,,,,,,,,,,,,,,,,Yes,Hertzian,Feather,,,,,,,,,,,,,TRIANGULAR,NotPrepared,Yes,6.83,3.09,Main,,,,,,,,,,,16.77,16.77,9.67,9.67,2.98,0.51,,N,
3799,LIK,XI,O5a-039,,,Hornfels,0%,,Flake,Proximal,,,,,,,,,,,,,,,,,,,,,,Yes,Hertzian,,,,,,,,,,,,,,TRIANGULAR,Indeterminate,No,1.91,0.68,,,,,,,,,,,,11.84,,7.02,,1.32,0.1,,N,
3800,LIK,XI,O5a-039,,,Hornfels,0%,,Flake,Complete,,,,,,,,,,,,,,,,,,,,,,Yes,Bending,Feather,,,,,,,,,,,,,RHOMBUS,NotPrepared,No,5.34,2.59,Main,,,,,,,,,,,18.54,11.82,12.98,12.98,2.88,0.73,,N,
3801,LIK,XI,O5a-039,,,Hornfels,0%,,Flake,Complete,,,,,,,,,,,,,,,,,,,,,,Yes,Hertzian,Feather,,,,,,,,,,,,,TRAPEZOIDAL,NotPrepared,No,5.22,1.62,Main,,,,,,,,,,,11.94,11.94,24.67,20.09,2.5,0.95,,N,
3802,LIK,XI,O5a-039,,,Hornfels,40-60%,Cobble,Flake,Complete,,,,,,,0,,0,0,0,0,0,0,0,0,0,0,0,0,0,Yes,Bending,Feather,,0,0,0,0,0,0,0,0,0,0,0,TRIANGULAR,NotPrepared,No,21.28,8.11,Main,,,,,0,0,0,0,0,0,11.89,11.89,24.12,20.02,5.71,2.2,,N,
3803,LIK,XI,O5a-039,,,Hornfels,0%,,Flake,Complete,,,,,,,,,,,,,,,,,,,,,,Yes,Bending,Feather,,,,,,,,,,,,,TRIANGULAR,NotPrepared,No,7.81,3.15,Main,,,,,,,,,,,11.93,11.93,8.55,5.72,2,0.2,,N,
3804,LIK,XI,O5a-039,,,Hornfels,0%,,Flake,Complete,,,,,,,,,,,,,,,,,,,,,,Yes,Hertzian,Feather,,,,,,,,,,,,,RECTANGULAR,NotPrepared,No,4.2,1.48,Main,,,,,,,,,,,7.36,7.36,10.28,10.28,1.85,0.13,,N,
3805,LIK,XI,O5a-039,,,Hornfels,0%,,Flake,Complete,,,,,,,,,,,,,,,,,,,,,,Yes,Bending,Feather,,,,,,,,,,,,,TRIANGULAR,NotPrepared,No,8.57,4.36,Main,,,,,,,,,,,11.29,11.29,10.72,9.83,1.83,0.28,,N,
3806,LIK,XI,O5a-039,,,Hornfels,0%,,Flake,Complete,,,,,,,,,,,,,,,,,,,,,,Yes,Hertzian,Feather,,,,,,,,,,,,,TRIANGULAR,NotPrepared,No,2.92,1.25,Main,,,,,,,,,,,13.41,13.41,10.4,10.4,3.03,0.29,Ut,N,
3807,LIK,XI,O5a-039,,,Hornfels,0%,,Flake,Complete,,,,,,,,,,,,,,,,,,,,,,Yes,Bending,Feather,,,,,,,,,,,,,RECTANGULAR,NotPrepared,No,6.88,3.23,Main,,,,,,,,,,,9.22,9.22,10.32,10.32,3,0.36,,N,
3808,LIK,XI,O5a-039,,,Hornfels,0%,,Flake,Complete,,,,,,,,,,,,,,,,,,,,,,Yes,Hertzian,Feather,,,,,,,,,,,,,TRAPEZOIDAL,NotPrepared,No,9.21,2,Main,,,,,,,,,,,16.25,16.25,14.63,11.5,2.95,0.77,Ut,N,
38,LIK,XV,O5c-057,,,Opaline/CCS,0%,,Flake,Complete,,,,,,,,,,,,,,,,,,,,,,Yes,Hertzian,Step,,,,,,,,,,,,,RECTANGULAR,NotPrepared,No,6.04,3.21,Main,,,,,,,,,,,17.81,17.81,6.91,6.91,3.4,0.52,,N,
381,LIK,XIV,P4-056,,,Quartzite,0%,,Flake,Complete,,,,,,,,,,,,,,,,,,,,,,Yes,Hertzian,Feather,,,,,,,,,,,,,RECTANGULAR,NotPrepared,No,10.12,1.47,Main,,,,,,,,,,,10.55,10.55,15.2,15.2,3.69,0.57,382,Y,
3809,LIK,XI,O5a-039,,,Hornfels,0%,,Flake,Complete,,,,,,,,,,,,,,,,,,,,,,Yes,Hertzian,Feather,,,,,,,,,,,,,RECTANGULAR,NotPrepared,No,7.35,4.11,Main,,,,,,,,,,,11.66,11.66,9.98,9.98,2.68,0.48,,N,
3810,LIK,XI,O5a-039,,,Hornfels,0%,,Flake,Complete,,,,,,,,,,,,,,,,,,,,,,Yes,Hertzian,Feather,,,,,,,,,,,,,TRAPEZOIDAL,NotPrepared,No,8.69,1.91,Main,,,,,,,,,,,8.7,8.7,11.49,9.54,1.72,0.23,,N,
3811,LIK,XI,O5a-039,,,Hornfels,0%,,Flake,Complete,,,,,,,,,,,,,,,,,,,,,,Yes,Bending,Feather,,,,,,,,,,,,,TRAPEZOIDAL,NotPrepared,No,9.76,2.93,Main,,,,,,,,,,,9.64,9.64,11.09,8.73,2.33,0.29,,N,
3812,LIK,XI,O5a-039,,,Hornfels,0%,,Flake,Complete,,,,,,,,,,,,,,,,,,,,,,Yes,Hertzian,Feather,,,,,,,,,,,,,RECTANGULAR,NotPrepared,No,12.44,3.14,Main,,,,,,,,,,,31.8,31.8,23.25,23.25,4.81,5.16,,N,
3813,LIK,XI,,,,Opaline/CCS,0%,,Flake,Complete,,,,,,,,,,,,,,,,,,,,,,Yes,Hertzian,Feather,,,,,,,,,,,,,RECTANGULAR,NotPrepared,No,16.83,7.76,Main,,,,,,,,,,,34.2,34.2,30.8,26.58,6.08,6.64,Ut,N,
3814,LIK,XI,O5a-039,,,Hornfels,0%,,Flake,Complete,,,,,,,,,,,,,,,,,,,,,,Yes,Hertzian,Feather,,,,,,,,,,,,,RECTANGULAR,NotPrepared,No,28.4,9.3,Main,,,,,,,,,,,87.9,87.9,46.19,46.19,19,122.95,Ut,N,
3815,LIK,V,J5a-021,,,Opaline/CCS,0%,,RetouchedTool,Complete,,Side-EndScraper,MarginalEdgeShaping,Dorsal,4,5678,5.15,1,3.82,3.52,2.9,,,,,,,,,,,,,,Flake,5.93,34.93,53.28,54.13,48.66,31.73,32.04,25.46,1.9,4.53,3.55,,,,,,,,,,,,,,,,,22,,19.25,,5.89,3.66,,Y,
3816,LIK,V,L4a-021,,,Opaline/CCS,0%,,RetouchedTool,Complete,,EndScraper,MarginalEdgeShaping,Dorsal,2,56,1.54,1,1.18,1.4,1.54,,,,,,,,,,,,,,Flake,3.35,12.09,75.75,53.11,31,29.84,21.99,18.07,1.15,1.44,1.42,,,,,,,,,,,,,,,,,14.07,,17.7,,4.96,1,,Y,
3817,LIK,V,L6a-081,,,Opaline/CCS,0%,,RetouchedTool,Complete,,EndScraper,MarginalEdgeShaping,Dorsal,2,56,3.34,1,3.05,4.19,2.98,,,,,,,,,,,,,,Flake,4.93,14.64,66.07,82.66,78.33,28.77,31.98,26.53,2.04,3.1,3.84,,,,,,,,,,,,,,,,,16.66,,15.77,,4.4,1.43,,Y,
3818,LIK,V,L6b-081,,,Opaline/CCS,0%,,RetouchedTool,Complete,,EndScraper,MarginalEdgeShaping,Dorsal,2,56,2.04,1,2.08,2.19,1.68,,,,,,,,,,,,,,Flake,3.42,13.33,64.22,80.03,68.69,26.04,15.86,15.94,1.92,1.47,0.97,,,,,,,,,,,,,,,,,13.59,,14.32,,3.13,0.62,,Y,
382,LIK,XVI,P4-056,,,Opaline/CCS,0%,,Flake,Complete,,,,,,,,,,,,,,,,,,,,,,Yes,Hertzian,Feather,,,,,,,,,,,,,TRAPEZOIDAL,NotPrepared,No,12.2,5.32,Main,,,,,,,,,,,15.68,15.68,18.13,14.69,2.3,0.97,,N,
3819,LIK,V,L5d-021,,,Opaline/CCS,0%,,RetouchedTool,Complete,,EndScraper,MarginalEdgeShaping,Dorsal,2,56,1.97,1,1.48,2.36,1.99,,,,,,,,,,,,,,Flake,3.17,11.04,47.73,69.45,74.94,24.9,23.14,14.95,0.92,1.17,1.05,,,,,,,,,,,,,,,,,13.45,,9.29,,3.37,0.51,,Y,
3820,LIK,V,L6d-081,,,Opaline/CCS,0%,,RetouchedTool,Complete,,EndScraper,MarginalEdgeShaping,Dorsal,2,56,3.58,1,1.81,3.07,2.54,,,,,,,,,,,,,,Flake,5.06,13.74,88.5,76.75,82.95,25.2,33.27,30.38,0.92,2.39,3.57,,,,,,,,,,,,,,,,,18.87,,12.94,,4.54,1.26,,Y,
3821,LIK,V,L6b-081,,,Opaline/CCS,0%,,RetouchedTool,Complete,,EndScraper,MarginalEdgeShaping,Dorsal,2,56,2.98,1,2.12,2.33,1.88,,,,,,,,,,,,,,Flake,2.91,11.36,71.33,58.95,59.97,28.06,19.97,26.43,2.24,2.5,2.77,,,,,,,,,,,,,,,,,12.05,,11.5,,3.08,0.57,,Y,
3822,LIK,V,I5b-021,,,Opaline/CCS,0%,,RetouchedTool,Complete,,EndScraper,MarginalEdgeShaping,Dorsal,2,56,1.69,1,1.52,0.88,1.45,,,,,,,,,,,,,,Flake,3.91,10.22,77.66,67.9,42.34,29.13,30.73,34.18,1.01,0.85,1.47,,,,,,,,,,,,,,,,,17.94,,13.12,,2.47,1.06,,Y,
3823,LIK,V,L4a-082,,,Opaline/CCS,0%,,RetouchedTool,Complete,,Side-EndScraper,MarginalEdgeShaping,Dorsal,4,5678,3.11,1,1.46,3.25,2.79,,,,,,,,,,,,,,Flake,3.91,40.14,72.41,70.16,71.39,17.79,20.73,24.72,0.55,1.9,3.37,,,,,,,,,,,,,,,,,23.17,,20.73,,3.92,2.93,,Y,
3824,LIK,V,I5d-021,,,Opaline/CCS,0%,,RetouchedTool,Complete,,EndScraper,MarginalEdgeShaping,Dorsal,2,56,3.39,1,1.14,3.15,1.67,,,,,,,,,,,,,,Flake,3.6,18.36,48.34,42.76,63.48,24.19,23.29,26.4,1.28,2.89,1.88,,,,,,,,,,,,,,,,,19.62,,17.69,,3.3,1.5,,Y,
3825,LIK,V,L5b-021,,,Opaline/CCS,0%,,RetouchedTool,Complete,,Side-EndScraper,MarginalEdgeShaping,Dorsal,4,3456,2.77,1,2.68,1.7,1.59,,,,,,,,,,,,,,Flake,4.93,26.95,53.46,38.33,54.63,21.27,20.04,27.15,2.96,0.88,1.87,,,,,,,,,,,,,,,,,14.65,,16.71,,4.53,1.43,,Y,
3826,LIK,V,L4a-021,,,Opaline/CCS,0%,,RetouchedTool,Complete,,EndScraper,MarginalEdgeShaping,Dorsal,2,56,2.81,1,2.74,3.58,2.61,,,,,,,,,,,,,,Flake,4.15,10.6,63.29,81.18,67.8,38.48,43.85,33.13,1.84,3.31,1.93,,,,,,,,,,,,,,,,,16.39,,10.47,,3.28,0.84,,Y,
3827,LIK,XI,P4-039,,,Opaline/CCS,0%,,RetouchedTool,Complete,,EndScraper,MarginalEdgeShaping,Dorsal,2,56,1.89,1,1.67,1.53,2.03,,,,,,,,,,,,,,Blade,2.78,14.7,55.16,56.8,65.74,20.39,19.66,28.08,1.75,0.91,2.22,,,,,,,,,,,,,,,,,27.04,,14.91,,2.69,1.49,,Y,
3828,LIK,XI,P4-044,,,Opaline/CCS,0%,,RetouchedTool,Complete,,Side-EndScraper,MarginalEdgeShaping,Dorsal,6,345678,3.79,1,1.92,3.57,3.38,,,,,,,,,,,,,,Flake,5.02,37.95,81.87,69.72,76.63,27.37,23.7,28.27,1.3,3.38,2.56,,,,,,,,,,,,,,,,,20.13,,17.26,,5.51,2.35,,Y,
383,LIK,XIV,P4-056,,,Quartzite,0%,,Flake,Complete,,,,,,,,,,,,,,,,,,,,,,Yes,Hertzian,Feather,,,,,,,,,,,,,RECTANGULAR,NotPrepared,No,12.66,4.34,Main,,,,,,,,,,,22.99,22.99,15.6,15.6,4.49,1.93,,N,
3829,LIK,XI,P4-044,,,Opaline/CCS,0%,,RetouchedTool,Complete,,Side-EndScraper,MarginalEdgeShaping,Dorsal,4,3456,4.4,1,1.74,3.8,3.76,,,,,,,,,,,,,,Flake,5.09,33.85,76.03,70.84,82.55,21.39,20.48,33.51,2.63,4.41,3.38,,,,,,,,,,,,,,,,,21.17,,16.36,,4.44,1.88,,Y,
3830,LIK,XI,P4-044,,,Opaline/CCS,0%,,RetouchedTool,Complete,,EndScraper,MarginalEdgeShaping,Dorsal,2,56,3.81,1,1.43,2.68,2.18,,,,,,,,,,,,,,Flake,4.3,11.81,78.08,61.21,45.52,27.28,22.77,22.78,3.84,2.89,1.56,,,,,,,,,,,,,,,,,17.93,,14.7,,4.42,1.42,,Y,
3831,LIK,XI,P4-044,,,Opaline/CCS,0%,,RetouchedTool,Complete,,EndScraper,MarginalEdgeShaping,Dorsal,2,56,3.86,1,2.56,3.59,4.51,,,,,,,,,,,,,,Blade,4.57,11.14,73.94,68.42,57.75,21.22,20.99,19,1.44,2.43,2.43,,,,,,,,,,,,,,,,,24.53,,10.58,,3.32,1.23,,Y,
3832,LIK,XI,P5-039,,,Opaline/CCS,0%,,RetouchedTool,Complete,,EndScraper,MarginalEdgeShaping,Dorsal,2,12,2.19,1,2.09,2.24,1.73,,,,,,,,,,,,,,Flake,2.54,8.28,39.38,40.66,58.59,18.42,17.34,20.65,2.27,2.27,2.77,,,,,,,,,,,,,,,,,10.54,,13.36,,1.84,0.36,,Y,
3833,LIK,XI,P5-041,,,Opaline/CCS,0%,,RetouchedTool,Complete,,EndScraper,MarginalEdgeShaping,Dorsal,2,56,4.18,1,4.3,5.49,2.89,,,,,,,,,,,,,,Flake,5.46,13.8,58.6,67.19,70.35,21.75,29.03,26.71,4.29,3.32,3.26,,,,,,,,,,,,,,,,,25.66,,19.33,,5.72,3.32,,Y,
3834,LIK,IX,P4-032,,,Opaline/CCS,0%,,RetouchedTool,Complete,,EndScraper,MarginalEdgeShaping,Dorsal,2,56,5.32,2,3.54,5.12,4.21,,,,,,,,,,,,,,Flake,5.58,13.5,60.77,62.32,57.22,33.59,33.67,25.67,4.79,4.3,3.47,,,,,,,,,,,,,,,,,18.16,,15.4,,4.52,1.46,,Y,
3835,LIK,III,N4a-009,,,Opaline/CCS,0%,,RetouchedTool,Complete,,EndScraper,MarginalEdgeShaping,Dorsal,2,56,3.7,1,1.91,3.47,2.39,,,,,,,,,,,,,,Flake,4.02,10.96,64.19,54.8,55.81,28.16,24.24,29.06,2.13,3.72,2.25,,,,,,,,,,,,,,,,,14.8,,13.09,,3.67,0.95,,Y,
3836,LIK,III,M6d-016,,,Opaline/CCS,0%,,RetouchedTool,Complete,,EndScraper,MarginalEdgeShaping,Dorsal,2,56,2.75,1,3.06,4.56,2.36,,,,,,,,,,,,,,Blade,5.22,16.34,66.72,72.4,60.99,23.64,22.71,36.96,2.98,4.11,1.95,,,,,,,,,,,,,,,,,33.9,,16.36,,5.78,3.96,,Y,
3837,LIK,III,M6d-016,,,Opaline/CCS,0%,,RetouchedTool,Complete,,EndScraper,MarginalEdgeShaping,Dorsal,2,56,1.8,1,1.68,2.08,2.13,,,,,,,,,,,,,,Flake,2.22,13.08,56.99,54.4,72.11,23.39,22.85,30.11,2.15,1.98,1.55,,,,,,,,,,,,,,,,,13.24,,13.98,,2.01,0.56,,Y,
3838,LIK,III,M6b-007,,,Opaline/CCS,0%,,RetouchedTool,Complete,,EndScraper,MarginalEdgeShaping,Dorsal,2,56,2.55,1,1.87,2.72,3.22,,,,,,,,,,,,,,Flake,3.22,13.99,71.62,63.76,65.86,22.73,27.06,30.59,1.79,2.48,2.42,,,,,,,,,,,,,,,,,15.97,,14.59,,3.51,0.96,,Y,
384,LIK,XIV,P4-056,,,Quartzite,0%,,Flake,Complete,,,,,,,,,,,,,,,,,,,,,,Yes,Hertzian,Feather,,,,,,,,,,,,,RECTANGULAR,NotPrepared,No,8.58,3.59,Main,,,,,,,,,,,11.34,11.34,13,13,1.39,0.22,,N,
3839,LIK,III,M5d-016,,,Opaline/CCS,10-40%,Outcrop,RetouchedTool,Complete,,EndScraper,MarginalEdgeShaping,Dorsal,4,1256,4.07,1,3.61,1.87,4.27,,,,,,,,,,,,,,Flake,4.71,22.5,76.3,83.76,55.8,30.95,28.82,23.3,2.82,2.4,4.42,,,,,,,,,,,,,,,,,19.79,,18.32,,4.43,2.09,,Y,
3840,LIK,III,M6b-016,,,Opaline/CCS,0%,,RetouchedTool,Complete,,Side-EndScraper,MarginalEdgeShaping,Dorsal,4,5678,5.12,1,4.09,3.8,2.94,,,,,,,,,,,,,,Flake,5.3,32.37,74.96,59.9,58.58,31.98,21.95,26.38,5.11,5.55,1.88,,,,,,,,,,,,,,,,,19.43,,18.85,,5.13,1.95,,Y,
3841,LIK,III,M6b-016,,,Opaline/CCS,0%,,RetouchedTool,Complete,,EndScraper,MarginalEdgeShaping,Dorsal,3,456,6.69,2,6.15,6.6,2.48,,,,,,,,,,,,,,Flake,6.34,23.94,69.31,77.53,74.24,27.34,26.71,33.42,4.07,7.11,3.05,,,,,,,,,,,,,,,,,19.24,,20.18,,6.15,2.63,,Y,
3842,LIK,III,M5a-018,,,Opaline/CCS,0%,,RetouchedTool,Complete,,Side-EndScraper,MarginalEdgeShaping,Dorsal,4,4567,6.92,1,4.22,9.87,4.26,,,,,,,,,,,,,,Flake,10.33,34.84,81.37,64.96,65.5,41.32,38.78,44.67,3.25,6.34,3.15,,,,,,,,,,,,,,,,,19.15,,21.79,,9.69,4.53,,Y,
3843,LIK,III,O5a-007,,,Opaline/CCS,0%,,RetouchedTool,Complete,,EndScraper,MarginalEdgeShaping,Dorsal,2,56,5.39,1,3.45,2.91,3.58,,,,,,,,,,,,,,Flake,6.56,17,55.41,73.01,56.5,23.8,25.99,19.96,3.15,3.37,5.57,,,,,,,,,,,,,,,,,27.68,,17.35,,6.41,3.73,,Y,
3844,LIK,III,M5b-011,,,Opaline/CCS,0%,,RetouchedTool,Complete,,Side-EndScraper,MarginalEdgeShaping,Both,5,23456,3.46,1,1.5,2.27,2.86,,,,,,,,,,,,,,Flake,6.62,30.07,73.07,74.37,73.76,31.24,20.41,28.18,1.21,3.29,2.99,,,,,,,,,,,,,,,,,24.24,,15.12,,4.34,2.19,,Y,
3845,LIK,III,M4d-010,,,Opaline/CCS,0%,,RetouchedTool,Complete,,EndScraper,MarginalEdgeShaping,Dorsal,4,4567,3.64,1,2.58,3.73,1.73,,,,,,,,,,,,,,Flake,4.16,24.09,67.71,82.14,79.06,29.26,35.84,23,2.65,4.21,1.95,,,,,,,,,,,,,,,,,19.74,,21.77,,4.83,2.21,,Y,
3846,LIK,I,I7d-063,,,Opaline/CCS,0%,,RetouchedTool,Complete,,EndScraper,MarginalEdgeShaping,Dorsal,2,56,3.1,1,1.99,2.81,1.59,,,,,,,,,,,,,,Flake,3,8.37,65.34,62.89,55.94,20.06,24.2,27.66,2.23,2.53,3.1,,,,,,,,,,,,,,,,,17.08,,11.04,,2.95,0.73,,Y,
3847,LIK,I,I7d-063,,,Opaline/CCS,0%,,RetouchedTool,Complete,,Side-EndScraper,MarginalEdgeShaping,Dorsal,4,5678,6.29,1,2.97,5.99,6.19,,,,,,,,,,,,,,Flake,6.08,23.34,79.32,85.17,66.62,32.76,46.15,33.62,3.11,6.75,5.75,,,,,,,,,,,,,,,,,19.33,,18.59,,6.63,3.25,,Y,
3848,LIK,I,I6b-063,,,Opaline/CCS,0%,,RetouchedTool,Complete,,EndScraper,MarginalEdgeShaping,Dorsal,2,56,2.97,1,2.49,2.26,3.5,,,,,,,,,,,,,,Blade,4.26,12.24,63.01,57.26,65.23,25.76,31.13,29.58,2.47,3.64,2.66,,,,,,,,,,,,,,,,,22.9,,12.01,,3.08,1.35,,Y,
385,LIK,XIV,P4-056,,,Quartzite,0%,,Flake,Proximal,,,,,,,,,,,,,,,,,,,,,,Yes,Hertzian,,,,,,,,,,,,,,RECTANGULAR,NotPrepared,No,5.75,1.73,,,,,,,,,,,,9.16,,7.7,,2.14,0.19,,N,
3849,LIK,I,I5a-063,,,Opaline/CCS,0%,,RetouchedTool,Complete,,Side-EndScraper,InvasiveEdgeShaping,Dorsal,4,3456,8.69,2,6.78,8.47,5.4,,,,,,,,,,,,,,Flake,8.18,35.44,68.77,70.38,80.66,30.12,32.18,36.71,4.63,8.15,5.96,,,,,,,,,,,,,,,,,19.13,,18.69,,7.95,3.1,,Y,
3850,LIK,I,Mattocking-063,,,Opaline/CCS,0%,,RetouchedTool,Complete,,EndScraper,MarginalEdgeShaping,Dorsal,2,56,2.95,1,1.61,2.87,1.89,,,,,,,,,,,,,,Indeterminate,3.1,14.48,62.88,62.03,56.93,21.38,27.03,25.84,2.01,2.46,2.8,,,,,,,,,,,,,,,,,18.36,,13.07,,2.69,0.73,,Y,
3851,LIK,I,J5-066,,,Opaline/CCS,0%,,RetouchedTool,Complete,,EndScraper,MarginalEdgeShaping,Dorsal,2,56,4.24,1,1.3,3.04,1.99,,,,,,,,,,,,,,Flake,3.55,7.92,85.17,85.9,80.84,41.1,36.72,45.19,1.91,2.01,4.83,,,,,,,,,,,,,,,,,15.87,,14.19,,3.18,0.85,,Y,
3852,LIK,IV,K4/L4-076,,,Opaline/CCS,0%,,RetouchedTool,Complete,,EndScraper,MarginalEdgeShaping,Dorsal,2,56,4.73,1,2.84,3.88,1.93,,,,,,,,,,,,,,Flake,4.9,14.5,71.43,62.07,71.88,46.48,35,40.17,4.82,4.19,1.63,,,,,,,,,,,,,,,,,22.09,,16.87,,4.8,2.19,,Y,
3853,LIK,IV,L6c-076,,,Opaline/CCS,0%,,RetouchedTool,Complete,,EndScraper,MarginalEdgeShaping,Dorsal,2,56,2.77,1,1.5,3.11,1.27,,,,,,,,,,,,,,Flake,3.15,13.12,63.23,67.1,73.79,29.14,31.61,31.11,1.54,2.98,2.4,,,,,,,,,,,,,,,,,18.07,,12.55,,2.32,0.74,,Y,
3854,LIK,IV,L5c-076,,,Opaline/CCS,0%,,RetouchedTool,Complete,,Side-EndScraper,MarginalEdgeShaping,Dorsal,5,34567,3.56,1,3.7,3.27,3.13,,,,,,,,,,,,,,Flake,6.08,35.97,65.17,79.56,66.6,30.64,35.76,31.05,3.49,2.92,3.03,,,,,,,,,,,,,,,,,20.28,,16.4,,4.17,2.42,,Y,
3855,LIK,IV,L6c-076,,,Opaline/CCS,0%,,RetouchedTool,Complete,,EndScraper,MarginalEdgeShaping,Dorsal,2,56,4.21,1,3.4,3.87,2.94,,,,,,,,,,,,,,Flake,4.95,15.2,66.95,79.33,80.55,37.83,30.29,35.35,3.42,3.87,2.15,,,,,,,,,,,,,,,,,20.39,,15.35,,4.94,2.03,,Y,
3856,LIK,IV,L6c-076,,,Opaline/CCS,0%,,RetouchedTool,Complete,,Side-EndScraper,MarginalEdgeShaping,Dorsal,7,1345678,4.54,2,4.43,4.56,2.88,,,,,,,,,,,,,,Flake,4.88,45.67,78.9,74.34,87.69,28.86,39.12,44.52,4.69,4.74,3.9,,,,,,,,,,,,,,,,,24.89,,16.46,,4.42,2.91,,Y,
3857,LIK,IV,L5c-076,,,Opaline/CCS,0%,,RetouchedTool,Complete,,SideScraper,MarginalEdgeShaping,Dorsal,3,678,4.3,1,3.76,3.27,2.07,,,,,,,,,,,,,,Flake,4.04,17.8,68.83,70.86,74.13,34.62,36.77,33.41,4.85,3.13,2.06,,,,,,,,,,,,,,,,,15.64,,15.08,,3.96,1.17,,Y,
3858,LIK,VII,M5-048,,,Opaline/CCS,0%,,RetouchedTool,Complete,,EndScraper,MarginalEdgeShaping,Dorsal,2,56,4.31,1,8.42,5.11,3.4,,,,,,,,,,,,,,Flake,8.35,13.14,70.78,74.09,81.26,46.34,39.26,47.46,4.73,3.55,3.73,,,,,,,,,,,,,,,,,23.66,,14.74,,6.99,3.22,,N,
386,LIK,XIV,P4-056,,,Quartzite,0%,,Flake,Complete,,,,,,,,,,,,,,,,,,,,,,Yes,Hertzian,Feather,,,,,,,,,,,,,RHOMBUS,NotPrepared,No,3.48,1.16,Main,,,,,,,,,,,6.87,6.87,10.38,10.38,0.51,0.09,,N,
3859,LIK,VII,O4d-031,,,Opaline/CCS,0%,,RetouchedTool,Complete,,EndScraper,MarginalEdgeShaping,Dorsal,2,56,2.71,1,2.55,2.34,2.16,,,,,,,,,,,,,,Flake,5.53,9.24,76.76,78.46,77.5,31.27,34.29,34.65,2.49,2.09,2.1,,,,,,,,,,,,,,,,,21.89,,14.87,,4.29,1.67,,Y,
3860,LIK,VII,N3a-031,,,Opaline/CCS,0%,,RetouchedTool,Complete,,EndScraper,MarginalEdgeShaping,Dorsal,3,456,3.74,1,2.65,2.78,3.32,,,,,,,,,,,,,,Flake,4.73,17.07,68.67,70.44,75.16,27.51,21.19,33.08,2.21,3.59,2.28,,,,,,,,,,,,,,,,,21.57,,20.51,,3.83,2.24,,Y,
3861,LIK,VII,M4b-031,,,Opaline/CCS,0%,,RetouchedTool,Complete,,EndScraper,MarginalEdgeShaping,Dorsal,4,4567,3.7,1,3.32,3.92,1.99,,,,,,,,,,,,,,Flake,4.38,16.35,79.86,85.73,89.28,35.57,46.38,48.31,3,3.54,2.57,,,,,,,,,,,,,,,,,11.46,,17.17,,4.15,0.9,,Y,
3862,LIK,VII,M3d-031,,,Opaline/CCS,0%,,RetouchedTool,Complete,,EndScraper,MarginalEdgeShaping,Dorsal,2,56,3.22,1,2.26,3.65,3.65,,,,,,,,,,,,,,Flake,4.92,14.13,77.72,76.75,75.72,44.04,37.69,40.22,1.89,3.26,2.05,,,,,,,,,,,,,,,,,17.82,,16.45,,3.48,1.47,,Y,
3863,LIK,VII,M5d-031,,,Opaline/CCS,0%,,RetouchedTool,Complete,,EndScraper,MarginalEdgeShaping,Dorsal,2,56,3.68,2,2.16,3.73,3.06,,,,,,,,,,,,,,Flake,5.16,15.38,59.04,74.45,67.41,31.27,37.09,34.09,6.59,4.87,4.82,,,,,,,,,,,,,,,,,17.57,,15.17,,5.04,1.53,,Y,
3864,LIK,VII,N4b-031,,,Opaline/CCS,0%,,RetouchedTool,Complete,,Side-EndScraper,MarginalEdgeShaping,Dorsal,5,34567,3.6,1,2.36,2.86,1.95,,,,,,,,,,,,,,Flake,5.83,35.02,59.04,64.73,66.77,40.47,27.85,36.8,1.99,3.6,1.76,,,,,,,,,,,,,,,,,24.86,,20.21,,4.6,3.39,,Y,
3865,LIK,VII,M3b-031,,,Opaline/CCS,0%,,RetouchedTool,Complete,,EndScraper,MarginalEdgeShaping,Dorsal,2,56,3.76,1,1.88,3.26,2.94,,,,,,,,,,,,,,Flake,4.68,17.83,63.96,63.43,77.57,28.2,40.4,53.51,1.72,3.67,3.3,,,,,,,,,,,,,,,,,19.55,,17.92,,3.5,1.68,,Y,
3866,LIK,VII,N3a-031,,,Opaline/CCS,0%,,RetouchedTool,Complete,,EndScraper,MarginalEdgeShaping,Dorsal,2,56,2.79,1,1.86,2.91,1.84,,,,,,,,,,,,,,Flake,3.27,13.88,75.36,71.21,72.27,45.38,40.95,44.25,1.81,2.66,1.94,,,,,,,,,,,,,,,,,12.34,,14.74,,3.18,0.82,,Y,
3867,LIK,VII,M5a-036,,,Opaline/CCS,0%,,RetouchedTool,Complete,,EndScraper,MarginalEdgeShaping,Dorsal,4,4567,3.49,1,1.64,2.83,1.93,,,,,,,,,,,,,,Flake,3.91,12.32,55.5,60.17,77.01,24.73,39.84,26.4,1.55,3.34,2.7,,,,,,,,,,,,,,,,,10.57,,13.72,,3.71,0.71,,Y,
3868,LIK,VII,P4a-033,,,Opaline/CCS,0%,,RetouchedTool,Complete,,Side-EndScraper,MarginalEdgeShaping,Dorsal,6,345678,5.57,1,1.87,5.13,3.62,,,,,,,,,,,,,,Flake,5.45,50.54,62.67,69.06,81.93,37.05,27.59,31.76,2.99,5.17,2.63,,,,,,,,,,,,,,,,,22.75,,20.42,,4.86,2.83,,Y,
387,LIK,XIV,P4-056,,,Quartzite,0%,,Flake,Complete,,,,,,,,,,,,,,,,,,,,,,Yes,Hertzian,Feather,,,,,,,,,,,,,OVAL,NotPrepared,No,6.08,0.97,Main,,,,,,,,,,,5.41,5.41,13.78,13.78,1.73,0.12,,N,
3869,LIK,VII,M5d-031,,,Opaline/CCS,0%,,RetouchedTool,Complete,,EndScraper,MarginalEdgeShaping,Dorsal,2,56,7.68,2,6.88,6.85,3.67,,,,,,,,,,,,,,Flake,7.31,18.88,72.66,80.12,75.31,50.25,37.83,32.99,6.68,7.95,3.51,,,,,,,,,,,,,,,,,17.91,,19.75,,5.91,2.77,,Y,
3870,LIK,VII,M4c-031,,,Opaline/CCS,0%,,RetouchedTool,Complete,,EndScraper,MarginalEdgeShaping,Dorsal,2,56,1.05,1,0.88,1.28,0.74,,,,,,,,,,,,,,Blade,3.02,5.74,73.74,72.39,73.6,23.7,23.54,23.24,0.88,0.72,0.51,,,,,,,,,,,,,,,,,10.5,,6.87,,2.4,0.18,,Y,
3871,LIK,VII,M3b-031,,,Opaline/CCS,0%,,RetouchedTool,Complete,,EndScraper,MarginalEdgeShaping,Dorsal,3,456,4.3,2,3.3,3.4,1.86,,,,,,,,,,,,,,Flake,4.59,14.06,67.31,77.74,79.35,30.78,26.15,34.4,3.18,4.31,2.54,,,,,,,,,,,,,,,,,11.81,,13.96,,4.69,1.03,,Y,
3872,LIK,VII,M5d-031,,,Opaline/CCS,0%,,RetouchedTool,Complete,,EndScraper,MarginalEdgeShaping,Dorsal,3,456,3.62,1,1.17,3.44,2.06,,,,,,,,,,,,,,Flake,4.05,16.82,65.63,64.69,66.47,36.67,31.7,28.79,2.12,3.34,1.64,,,,,,,,,,,,,,,,,15.02,,19.4,,4.35,1.25,,Y,
3873,LIK,VII,M3c-031,,,Opaline/CCS,0%,,RetouchedTool,Complete,,EndScraper,MarginalEdgeShaping,Dorsal,2,56,3.4,1,1.56,2.37,2.12,,,,,,,,,,,,,,Flake,2.98,11.38,78.42,77.87,75.34,27.9,25.8,31.58,1.08,3.32,1.49,,,,,,,,,,,,,,,,,13.24,,12.65,,2.46,0.57,,Y,
3874,LIK,VII,M4b-031,,,Opaline/CCS,0%,,RetouchedTool,Complete,,EndScraper,MarginalEdgeShaping,Dorsal,2,56,2.82,1,2.4,2.78,2.17,,,,,,,,,,,,,,Blade,2.75,9.82,73.81,55.74,68.71,17.35,20.2,29.35,2.46,2.52,2.68,,,,,,,,,,,,,,,,,15.95,,9.21,,2.54,0.47,,Y,
3875,LIK,VII,M3a-031,,,Opaline/CCS,0%,,RetouchedTool,Complete,,EndScraper,MarginalEdgeShaping,Dorsal,2,56,3.35,1,2.6,2.7,1.79,,,,,,,,,,,,,,Flake,3.93,14.22,60.9,64.6,57.35,29.73,30.54,32.26,2.94,3.28,1.24,,,,,,,,,,,,,,,,,15.53,,16.55,,3.06,0.92,,Y,
3876,LIK,VII,N4b-031,,,Opaline/CCS,0%,,RetouchedTool,Complete,,EndScraper,MarginalEdgeShaping,Dorsal,2,56,2.59,1,1.89,3.15,1.92,,,,,,,,,,,,,,Flake,3.01,14.04,71.64,78.88,57.53,21.11,30.07,28.92,1.79,3.02,1.92,,,,,,,,,,,,,,,,,15.12,,14.09,,2.32,0.63,,Y,
3877,LIK,VII,M4b-031,,,Opaline/CCS,0%,,RetouchedTool,Complete,,EndScraper,MarginalEdgeShaping,Dorsal,2,56,2.12,1,1.04,1.35,1.88,,,,,,,,,,,,,,Flake,1.91,11.76,71.13,80.39,77.05,25.8,30.63,20.39,1.41,1.8,2.18,,,,,,,,,,,,,,,,,12.05,,11.86,,1.21,0.32,,Y,
3878,LIK,VII,M4c-031,,,Opaline/CCS,0%,,RetouchedTool,Complete,,EndScraper,MarginalEdgeShaping,Dorsal,2,56,2.34,1,1.77,1.95,1.58,,,,,,,,,,,,,,Blade,2.31,8.11,70.41,80.23,77.54,26.35,26.66,34.87,2.27,1.96,2.09,,,,,,,,,,,,,,,,,16.59,,8.21,,1.79,0.31,,Y,
388,LIK,XIV,P4-056,,,Quartzite,0%,,Flake,Complete,,,,,,,,,,,,,,,,,,,,,,Yes,Bending,Feather,,,,,,,,,,,,,OVAL,NotPrepared,No,2.06,0.68,Main,,,,,,,,,,,8.26,8.26,6.95,6.95,0.85,0.05,,N,
3879,LIK,VII,M3b-031,,,Opaline/CCS,10-40%,Outcrop,RetouchedTool,Complete,,EndScraper,MarginalEdgeShaping,Dorsal,3,456,3.28,1,1.95,3.52,2.32,,,,,,,,,,,,,,Flake,4.42,16.45,73.05,58.49,57.42,36.07,22.21,24.04,2.72,3.19,2.16,,,,,,,,,,,,,,,,,13.59,,17.21,,4.33,0.92,,Y,
3880,LIK,VII,M6b-031,,,Opaline/CCS,0%,,RetouchedTool,Complete,,EndScraper,MarginalEdgeShaping,Dorsal,2,56,4.44,2,4.42,4.44,2.25,,,,,,,,,,,,,,Flake,5.14,14.14,62.04,76.54,67.95,34.07,29.98,26.7,4.03,4.6,1.59,,,,,,,,,,,,,,,,,15.32,,15.11,,3.74,1.22,,Y,
3881,LIK,VII,N4b-050,,,Opaline/CCS,0%,,RetouchedTool,Complete,,EndScraper,MarginalEdgeShaping,Dorsal,2,56,3.8,1,2.81,4.23,1.78,,,,,,,,,,,,,,Flake,4.58,16.95,60.29,76.67,78.36,26.42,36.44,34.36,3.37,4.17,1.62,,,,,,,,,,,,,,,,,21.4,,17.13,,4.34,1.54,,Y,
3882,LIK,VII,M3c-031,,,Opaline/CCS,0%,,RetouchedTool,Complete,,EndScraper,MarginalEdgeShaping,Dorsal,2,56,3.59,1,1.94,2.98,3.06,,,,,,,,,,,,,,Flake,3.13,14.17,64.11,52.73,61.71,26.94,20.86,18.18,1.85,2.17,3.18,,,,,,,,,,,,,,,,,14.79,,14.88,,2.13,0.72,,Y,
3883,LIK,VII,N5d-036,,,Opaline/CCS,0%,,RetouchedTool,Complete,,EndScraper,MarginalEdgeShaping,Dorsal,2,56,3.53,1,2.63,3.15,4.19,,,,,,,,,,,,,,Flake,4.4,18.92,77.65,77.95,77.35,35,29.12,31.6,2.54,3.12,3.34,,,,,,,,,,,,,,,,,16.34,,19.14,,3.75,2,,Y,
3884,LIK,V,O4d-021,,,Opaline/CCS,0%,,RetouchedTool,Complete,,Side-EndScraper,MarginalEdgeShaping,Dorsal,4,5678,3.51,1,4.31,3.54,2.32,,,,,,,,,,,,,,Flake,4.94,23.46,64.29,73.74,75.83,29.26,33.12,37.94,3.34,2.97,2.3,,,,,,,,,,,,,,,,,17.47,,15.75,,3.4,1.57,,Y,
3885,LIK,V,O5c-021,,,Opaline/CCS,0%,,RetouchedTool,Complete,,Side-EndScraper,MarginalEdgeShaping,Dorsal,3,234,5.43,2,5.17,5.82,3.82,,,,,,,,,,,,,,Flake,6.27,24.51,74.45,80.53,77.22,34.21,34.54,32.89,6.37,5.35,2.93,,,,,,,,,,,,,,,,,22.63,,18.58,,4.59,3.31,,Y,
3886,LIK,V,N5d-021,,,Opaline/CCS,0%,,RetouchedTool,Complete,,EndScraper,MarginalEdgeShaping,Dorsal,3,456,2.87,1,2.76,3.23,3.16,,,,,,,,,,,,,,Flake,3.5,15.74,69.07,62.12,66.57,34.45,34.81,33.57,2.75,2.62,2.62,,,,,,,,,,,,,,,,,13.88,,15.65,,3.19,0.73,,Y,
3887,LIK,V,O5b-021,,,Opaline/CCS,0%,,RetouchedTool,Complete,,EndScraper,MarginalEdgeShaping,Dorsal,2,56,4.28,1,2.69,3.83,2.47,,,,,,,,,,,,,,Flake,4.75,22.28,61.74,74.55,58.76,29.13,25.52,22.85,2.13,3.77,1.72,,,,,,,,,,,,,,,,,23.39,,21.36,,4.38,2.47,,Y,
3888,LIK,XV,O5d-057,,,Opaline/CCS,0%,,RetouchedTool,Complete,,Adze,MarginalEdgeShaping,Dorsal,4,1678,12.14,2,5.42,6.26,3.58,,,,,,,,,,,,,,Blade,,,,,,,,,,,,,,,,,,,,,,5,,,,,,43.17,,14.79,,9.18,8.44,,Y,
389,LIK,XIV,P4-056,,,Quartzite,0%,,Flake,Complete,,,,,,,,,,,,,,,,,,,,,,Yes,Hertzian,Feather,,,,,,,,,,,,,TRIANGULAR,NotPrepared,No,20.14,3.06,Main,,,,,,,,,,,40.55,31.26,37.88,33.38,7.88,12.12,W/ Ochre,N,
3889,LIK,XIV,O5a-056,,,Opaline/CCS,0%,,RetouchedTool,Complete,,Adze,MarginalEdgeShaping,Indeteriminate,6,125678,7.87,1,8.84,10.6,10.95,,,,,,,,,,,,,,Indeterminate,,,,,,,,,,,,,,,,,,,,,,5,,,,,,55.41,,20.16,,10.94,23.26,,Y,
3890,LIK,XIV,O5a-056,,,Opaline/CCS,0%,,RetouchedTool,Complete,,Adze,NotchDenticulate,Indeteriminate,7,1345678,5.51,1,3.79,4.73,5.73,,,,,,,,,,,,,,Flake,,,,,,,,,,,,,,,,,,,,,,6,,,,,,22.56,,16,,5.37,1.72,,Y,
3891,LIK,XIV,P4-056,,,Siltstone,0%,,RetouchedTool,Complete,,Adze,InvasiveEdgeShaping,Dorsal,6,345678,11.71,2,3.48,9.4,3.47,,,,,,,,,,,,,,Flake,,,,,,,,,,,,,,,,,,,,,,9,,,,,,45.63,,62.43,,10.04,34.74,,Y,
3892,LIK,XIII,P5-045,,,Opaline/CCS,0%,,RetouchedTool,Complete,,Adze,MarginalEdgeShaping,Dorsal,3,345,11.21,1,3.9,5.38,3.1,,,,,,,,,,,,,,Blade,,,,,,,,,,,,,,,,,,,,,,4,,,,,,42.47,,15.48,,7.01,4.93,,Y,
3893,LIK,XIII,P5-045,,,Opaline/CCS,0%,,RetouchedTool,Complete,,Adze,InvasiveEdgeShaping,Dorsal,7,1345678,8.28,2,5.44,9.28,6.4,,,,,,,,,,,,,,Flake,,,,,,,,,,,,,,,,,,,,,,6,,,,,,22.88,,18.96,,10.68,5.8,,Y,
3894,LIK,XIII,P5-045,,,Opaline/CCS,0%,,RetouchedTool,Complete,,Adze,MarginalEdgeShaping,Dorsal,8,12345678,11.46,2,9.69,10.38,6.75,,,,,,,,,,,,,,Flake,,,,,,,,,,,,,,,,,,,,,,5,,,,,,50.93,,20.71,,12.38,15,,Y,
3895,LIK,XIII,P5-049,,,Opaline/CCS,0%,,RetouchedTool,Complete,,Adze,MarginalEdgeShaping,Dorsal,8,12345678,7.02,2,9.75,4.05,7.23,,,,,,,,,,,,,,Flake,,,,,,,,,,,,,,,,,,,,,,4,,,,,,22.47,,14.29,,6.85,2.65,,Y,
3896,LIK,XIII,P5-049,,,Opaline/CCS,0%,,RetouchedTool,Complete,,Adze,MarginalEdgeShaping,Dorsal,4,3478,4.89,1,6.45,4.6,4.01,,,,,,,,,,,,,,Flake,,,,,,,,,,,,,,,,,,,,,,4,,,,,,38.2,,21.51,,4.9,5.31,,Y,
3897,LIK,XIII,P4-045,,,Opaline/CCS,0%,,RetouchedTool,Complete,,Adze,MarginalEdgeShaping,Dorsal,5,13478,5.03,2,6.27,7.77,6.69,,,,,,,,,,,,,,Flake,,,,,,,,,,,,,,,,,,,,,,4,,,,,,23.16,,17.74,,8.6,5.48,,Y,
3898,LIK,XIII,P5-049,,,Opaline/CCS,0%,,RetouchedTool,Complete,,Adze,MarginalEdgeShaping,Indeteriminate,6,145678,6.05,1,6.6,2.54,4.79,,,,,,,,,,,,,,Flake,,,,,,,,,,,,,,,,,,,,,,3,,,,,,25.12,,29.09,,7.46,5.86,,Y,
390,LIK,XIV,P4-056,,,Quartzite,0%,,Flake,Complete,,,,,,,,,,,,,,,,,,,,,,Yes,Hertzian,Feather,,,,,,,,,,,,,RECTANGULAR,NotPrepared,No,11.51,5.99,Main,,,,,,,,,,,47.5,47.5,25.54,25.54,11.3,17.5,,N,
3899,LIK,XIII,P5-049,,,Opaline/CCS,0%,,RetouchedTool,Complete,,Adze,MarginalEdgeShaping,Dorsal,6,345678,6.14,1,4.83,6.67,5.12,,,,,,,,,,,,,,Indeterminate,,,,,,,,,,,,,,,,,,,,,,4,,,,,,37.72,,25.89,,8.49,8.05,,Y,
3900,LIK,XIII,P5-049,,,Opaline/CCS,0%,,RetouchedTool,Complete,,Adze,MarginalEdgeShaping,Dorsal,3,678,4.67,1,2.56,2.25,1.77,,,,,,,,,,,,,,Flake,,,,,,,,,,,,,,,,,,,,,,4,,,,,,29.82,,17.59,,6.16,3.43,,Y,
3901,LIK,XIII,P4-049,,,Opaline/CCS,0%,,RetouchedTool,Complete,,Adze,MarginalEdgeShaping,Dorsal,5,24678,7.35,1,5.25,3.17,5.61,,,,,,,,,,,,,,Flake,,,,,,,,,,,,,,,,,,,,,,4,,,,,,30.69,,16.14,,11.28,7.72,,Y,
3902,LIK,XIII,P5-046,,,Opaline/CCS,0%,,RetouchedTool,Complete,,Adze,MarginalEdgeShaping,Dorsal,8,12345678,5.41,2,8.76,4.16,5.91,,,,,,,,,,,,,,Flake,,,,,,,,,,,,,,,,,,,,,,5,,,,,,25.01,,15.11,,9.31,3.12,,Y,
3903,LIK,XIII,P5-053,,,Opaline/CCS,0%,,RetouchedTool,Complete,,Adze,InvasiveEdgeShaping,Dorsal,7,2345678,12.78,2,6.44,13.09,8.99,,,,,,,,,,,,,,Indeterminate,,,,,,,,,,,,,,,,,,,,,,5,,,,,,29.62,,19.77,,11.22,8.12,,Y,
3904,LIK,XIII,P4-045,,,Opaline/CCS,0%,,RetouchedTool,Complete,,Adze,MarginalEdgeShaping,Dorsal,6,345678,7.61,1,6.23,6.3,5.45,,,,,,,,,,,,,,Flake,,,,,,,,,,,,,,,,,,,,,,4,,,,,,35.41,,29.94,,9.6,11.05,,Y,
3905,LIK,XIII,P5-049,,,Opaline/CCS,0%,,RetouchedTool,Complete,,Adze,MarginalEdgeShaping,Dorsal,8,12345678,5.76,1,8.06,6.06,6.21,,,,,,,,,,,,,,Indeterminate,,,,,,,,,,,,,,,,,,,,,,4,,,,,,18.8,,10.05,,8.08,2.48,,Y,
3906,LIK,XIII,P5-049,,,Opaline/CCS,0%,,RetouchedTool,Complete,,Adze,MarginalEdgeShaping,Dorsal,4,3478,7.64,1,11.25,10.53,12.79,,,,,,,,,,,,,,Flake,,,,,,,,,,,,,,,,,,,,,,5,,,,,,43.11,,28.23,,11.84,20.39,,Y,
3907,LIK,XII,P4-042,,,Opaline/CCS,0%,,RetouchedTool,Complete,,Adze,MarginalEdgeShaping,Dorsal,6,234567,16.71,2,6.39,5.69,5.87,,,,,,,,,,,,,,Flake,,,,,,,,,,,,,,,,,,,,,,6,,,,,,41.36,,41.13,,13.36,20.29,,Y,
3908,LIK,XII,P5-042,,,Opaline/CCS,0%,,RetouchedTool,Complete,,Adze,MarginalEdgeShaping,Dorsal,8,12345678,5.56,2,5.27,5.9,4.52,,,,,,,,,,,,,,Indeterminate,,,,,,,,,,,,,,,,,,,,,,4,,,,,,25.12,,13.21,,5.67,2.35,,Y,
39,LIK,XV,O5c-057,,,Opaline/CCS,0%,,Flake,Complete,,,,,,,,,,,,,,,,,,,,,,Yes,Bending,Feather,,,,,,,,,,,,,TRIANGULAR,NotPrepared,No,12.27,7.2,Main,,,,,,,,,,,15.64,14.64,11.64,11.64,5.9,1.09,,N,
391,LIK,XIV,P4-056,,,Tuff,0%,,Flake,Proximal,,,,,,,,,,,,,,,,,,,,,,Yes,Hertzian,,,,,,,,,,,,,,RECTANGULAR,NotPrepared,No,7.31,1.53,,,,,,,,,,,,9.27,,11.94,,1.82,0.36,,N,
3909,LIK,XI,O5b-039,,,Opaline/CCS,0%,,RetouchedTool,Complete,,Adze,MarginalEdgeShaping,Dorsal,3,456,22.97,2,4.18,3.16,3.48,,,,,,,,,,,,,,Flake,,,,,,,,,,,,,,,,,,,,,,4,,,,,,58.49,,26.34,,12.47,17.54,,Y,
3910,LIK,XI,N5c-039,,,Opaline/CCS,0%,,RetouchedTool,Complete,,Adze,MarginalEdgeShaping,Dorsal,3,678,5.39,2,3.44,3.93,3.06,,,,,,,,,,,,,,Flake,,,,,,,,,,,,,,,,,,,,,,2,,,,,,44.99,,19.75,,7.15,7.85,,Y,
3911,LIK,XI,O4c-039,,,Opaline/CCS,0%,,RetouchedTool,Complete,,Adze,InvasiveEdgeShaping,Dorsal,5,23467,16.98,2,5.3,3.02,2.99,,,,,,,,,,,,,,Flake,,,,,,,,,,,,,,,,,,,,,,5,,,,,,38.96,,26.5,,6.03,8.15,,Y,
3912,LIK,XI,O5a-039,,,Opaline/CCS,0%,,RetouchedTool,Complete,,Adze,InvasiveEdgeShaping,Dorsal,4,1678,15.09,2,2.56,3.28,4.31,,,,,,,,,,,,,,Blade,,,,,,,,,,,,,,,,,,,,,,3,,,,,,45.71,,21.33,,5.78,7.83,,Y,
3913,LIK,XI,O5a-039,,,Opaline/CCS,0%,,RetouchedTool,Complete,,Adze,InvasiveEdgeShaping,Dorsal,6,123456,16.54,2,3.63,2.47,2.23,,,,,,,,,,,,,,Flake,,,,,,,,,,,,,,,,,,,,,,2,,,,,,28.07,,29.55,,8.86,9.43,,Y,
3914,LIK,XI,N5b-039,,,Opaline/CCS,0%,,RetouchedTool,Complete,,Adze,InvasiveEdgeShaping,Both,4,3478,9.97,2,9.89,10.07,10.87,,,,,,,,,,,,,,Flake,,,,,,,,,,,,,,,,,,,,,,3,,,,,,39.03,,29.14,,11.54,19.1,,Y,
3915,LIK,XI,O5d-039,,,Opaline/CCS,0%,,RetouchedTool,Complete,,Adze,InvasiveEdgeShaping,Dorsal,6,34567,8.23,2,9.39,9.43,10.34,,,,,,,,,,,,,,Flake,,,,,,,,,,,,,,,,,,,,,,5,,,,,,53.8,,26.21,,10,19,,Y,
3916,LIK,XI,P5d-038,,,Opaline/CCS,0%,,RetouchedTool,Complete,,Adze,InvasiveEdgeShaping,Dorsal,5,23456,15.21,2,13.58,12.02,13.54,,,,,,,,,,,,,,Flake,,,,,,,,,,,,,,,,,,,,,,4,,,,,,48.98,,29.43,,16.51,25.32,,Y,
3917,LIK,XI,N5c-039,,,Opaline/CCS,0%,,RetouchedTool,Complete,,Adze,MarginalEdgeShaping,Dorsal,8,12345678,4.65,1,2.56,2.66,6.14,,,,,,,,,,,,,,Flake,,,,,,,,,,,,,,,,,,,,,,4,,,,,,36.36,,21.38,,6.38,5.37,,Y,
3918,LIK,XI,N4b-039,,,Opaline/CCS,0%,,RetouchedTool,Complete,,Adze,InvasiveEdgeShaping,Dorsal,3,567,7.54,1,6.46,5.78,7.47,,,,,,,,,,,,,,Flake,,,,,,,,,,,,,,,,,,,,,,3,,,,,,62.18,,38.76,,9.47,24.62,,Y,
392,LIK,XIV,P4-056,,,Tuff,0%,,Flake,Complete,,,,,,,,,,,,,,,,,,,,,,Yes,Hertzian,Feather,,,,,,,,,,,,,RECTANGULAR,NotPrepared,No,4.98,1.97,Main,,,,,,,,,,,14.59,14.59,6.9,6.9,2.14,0.32,,N,
3919,LIK,XI,N5c-039,,,Opaline/CCS,0%,,RetouchedTool,Complete,,Adze,MarginalEdgeShaping,Dorsal,5,23456,8.48,1,14.5,12.57,7.52,,,,,,,,,,,,,,Flake,,,,,,,,,,,,,,,,,,,,,,5,,,,,,48.4,,20.09,,14.35,21.55,,Y,
3920,LIK,XI,O5d-039,,,Opaline/CCS,0%,,RetouchedTool,Complete,,Adze,MarginalEdgeShaping,Dorsal,3,234,6.28,1,4.21,7.71,6.21,,,,,,,,,,,,,,Flake,,,,,,,,,,,,,,,,,,,,,,3,,,,,,57.28,,31.04,,12.38,25.1,,Y,
3921,LIK,XI,O4c-039,,,Opaline/CCS,0%,,RetouchedTool,Complete,,Adze,MarginalEdgeShaping,Dorsal,6,345678,7.68,1,6.8,4.63,4.95,,,,,,,,,,,,,,Flake,,,,,,,,,,,,,,,,,,,,,,5,,,,,,32.51,,37.04,,8.14,14.15,,Y,
3922,LIK,XI,O5c-039,,,Opaline/CCS,0%,,RetouchedTool,Complete,,Adze,InvasiveEdgeShaping,Both,8,12345678,18.69,2,13.55,15.49,16.7,,,,,,,,,,,,,,Flake,,,,,,,,,,,,,,,,,,,,,,6,,,,,,44.32,,34.6,,22.88,55.74,,Y,
3923,LIK,IX,N4c-032,,,Opaline/CCS,0%,,RetouchedTool,Complete,,Adze,MarginalEdgeShaping,Dorsal,8,12345678,12.43,2,14.87,8.55,15.02,,,,,,,,,,,,,,Flake,,,,,,,,,,,,,,,,,,,,,,7,,,,,,40.46,,15.49,,16.21,14.63,,Y,
3924,LIK,IX,N5d-032,,,Opaline/CCS,0%,,RetouchedTool,Complete,,Adze,MarginalEdgeShaping,Dorsal,4,5678,5.36,1,8.95,4.67,3.25,,,,,,,,,,,,,,Blade,,,,,,,,,,,,,,,,,,,,,,4,,,,,,35.57,,12.81,,6.55,4.78,,Y,
3925,LIK,IX,O4d-067,,,Opaline/CCS,0%,,RetouchedTool,Complete,,Adze,MarginalEdgeShaping,Dorsal,8,12345678,8.26,1,7.21,4.6,9.11,,,,,,,,,,,,,,Blade,,,,,,,,,,,,,,,,,,,,,,6,,,,,,56.18,,17.33,,13.26,13.24,,Y,
3926,LIK,IX,N5a-032,,,Opaline/CCS,0%,,RetouchedTool,Complete,,Adze,InvasiveEdgeShaping,Dorsal,6,345678,10.44,2,8.76,6.79,11.46,,,,,,,,,,,,,,Flake,,,,,,,,,,,,,,,,,,,,,,6,,,,,,24.66,,26.87,,13.08,9.85,,Y,
3927,LIK,VII,M4d-031,,,Opaline/CCS,0%,,RetouchedTool,Complete,,Adze,InvasiveEdgeShaping,Dorsal,8,12345678,9.49,2,7.99,10.46,4.96,,,,,,,,,,,,,,Indeterminate,,,,,,,,,,,,,,,,,,,,,,4,,,,,,26.16,,24.25,,7.29,5.82,,Y,
3928,LIK,VII,M3c-031,,,Opaline/CCS,0%,,RetouchedTool,Complete,,Adze,MarginalEdgeShaping,Dorsal,4,5678,11.34,2,7.16,11.83,12.83,,,,,,,,,,,,,,Flake,,,,,,,,,,,,,,,,,,,,,,4,,,,,,33.32,,17.55,,9.79,9.87,,Y,
393,LIK,XIV,P4-056,,,Tuff,0%,,Flake,Complete,,,,,,,,,,,,,,,,,,,,,,Yes,Bending,Feather,,,,,,,,,,,,,RECTANGULAR,NotPrepared,No,6.91,1.57,Main,,,,,,,,,,,15.49,15.49,8.35,5.68,1.74,0.22,,N,
3929,LIK,VII,N5d-040,,,Opaline/CCS,0%,,RetouchedTool,Complete,,Adze,MarginalEdgeShaping,Dorsal,4,3478,4.07,2,4.57,4.65,3.33,,,,,,,,,,,,,,Flake,,,,,,,,,,,,,,,,,,,,,,3,,,,,,22.11,,24.81,,7.73,5.54,,Y,
3930,LIK,VI,I6b-092,,,Opaline/CCS,0%,,RetouchedTool,Complete,,Adze,MarginalEdgeShaping,Dorsal,3,345,8.79,1,6.3,11.03,7.66,,,,,,,,,,,,,,Blade,,,,,,,,,,,,,,,,,,,,,,2,,,,,,46.8,,17.78,,11.1,10.48,,Y,
3931,LIK,VI,I5c-084,,,Opaline/CCS,0%,,RetouchedTool,Complete,,Adze,MarginalEdgeShaping,Dorsal,3,678,14.02,2,19.93,17.34,14.67,,,,,,,,,,,,,,Blade,,,,,,,,,,,,,,,,,,,,,,3,,,,,,80.23,,18.84,,14.46,37.47,,Y,
3932,LIK,V,O4b-021,,,Opaline/CCS,0%,,RetouchedTool,Complete,,Adze,MarginalEdgeShaping,Dorsal,5,13478,6.67,1,5.78,4.61,3.82,,,,,,,,,,,,,,Flake,,,,,,,,,,,,,,,,,,,,,,2,,,,,,35,,19.86,,9.18,5.76,,Y,
3933,LIK,V,M5a-021,,,Opaline/CCS,0%,,RetouchedTool,Complete,,Adze,MarginalEdgeShaping,Dorsal,4,1678,10.01,1,6.44,10.8,6.77,,,,,,,,,,,,,,Flake,,,,,,,,,,,,,,,,,,,,,,2,,,,,,33.17,,11.3,,12.73,7.2,,Y,
3934,LIK,V,N4b-023,,,Opaline/CCS,0%,,RetouchedTool,Complete,,Adze,InvasiveEdgeShaping,Dorsal,6,345678,9.61,2,7.08,8.29,6.97,,,,,,,,,,,,,,Flake,,,,,,,,,,,,,,,,,,,,,,3,,,,,,27.43,,21.85,,10.08,6.1,,Y,
3935,LIK,V,M4a-025,,,Hornfels,0%,,RetouchedTool,Complete,,Adze,MarginalEdgeShaping,Dorsal,4,1678,5.1,2,1.69,3.33,4.12,,,,,,,,,,,,,,Flake,,,,,,,,,,,,,,,,,,,,,,2,,,,,,21.65,,16.69,,5.88,2.89,,Y,
3936,LIK,V,M4d-021,,,Opaline/CCS,0%,,RetouchedTool,Complete,,Adze,MarginalEdgeShaping,Dorsal,6,345678,8.61,1,9.55,5.46,10.25,,,,,,,,,,,,,,Flake,,,,,,,,,,,,,,,,,,,,,,3,,,,,,30.09,,16.05,,7.67,7.17,,Y,
3937,LIK,V,P5b-021,,,Opaline/CCS,0%,,RetouchedTool,Complete,,Adze,MarginalEdgeShaping,Dorsal,5,34567,6.53,1,5.97,8.7,7.74,,,,,,,,,,,,,,Flake,,,,,,,,,,,,,,,,,,,,,,3,,,,,,22.91,,9.95,,6.99,1.92,,Y,
3938,LIK,V,M4b-028,,,Opaline/CCS,0%,,RetouchedTool,Complete,,Adze,InvasiveEdgeShaping,Dorsal,6,13478,5.26,2,9.84,6.73,9.3,,,,,,,,,,,,,,Flake,,,,,,,,,,,,,,,,,,,,,,4,,,,,,21.17,,16.01,,8.8,4,,Y,
394,LIK,XIV,P4-056,,,Tuff,0%,,Flake,Proximal,,,,,,,,,,,,,,,,,,,,,,Yes,Hertzian,,,,,,,,,,,,,,RECTANGULAR,ResidualFacetWithBulb,No,14.52,5.29,,,,,,,,,,,,10.28,,19.25,,5.11,0.98,,N,
3939,LIK,V,N5d-021,,,Opaline/CCS,0%,,RetouchedTool,Complete,,Adze,MarginalEdgeShaping,Dorsal,4,3478,5.73,1,4.48,6.59,5.54,,,,,,,,,,,,,,Flake,,,,,,,,,,,,,,,,,,,,,,2,,,,,,10.54,,13.12,,8.68,1.72,,Y,
3940,LIK,IV,J6d-076,,,Opaline/CCS,0%,,RetouchedTool,Complete,,Adze,MarginalEdgeShaping,Dorsal,4,1348,6.47,1,4.19,2.54,4.68,,,,,,,,,,,,,,Flake,,,,,,,,,,,,,,,,,,,,,,2,,,,,,27.48,,38.61,,5.42,7.6,,Y,
3941,LIK,III,P4a-044,,,Opaline/CCS,0%,,RetouchedTool,Complete,,Adze,MarginalEdgeShaping,Dorsal,6,345678,6.1,1,7.25,7.22,5.3,,,,,,,,,,,,,,Flake,,,,,,,,,,,,,,,,,,,,,,4,,,,,,35.28,,31.31,,7.23,10.23,,Y,
3942,LIK,III,P5a-049,,,Opaline/CCS,0%,,RetouchedTool,Complete,,Adze,MarginalEdgeShaping,Dorsal,8,12345678,4.95,2,5.35,4.63,8.57,,,,,,,,,,,,,,Flake,,,,,,,,,,,,,,,,,,,,,,4,,,,,,36.29,,20.05,,10.22,6.77,,Y,
3943,LIK,III,P4d-056,,,Opaline/CCS,0%,,RetouchedTool,Complete,,Adze,MarginalEdgeShaping,Dorsal,3,234,5.16,2,3.6,5.55,7.49,,,,,,,,,,,,,,Flake,,,,,,,,,,,,,,,,,,,,,,2,,,,,,35.23,,17.71,,9.45,6.78,,Y,
3944,LIK,III,P4c-049,,,Opaline/CCS,0%,,RetouchedTool,Complete,,Adze,MarginalEdgeShaping,Dorsal,8,12345678,6.14,2,8.24,8.77,9.09,,,,,,,,,,,,,,Flake,,,,,,,,,,,,,,,,,,,,,,3,,,,,,40.92,,13.54,,8.72,9.88,,Y,
3945,LIK,III,P5b-045,,,Opaline/CCS,0%,,RetouchedTool,Complete,,Spokeshaves,NotchDenticulate,Dorsal,4,3478,8.92,2,8.02,4.74,8.95,,,,,,,,,,,,,,Flake,,,,,,,,,,,,,,,,,,,,,,,,,,,,43.06,,29.37,,8.81,15.63,,Y,
3946,LIK,III,P4d-049,,,Opaline/CCS,0%,,RetouchedTool,Complete,,Spokeshaves,NotchDenticulate,Dorsal,2,23,3.95,1,3.73,4.92,2.69,,,,,,,,,,,,,,Flake,,,,,,,,,,,,,,,,,,,,,,,,,,,,30.92,,24.27,,5.69,4.44,,Y,
3947,LIK,III,P5b-049,,,Opaline/CCS,0%,,RetouchedTool,Complete,,Spokeshaves,NotchDenticulate,Dorsal,2,34,10.15,2,6.51,9.68,6.9,,,,,,,,,,,,,,Flake,,,,,,,,,,,,,,,,,,,,,,,,,,,,55.15,,45.81,,14.4,34.78,,Y,
3948,LIK,III,P4a-057,,,Opaline/CCS,0%,,RetouchedTool,Complete,,MinimallyRetouched,InvasiveEdgeShaping,Both,8,12345678,11.46,2,2.19,11.45,11.98,,,,,,,,,,,,,,Flake,,,,,,,,,,,,RECTANGULAR,,,,,,,,,,,,,,,,32.81,,32.48,,9.35,16.03,,Y,
395,LIK,XIV,P4-056,,,Tuff,0%,,Flake,Distal,,,,,,,,,,,,,,,,,,,,,,,,Feather,,,,,,,,,,,,,TRIANGULAR,,,,,,,,,,,,,,,,13.36,,12.74,,1.11,0.25,,N,
3949,LIK,III,P5b-053,,,Opaline/CCS,0%,,RetouchedTool,Complete,,Adze,MarginalEdgeShaping,Dorsal,8,12345678,7.56,1,4,7.24,8.14,,,,,,,,,,,,,,Flake,,,,,,,,,,,,,,,,,,,,,,3,,,,,,40.84,,21.46,,7.14,8.22,,Y,
3950,LIK,III,P5a-049,,,Opaline/CCS,0%,,RetouchedTool,Complete,,Adze,MarginalEdgeShaping,Dorsal,8,12345678,8.48,2,6.91,8.31,6.1,,,,,,,,,,,,,,Flake,,,,,,,,,,,,,,,,,,,,,,5,,,,,,43.7,,33.63,,6.79,9.88,,Y,
3951,LIK,III,P4d-041,,,Opaline/CCS,0%,,RetouchedTool,Complete,,Adze,MarginalEdgeShaping,Dorsal,2,78,3.1,1,3.14,3.39,3.08,,,,,,,,,,,,,,Flake,,,,,,,,,,,,,,,,,,,,,,2,,,,,,36.32,,22.94,,4.09,4.76,,Y,
3952,LIK,III,P5b-053,,,Opaline/CCS,0%,,RetouchedTool,Complete,,Adze,MarginalEdgeShaping,Dorsal,6,5678,6.11,2,5.94,5.03,2.7,,,,,,,,,,,,,,Flake,,,,,,,,,,,,,,,,,,,,,,4,,,,,,31.04,,35.55,,6.75,10.67,,N,
3953,LIK,III,P4a-?,,,Opaline/CCS,0%,,RetouchedTool,Complete,,Adze,MarginalEdgeShaping,Dorsal,3,678,4.41,1,2.8,4.57,4.53,,,,,,,,,,,,,,Flake,,,,,,,,,,,,,,,,,,,,,,2,,,,,,40.86,,25.84,,4.79,6.66,,Y,
3954,LIK,III,L4d-007,,,Siltstone,0%,,RetouchedTool,Complete,,Adze,MarginalEdgeShaping,Dorsal,3,678,3.38,1,4.04,4.23,3.33,,,,,,,,,,,,,,Flake,,,,,,,,,,,,,,,,,,,,,,2,,,,,,41.25,,27.61,,11.38,10.11,,Y,
3955,LIK,III,K5a-007,,,Opaline/CCS,0%,,RetouchedTool,Complete,,Adze,MarginalEdgeShaping,Dorsal,6,123478,3.27,1,2.35,3.78,3.48,,,,,,,,,,,,,,Flake,,,,,,,,,,,,,,,,,,,,,,3,,,,,,29.06,,15.94,,5.1,3.55,,Y,
3956,LIK,I,J5a-002,,,Opaline/CCS,0%,,RetouchedTool,Complete,,Adze,MarginalEdgeShaping,Dorsal,4,2345,5.28,1,6.41,5.81,3.67,,,,,,,,,,,,,,Flake,,,,,,,,,,,,,,,,,,,,,,2,,,,,,56.69,,29.53,,6.22,12.71,,Y,
3957,LIK,I,L5c-001,,,Opaline/CCS,0%,,RetouchedTool,Complete,,MinimallyRetouched,MarginalEdgeShaping,Dorsal,3,178,4.42,2,2.01,2.65,2.97,,,,,,,,,,,,,,Flake,,,,,,,,,,,,RECTANGULAR,,,,,,,,,,,,,,,,14.64,,15,,3.03,1.14,,Y,
3958,LIK,XI,P4-041,,,Opaline/CCS,0%,,RetouchedTool,Complete,,Adze,MarginalEdgeShaping,Dorsal,8,12345678,5.71,1,6.72,2.18,4.98,,,,,,,,,,,,,,Blade,,,,,,,,,,,,,,,,,,,,,,3,,,,,,38,,17.78,,7.99,7.38,,Y,
396,LIK,XIV,P4-056,,,Tuff,0%,,Flake,Complete,,,,,,,,,,,,,,,,,,,,,,Yes,Hertzian,Feather,,,,,,,,,,,,,RECTANGULAR,NotPrepared,No,6.86,2.59,Main,,,,,,,,,,,13.42,13.42,9.25,7.33,1.84,0.29,,N,
3959,LIK,XI,P4-041,,,Opaline/CCS,0%,,RetouchedTool,Complete,,Adze,MarginalEdgeShaping,Dorsal,4,5678,7.2,2,5.9,6.13,7.41,,,,,,,,,,,,,,Flake,,,,,,,,,,,,,,,,,,,,,,3,,,,,,28.43,,18.35,,9.15,6.37,,Y,
3960,LIK,V,I6b-021,,,Opaline/CCS,0%,,RetouchedTool,Complete,,Adze,MarginalEdgeShaping,Dorsal,3,678,7.03,1,5.03,7.31,5.87,,,,,,,,,,,,,,Flake,,,,,,,,,,,,,,,,,,,,,,4,,,,,,33.53,,16.89,,10.06,6.77,,Y,
3961,LIK,V,L4b-082,,,Opaline/CCS,0%,,RetouchedTool,Complete,,Adze,MarginalEdgeShaping,Dorsal,2,78,7.68,1,6.19,9.87,7.41,,,,,,,,,,,,,,Flake,,,,,,,,,,,,,,,,,,,,,,3,,,,,,44.64,,51.36,,16.63,31.24,,Y,
3962,LIK,XIII,O4c-055,,,Opaline/CCS,0%,,RetouchedTool,Complete,,Adze,MarginalEdgeShaping,Both,6,345678,8.52,2,8.54,8.73,5.95,,,,,,,,,,,,,,Flake,,,,,,,,,,,,,,,,,,,,,,6,,,,,,37.45,,28.8,,13.33,16.09,,Y,
3963,LIK,XIII,P5c-046,,,Opaline/CCS,0%,,RetouchedTool,Complete,,Adze,MarginalEdgeShaping,Dorsal,4,3478,4.81,1,4.07,3.48,4.88,,,,,,,,,,,,,,Flake,,,,,,,,,,,,,,,,,,,,,,5,,,,,,40.26,,25.62,,6.43,8.48,,Y,
3964,LIK,XIII,O5a-054,,,Opaline/CCS,0%,,RetouchedTool,Complete,,Adze,MarginalEdgeShaping,Dorsal,6,345678,11.6,2,7.17,10.59,6.71,,,,,,,,,,,,,,Flake,,,,,,,,,,,,,,,,,,,,,,6,,,,,,43.47,,28.01,,9.43,12.32,,Y,
3965,LIK,XIII,O5a-046,,,Opaline/CCS,0%,,RetouchedTool,Complete,,Adze,MarginalEdgeShaping,Dorsal,5,45678,4.35,1,2.25,4.31,5.32,,,,,,,,,,,,,,Flake,,,,,,,,,,,,,,,,,,,,,,3,,,,,,50.23,,37.63,,5.35,9.94,,Y,
3966,LIK,XIII,P5d-053,,,Opaline/CCS,0%,,RetouchedTool,Complete,,Adze,MarginalEdgeShaping,Dorsal,4,3478,4.35,1,4.27,3.67,3.75,,,,,,,,,,,,,,Flake,,,,,,,,,,,,,,,,,,,,,,3,,,,,,37.41,,28.49,,8.39,9.42,,Y,
3967,LIK,XIII,O5d-093,,,Opaline/CCS,0%,,RetouchedTool,Complete,,Adze,MarginalEdgeShaping,Both,4,5678,6.04,1,3.44,2.25,5.84,,,,,,,,,,,,,,Flake,,,,,,,,,,,,,,,,,,,,,,3,,,,,,25.23,,22.07,,6.41,5.05,,Y,
3968,LIK,XIII,P5c-046,,,Opaline/CCS,0%,,RetouchedTool,Complete,,Adze,MarginalEdgeShaping,Dorsal,5,45678,5.78,1,10.66,3.17,4.54,,,,,,,,,,,,,,Flake,,,,,,,,,,,,,,,,,,,,,,4,,,,,,31.78,,23.52,,7.26,5.34,,Y,
397,LIK,XIV,P4-056,,,Tuff,0%,,Flake,Complete,,,,,,,,,,,,,,,,,,,,,,Yes,Hertzian,Feather,,,,,,,,,,,,,RECTANGULAR,NotPrepared,No,6.46,1.86,Main,,,,,,,,,,,11.29,11.29,11.88,10.67,1.13,0.22,,N,
3969,LIK,XIII,O4c-053,,,Opaline/CCS,0%,,RetouchedTool,Complete,,Adze,MarginalEdgeShaping,Both,5,13478,11.55,2,2.96,7.34,9.8,,,,,,,,,,,,,,Flake,,,,,,,,,,,,,,,,,,,,,,5,,,,,,33.11,,34.3,,13.33,13.65,,Y,
3970,LIK,XIII,O4c-049,,,Opaline/CCS,0%,,RetouchedTool,Complete,,Adze,MarginalEdgeShaping,Dorsal,8,12345678,8.4,2,9.68,10.22,6.68,,,,,,,,,,,,,,Flake,,,,,,,,,,,,,,,,,,,,,,5,,,,,,43.9,,38.48,,11.06,15.32,,Y,
3971,LIK,XIII,O5a-045,,,Opaline/CCS,0%,,RetouchedTool,Complete,,Adze,MarginalEdgeShaping,Dorsal,8,12345678,4.66,1,2.35,3.93,4.51,,,,,,,,,,,,,,Blade,,,,,,,,,,,,,,,,,,,,,,3,,,,,,41.71,,16.73,,4.83,4,,Y,
3972,LIK,XIII,O4c-049,,,Opaline/CCS,0%,,RetouchedTool,Complete,,Spokeshaves,NotchDenticulate,Dorsal,2,34,6.01,1,4.17,5.77,4.1,,,,,,,,,,,,,,Blade,,,,,,,,,,,,,,,,,,,,,,,,,,,,59.62,,22.81,,9.07,19.42,,Y,
3973,LIK,XIII,O5c-046,,,Opaline/CCS,0%,,RetouchedTool,Complete,,Adze,MarginalEdgeShaping,Dorsal,6,345678,4.31,1,3.97,3.1,4.92,,,,,,,,,,,,,,Flake,,,,,,,,,,,,,,,,,,,,,,4,,,,,,37.8,,23.12,,4.74,4.82,,Y,
3974,LIK,XIII,O5d-046,,,Opaline/CCS,0%,,RetouchedTool,Complete,,Adze,MarginalEdgeShaping,Dorsal,8,12345678,7.37,1,5.03,2.65,7.96,,,,,,,,,,,,,,Flake,,,,,,,,,,,,,,,,,,,,,,3,,,,,,33.69,,19.7,,4.74,4.93,,Y,
3975,LIK,XIII,O5b-053,,,Opaline/CCS,0%,,RetouchedTool,Complete,,Adze,MarginalEdgeShaping,Dorsal,4,3478,3.34,1,3.29,2.86,3.24,,,,,,,,,,,,,,Flake,,,,,,,,,,,,,,,,,,,,,,3,,,,,,31.1,,22.52,,4.09,4.75,,Y,
3976,LIK,XIII,O4c-046,,,Opaline/CCS,0%,,RetouchedTool,Complete,,Adze,MarginalEdgeShaping,Dorsal,6,345678,10.62,1,10.45,8.9,8.55,,,,,,,,,,,,,,Flake,,,,,,,,,,,,,,,,,,,,,,4,,,,,,48.79,,29.83,,8.63,12.88,,Y,
3977,LIK,VII,N4b-050,,,Opaline/CCS,0%,,RetouchedTool,Complete,,EndScraper,MarginalEdgeShaping,Dorsal,2,56,1.66,1,1.65,1.79,2.15,,,,,,,,,,,,,,Flake,4.28,16.92,61.37,65.16,65.93,25.8,19.76,13.82,1.76,2.07,2.56,,,,,,,,,,,,,,,,,16.27,,19.47,,2.47,1.17,,Y,
3978,LIK,VII,N3b-031,,,Opaline/CCS,0%,,RetouchedTool,Complete,,EndScraper,MarginalEdgeShaping,Dorsal,2,56,3.56,1,3.43,3.75,3.84,,,,,,,,,,,,,,Flake,3.51,15.48,60.85,69.28,66.67,30.22,34.79,35.35,3.04,3.86,3.94,,,,,,,,,,,,,,,,,14.42,,15.72,,2.23,0.89,,Y,
398,LIK,XIV,P4-056,,,Tuff,0%,,Flake,Mesial,,,,,,,,,,,,,,,,,,,,,,,,,,,,,,,,,,,,,RECTANGULAR,,,,,,,,,,,,,,,,23.01,,12.24,,1.91,1.19,,N,
3979,LIK,VII,P3b-031,,,Opaline/CCS,0%,,RetouchedTool,Complete,,EndScraper,MarginalEdgeShaping,Dorsal,4,4567,4.2,1,2.97,4.26,3.5,,,,,,,,,,,,,,Flake,4.88,15.93,67.79,74.41,81.12,30.88,42.99,36.14,3.52,4.2,3.89,,,,,,,,,,,,,,,,,15.94,,18.3,,3.97,1.35,,Y,
3980,LIK,VII,N3b-031,,,Opaline/CCS,0%,,RetouchedTool,Complete,,EndScraper,MarginalEdgeShaping,Dorsal,4,4567,3.69,1,2.42,3.17,3.2,,,,,,,,,,,,,,Flake,3.4,22.52,62.14,61.25,60.73,34.33,41.27,28.65,2.86,3.66,2.66,,,,,,,,,,,,,,,,,18.52,,22.76,,3.17,1.63,,Y,
3981,LIK,VII,N5b-031,,,Opaline/CCS,0%,,RetouchedTool,Complete,,EndScraper,MarginalEdgeShaping,Dorsal,2,56,2.27,1,1.5,2.65,2.31,,,,,,,,,,,,,,Flake,3.8,12.88,65.49,64.38,65.15,23.27,28.35,34.35,1.48,2.46,2.55,,,,,,,,,,,,,,,,,15.71,,13.44,,2.88,0.72,,Y,
3982,LIK,VII,M3d-031,,,Opaline/CCS,0%,,RetouchedTool,Complete,,EndScraper,MarginalEdgeShaping,Dorsal,2,56,3.07,1,3.67,4.07,2.74,,,,,,,,,,,,,,Flake,4.37,10.4,76.47,73.11,75.63,31.55,35.83,40.1,3.43,3.82,2.5,,,,,,,,,,,,,,,,,17.15,,10.16,,3.85,0.79,,Y,
3983,LIK,VII,M3b-031,,,Opaline/CCS,0%,,RetouchedTool,Complete,,EndScraper,MarginalEdgeShaping,Dorsal,2,56,5.66,1,2.66,5.18,3.45,,,,,,,,,,,,,,Flake,5.2,18.79,70.57,80.11,86.56,44.69,38.18,40.79,2.93,5.32,4.02,,,,,,,,,,,,,,,,,19.86,,16.89,,5.43,2.04,,Y,
3984,LIK,VII,P4-031,,,Opaline/CCS,0%,,RetouchedTool,Complete,,EndScraper,MarginalEdgeShaping,Dorsal,4,4567,2.86,1,1.68,2.91,3.41,,,,,,,,,,,,,,Flake,5.61,24.26,77.51,77.12,74.2,33.1,26.28,22.73,2.67,2.73,2.31,,,,,,,,,,,,,,,,,19.83,,22.31,,4.46,2.07,,Y,
3985,LIK,VII,N5b-031,,,Opaline/CCS,0%,,RetouchedTool,Complete,,EndScraper,MarginalEdgeShaping,Dorsal,2,56,4.78,1,4.58,5.2,3.99,,,,,,,,,,,,,,Flake,5.69,17.92,70.35,68.62,69.34,28.94,29.92,33.24,5.06,4.44,2.95,,,,,,,,,,,,,,,,,20.53,,19.65,,5.72,3,,Y,
3986,LIK,VII,O3c-031,,,Opaline/CCS,0%,,RetouchedTool,Complete,,Side-EndScraper,MarginalEdgeShaping,Dorsal,4,3456,4.52,1,2.11,3.16,3.48,,,,,,,,,,,,,,Flake,5.17,36.69,72.02,66.18,82.88,24.7,28.3,28.91,2.64,4.71,2.49,,,,,,,,,,,,,,,,,20.68,,21.23,,5.67,2.65,,Y,
3987,LIK,VII,N3c-031,,,Opaline/CCS,0%,,RetouchedTool,Complete,,EndScraper,MarginalEdgeShaping,Dorsal,2,56,2.25,1,2.3,2.66,1.45,,,,,,,,,,,,,,Flake,3.98,14.12,62.34,62.4,76.6,15.65,19.63,35.87,1.39,2.8,1.47,,,,,,,,,,,,,,,,,22.74,,15.79,,2.44,1.68,,Y,
3988,LIK,VII,M5c-031,,,Opaline/CCS,0%,,RetouchedTool,Complete,,EndScraper,MarginalEdgeShaping,Dorsal,2,56,2.83,1,1.67,2.33,2.93,,,,,,,,,,,,,,Flake,3.67,9.58,72.87,74.58,69.5,28.16,23.09,31.33,1.38,2.53,3.14,,,,,,,,,,,,,,,,,22.22,,12.79,,3,1,,Y,
399,LIK,XIV,P4-056,,,Tuff,0%,,Flake,Complete,,,,,,,,,,,,,,,,,,,,,,Yes,Bending,Feather,,,,,,,,,,,,,TRIANGULAR,NotPrepared,No,9.87,9.39,Main,,,,,,,,,,,17.89,17.89,11.67,9.54,4.3,0.98,,N,
3989,LIK,VII,M4a-031,,,Opaline/CCS,0%,,RetouchedTool,Complete,,EndScraper,MarginalEdgeShaping,Dorsal,2,56,5.62,1,5.69,6.59,3.77,,,,,,,,,,,,,,Flake,6.78,14.18,47.12,71.25,64.25,37.01,38.55,35.45,2.61,5.71,3.6,,,,,,,,,,,,,,,,,21.12,,16.06,,6.42,2.37,,Y,
3990,LIK,VII,N5-048,,,Opaline/CCS,0%,,RetouchedTool,Complete,,EndScraper,MarginalEdgeShaping,Dorsal,2,56,2.82,1,1.99,3.04,1.34,,,,,,,,,,,,,,Flake,3.19,11.68,57.16,63.43,69,29.6,35.45,35.27,1.26,2.58,1.14,,,,,,,,,,,,,,,,,16.07,,13.16,,3.1,0.84,3991,Y,
3991,LIK,VII,M5d-031,,,Opaline/CCS,0%,,RetouchedTool,Complete,,EndScraper,MarginalEdgeShaping,Dorsal,4,4567,2.4,1,1.36,2.42,2.45,,,,,,,,,,,,,,Flake,3.09,17.58,61.93,66.34,72.55,23.84,24.65,27.38,1.46,1.87,2.82,,,,,,,,,,,,,,,,,13.7,,19.71,,2.79,1.15,,Y,
3992,LIK,VII,M4c-031,,,Opaline/CCS,0%,,RetouchedTool,Complete,,EndScraper,MarginalEdgeShaping,Dorsal,3,456,2.63,1,1.02,2.15,2.37,,,,,,,,,,,,,,Flake,2.65,16.48,77.08,72.84,72.24,38.66,33.06,26.22,0.8,2.05,2.46,,,,,,,,,,,,,,,,,15.6,,17.53,,2.53,0.78,,Y,
3993,LIK,VII,M3c-031,,,Opaline/CCS,0%,,RetouchedTool,Complete,,EndScraper,MarginalEdgeShaping,Dorsal,2,56,2.43,1,1.99,2.34,2.26,,,,,,,,,,,,,,Flake,2.81,16.57,62.18,71.89,71.7,22.89,28.16,23.19,1.95,2.15,1.95,,,,,,,,,,,,,,,,,13.28,,16.98,,2.5,0.95,,Y,
3994,LIK,VII,N3a-031,,,Opaline/CCS,0%,,RetouchedTool,Complete,,Side-EndScraper,MarginalEdgeShaping,Dorsal,4,5678,2.22,1,2.71,2.18,1.55,,,,,,,,,,,,,,Flake,3.33,25.35,75.8,52.73,69.23,27.3,20.48,20.39,2.02,1.49,1.44,,,,,,,,,,,,,,,,,14.6,,16.96,,2.85,1.11,,Y,
3995,LIK,VII,M6b-040,,,Opaline/CCS,0%,,RetouchedTool,Complete,,EndScraper,MarginalEdgeShaping,Dorsal,2,56,3.67,2,2.56,3.1,1.61,,,,,,,,,,,,,,Flake,3.56,16.04,64.95,61.64,77.02,29.42,30.45,33.9,4.4,2,1.34,,,,,,,,,,,,,,,,,12.81,,16.59,,3.03,0.68,,Y,
3996,LIK,VII,M4c-031,,,Opaline/CCS,0%,,RetouchedTool,Complete,,EndScraper,MarginalEdgeShaping,Dorsal,2,56,4.57,1,2.32,5.41,2.36,,,,,,,,,,,,,,Flake,6.19,11.99,74.58,85.52,86.5,37.49,46.09,46.83,4.94,2.86,2.64,,,,,,,,,,,,,,,,,24.7,,16.43,,6.75,1.67,,Y,
3997,LIK,VII,N5a-031,,,Opaline/CCS,0%,,RetouchedTool,Complete,,EndScraper,MarginalEdgeShaping,Dorsal,2,56,2.53,1,1.36,1.75,2.09,,,,,,,,,,,,,,Flake,2.11,14.2,61.39,77.13,78.63,34.46,31.22,36.86,1.07,1.67,2.14,,,,,,,,,,,,,,,,,12.09,,14.71,,1.66,0.48,,Y,
3998,LIK,VII,N4b-031,,,Opaline/CCS,0%,,RetouchedTool,Complete,,EndScraper,MarginalEdgeShaping,Dorsal,2,56,3.47,1,2.27,3.41,2.78,,,,,,,,,,,,,,Flake,3.54,14.8,67.04,68.13,69.11,42.44,38.04,37.57,1.88,2.95,2.4,,,,,,,,,,,,,,,,,20.72,,15.8,,3.34,1.14,,Y,
400,LIK,XIV,P4-056,,,Tuff,0%,,Flake,Complete,,,,,,,,,,,,,,,,,,,,,,Yes,Hertzian,Feather,,,,,,,,,,,,,RECTANGULAR,ResidualFacetWithBulb,No,9.73,2.98,Main,,,,,,,,,,,22.87,22.87,16.09,13.39,2.54,1.59,,N,
3999,LIK,VII,O4b-031,,,Opaline/CCS,0%,,RetouchedTool,Complete,,EndScraper,MarginalEdgeShaping,Dorsal,2,56,5.17,1,1.63,2.83,3.31,,,,,,,,,,,,,,Flake,4.22,13.14,75.75,64.3,73.49,33.67,29.68,32.29,1.71,2.29,5.57,,,,,,,,,,,,,,,,,22.03,,15.84,,4.33,1.5,,Y,
4000,LIK,VII,P3d-031,,,Opaline/CCS,0%,,RetouchedTool,Complete,,EndScraper,MarginalEdgeShaping,Dorsal,4,4567,1.91,1,1.71,1.59,1.55,,,,,,,,,,,,,,Flake,2.61,13.4,78.57,65.45,69.41,46.04,28.31,25.77,2.12,1.46,1.29,,,,,,,,,,,,,,,,,8.72,,14.21,,2.1,0.38,,Y,
4001,LIK,VII,N5b-036,,,Opaline/CCS,0%,,RetouchedTool,Complete,,EndScraper,MarginalEdgeShaping,Dorsal,2,56,3.58,1,2.11,3.13,2.87,,,,,,,,,,,,,,Flake,3.19,13.09,70.32,75.15,62.24,29.54,34.35,30.79,2.33,3.54,3.07,,,,,,,,,,,,,,,,,11.16,,14.07,,2.92,0.67,,Y,
4002,LIK,I,P4/P5-061,,,Opaline/CCS,0%,,Flake,Complete,,,,,,,,,,,,,,,,,,,,,,Yes,Hertzian,Feather,,,,,,,,,,,,,RECTANGULAR,NotPrepared,No,15.69,12.85,Main,,,,,,,,,,,24.75,24.75,25.52,25.52,10.82,11.69,,Y,
4003,LIK,I,P4/P5-061,,,Opaline/CCS,0%,,Flake,Complete,,,,,,,,,,,,,,,,,,,,,,Yes,Hertzian,Feather,,,,,,,,,,,,,TRIANGULAR,NotPrepared,No,6.87,2.51,Main,,,,,,,,,,,21.95,21.95,27.81,21.23,8.28,4.73,Ut,N,
4004,LIK,I,P4/P5-061,,,Opaline/CCS,0%,,Flake,Complete,,,,,,,,,,,,,,,,,,,,,,Yes,Hertzian,Feather,,,,,,,,,,,,,RHOMBUS,NotPrepared,No,12.85,2.34,Main,,,,,,,,,,,25.45,25.45,29.03,16.95,3.66,3.2,,N,
4005,LIK,I,P4/P5-061,,,Opaline/CCS,0%,,Flake,Complete,,,,,,,,,,,,,,,,,,,,,,Yes,Bending,Feather,,,,,,,,,,,,,RECTANGULAR,NotPrepared,No,6.8,2.67,Main,,,,,,,,,,,24.47,24.47,10.05,10.05,4.41,1.14,,N,
4006,LIK,I,P4/P5-061,,,Opaline/CCS,0%,,Flake,Complete,,,,,,,,,,,,,,,,,,,,,,Yes,Hertzian,Feather,,,,,,,,,,,,,TRIANGULAR,NotPrepared,No,7.95,2.6,Main,,,,,,,,,,,26.89,26.89,20.69,20.69,7.12,4.17,Ut,N,
4007,LIK,I,P4/P5-061,,,Opaline/CCS,0%,,Flake,Complete,,,,,,,,,,,,,,,,,,,,,,Yes,Hertzian,Feather,,,,,,,,,,,,,RECTANGULAR,NotPrepared,No,8.16,3.03,Main,,,,,,,,,,,35.86,35.86,19.61,19.61,6.53,5.17,Ut,N,
4008,LIK,I,P4/P5-061,,,Opaline/CCS,0%,,Flake,Complete,,,,,,,,,,,,,,,,,,,,,,Yes,Hertzian,Feather,,,,,,,,,,,,,RHOMBUS,NotPrepared,No,3.95,1.92,Main,,,,,,,,,,,23.42,23.42,18.45,18.45,2.99,1.6,,N,
4,LIK,XV,O5c-057,,,Opaline/CCS,0%,,Flake,Complete,,,,,,,,,,,,,,,,,,,,,,Yes,Hertzian,Feather,,,,,,,,,,,,,RECTANGULAR,NotPrepared,No,7.66,2.82,Main,,,,,,,,,,,14.68,14.68,13.78,13.78,3.01,1,,N,
40,LIK,XV,O5c-057,,,Opaline/CCS,0%,,Flake,Proximal,,,,,,,,,,,,,,,,,,,,,,Yes,Hertzian,,,,,,,,,,,,,,RECTANGULAR,NotPrepared,No,8.1,1.47,,,,,,,,,,,,12.47,,14.74,,4.45,1.09,,N,
401,LIK,XIV,P4-056,,,Tuff,0%,,Flake,Distal,,,,,,,,,,,,,,,,,,,,,,,,Feather,,,,,,,,,,,,,KITE,,,,,,,,,,,,,,,,28.36,,20.25,,4.56,2.48,,N,
4009,LIK,I,P4/P5-061,,,Opaline/CCS,0%,,Flake,Complete,,,,,,,,,,,,,,,,,,,,,,Yes,Hertzian,Feather,,,,,,,,,,,,,RECTANGULAR,NotPrepared,No,6.23,2.42,Main,,,,,,,,,,,25.99,25.99,16.96,16.96,3.45,1.87,,N,
4010,LIK,I,P4/P5-061,,,Opaline/CCS,0%,,Flake,Complete,,,,,,,,,,,,,,,,,,,,,,Yes,Hertzian,Feather,,,,,,,,,,,,,TRIANGULAR,NotPrepared,No,7.1,4.85,Main,,,,,,,,,,,26.05,26.05,14.34,12.47,5.53,2.45,Ut,N,
4011,LIK,I,P4/P5-061,,,Opaline/CCS,0%,,Flake,Complete,,,,,,,,,,,,,,,,,,,,,,Yes,Hertzian,Feather,,,,,,,,,,,,,RHOMBUS,NotPrepared,No,11.21,3.64,Main,,,,,,,,,,,14.02,11.15,22.86,15.08,2.93,1,,N,
4012,LIK,I,P4/P5-061,,,Opaline/CCS,0%,,Flake,Complete,,,,,,,,,,,,,,,,,,,,,,Yes,Hertzian,Feather,,,,,,,,,,,,,RECTANGULAR,NotPrepared,No,5.88,2.15,Main,,,,,,,,,,,14.32,14.32,12.77,12.77,2.72,0.59,,Y,
4013,LIK,I,P4/P5-061,,,Opaline/CCS,0%,,Flake,Mesial,,,,,,,,,,,,,,,,,,,,,,,,,,,,,,,,,,,,,RECTANGULAR,,,,,,,,,,,,,,,,13.98,,10.46,,4.26,0.71,,N,
4014,LIK,I,P4/P5-061,,,Opaline/CCS,0%,,Flake,Complete,,,,,,,,,,,,,,,,,,,,,,Yes,Hertzian,Feather,,,,,,,,,,,,,RECTANGULAR,NotPrepared,No,3.98,2.23,Main,,,,,,,,,,,16,16,9.47,9.47,1.55,0.47,,N,
4015,LIK,I,P4/P5-061,,,Opaline/CCS,0%,,Flake,Complete,,,,,,,,,,,,,,,,,,,,,,Yes,Hertzian,Feather,,,,,,,,,,,,,TRAPEZOIDAL,NotPrepared,No,18.41,6.74,Main,,,,,,,,,,,12.51,12.51,21.42,16.13,5.43,1.78,,N,
4016,LIK,I,P4/P5-061,,,Opaline/CCS,0%,,Flake,Complete,,,,,,,,,,,,,,,,,,,,,,Yes,Hertzian,Feather,,,,,,,,,,,,,RECTANGULAR,NotPrepared,No,5.66,1.13,Main,,,,,,,,,,,19.7,19.7,17.11,17.11,3.19,0.98,,N,
4017,LIK,I,P4/P5-061,,,Opaline/CCS,0%,,Flake,Complete,,,,,,,,,,,,,,,,,,,,,,Yes,Hertzian,Feather,,,,,,,,,,,,,RECTANGULAR,NotPrepared,No,6.9,3.46,Main,,,,,,,,,,,13.21,13.21,6.83,6.83,2.67,0.33,,N,
4018,LIK,I,P4/P5-061,,,Opaline/CCS,0%,,Flake,Complete,,,,,,,,,,,,,,,,,,,,,,Yes,Hertzian,Hinge,,,,,,,,,,,,,TRIANGULAR,NotPrepared,No,3.28,0.9,Main,,,,,,,,,,,14.7,14.7,14.1,9.54,2.71,0.69,,N,
402,LIK,XIV,P4-056,,,Tuff,0%,,Flake,Complete,,,,,,,,,,,,,,,,,,,,,,Yes,Wedging,Feather,,,,,,,,,,,,,RECTANGULAR,Indeterminate,No,5.56,2.34,Main,,,,,,,,,,,29.42,29.42,22.74,18.03,3.41,3,Ret,N,
4019,LIK,I,P4/P5-061,,,Opaline/CCS,0%,,Flake,Complete,,,,,,,,,,,,,,,,,,,,,,Yes,Hertzian,Feather,,,,,,,,,,,,,OVAL,NotPrepared,No,5.55,4.49,Main,,,,,,,,,,,10.62,10.62,10.86,10.86,2.16,0.37,Ut,N,
4020,LIK,I,P4/P5-061,,,Opaline/CCS,0%,,Flake,Complete,,,,,,,,,,,,,,,,,,,,,,Yes,Hertzian,Feather,,,,,,,,,,,,,RECTANGULAR,NotPrepared,No,5.07,4.83,Main,,,,,,,,,,,24.76,24.76,10.91,10.91,3.92,1.41,,N,
4021,LIK,I,P4/P5-061,,,Opaline/CCS,0%,,Flake,Complete,,,,,,,,,,,,,,,,,,,,,,Yes,Hertzian,Feather,,,,,,,,,,,,,RECTANGULAR,NotPrepared,No,3.39,1.31,Main,,,,,,,,,,,25,25,6.26,6.26,3,0.42,,N,
4022,LIK,I,P4/P5-061,,,Opaline/CCS,0%,,Flake,Complete,,,,,,,,,,,,,,,,,,,,,,Yes,Hertzian,Feather,,,,,,,,,,,,,RECTANGULAR,NotPrepared,No,3.34,1.25,Main,,,,,,,,,,,16.93,16.93,10.35,10.35,1.93,0.44,,N,
4023,LIK,I,P4/P5-061,,,Opaline/CCS,0%,,Flake,Complete,,,,,,,,,,,,,,,,,,,,,,Yes,Bending,Feather,,,,,,,,,,,,,RECTANGULAR,NotPrepared,No,8.59,4.24,Main,,,,,,,,,,,5.68,5.68,10.99,10.99,2.76,0.25,,N,
4024,LIK,I,P4/P5-061,,,Opaline/CCS,0%,,Flake,Complete,,,,,,,,,,,,,,,,,,,,,,Yes,Hertzian,Feather,,,,,,,,,,,,,RECTANGULAR,NotPrepared,No,6.65,1.91,Main,,,,,,,,,,,11.75,11.75,10.72,10.72,1.56,0.28,,N,
4025,LIK,I,P4/P5-061,,,Opaline/CCS,0%,,Flake,Complete,,,,,,,,,,,,,,,,,,,,,,Yes,Hertzian,Feather,,,,,,,,,,,,,RECTANGULAR,NotPrepared,No,3.42,0.78,Main,,,,,,,,,,,11.95,11.95,11.51,10.64,1.36,0.21,,N,
4026,LIK,I,P4/P5-061,,,Opaline/CCS,0%,,Flake,Complete,,,,,,,,,,,,,,,,,,,,,,Yes,Hertzian,Feather,,,,,,,,,,,,,RECTANGULAR,NotPrepared,No,3.72,2.72,Main,,,,,,,,,,,21.94,21.94,8.21,8.21,4.38,0.77,,N,
4027,LIK,I,P4/P5-061,,,Opaline/CCS,0%,,Flake,Proximal,,,,,,,,,,,,,,,,,,,,,,Yes,Hertzian,,,,,,,,,,,,,,RECTANGULAR,NotPrepared,No,4.55,1.31,,,,,,,,,,,,10.67,,13.83,,2.16,0.26,,N,
4028,LIK,I,P4/P5-061,,,Opaline/CCS,0%,,Flake,Complete,,,,,,,,,,,,,,,,,,,,,,Yes,Hertzian,Feather,,,,,,,,,,,,,RECTANGULAR,NotPrepared,No,1.85,0.94,Main,,,,,,,,,,,11.93,11.93,4.53,4.53,1.42,0.08,,N,
403,LIK,XIV,P4-056,,,Tuff,0%,,Flake,Complete,,,,,,,,,,,,,,,,,,,,,,Yes,Hertzian,Feather,,,,,,,,,,,,,RECTANGULAR,NotPrepared,No,13.83,9.81,Main,,,,,,,,,,,13.12,13.12,18.94,18.94,11.54,4.82,,N,
4029,LIK,I,P4/P5-061,,,Opaline/CCS,0%,,Flake,Complete,,,,,,,,,,,,,,,,,,,,,,Yes,Hertzian,Feather,,,,,,,,,,,,,RECTANGULAR,NotPrepared,No,6.56,1.91,Main,,,,,,,,,,,22.87,22.87,18.32,18.32,4.47,1.97,,N,
4030,LIK,I,P4/P5-061,,,Opaline/CCS,0%,,Flake,Complete,,,,,,,,,,,,,,,,,,,,,,Yes,Hertzian,Feather,,,,,,,,,,,,,RECTANGULAR,NotPrepared,No,6.7,3.37,Main,,,,,,,,,,,17.27,17.27,17.88,17.88,3.73,1.26,,N,
4031,LIK,I,P4/P5-061,,,Opaline/CCS,0%,,Flake,Proximal,,,,,,,,,,,,,,,,,,,,,,Yes,Hertzian,,,,,,,,,,,,,,RECTANGULAR,NotPrepared,No,4.68,1.63,,,,,,,,,,,,10.78,,16.7,,1.59,0.35,,N,
4032,LIK,I,P4/P5-061,,,Opaline/CCS,0%,,Flake,Complete,,,,,,,,,,,,,,,,,,,,,,Yes,Hertzian,Feather,,,,,,,,,,,,,RECTANGULAR,NotPrepared,No,5.43,3.23,Main,,,,,,,,,,,31.09,31.09,18.99,15.03,4.65,2.52,,N,
4033,LIK,I,P4/P5-061,,,Opaline/CCS,0%,,Flake,Complete,,,,,,,,,,,,,,,,,,,,,,Yes,Hertzian,Feather,,,,,,,,,,,,,RECTANGULAR,NotPrepared,No,9.28,4.16,Main,,,,,,,,,,,26.23,26.23,19.74,19.74,6.39,4.26,Ut,N,
4034,LIK,I,P4/P5-061,,,Opaline/CCS,0%,,Flake,Distal,,,,,,,,,,,,,,,,,,,,,,,,Feather,,,,,,,,,,,,,OVAL,,,,,,,,,,,,,,,,15.52,,16.54,,2.11,0.81,,N,
4035,LIK,I,P4/P5-061,,,Opaline/CCS,0%,,Flake,Distal,,,,,,,,,,,,,,,,,,,,,,,,Feather,,,,,,,,,,,,,RECTANGULAR,,,,,,,,,,,,,,,,14.13,,14.78,,2.56,0.6,,N,
4036,LIK,I,P4/P5-061,,,Opaline/CCS,0%,,Flake,Distal,,,,,,,,,,,,,,,,,,,,,,,,Feather,,,,,,,,,,,,,TRIANGULAR,,,,,,,,,,,,,,,,22.45,,9.55,,1.39,0.46,,N,
4037,LIK,I,P4/P5-061,,,Opaline/CCS,0%,,Flake,Complete,,,,,,,,,,,,,,,,,,,,,,Yes,Hertzian,Feather,,,,,,,,,,,,,RECTANGULAR,NotPrepared,No,2.99,0.69,Main,,,,,,,,,,,12.2,12.2,6.21,5.28,2.4,0.24,,N,
4038,LIK,I,P4/P5-061,,,Opaline/CCS,0%,,Flake,Complete,,,,,,,,,,,,,,,,,,,,,,Yes,Hertzian,Feather,,,,,,,,,,,,,RECTANGULAR,NotPrepared,No,11.04,6.77,Main,,,,,,,,,,,58.55,58.55,24.37,24.37,8.04,22.33,,N,
404,LIK,XIV,P4-056,,,Tuff,0%,,Flake,Complete,,,,,,,,,,,,,,,,,,,,,,Yes,Hertzian,Feather,,,,,,,,,,,,,RECTANGULAR,NotPrepared,No,22.34,8,Main,,,,,,,,,,,55,31.76,17.37,17.37,20.39,21.43,,N,
4039,LIK,I,P4/P5-061,,,Opaline/CCS,0%,,Flake,Complete,,,,,,,,,,,,,,,,,,,,,,Yes,Hertzian,Feather,,,,,,,,,,,,,TRIANGULAR,NotPrepared,No,2.15,1.64,Main,,,,,,,,,,,19.2,19.2,8.32,5.43,4.3,0.48,,N,
4040,LIK,I,P4/P5-061,,,Opaline/CCS,0%,,Flake,Complete,,,,,,,,,,,,,,,,,,,,,,Yes,Bending,Feather,,,,,,,,,,,,,RECTANGULAR,NotPrepared,No,5.11,1.58,Main,,,,,,,,,,,11.56,11.56,8.99,8.99,3.1,0.36,Ut,N,
4041,LIK,I,P4/P5-061,,,Opaline/CCS,0%,,Flake,Complete,,,,,,,,,,,,,,,,,,,,,,Yes,Hertzian,Feather,,,,,,,,,,,,,RECTANGULAR,NotPrepared,No,9.87,4.6,Main,,,,,,,,,,,17.07,17.07,10.58,10.58,3.16,0.91,,N,
4042,LIK,I,P4/P5-061,,,Opaline/CCS,0%,,Flake,Complete,,,,,,,,,,,,,,,,,,,,,,Yes,Hertzian,Feather,,,,,,,,,,,,,RECTANGULAR,NotPrepared,No,4.59,1.09,Main,,,,,,,,,,,26.95,26.95,11.03,11.03,1.74,0.49,,N,
4043,LIK,I,P4/P5-061,,,Opaline/CCS,0%,,Flake,Complete,,,,,,,,,,,,,,,,,,,,,,Yes,Hertzian,Feather,,,,,,,,,,,,,RECTANGULAR,NotPrepared,No,6.71,2.05,Main,,,,,,,,,,,18.79,18.79,26.03,17.48,4.8,2,Ut,N,
4045,LIK,I,P4/P5-061,,,Tuff,0%,,Flake,Complete,,,,,,,,,,,,,,,,,,,,,,Yes,Hertzian,Feather,,,,,,,,,,,,,RECTANGULAR,FacetWithBulb,No,22.88,7.56,Main,,,,,,,,,,,25.68,25.68,51.14,51.14,8.63,12.46,,N,
4044,LIK,I,P4/P5-061,,,Opaline/CCS,0%,,Flake,Complete,,,,,,,,,,,,,,,,,,,,,,Yes,Hertzian,Feather,,,,,,,,,,,,,RECTANGULAR,NotPrepared,No,12.74,5.38,Main,,,,,,,,,,,27.49,23.3,19.39,19.39,5.67,3.45,,N,
4046,LIK,I,P4/P5-061,,,Tuff,0%,,Flake,Complete,,,,,,,,,,,,,,,,,,,,,,Yes,Hertzian,Feather,,,,,,,,,,,,,RECTANGULAR,NotPrepared,No,8.77,3.88,Main,,,,,,,,,,,29.13,29.13,26.9,26.9,9.22,9.06,Ut,N,
4047,LIK,I,P4/P5-061,,,Tuff,0%,,Flake,Complete,,,,,,,,,,,,,,,,,,,,,,Yes,Hertzian,Feather,,,,,,,,,,,,,RECTANGULAR,NotPrepared,No,6.54,1.23,Main,,,,,,,,,,,12.59,12.59,10.62,10.62,2.39,0.31,,N,
4048,LIK,I,P4/P5-061,,,Tuff,0%,,Flake,Proximal,,,,,,,,,,,,,,,,,,,,,,Yes,Bending,,,,,,,,,,,,,,RECTANGULAR,NotPrepared,No,7.61,2.53,,,,,,,,,,,,10.01,,10.94,,3.07,0.4,,N,
405,LIK,XIV,P4-056,,,Siltstone,0%,,Flake,Complete,,,,,,,,,,,,,,,,,,,,,,Yes,Hertzian,Feather,,,,,,,,,,,,,TRIANGULAR,NotPrepared,No,6.03,2.19,Main,,,,,,,,,,,20.52,20.52,12.8,9.79,2.05,0.6,,N,
4049,LIK,I,P4/P5-061,,,Tuff,0%,,Flake,Complete,,,,,,,,,,,,,,,,,,,,,,Yes,Hertzian,Feather,,,,,,,,,,,,,RECTANGULAR,NotPrepared,No,5.61,1.21,Main,,,,,,,,,,,10.54,10.54,12.77,12.77,2.05,0.27,,N,
4050,LIK,I,P4/P5-061,,,Tuff,0%,,Flake,Complete,,,,,,,,,,,,,,,,,,,,,,Yes,Hertzian,Feather,,,,,,,,,,,,,RECTANGULAR,NotPrepared,No,4.81,0.93,Main,,,,,,,,,,,16.32,16.32,11.03,11.03,2.37,0.42,,N,
4051,LIK,I,P4/P5-061,,,Tuff,0%,,Flake,Proximal,,,,,,,,,,,,,,,,,,,,,,Yes,Hertzian,,,,,,,,,,,,,,RECTANGULAR,NotPrepared,No,6.31,1.46,,,,,,,,,,,,15.54,,13.27,,2.23,0.63,,N,
4052,LIK,I,P4/P5-061,,,Hornfels,0%,,Flake,Proximal,,,,,,,,,,,,,,,,,,,,,,Yes,Hertzian,,,,,,,,,,,,,,RECTANGULAR,NotPrepared,No,4.55,2.14,,,,,,,,,,,,11.4,,6.53,,1.8,0.12,,N,
4053,LIK,I,P4/P5-061,,,Hornfels,0%,,Flake,Complete,,,,,,,,,,,,,,,,,,,,,,Yes,Bending,Feather,,,,,,,,,,,,,RECTANGULAR,NotPrepared,No,6.97,0.97,Main,,,,,,,,,,,19.51,19.51,11.71,11.71,2.04,0.61,,N,
4054,LIK,I,P4/P5-061,,,Hornfels,0%,,Flake,Complete,,,,,,,,,,,,,,,,,,,,,,Yes,Hertzian,Feather,,,,,,,,,,,,,OVAL,NotPrepared,No,6.29,3.78,Main,,,,,,,,,,,16.92,16.92,17.08,17.08,4.25,1.07,,N,
4055,LIK,I,P4/P5-061,,,Hornfels,0%,,Flake,Complete,,,,,,,,,,,,,,,,,,,,,,Yes,Hertzian,Feather,,,,,,,,,,,,,RECTANGULAR,NotPrepared,No,9.74,3.46,Main,,,,,,,,,,,25.61,25.61,12.75,12.75,4.09,1.65,,N,
4056,LIK,I,P4/P5-061,,,Hornfels,0%,,Flake,Complete,,,,,,,,,,,,,,,,,,,,,,Yes,Hertzian,Feather,,,,,,,,,,,,,RECTANGULAR,NotPrepared,No,8.31,2.85,Main,,,,,,,,,,,21.97,21.97,16.19,16.19,6.3,2.25,Ut,N,
4057,LIK,I,P4/P5-061,,,Hornfels,0%,,Flake,Proximal,,,,,,,,,,,,,,,,,,,,,,Yes,Bending,,,,,,,,,,,,,,RECTANGULAR,NotPrepared,No,9.96,3,,,,,,,,,,,,9.16,,15.83,,3.75,0.68,,N,
4058,LIK,I,P4/P5-061,,,Opaline/CCS,0%,,Core,,Complete,,,,,,,,,,,,,,,,,,,,,,,,,,,,,,,,,,,,,,,,,,Platform,Irregular,Spherical,0%,8,4,5,6,6,21.85,32.79,,28.62,,19.02,25.25,,N,
406,LIK,XIV,P4-056,,,Siltstone,0%,,Flake,Complete,,,,,,,,,,,,,,,,,,,,,,Yes,Bending,Feather,,,,,,,,,,,,,RECTANGULAR,NotPrepared,No,4.33,1.74,Main,,,,,,,,,,,19.94,19.94,15.75,9.21,1.42,0.41,,N,
4059,LIK,I,P4/P5-061,,,Hornfels,0%,,Flake,Complete,,,,,,,,,,,,,,,,,,,,,,Yes,Hertzian,Feather,,,,,,,,,,,,,TRAPEZOIDAL,NotPrepared,No,13.48,6.25,Main,,,,,,,,,,,36.37,36.37,46.91,35.64,7.72,13.51,Ut,N,
4060,LIK,I,P4/P5-061,,,Opaline/CCS,0%,,Flake,Fragment,,,,,,,,,,,,,,,,,,,,,,,,,,,,,,,,,,,,,TRIANGULAR,,,,,,,,,,,,,,,,32.93,,47.42,,16.78,33.15,Ut,N,
4061,LIK,I,P4/P5-061,,,Opaline/CCS,0%,,Flake,Fragment,,,,,,,,,,,,,,,,,,,,,,,,,,,,,,,,,,,,,RECTANGULAR,,,,,,,,,,,,,,,,35.59,,20.3,,12.1,14,,N,
4062,LIK,I,P4/P5-061,,,Opaline/CCS,0%,,Flake,Complete,,,,,,,,,,,,,,,,,,,,,,Yes,Hertzian,Feather,,,,,,,,,,,,,RECTANGULAR,NotPrepared,No,9.95,4.1,Main,,,,,,,,,,,33.81,33.81,26.93,26.93,6.56,4.33,Ut,N,
4063,LIK,I,P4/P5-061,,,Quartzite,0%,,Flake,Complete,,,,,,,,,,,,,,,,,,,,,,Yes,Hertzian,Feather,,,,,,,,,,,,,RHOMBUS,NotPrepared,No,5.72,2.07,Main,,,,,,,,,,,17.3,12.13,16.84,16.84,2.61,0.83,,N,
4064,LIK,I,P4/P5-061,,,Quartzite,0%,,Flake,Complete,,,,,,,,,,,,,,,,,,,,,,Yes,Hertzian,Feather,,,,,,,,,,,,,RECTANGULAR,NotPrepared,No,12.38,5.24,Main,,,,,,,,,,,34.7,34.7,19.08,19.08,9.71,7.43,,N,
4065,LIK,I,P4/P5-061,,,Quartzite,0%,,Flake,Complete,,,,,,,,,,,,,,,,,,,,,,Yes,Hertzian,Feather,,,,,,,,,,,,,TRIANGULAR,NotPrepared,No,7.08,1.71,Main,,,,,,,,,,,27.08,27.08,13.88,13.88,4.49,1.72,,N,
4066,LIK,I,P4/P5-061,,,Quartzite,0%,,Flake,Complete,,,,,,,,,,,,,,,,,,,,,,Yes,Hertzian,Feather,,,,,,,,,,,,,RECTANGULAR,NotPrepared,No,10.82,2.46,Main,,,,,,,,,,,17.19,15.42,18.56,18.56,3.99,1.3,,N,
4067,LIK,I,P4/P5-061,,,Quartzite,0%,,Flake,Complete,,,,,,,,,,,,,,,,,,,,,,Yes,Bending,Feather,,,,,,,,,,,,,RECTANGULAR,NotPrepared,No,9.47,2.26,Main,,,,,,,,,,,19.25,19.25,14.48,14.48,4.27,1.29,,N,
4068,LIK,I,P4/P5-061,,,Quartzite,0%,,Flake,Complete,,,,,,,,,,,,,,,,,,,,,,Yes,Hertzian,Feather,,,,,,,,,,,,,RECTANGULAR,NotPrepared,No,6.47,2.26,Main,,,,,,,,,,,29.9,29.9,22.76,22.76,4.46,2.3,Ut,N,
407,LIK,XIV,P4-056,,,Siltstone,0%,,Flake,Complete,,,,,,,,,,,,,,,,,,,,,,Yes,Hertzian,Feather,,,,,,,,,,,,,RECTANGULAR,NotPrepared,No,3.78,1.29,Main,,,,,,,,,,,14.6,14.6,7.82,7.82,0.93,0.15,,N,
4069,LIK,?,M3d-007,,,Opaline/CCS,0%,,RetouchedTool,Complete,,RetouchedPoint,InvasiveEdgeShaping,Both,8,12345678,3.87,2,3.38,0.95,2.04,,,,,,,,,,,,,,Indeterminate,,,,,,,,,,,,,,,,,,,,,,,,,,,,29.65,,9.55,,4.36,1.04,,Y,
4070,LIK,III,J5b-007,,,Opaline/CCS,0%,,RetouchedTool,Complete,,RetouchedPoint,InvasiveEdgeShaping,Both,8,12345678,2.7,2,3.12,2.42,2.63,,,,,,,,,,,,,,Indeterminate,,,,,,,,,,,,,,,,,,,,,,,,,,,,21.74,,6.66,,2.94,0.31,,Y,
4071,LIK,III,L5a-007,,,Opaline/CCS,0%,,RetouchedTool,Complete,,RetouchedPoint,InvasiveEdgeShaping,Dorsal,8,12345678,3.01,2,3.24,2.07,1.73,,,,,,,,,,,,,,Indeterminate,,,,,,,,,,,,,,,,,,,,,,,,,,,,26.21,,10.69,,3.35,0.56,,Y,
4072,LIK,III,I5c-078,,,Opaline/CCS,0%,,RetouchedTool,Complete,,RetouchedPoint,InvasiveEdgeShaping,Both,8,12345678,2.18,2,2.88,2.26,2.3,,,,,,,,,,,,,,Indeterminate,,,,,,,,,,,,,,,,,,,,,,,,,,,,22.24,,9.74,,3.4,0.6,,Y,
4073,LIK,V,J6d-021,,,Opaline/CCS,0%,,RetouchedTool,Complete,,RetouchedPoint,MarginalEdgeShaping,Both,8,12345678,2.45,1,2.93,3.8,3.33,,,,,,,,,,,,,,Indeterminate,,,,,,,,,,,,,,,,,,,,,,,,,,,,29.52,,13.72,,2.68,1.37,,Y,
4074,LIK,?,2928-DB-51,,,Opaline/CCS,0%,,RetouchedTool,Complete,,RetouchedPoint,MarginalEdgeShaping,Both,8,12345678,1.86,1,2.08,1.99,1.9,,,,,,,,,,,,,,Indeterminate,,,,,,,,,,,,,,,,,,,,,,,,,,,,27.64,,13.42,,3.03,0.92,,Y,
4075,LIK,?,HM10-002,,,Opaline/CCS,0%,,RetouchedTool,Complete,,RetouchedPoint,MarginalEdgeShaping,Dorsal,8,12345678,3.23,1,2.21,2.74,2.79,,,,,,,,,,,,,,Flake,,,,,,,,,,,,,,,,,,,,,,,,,,,,37.41,,18.9,,5.78,4.1,,Y,
4076,LIK,V,J5b-021,,,Opaline/CCS,0%,,RetouchedTool,Complete,,RetouchedPoint,InvasiveEdgeShaping,Dorsal,8,12345678,6.65,2,7.83,5.57,7.64,,,,,,,,,,,,,,Indeterminate,,,,,,,,,,,,,,,,,,,,,,,,,,,,29.43,,8.09,,7.64,1.95,,Y,
4077,LIK,V,N4a-021,,,Opaline/CCS,0%,,RetouchedTool,Complete,,RetouchedPoint,MarginalEdgeShaping,Both,8,12345678,2.01,2,2.18,2.55,1.85,,,,,,,,,,,,,,Indeterminate,,,,,,,,,,,,,,,,,,,,,,,,,,,,46.85,,4.98,,2.28,0.82,,Y,
4078,LIK,V,O6a-022,,,Opaline/CCS,0%,,RetouchedTool,Complete,,RetouchedPoint,MarginalEdgeShaping,Both,8,12345678,1.57,2,2.76,2.19,1.47,,,,,,,,,,,,,,Indeterminate,,,,,,,,,,,,,,,,,,,,,,,,,,,,14.49,,4.4,,2.62,0.21,,Y,
408,LIK,XIV,P4-056,,,Siltstone,0%,,Flake,Complete,,,,,,,,,,,,,,,,,,,,,,Yes,Hertzian,Feather,,,,,,,,,,,,,OVAL,ResidualFacetWithBulb,No,10.73,3.62,Main,,,,,,,,,,,9.08,9.08,11.86,11.86,2.59,0.35,,N,
4079,LIK,V,M4c-023,,,Opaline/CCS,0%,,RetouchedTool,Complete,,RetouchedPoint,InvasiveEdgeShaping,Both,8,12345678,2.65,2,2.58,1.76,1.14,,,,,,,,,,,,,,Indeterminate,,,,,,,,,,,,,,,,,,,,,,,,,,,,18.65,,4.31,,1.8,0.19,,Y,
4080,LIK,V,N4c-021,,,Opaline/CCS,0%,,RetouchedTool,Complete,,RetouchedPoint,InvasiveEdgeShaping,Both,8,12345678,2.95,2,1.37,1.4,0.93,,,,,,,,,,,,,,Indeterminate,,,,,,,,,,,,,,,,,,,,,,,,,,,,23.47,,2.8,,1.58,0.12,,Y,
409,LIK,XIV,P4-056,,,Siltstone,0%,,Flake,Complete,,,,,,,,,,,,,,,,,,,,,,Yes,Bending,Feather,,,,,,,,,,,,,TRAPEZOIDAL,ResidualFacetWithBulb,No,5.32,1.83,Main,,,,,,,,,,,9.39,9.39,11.49,8.96,1.8,0.24,,N,
410,LIK,XIV,P4-056,,,Siltstone,0%,,Flake,Complete,,,,,,,,,,,,,,,,,,,,,,Yes,Bending,Feather,,,,,,,,,,,,,RECTANGULAR,NotPrepared,No,2.55,1.03,Main,,,,,,,,,,,10.93,10.93,6.13,6.13,0.91,0.09,,N,
41,LIK,XV,O5c-057,,,Opaline/CCS,0%,,Core,,Complete,,,,,,,,,,,,,,,,,,,,,,,,,,,,,,,,,,,,,,,,,,Platform,Irregular,Cubic,0%,5,3,3,2,4,18.82,25.51,,19.07,,7.29,4.9,,N,
411,LIK,XIV,P4-056,,,Siltstone,0%,,Flake,Complete,,,,,,,,,,,,,,,,,,,,,,Yes,Hertzian,Feather,,,,,,,,,,,,,OVAL,NotPrepared,No,3.74,1.56,Main,,,,,,,,,,,6.04,6.04,11.51,11.51,1.58,0.13,,N,
412,LIK,XIV,P4-056,,,Siltstone,0%,,Flake,Proximal,,,,,,,,,,,,,,,,,,,,,,Yes,Hertzian,,,,,,,,,,,,,,RECTANGULAR,NotPrepared,No,3.01,1,,,,,,,,,,,,6.84,,10.92,,1,0.09,,N,
413,LIK,XIV,P4-056,,,Siltstone,0%,,Flake,Complete,,,,,,,,,,,,,,,,,,,,,,Yes,Wedging,Feather,,,,,,,,,,,,,OVAL,Indeterminate,No,5.08,0.98,Main,,,,,,,,,,,21.23,21.23,28.74,28.74,1.88,1.36,,N,
414,LIK,XIV,P4-056,,,Siltstone,10-40%,Cobble,Flake,Complete,,,,,,,,,,,,,,,,,,,,,,Yes,Hertzian,Feather,,,,,,,,,,,,,RECTANGULAR,NotPrepared,No,14.03,3.94,Main,,,,,,,,,,,24.91,24.91,32.81,22.6,4.02,4.55,,N,
415,LIK,XIV,P4-056,,,Siltstone,0%,,Flake,Complete,,,,,,,,,,,,,,,,,,,,,,Yes,Hertzian,Feather,,,,,,,,,,,,,OVAL,NotPrepared,No,8.26,3.38,Main,,,,,,,,,,,31.95,31.95,23.53,23.53,4.31,5.41,,N,
416,LIK,XIV,P4-056,,,Opaline/CCS,0%,,Core,,Complete,,,,,,,,,,,,,,,,,,,,,,,,,,,,,,,,,,,,,,,,,,Platform,Irregular,Spherical,0%,6,3,3,5,6,14.23,25.28,,16.5,,14.51,7.11,,N,
417,LIK,XIV,P4-056,,,Opaline/CCS,0%,,Core,,Complete,,,,,,,,,,,,,,,,,,,,,,,,,,,,,,,,,,,,,,,,,,Platform,Irregular,Cubic,0%,5,4,3,7,7,12.84,46.62,,38.12,,19.02,45.09,,N,
418,LIK,XIV,P4-056,,,Opaline/CCS,0%,,Core,,Complete,,,,,,,,,,,,,,,,,,,,,,,,,,,,,,,,,,,,,,,,,,Platform,Irregular,Spherical,0%,3,2,3,7,5,18.82,42.24,,32.06,,23.3,49.9,,N,
419,LIK,XIII,O5b-053,,,Opaline/CCS,0%,,Flake,Complete,,,,,,,,,,,,,,,,,,,,,,Yes,Hertzian,Overshot,,,,,,,,,,,,,OVAL,NotPrepared,No,3.32,1.37,Main,,,,,,,,,,,30.83,30.83,14.08,14.08,1.61,1.12,,N,
420,LIK,XIII,O5b-053,,,Opaline/CCS,0%,,Flake,Complete,,,,,,,,,,,,,,,,,,,,,,Yes,Hertzian,Feather,,,,,,,,,,,,,RECTANGULAR,NotPrepared,No,4.61,0.71,Main,,,,,,,,,,,18.31,18.31,5.59,5.59,1.73,0.19,,N,
42,LIK,XV,O5c-057,,,Opaline/CCS,0%,,Flake,Complete,,,,,,,,,,,,,,,,,,,,,,Yes,Hertzian,Feather,,,,,,,,,,,,,RECTANGULAR,NotPrepared,No,8.67,1.58,Main,,,,,,,,,,,9.85,9.85,12.81,12.81,3.41,0.48,,N,
421,LIK,XIII,O5b-053,,,Opaline/CCS,0%,,Flake,Complete,,,,,,,,,,,,,,,,,,,,,,Yes,Hertzian,Feather,,,,,,,,,,,,,RECTANGULAR,NotPrepared,No,4.25,2.07,Main,,,,,,,,,,,22.23,22.23,9.65,8.25,4.23,0.64,,N,
422,LIK,XIII,O5b-053,,,Opaline/CCS,0%,,Flake,Distal,,,,,,,,,,,,,,,,,,,,,,,,Feather,,,,,,,,,,,,,TRIANGULAR,,,,,,,,,,,,,,,,17.84,,12.42,,3.3,0.56,,N,
423,LIK,XIII,O5b-053,,,Opaline/CCS,0%,,Flake,Complete,,,,,,,,,,,,,,,,,,,,,,Yes,Hertzian,Feather,,,,,,,,,,,,,OVAL,NotPrepared,No,3.19,0.8,Main,,,,,,,,,,,22.3,22.3,9.85,9.85,1.91,0.39,,N,
424,LIK,XIII,O5b-053,,,Opaline/CCS,0%,,Flake,Complete,,,,,,,,,,,,,,,,,,,,,,Yes,Hertzian,Feather,,,,,,,,,,,,,RHOMBUS,Indeterminate,No,3.36,0.78,Main,,,,,,,,,,,21.77,19.13,12.84,12.84,2.25,0.6,,N,
425,LIK,XIII,O5b-053,,,Opaline/CCS,0%,,Flake,Complete,,,,,,,,,,,,,,,,,,,,,,Yes,Hertzian,Feather,,,,,,,,,,,,,RECTANGULAR,NotPrepared,No,7.29,3.51,Main,,,,,,,,,,,29.23,29.23,11.7,11.7,3.85,1.9,,N,
426,LIK,XIII,O5b-053,,,Opaline/CCS,0%,,Flake,Complete,,,,,,,,,,,,,,,,,,,,,,Yes,Hertzian,Feather,,,,,,,,,,,,,RECTANGULAR,NotPrepared,No,5.45,2.67,Main,,,,,,,,,,,15.19,15.19,15.19,15.19,3.1,1.04,,N,
427,LIK,XIII,O5b-053,,,Opaline/CCS,1-10%,Cobble,Flake,Complete,,,,,,,,,,,,,,,,,,,,,,Yes,Wedging,Overshot,,,,,,,,,,,,,RECTANGULAR,Indeterminate,No,5.42,1.27,Main,,,,,,,,,,,31.59,31.59,14.31,14.31,2.5,1.46,,N,
428,LIK,XIII,O5b-053,,,Opaline/CCS,0%,,Flake,Complete,,,,,,,,,,,,,,,,,,,,,,Yes,Hertzian,Feather,,,,,,,,,,,,,RECTANGULAR,NotPrepared,No,4.24,2.45,Main,,,,,,,,,,,30.27,30.27,9.46,9.46,4.91,2.27,,N,
429,LIK,XIII,O5b-053,,,Opaline/CCS,0%,,Flake,Proximal,,,,,,,,,,,,,,,,,,,,,,Yes,Hertzian,,,,,,,,,,,,,,RECTANGULAR,NotPrepared,No,8.52,7.8,,,,,,,,,,,,24.69,,17.27,,7.89,4.13,,N,
430,LIK,XIII,O5b-053,,,Opaline/CCS,0%,,Flake,Complete,,,,,,,,,,,,,,,,,,,,,,Yes,Hertzian,Hinge,,,,,,,,,,,,,OVAL,NotPrepared,No,8.58,1.95,Main,,,,,,,,,,,15.52,15.52,21.33,16.28,2.74,1.29,,N,
43,LIK,XV,O5c-057,,,Opaline/CCS,0%,,Flake,Complete,,,,,,,,,,,,,,,,,,,,,,Yes,Hertzian,Feather,,,,,,,,,,,,,OVAL,NotPrepared,No,6.69,0.8,Main,,,,,,,,,,,10.69,10.69,12.62,12.62,0.58,0.14,,N,
431,LIK,XIII,O5b-053,,,Opaline/CCS,0%,,Flake,Complete,,,,,,,,,,,,,,,,,,,,,,Yes,Wedging,Feather,,,,,,,,,,,,,RECTANGULAR,Indeterminate,No,3.74,1.25,Main,,,,,,,,,,,24.77,24.77,17.85,17.85,3.6,1.57,,N,
432,LIK,XIII,O5b-053,,,Opaline/CCS,0%,,Flake,Complete,,,,,,,,,,,,,,,,,,,,,,Yes,Hertzian,Feather,,,,,,,,,,,,,RECTANGULAR,NotPrepared,No,7.23,3.26,Main,,,,,,,,,,,29.34,29.34,17.88,17.88,2.63,1.73,,N,
433,LIK,XIII,O5b-053,,,Opaline/CCS,0%,,Flake,Complete,,,,,,,,,,,,,,,,,,,,,,Yes,Hertzian,Feather,,,,,,,,,,,,,TRAPEZOIDAL,NotPrepared,No,10.46,0.98,Main,,,,,,,,,,,26.73,26.73,21.3,21.3,4.4,2.35,,N,
434,LIK,XIII,O5b-053,,,Opaline/CCS,0%,,Flake,Distal,,,,,,,,,,,,,,,,,,,,,,,,Feather,,,,,,,,,,,,,RECTANGULAR,,,,,,,,,,,,,,,,25.9,,9.84,,2.54,0.58,,N,
435,LIK,XIII,O5b-053,,,Opaline/CCS,0%,,Flake,Complete,,,,,,,,,,,,,,,,,,,,,,Yes,Hertzian,Feather,,,,,,,,,,,,,RECTANGULAR,NotPrepared,No,5.76,0.76,Main,,,,,,,,,,,21.54,21.54,12.52,12.52,2.19,0.53,,N,
436,LIK,XIII,O5b-053,,,Opaline/CCS,0%,,Flake,Proximal,,,,,,,,,,,,,,,,,,,,,,Yes,Hertzian,,,,,,,,,,,,,,RECTANGULAR,FacetWithBulb,No,8.58,2.42,,,,,,,,,,,,19.24,,12.22,,6.2,1.4,,N,
437,LIK,XIII,O5b-053,,,Opaline/CCS,0%,,Flake,Distal,,,,,,,,,,,,,,,,,,,,,,,,Feather,,,,,,,,,,,,,RECTANGULAR,,,,,,,,,,,,,,,,20.67,,13,,2.9,1,,N,
438,LIK,XIII,O5b-053,,,Opaline/CCS,0%,,Flake,Complete,,,,,,,,,,,,,,,,,,,,,,Yes,Hertzian,Feather,,,,,,,,,,,,,KITE,Indeterminate,No,4.9,1.51,Main,,,,,,,,,,,14.13,14.13,12.34,12.34,2.05,0.48,,N,
439,LIK,XIII,O5b-053,,,Opaline/CCS,0%,,Flake,Complete,,,,,,,,,,,,,,,,,,,,,,Yes,Hertzian,Feather,,,,,,,,,,,,,RECTANGULAR,NotPrepared,No,5.18,1.32,Main,,,,,,,,,,,19.99,19.99,14.72,13.69,3.71,1,,N,
440,LIK,XIII,O5b-053,,,Opaline/CCS,0%,,Flake,Proximal,,,,,,,,,,,,,,,,,,,,,,Yes,Hertzian,,,,,,,,,,,,,,RECTANGULAR,NotPrepared,No,5.42,1.48,,,,,,,,,,,,14.84,,10.43,,2.88,0.51,,N,
44,LIK,XV,O5c-057,,,Opaline/CCS,0%,,Flake,Complete,,,,,,,,,,,,,,,,,,,,,,Yes,Bending,Feather,,,,,,,,,,,,,RECTANGULAR,NotPrepared,No,4.01,1.03,Main,,,,,,,,,,,15.35,15.35,5.24,5.24,1.56,0.17,,N,
441,LIK,XIII,O5b-053,,,Opaline/CCS,0%,,Flake,Complete,,,,,,,,,,,,,,,,,,,,,,Yes,Hertzian,Feather,,,,,,,,,,,,,RECTANGULAR,NotPrepared,No,11.41,5.26,Main,,,,,,,,,,,27.71,19.3,22.49,15.37,4.22,3.23,Ret,Y,
442,LIK,XIII,O5b-053,,,Opaline/CCS,0%,,Flake,Complete,,,,,,,,,,,,,,,,,,,,,,Yes,Hertzian,Hinge,,,,,,,,,,,,,RECTANGULAR,NotPrepared,No,4.49,1.95,Main,,,,,,,,,,,20.66,20.66,11.77,10.66,3.01,0.76,,N,
443,LIK,XIII,O5b-053,,,Opaline/CCS,0%,,Flake,Complete,,,,,,,,,,,,,,,,,,,,,,Yes,Bending,Feather,,,,,,,,,,,,,OVAL,NotPrepared,No,6.18,2.76,Main,,,,,,,,,,,28.55,28.55,15.72,14.06,4.39,2.7,,N,
444,LIK,XIII,O5b-053,,,Opaline/CCS,0%,,Flake,Complete,,,,,,,,,,,,,,,,,,,,,,Yes,Hertzian,Feather,,,,,,,,,,,,,TRIANGULAR,ResidualFacetWithBulb,No,19.05,8.25,Main,,,,,,,,,,,30.79,30.79,25.3,25.3,4.98,3.36,,N,
445,LIK,XIII,O5b-053,,,Opaline/CCS,0%,,Flake,Distal,,,,,,,,,,,,,,,,,,,,,,,,Feather,,,,,,,,,,,,,TRIANGULAR,,,,,,,,,,,,,,,,13.25,,23.06,,7.85,2.21,,N,
446,LIK,XIII,O5b-053,,,Opaline/CCS,0%,,Flake,Distal,,,,,,,,,,,,,,,,,,,,,,,,Feather,,,,,,,,,,,,,RECTANGULAR,,,,,,,,,,,,,,,,19.72,,9.39,,1.48,0.31,,N,
447,LIK,XIII,O5b-053,,,Opaline/CCS,1-10%,Cobble,Flake,Complete,,,,,,,,,,,,,,,,,,,,,,Yes,Hertzian,Hinge,,,,,,,,,,,,,RECTANGULAR,NotPrepared,No,9.97,4.74,Main,,,,,,,,,,,16.02,16.02,12.95,12.24,5.03,1.06,,N,
448,LIK,XIII,O5b-053,,,Opaline/CCS,0%,,Flake,Complete,,,,,,,,,,,,,,,,,,,,,,Yes,Hertzian,Feather,,,,,,,,,,,,,OVAL,NotPrepared,No,8.17,1.94,Main,,,,,,,,,,,30.42,30.42,24.7,24.7,4.4,3.57,,N,
449,LIK,XIII,O5b-053,,,Opaline/CCS,0%,,Flake,Proximal,,,,,,,,,,,,,,,,,,,,,,Yes,Hertzian,,,,,,,,,,,,,,RECTANGULAR,NotPrepared,No,8.54,1.34,,,,,,,,,,,,12.96,,15.13,,2.03,0.74,,N,
450,LIK,XIII,O5b-053,,,Opaline/CCS,0%,,Flake,Complete,,,,,,,,,,,,,,,,,,,,,,Yes,Hertzian,Feather,,,,,,,,,,,,,RECTANGULAR,Indeterminate,No,2.97,1.43,Main,,,,,,,,,,,15.33,15.33,8.9,8.9,2.05,0.33,,N,
45,LIK,XV,O5c-057,,,Opaline/CCS,0%,,Flake,Complete,,,,,,,,,,,,,,,,,,,,,,Yes,Hertzian,Feather,,,,,,,,,,,,,RECTANGULAR,NotPrepared,No,7.52,5.48,Main,,,,,,,,,,,11.7,11.7,9.92,9.92,4.52,0.83,,N,
451,LIK,XIII,O5b-053,,,Opaline/CCS,0%,,Flake,Complete,,,,,,,,,,,,,,,,,,,,,,Yes,Hertzian,Feather,,,,,,,,,,,,,OVAL,NotPrepared,No,4.4,1.77,Main,,,,,,,,,,,13.36,13.36,18.93,18.93,2.22,0.6,,N,
452,LIK,XIII,O5b-053,,,Opaline/CCS,0%,,Flake,Complete,,,,,,,,,,,,,,,,,,,,,,Yes,Hertzian,Feather,,,,,,,,,,,,,TRIANGULAR,NotPrepared,No,4.04,1.22,Main,,,,,,,,,,,17.71,17.71,17.51,9.92,2.59,0.66,,N,
453,LIK,XIII,O5b-053,,,Opaline/CCS,0%,,Flake,Complete,,,,,,,,,,,,,,,,,,,,,,Yes,Hertzian,Feather,,,,,,,,,,,,,OVAL,NotPrepared,No,3.83,1.2,Main,,,,,,,,,,,9.8,9.8,17.17,17.17,1.28,0.28,,N,
454,LIK,XIII,O5b-053,,,Opaline/CCS,0%,,Flake,Complete,,,,,,,,,,,,,,,,,,,,,,Yes,Bending,Feather,,,,,,,,,,,,,RECTANGULAR,NotPrepared,No,2.33,1.11,Main,,,,,,,,,,,13.95,13.95,4.47,4.47,0.95,0.09,,N,
455,LIK,XIII,O5b-053,,,Opaline/CCS,0%,,Flake,Complete,,,,,,,,,,,,,,,,,,,,,,Yes,Hertzian,Feather,,,,,,,,,,,,,RECTANGULAR,NotPrepared,No,2.3,1.11,Main,,,,,,,,,,,13.67,13.67,8.91,8.91,1.62,0.26,,N,
456,LIK,XIII,O5b-053,,,Opaline/CCS,0%,,Flake,Proximal,,,,,,,,,,,,,,,,,,,,,,Yes,Hertzian,,,,,,,,,,,,,,RECTANGULAR,NotPrepared,No,3.77,1.5,,,,,,,,,,,,17.76,,9.08,,2.11,0.55,,N,
457,LIK,XIII,O5b-053,,,Opaline/CCS,10-40%,Cobble,Flake,Complete,,,,,,,,,,,,,,,,,,,,,,Yes,Hertzian,Feather,,,,,,,,,,,,,TRIANGULAR,NotPrepared,No,8.71,2.45,Main,,,,,,,,,,,26.38,26.38,25.89,25.89,7.78,5.51,,N,
458,LIK,XIII,O5b-053,,,Opaline/CCS,0%,,Flake,Complete,,,,,,,,,,,,,,,,,,,,,,Yes,Hertzian,Hinge,,,,,,,,,,,,,RECTANGULAR,NotPrepared,No,8.12,3.75,Main,,,,,,,,,,,18.7,18.7,12.6,12.6,4.74,1.45,,N,
459,LIK,XIII,O5b-053,,,Opaline/CCS,0%,,Flake,Proximal,,,,,,,,,,,,,,,,,,,,,,Yes,Hertzian,,,,,,,,,,,,,,RECTANGULAR,NotPrepared,No,5.2,1.77,,,,,,,,,,,,14.18,,12.71,,2.64,0.61,,N,
460,LIK,XIII,O5b-053,,,Opaline/CCS,0%,,Flake,Complete,,,,,,,,,,,,,,,,,,,,,,Yes,Hertzian,Feather,,,,,,,,,,,,,RECTANGULAR,NotPrepared,No,9.05,1.19,Main,,,,,,,,,,,17.56,17.56,15.33,15.33,1.66,0.61,,N,
46,LIK,XV,O5c-057,,,Opaline/CCS,0%,,Flake,Complete,,,,,,,,,,,,,,,,,,,,,,Yes,Hertzian,Feather,,,,,,,,,,,,,TRIANGULAR,NotPrepared,No,3.77,0.98,Main,,,,,,,,,,,12.56,12.56,13.52,9.68,2.02,0.26,,N,
461,LIK,XIII,O5b-053,,,Opaline/CCS,0%,,Flake,Complete,,,,,,,,,,,,,,,,,,,,,,Yes,Bending,Feather,,,,,,,,,,,,,RECTANGULAR,NotPrepared,No,6.55,2.32,Main,,,,,,,,,,,15.93,15.93,9.41,9.41,2.27,0.42,,N,
462,LIK,XIII,O5b-053,,,Opaline/CCS,0%,,Flake,Complete,,,,,,,,,,,,,,,,,,,,,,Yes,Hertzian,Feather,,,,,,,,,,,,,RECTANGULAR,NotPrepared,No,3.77,1.12,Main,,,,,,,,,,,11.56,11.56,9.54,9.54,2.14,0.26,,N,
463,LIK,XIII,O5b-053,,,Opaline/CCS,0%,,Flake,Proximal,,,,,,,,,,,,,,,,,,,,,,Yes,Hertzian,,,,,,,,,,,,,,RECTANGULAR,NotPrepared,No,5.59,1.41,,,,,,,,,,,,9.6,,12.86,,2.17,0.27,,N,
464,LIK,XIII,O5b-053,,,Opaline/CCS,0%,,Flake,Proximal,,,,,,,,,,,,,,,,,,,,,,Yes,Hertzian,,,,,,,,,,,,,,RECTANGULAR,NotPrepared,No,2.62,0.83,,,,,,,,,,,,11.2,,6.34,,1.27,0.14,,N,
465,LIK,XIII,O5b-053,,,Opaline/CCS,0%,,Flake,Complete,,,,,,,,,,,,,,,,,,,,,,Yes,Bending,Feather,,,,,,,,,,,,,KITE,NotPrepared,No,3.96,0.9,Main,,,,,,,,,,,11.77,11.77,7.87,7.87,1.28,0.11,465,Y,
466,LIK,XIII,O5b-053,,,Opaline/CCS,0%,,Flake,Complete,,,,,,,,,,,,,,,,,,,,,,Yes,Hertzian,Feather,,,,,,,,,,,,,KITE,NotPrepared,No,6.43,3.13,Main,,,,,,,,,,,14.48,14.48,9.76,9.76,3.23,0.48,,N,
467,LIK,XIII,O5b-053,,,Opaline/CCS,0%,,Flake,Complete,,,,,,,,,,,,,,,,,,,,,,Yes,Hertzian,Feather,,,,,,,,,,,,,RECTANGULAR,NotPrepared,No,2.56,1.82,Main,,,,,,,,,,,10.66,10.66,7.74,7.3,0.84,0.09,,N,
468,LIK,XIII,O5b-053,,,Opaline/CCS,0%,,Flake,Proximal,,,,,,,,,,,,,,,,,,,,,,Yes,Hertzian,,,,,,,,,,,,,,RECTANGULAR,NotPrepared,No,5.06,3.29,,,,,,,,,,,,15.07,,16.74,,3.01,0.72,,N,
469,LIK,XIII,O5b-053,,,Opaline/CCS,0%,,Flake,Proximal,,,,,,,,,,,,,,,,,,,,,,Yes,Hertzian,,,,,,,,,,,,,,TRAPEZOIDAL,NotPrepared,No,4.65,1.74,,,,,,,,,,,,18.47,,28.67,,5.45,3.36,,N,
470,LIK,XIII,O5b-053,,,Opaline/CCS,0%,,Flake,Complete,,,,,,,,,,,,,,,,,,,,,,Yes,Bending,Feather,,,,,,,,,,,,,RHOMBUS,NotPrepared,No,11.71,4.79,Main,,,,,,,,,,,10.87,7.84,12.93,9.9,4.04,0.63,,N,
47,LIK,XV,O5c-057,,,Opaline/CCS,0%,,Flake,Complete,,,,,,,,,,,,,,,,,,,,,,Yes,Bending,Feather,,,,,,,,,,,,,RECTANGULAR,NotPrepared,No,1.62,1.27,Main,,,,,,,,,,,11.44,11.44,4.08,4.08,1.16,0.07,,N,
471,LIK,XIII,O5b-053,,,Opaline/CCS,0%,,Flake,Complete,,,,,,,,,,,,,,,,,,,,,,Yes,Hertzian,Feather,,,,,,,,,,,,,RECTANGULAR,NotPrepared,No,26.72,7.52,Main,,,,,,,,,,,34.46,34.46,34.99,34.99,6.98,11.93,,N,
472,LIK,XIII,O5b-053,,,Opaline/CCS,0%,,Flake,Complete,,,,,,,,,,,,,,,,,,,,,,Yes,Hertzian,Feather,,,,,,,,,,,,,RECTANGULAR,NotPrepared,No,4.6,2.42,Main,,,,,,,,,,,18.56,18.56,8.89,8.89,3.49,0.79,,N,
473,LIK,XIII,O5b-053,,,Opaline/CCS,0%,,Flake,Distal,,,,,,,,,,,,,,,,,,,,,,,,Feather,,,,,,,,,,,,,RECTANGULAR,,,,,,,,,,,,,,,,14.82,,7.54,,1.18,0.17,,N,
474,LIK,XIII,O5b-053,,,Opaline/CCS,0%,,Flake,Complete,,,,,,,,,,,,,,,,,,,,,,Yes,Hertzian,Feather,,,,,,,,,,,,,RECTANGULAR,NotPrepared,No,15.26,4.17,Main,,,,,,,,,,,9.19,9.19,18.09,18.09,3.69,0.53,,N,
475,LIK,XIII,O5b-053,,,Opaline/CCS,0%,,Flake,Distal,,,,,,,,,,,,,,,,,,,,,,,,Feather,,,,,,,,,,,,,RECTANGULAR,,,,,,,,,,,,,,,,14.64,,8.52,,1.39,0.28,,N,
476,LIK,XIII,O5b-053,,,Opaline/CCS,0%,,Flake,Complete,,,,,,,,,,,,,,,,,,,,,,Yes,Hertzian,Feather,,,,,,,,,,,,,RECTANGULAR,NotPrepared,No,4.69,1.22,Main,,,,,,,,,,,9.12,9.12,12.68,12.68,1.27,0.15,,N,
477,LIK,XIII,O5b-053,,,Opaline/CCS,0%,,Flake,Distal,,,,,,,,,,,,,,,,,,,,,,,,Feather,,,,,,,,,,,,,TRIANGULAR,,,,,,,,,,,,,,,,16.4,,11.45,,2.45,0.36,,N,
478,LIK,XIII,O5b-053,,,Opaline/CCS,0%,,Flake,Complete,,,,,,,,,,,,,,,,,,,,,,Yes,Hertzian,Feather,,,,,,,,,,,,,RECTANGULAR,NotPrepared,No,4.09,1.43,Main,,,,,,,,,,,18.48,18.48,9.95,9.95,1.54,0.37,,N,
479,LIK,XIII,O5b-053,,,Opaline/CCS,0%,,Flake,Complete,,,,,,,,,,,,,,,,,,,,,,Yes,Bending,Feather,,,,,,,,,,,,,RECTANGULAR,NotPrepared,No,3.35,1.07,Main,,,,,,,,,,,11.73,11.73,8.35,7.88,1.36,0.15,,N,
480,LIK,XIII,O5b-053,,,Opaline/CCS,0%,,Flake,Proximal,,,,,,,,,,,,,,,,,,,,,,Yes,Hertzian,,,,,,,,,,,,,,RECTANGULAR,NotPrepared,No,11.83,2.28,,,,,,,,,,,,6.37,,12.38,,1.75,0.29,,N,
48,LIK,XV,O5c-057,,,Opaline/CCS,0%,,Flake,Complete,,,,,,,,,,,,,,,,,,,,,,Yes,Hertzian,Feather,,,,,,,,,,,,,RECTANGULAR,NotPrepared,No,5.29,1.04,Main,,,,,,,,,,,10.65,10.65,6.87,6.87,1.82,0.13,,N,
481,LIK,XIII,O5b-053,,,Opaline/CCS,0%,,Flake,Complete,,,,,,,,,,,,,,,,,,,,,,Yes,Hertzian,Feather,,,,,,,,,,,,,TRIANGULAR,NotPrepared,No,3.97,2.26,Main,,,,,,,,,,,13.42,13.42,5.56,5.56,1.52,0.15,,N,
482,LIK,XIII,O5b-053,,,Opaline/CCS,0%,,Flake,Complete,,,,,,,,,,,,,,,,,,,,,,Yes,Bending,Feather,,,,,,,,,,,,,RECTANGULAR,NotPrepared,No,3.88,2.05,Main,,,,,,,,,,,24.05,21.36,4.57,4.57,1.91,0.31,,N,
483,LIK,XIII,O5b-053,,,Opaline/CCS,0%,,Flake,Distal,,,,,,,,,,,,,,,,,,,,,,,,Feather,,,,,,,,,,,,,RECTANGULAR,,,,,,,,,,,,,,,,10.54,,12.72,,1.6,0.21,,N,
484,LIK,XIII,O5b-053,,,Opaline/CCS,0%,,Flake,Complete,,,,,,,,,,,,,,,,,,,,,,Yes,Bending,Feather,,,,,,,,,,,,,TRIANGULAR,NotPrepared,No,3.09,1.29,Main,,,,,,,,,,,16.42,16.42,10.3,10.3,0.8,0.19,,N,
485,LIK,XIII,O5b-053,,,Opaline/CCS,0%,,Flake,Complete,,,,,,,,,,,,,,,,,,,,,,Yes,Hertzian,Feather,,,,,,,,,,,,,RECTANGULAR,NotPrepared,No,4.45,1.75,Main,,,,,,,,,,,14.8,14.8,6.46,6.46,2.07,0.26,,N,
486,LIK,XIII,O5b-053,,,Opaline/CCS,0%,,Flake,Complete,,,,,,,,,,,,,,,,,,,,,,Yes,Hertzian,Feather,,,,,,,,,,,,,TRIANGULAR,NotPrepared,No,3.34,1.63,Main,,,,,,,,,,,8.79,8.79,14.25,9.98,2.2,0.3,,N,
487,LIK,XIII,O5b-053,,,Opaline/CCS,0%,,Flake,Proximal,,,,,,,,,,,,,,,,,,,,,,Yes,Hertzian,,,,,,,,,,,,,,TRIANGULAR,NotPrepared,No,3.03,1.14,,,,,,,,,,,,10.75,,14.55,,1.14,0.21,,N,
488,LIK,XIII,O5b-053,,,Hornfels,0%,,Flake,Complete,,,,,,,,,,,,,,,,,,,,,,Yes,Hertzian,Feather,,,,,,,,,,,,,RECTANGULAR,NotPrepared,No,17.9,12.25,Main,,,,,,,,,,,68.15,50.69,45.7,45.7,18.85,74.57,,N,
489,LIK,XIII,O5b-053,,,Hornfels,0%,,Flake,Complete,,,,,,,,,,,,,,,,,,,,,,Yes,Bending,Feather,,,,,,,,,,,,,RECTANGULAR,NotPrepared,No,8.02,2.75,Main,,,,,,,,,,,34.38,32.07,15.79,15.79,3.31,2.59,,N,
490,LIK,XIII,O5b-053,,,Hornfels,0%,,Flake,Complete,,,,,,,,,,,,,,,,,,,,,,Yes,Hertzian,Feather,,,,,,,,,,,,,TRAPEZOIDAL,NotPrepared,No,5.38,2.02,Main,,,,,,,,,,,16.01,16.01,26.31,21.2,3.29,1.37,,N,
49,LIK,XV,O5c-057,,,Opaline/CCS,0%,,Flake,Proximal,,,,,,,,,,,,,,,,,,,,,,Yes,Hertzian,,,,,,,,,,,,,,OVAL,NotPrepared,No,5.49,1.78,,,,,,,,,,,,10.02,,11.67,,3.63,0.46,Pasty Chert,Y,
491,LIK,XIII,O5b-053,,,Hornfels,0%,,Flake,Complete,,,,,,,,,,,,,,,,,,,,,,Yes,Hertzian,Feather,,,,,,,,,,,,,RECTANGULAR,NotPrepared,No,17.37,3.49,Main,,,,,,,,,,,23.74,23.74,29.9,29.9,5.83,4.48,,N,
492,LIK,XIII,O5b-053,,,Opaline/CCS,0%,,Flake,Complete,,,,,,,,,,,,,,,,,,,,,,Yes,Hertzian,Feather,,,,,,,,,,,,,RECTANGULAR,NotPrepared,No,3.78,2.64,Main,,,,,,,,,,,17.95,15.02,8.87,8.87,2.52,0.62,,N,
493,LIK,XIII,O5b-053,,,Opaline/CCS,0%,,Flake,Complete,,,,,,,,,,,,,,,,,,,,,,Yes,Bending,Feather,,,,,,,,,,,,,TRIANGULAR,NotPrepared,No,3.59,1.72,Main,,,,,,,,,,,13.33,13.33,6.84,5.69,1.02,0.11,,N,
494,LIK,XIII,O5b-053,,,Hornfels,0%,,Flake,Complete,,,,,,,,,,,,,,,,,,,,,,Yes,Hertzian,Feather,,,,,,,,,,,,,TRIANGULAR,NotPrepared,No,5.23,2.62,Main,,,,,,,,,,,17.5,17.5,17.34,13.03,3.45,1.13,,N,
495,LIK,XIII,O5b-053,,,Hornfels,0%,,Flake,Complete,,,,,,,,,,,,,,,,,,,,,,Yes,Hertzian,Feather,,,,,,,,,,,,,RECTANGULAR,NotPrepared,No,14.64,4.54,Main,,,,,,,,,,,24.46,24.46,27.05,21.16,6.16,4.07,,N,
496,LIK,XIII,O5b-053,,,Hornfels,0%,,Flake,Complete,,,,,,,,,,,,,,,,,,,,,,Yes,Bending,Feather,,,,,,,,,,,,,RECTANGULAR,NotPrepared,No,10.24,3.59,Main,,,,,,,,,,,21.58,21.58,12.34,12.34,5.99,1.85,,N,
497,LIK,XIII,O5b-053,,,Hornfels,0%,,Flake,Complete,,,,,,,,,,,,,,,,,,,,,,Yes,Hertzian,Feather,,,,,,,,,,,,,RECTANGULAR,NotPrepared,No,5.51,1.31,Main,,,,,,,,,,,7.96,7.96,13.06,13.06,1.39,0.17,,N,
498,LIK,XIII,O5b-053,,,Hornfels,0%,,Flake,Complete,,,,,,,,,,,,,,,,,,,,,,Yes,Hertzian,Feather,,,,,,,,,,,,,TRIANGULAR,NotPrepared,No,3.43,2.29,Main,,,,,,,,,,,16.53,16.53,9.31,9.31,3.09,0.51,,N,
499,LIK,XIII,O5b-053,,,Opaline/CCS,0%,,Flake,Complete,,,,,,,,,,,,,,,,,,,,,,Yes,Hertzian,Feather,,,,,,,,,,,,,TRIANGULAR,NotPrepared,No,7.23,1.77,Main,,,,,,,,,,,15.52,15.52,15.05,11.71,1.53,0.4,,N,
500,LIK,XIII,O5b-053,,,Hornfels,0%,,Flake,Complete,,,,,,,,,,,,,,,,,,,,,,Yes,Hertzian,Feather,,,,,,,,,,,,,RECTANGULAR,NotPrepared,No,5.96,0.94,Main,,,,,,,,,,,15.28,15.28,13.58,13.58,2.89,0.56,,N,
5,LIK,XV,O5c-057,,,Opaline/CCS,0%,,Flake,Complete,,,,,,,,,,,,,,,,,,,,,,Yes,Hertzian,Feather,,,,,,,,,,,,,RECTANGULAR,NotPrepared,No,5.43,1.34,Main,,,,,,,,,,,15.5,15.5,9.33,9.33,2.75,0.49,,N,
50,LIK,XV,O5c-057,,,Quartzite,0%,,Flake,Complete,,,,,,,,,,,,,,,,,,,,,,Yes,Hertzian,Feather,,,,,,,,,,,,,TRAPEZOIDAL,NotPrepared,No,10.63,3.58,Main,,,,,,,,,,,30.63,30.63,17.28,17.28,2.81,1.74,,N,
501,LIK,XIII,O5b-053,,,Quartzite,0%,,Flake,Complete,,,,,,,,,,,,,,,,,,,,,,Yes,Hertzian,Feather,,,,,,,,,,,,,RECTANGULAR,NotPrepared,No,22.93,6.57,Main,,,,,,,,,,,31.33,31.33,26.45,26.45,7.82,7.67,,N,
502,LIK,XIII,O5b-053,,,Quartzite,0%,,Flake,Complete,,,,,,,,,,,,,,,,,,,,,,Yes,Hertzian,Feather,,,,,,,,,,,,,RECTANGULAR,NotPrepared,No,6.35,3.01,Main,,,,,,,,,,,26.83,26.83,17.97,17.97,5.85,2.74,,N,
503,LIK,XIII,O5b-053,,,Quartzite,0%,,Flake,Complete,,,,,,,,,,,,,,,,,,,,,,Yes,Hertzian,Feather,,,,,,,,,,,,,RECTANGULAR,NotPrepared,No,43.99,11.29,Main,,,,,,,,,,,78.73,78.73,61.76,61.76,14.1,96.8,,N,
504,LIK,XIII,O5b-053,,,Quartzite,0%,,Flake,Complete,,,,,,,,,,,,,,,,,,,,,,Yes,Hertzian,Feather,,,,,,,,,,,,,OVAL,NotPrepared,No,15.95,4.37,Main,,,,,,,,,,,32.69,32.69,33.68,33.68,7.11,6.53,,N,
505,LIK,XIII,O5b-053,,,Quartzite,0%,,Flake,Complete,,,,,,,,,,,,,,,,,,,,,,Yes,Hertzian,Feather,,,,,,,,,,,,,TRAPEZOIDAL,ResidualFacetWithBulb,No,11.32,3.33,Main,,,,,,,,,,,20.87,20.87,32.09,32.09,4.34,3.38,,N,
506,LIK,XIII,O5b-053,,,Quartzite,0%,,Flake,Complete,,,,,,,,,,,,,,,,,,,,,,Yes,Hertzian,Feather,,,,,,,,,,,,,RECTANGULAR,NotPrepared,No,5.21,1.24,Main,,,,,,,,,,,12.92,12.92,16.5,16.5,1.86,0.58,,N,
507,LIK,XIII,O5b-053,,,Quartzite,0%,,Flake,Complete,,,,,,,,,,,,,,,,,,,,,,Yes,Bending,Feather,,,,,,,,,,,,,RECTANGULAR,NotPrepared,No,27.6,8.97,Main,,,,,,,,,,,9.39,9.39,28.65,28.65,4.84,2.26,,N,
508,LIK,XIII,O5b-053,,,Quartzite,0%,,Flake,Complete,,,,,,,,,,,,,,,,,,,,,,Yes,Hertzian,Feather,,,,,,,,,,,,,OVAL,NotPrepared,No,6.08,2.16,Main,,,,,,,,,,,23.44,23.44,21.27,21.27,4.17,2.03,,N,
509,LIK,XIII,O5b-053,,,Quartzite,0%,,Flake,Complete,,,,,,,,,,,,,,,,,,,,,,Yes,Hertzian,Feather,,,,,,,,,,,,,OVAL,NotPrepared,No,16.55,7.45,Main,,,,,,,,,,,23.73,23.73,37.42,37.42,5.37,4.75,,N,
510,LIK,XIII,O5b-053,,,Quartzite,0%,,Flake,Complete,,,,,,,,,,,,,,,,,,,,,,Yes,Hertzian,Feather,,,,,,,,,,,,,RECTANGULAR,NotPrepared,No,14.02,4.36,Main,,,,,,,,,,,21.68,21.68,21.08,21.08,3.28,1.87,,N,
51,LIK,XV,O5c-057,,,Quartzite,0%,,Flake,Complete,,,,,,,,,,,,,,,,,,,,,,Yes,Bending,Feather,,,,,,,,,,,,,OVAL,NotPrepared,No,5.68,1.68,Main,,,,,,,,,,,19.44,19.44,14.29,14.29,2.5,0.67,,N,
511,LIK,XIII,O5b-053,,,Opaline/CCS,0%,,Flake,Complete,,,,,,,,,,,,,,,,,,,,,,Yes,Hertzian,Feather,,,,,,,,,,,,,OVAL,NotPrepared,No,14.4,1.35,Main,,,,,,,,,,,16.43,16.43,25.58,21.32,1.68,1.06,,N,
512,LIK,XIII,O5b-053,,,Quartzite,0%,,Flake,Proximal,,,,,,,,,,,,,,,,,,,,,,Yes,Hertzian,,,,,,,,,,,,,,RECTANGULAR,NotPrepared,No,7.67,1.49,,,,,,,,,,,,9.89,,19.97,,1.76,0.43,,N,
513,LIK,XIII,O5b-053,,,Quartzite,0%,,Flake,Complete,,,,,,,,,,,,,,,,,,,,,,Yes,Hertzian,Feather,,,,,,,,,,,,,TRIANGULAR,NotPrepared,No,3.01,2.21,Main,,,,,,,,,,,27.58,27.58,12.6,10.76,3.11,1.03,Point? Flute on dorsal; picture on phone,N,
514,LIK,XIII,O5b-053,,,Quartzite,0%,,Flake,Complete,,,,,,,,,,,,,,,,,,,,,,Yes,Hertzian,Feather,,,,,,,,,,,,,TRIANGULAR,NotPrepared,No,5.28,2.4,Main,,,,,,,,,,,13.57,13.57,17.17,14.44,2.78,0.84,,N,
515,LIK,XIII,O5b-053,,,Quartzite,0%,,Flake,Complete,,,,,,,,,,,,,,,,,,,,,,Yes,Hertzian,Feather,,,,,,,,,,,,,TRIANGULAR,NotPrepared,No,10.98,6.86,Main,,,,,,,,,,,17.54,17.54,12.55,10.59,5.95,1,,N,
516,LIK,XIII,O5b-053,,,Quartzite,0%,,Flake,Complete,,,,,,,,,,,,,,,,,,,,,,Yes,Bending,Feather,,,,,,,,,,,,,OVAL,NotPrepared,No,6.96,1.82,Main,,,,,,,,,,,8.55,8.55,15.01,15.01,1.97,0.27,,N,
517,LIK,XIII,O5b-053,,,Tuff,0%,,Flake,Complete,,,,,,,,,,,,,,,,,,,,,,Yes,Hertzian,Feather,,,,,,,,,,,,,RECTANGULAR,NotPrepared,No,2.64,1.06,Main,,,,,,,,,,,21.84,21.84,11.57,11.57,1.59,0.51,,N,
518,LIK,XIII,O5b-053,,,Tuff,0%,,Flake,Complete,,,,,,,,,,,,,,,,,,,,,,Yes,Hertzian,Feather,,,,,,,,,,,,,TRIANGULAR,NotPrepared,No,5.71,3.94,Main,,,,,,,,,,,10.47,10.47,19.08,9.86,2.1,0.43,,N,
519,LIK,XIII,O5b-053,,,Tuff,0%,,Flake,Complete,,,,,,,,,,,,,,,,,,,,,,Yes,Hertzian,Feather,,,,,,,,,,,,,RECTANGULAR,NotPrepared,No,4.4,1.42,Main,,,,,,,,,,,16.63,16.63,15.28,11.16,1.36,0.31,,N,
520,LIK,XIII,O5b-053,,,Tuff,0%,,Flake,Complete,,,,,,,,,,,,,,,,,,,,,,Yes,Bending,Feather,,,,,,,,,,,,,RECTANGULAR,NotPrepared,No,5.85,3.98,Main,,,,,,,,,,,15.07,15.07,16.61,12.46,2.35,0.76,,N,
52,LIK,XV,O5a-057,,,Opaline/CCS,0%,,Flake,Complete,,,,,,,,,,,,,,,,,,,,,,Yes,Hertzian,Feather,,,,,,,,,,,,,RECTANGULAR,NotPrepared,No,5.48,2.16,Main,,,,,,,,,,,11.14,11.14,6.03,5.17,1.91,0.15,,N,
521,LIK,XIII,O5b-053,,,Tuff,0%,,Flake,Complete,,,,,,,,,,,,,,,,,,,,,,Yes,Bending,Feather,,,,,,,,,,,,,KITE,NotPrepared,No,3.84,2.76,Main,,,,,,,,,,,14.88,14.88,9.33,9.33,2.51,0.38,,N,
522,LIK,XIII,O5b-053,,,Tuff,0%,,Flake,Proximal,,,,,,,,,,,,,,,,,,,,,,Yes,Bending,,,,,,,,,,,,,,TRAPEZOIDAL,NotPrepared,No,7.21,2.39,,,,,,,,,,,,8.67,,17.58,,2.68,0.48,,N,
523,LIK,XIII,O5b-053,,,Tuff,0%,,Flake,Complete,,,,,,,,,,,,,,,,,,,,,,Yes,Bending,Feather,,,,,,,,,,,,,TRIANGULAR,NotPrepared,No,8.18,3.54,Main,,,,,,,,,,,25.97,25.97,11.9,11.9,4.86,1.59,,N,
524,LIK,XIII,O5b-053,,,Opaline/CCS,10-40%,Cobble,Flake,Complete,,,,,,,,,,,,,,,,,,,,,,Yes,Hertzian,Feather,,,,,,,,,,,,,RECTANGULAR,NotPrepared,No,12.45,4.95,Main,,,,,,,,,,,33.91,33.91,24.52,24.52,5.46,4.96,,N,
525,LIK,XIII,O5b-053,,,Opaline/CCS,0%,,Flake,Complete,,,,,,,,,,,,,,,,,,,,,,Yes,Hertzian,Feather,,,,,,,,,,,,,TRIANGULAR,NotPrepared,No,4.76,1.21,Main,,,,,,,,,,,31.23,31.23,12.23,12.23,3.06,1.24,Point? Flute on dorsal; image on phone,Y,
526,LIK,XIII,O5b-053,,,Opaline/CCS,0%,,Flake,Mesial,,,,,,,,,,,,,,,,,,,,,,,,,,,,,,,,,,,,,RECTANGULAR,,,,,,,,,,,,,,,,41.21,,19.29,,5.07,7.76,,N,
527,LIK,XIII,O5b-053,,,Opaline/CCS,0%,,Flake,Proximal,,,,,,,,,,,,,,,,,,,,,,Yes,Hertzian,,,,,,,,,,,,,,OVAL,ResidualFacetWithBulb,No,8.23,1.98,,,,,,,,,,,,13.59,,19.09,,2.68,0.83,,N,
528,LIK,XIII,O5b-053,,,Opaline/CCS,0%,,Flake,Complete,,,,,,,,,,,,,,,,,,,,,,Yes,Hertzian,Feather,,,,,,,,,,,,,TRAPEZOIDAL,NotPrepared,No,5.56,3.96,Main,,,,,,,,,,,30.94,30.94,15.86,15.86,6.55,3.69,,N,
529,LIK,XIII,O5c-053,,,Opaline/CCS,0%,,Flake,Proximal,,,,,,,,,,,,,,,,,,,,,,Yes,Hertzian,,,,,,,,,,,,,,RECTANGULAR,NotPrepared,No,10.61,4.73,,,,,,,,,,,,21.67,,16.06,,4.49,2.16,,N,
530,LIK,XIII,O5c-053,,,Opaline/CCS,0%,,Flake,Complete,,,,,,,,,,,,,,,,,,,,,,Yes,Hertzian,Feather,,,,,,,,,,,,,RECTANGULAR,NotPrepared,No,4.82,0.7,Main,,,,,,,,,,,21.94,21.94,15.76,15.76,1.63,0.84,,N,
53,LIK,XV,O5a-057,,,Opaline/CCS,0%,,Flake,Complete,,,,,,,,,,,,,,,,,,,,,,Yes,Wedging,Feather,,,,,,,,,,,,,RECTANGULAR,Indeterminate,No,2.82,1.03,Main,,,,,,,,,,,11.52,11.52,3.99,3.99,1.06,0.06,,N,
531,LIK,XIII,O5c-053,,,Opaline/CCS,0%,,Flake,Complete,,,,,,,,,,,,,,,,,,,,,,Yes,Hertzian,Feather,,,,,,,,,,,,,RECTANGULAR,NotPrepared,No,3.41,0.97,Main,,,,,,,,,,,13.95,13.95,8.19,8.19,1.32,0.14,,N,
532,LIK,XIII,O5c-053,,,Opaline/CCS,0%,,Flake,Complete,,,,,,,,,,,,,,,,,,,,,,Yes,Hertzian,Feather,,,,,,,,,,,,,RECTANGULAR,NotPrepared,No,6.82,3.71,Main,,,,,,,,,,,36.01,36.01,12.83,12.83,2.44,1.28,Ret,N,
533,LIK,XIII,O5c-053,,,Opaline/CCS,0%,,Flake,Complete,,,,,,,,,,,,,,,,,,,,,,Yes,Hertzian,Feather,,,,,,,,,,,,,TRIANGULAR,NotPrepared,No,5.13,2.59,Main,,,,,,,,,,,18.29,18.29,8.61,8.61,1.55,0.24,,N,
534,LIK,XIII,O5c-053,,,Opaline/CCS,0%,,Flake,Distal,,,,,,,,,,,,,,,,,,,,,,,,Feather,,,,,,,,,,,,,TRIANGULAR,,,,,,,,,,,,,,,,18.79,,14.64,,2.68,0.83,,N,
535,LIK,XIII,O5c-053,,,Opaline/CCS,0%,,Flake,Complete,,,,,,,,,,,,,,,,,,,,,,Yes,Hertzian,Feather,,,,,,,,,,,,,RECTANGULAR,NotPrepared,No,5.79,1.39,Main,,,,,,,,,,,12.95,12.95,10.49,10.49,2.21,0.42,,N,
536,LIK,XIII,O5c-053,,,Opaline/CCS,0%,,Flake,Complete,,,,,,,,,,,,,,,,,,,,,,Yes,Hertzian,Feather,,,,,,,,,,,,,OVAL,Indeterminate,No,1.51,0.82,Main,,,,,,,,,,,12.24,12.24,8.92,8.92,1.02,0.16,,N,
538,LIK,XIII,O5c-053,,,Opaline/CCS,0%,,Flake,Complete,,,,,,,,,,,,,,,,,,,,,,Yes,Hertzian,Feather,,,,,,,,,,,,,OVAL,NotPrepared,No,5.37,1.99,Main,,,,,,,,,,,10.34,10.34,19.58,19.58,2.45,0.56,,N,
539,LIK,XIII,O5c-053,,,Opaline/CCS,0%,,Flake,Distal,,,,,,,,,,,,,,,,,,,,,,,,Feather,,,,,,,,,,,,,TRIANGULAR,,,,,,,,,,,,,,,,19.87,,10.78,,2.96,0.56,,N,
540,LIK,XIII,O5c-053,,,Opaline/CCS,0%,,Flake,Complete,,,,,,,,,,,,,,,,,,,,,,Yes,Hertzian,Feather,,,,,,,,,,,,,TRIANGULAR,NotPrepared,No,6.87,1.62,Main,,,,,,,,,,,13.92,13.92,10.52,7.57,1.57,0.17,,N,
541,LIK,XIII,O5c-053,,,Opaline/CCS,0%,,Flake,Proximal,,,,,,,,,,,,,,,,,,,,,,Yes,Hertzian,,,,,,,,,,,,,,RECTANGULAR,NotPrepared,No,9.98,4.61,,,,,,,,,,,,21.78,,22.96,,3.13,1.9,,N,
54,LIK,XV,O5a-057,,,Opaline/CCS,0%,,Flake,Complete,,,,,,,,,,,,,,,,,,,,,,Yes,Hertzian,Feather,,,,,,,,,,,,,RECTANGULAR,NotPrepared,No,6.87,2.59,Main,,,,,,,,,,,26.15,26.15,18.04,18.04,2.17,1.35,,N,
542,LIK,XIII,O5c-053,,,Opaline/CCS,0%,,Flake,Complete,,,,,,,,,,,,,,,,,,,,,,Yes,Hertzian,Feather,,,,,,,,,,,,,RECTANGULAR,NotPrepared,No,4.82,1.16,Main,,,,,,,,,,,23.56,23.56,7.62,7.62,2.83,0.64,,N,
543,LIK,XIII,O5c-053,,,Opaline/CCS,0%,,Flake,Proximal,,,,,,,,,,,,,,,,,,,,,,Yes,Hertzian,,,,,,,,,,,,,,RECTANGULAR,NotPrepared,No,7.79,6.56,,,,,,,,,,,,22.17,,15.31,,4.43,1.41,,N,
544,LIK,XIII,O5c-053,,,Opaline/CCS,0%,,Flake,Complete,,,,,,,,,,,,,,,,,,,,,,Yes,Hertzian,Hinge,,,,,,,,,,,,,OVAL,NotPrepared,No,10.93,6.14,Main,,,,,,,,,,,22.83,22.83,22.98,22.98,3.35,2.84,,N,
546,LIK,XIII,O5c-053,,,Opaline/CCS,0%,,Flake,Complete,,,,,,,,,,,,,,,,,,,,,,Yes,Hertzian,Feather,,,,,,,,,,,,,RECTANGULAR,NotPrepared,No,5.73,2.11,Main,,,,,,,,,,,21.32,21.32,13.54,13.54,2.16,0.8,,N,
547,LIK,XIII,O5c-053,,,Opaline/CCS,0%,,Flake,Complete,,,,,,,,,,,,,,,,,,,,,,Yes,Hertzian,Feather,,,,,,,,,,,,,RECTANGULAR,NotPrepared,No,5.05,3.12,Main,,,,,,,,,,,37.17,37.17,12.82,12.82,3.43,2.68,,N,
548,LIK,XIII,O5c-053,,,Opaline/CCS,0%,,Flake,Complete,,,,,,,,,,,,,,,,,,,,,,Yes,Hertzian,Feather,,,,,,,,,,,,,OVAL,NotPrepared,No,6.93,2.8,Main,,,,,,,,,,,9.16,9.16,16.24,16.24,2.79,0.37,,N,
549,LIK,XIII,O5c-053,,,Opaline/CCS,0%,,Flake,Mesial,,,,,,,,,,,,,,,,,,,,,,,,,,,,,,,,,,,,,RECTANGULAR,,,,,,,,,,,,,,,,31.65,,28.17,,11.85,14.04,,N,
550,LIK,XIII,O5c-053,,,Opaline/CCS,0%,,Flake,Complete,,,,,,,,,,,,,,,,,,,,,,Yes,Hertzian,Feather,,,,,,,,,,,,,RECTANGULAR,NotPrepared,No,3.25,1.74,CoreMaintenance,,,,,,,,,,,18.48,18.48,24.1,19.54,6.32,2.42,,N,
551,LIK,XIII,O5c-053,,,Opaline/CCS,0%,,Flake,Complete,,,,,,,,,,,,,,,,,,,,,,Yes,Hertzian,Feather,,,,,,,,,,,,,RECTANGULAR,NotPrepared,No,22.12,4.34,Main,,,,,,,,,,,17.09,17.09,24.7,20.98,3.43,1.74,,N,
552,LIK,XIII,O5c-053,,,Opaline/CCS,0%,,Flake,Complete,,,,,,,,,,,,,,,,,,,,,,Yes,Hertzian,Feather,,,,,,,,,,,,,TRIANGULAR,NotPrepared,No,12.5,3.9,Main,,,,,,,,,,,11.95,11.95,12.71,11.14,3.5,0.68,,N,
55,LIK,XV,O5a-057,,,Opaline/CCS,0%,,Flake,Complete,,,,,,,,,,,,,,,,,,,,,,Yes,Hertzian,Feather,,,,,,,,,,,,,RECTANGULAR,NotPrepared,No,8.63,1.89,Main,,,,,,,,,,,19.38,19.38,16.11,16.11,3.23,1.11,,N,
553,LIK,XIII,O5c-053,,,Opaline/CCS,10-40%,Outcrop,Flake,Complete,,,,,,,0,,0,0,0,0,0,0,0,0,0,0,0,0,0,Yes,Hertzian,Feather,,0,0,0,0,0,0,0,0,0,0,0,TRIANGULAR,NotPrepared,No,8.14,3.92,Main,,,,,0,0,0,0,0,0,15.74,15.74,12.14,9.45,3.19,0.49,,N,
554,LIK,XIII,O5c-053,,,Opaline/CCS,0%,,Flake,Proximal,,,,,,,,,,,,,,,,,,,,,,Yes,Hertzian,,,,,,,,,,,,,,RECTANGULAR,NotPrepared,No,4.65,2.25,,,,,,,,,,,,9.74,,10.81,,1.24,0.15,,N,
555,LIK,XIII,O5c-053,,,Opaline/CCS,0%,,Flake,Distal,,,,,,,,,,,,,,,,,,,,,,,,Feather,,,,,,,,,,,,,RECTANGULAR,,,,,,,,,,,,,,,,12.33,,14.53,,2.02,0.46,,N,
556,LIK,XIII,O5c-053,,,Opaline/CCS,0%,,Flake,Distal,,,,,,,,,,,,,,,,,,,,,,,,Feather,,,,,,,,,,,,,RECTANGULAR,,,,,,,,,,,,,,,,13.82,,8.39,,1.11,0.23,,N,
557,LIK,XIII,O5c-053,,,Opaline/CCS,0%,,Flake,Complete,,,,,,,,,,,,,,,,,,,,,,Yes,Hertzian,Feather,,,,,,,,,,,,,RECTANGULAR,NotPrepared,No,2.92,0.82,Main,,,,,,,,,,,23.28,23.28,7.49,7.49,1.34,0.27,,N,
558,LIK,XIII,O5c-053,,,Opaline/CCS,0%,,Flake,Complete,,,,,,,,,,,,,,,,,,,,,,Yes,Hertzian,Feather,,,,,,,,,,,,,RECTANGULAR,NotPrepared,No,4.33,1.43,Main,,,,,,,,,,,13.19,13.19,17.38,10.6,1.21,0.26,,N,
559,LIK,XIII,O5c-053,,,Opaline/CCS,0%,,Flake,Complete,,,,,,,,,,,,,,,,,,,,,,Yes,Hertzian,Feather,,,,,,,,,,,,,KITE,NotPrepared,No,8.4,1.62,Main,,,,,,,,,,,12.56,12.56,12.28,11.55,0.82,0.19,,N,
560,LIK,XIII,O5c-053,,,Opaline/CCS,0%,,Flake,Complete,,,,,,,,,,,,,,,,,,,,,,Yes,Hertzian,Feather,,,,,,,,,,,,,RECTANGULAR,NotPrepared,No,12.33,1.36,Main,,,,,,,,,,,11.47,9.16,16.42,16.42,0.99,0.27,,N,
561,LIK,XIII,O5c-053,,,Opaline/CCS,0%,,Flake,Complete,,,,,,,,,,,,,,,,,,,,,,Yes,Hertzian,Feather,,,,,,,,,,,,,RECTANGULAR,ResidualFacetWithBulb,No,5.38,1.84,Main,,,,,,,,,,,11.01,11.01,17.44,17.44,2.19,0.42,,N,
562,LIK,XIII,O5c-053,,,Opaline/CCS,0%,,Flake,Proximal,,,,,,,,,,,,,,,,,,,,,,Yes,Hertzian,,,,,,,,,,,,,,RECTANGULAR,NotPrepared,No,6.72,1.46,,,,,,,,,,,,6.85,,14.1,,2.67,0.19,,N,
56,LIK,XV,O5a-057,,,Opaline/CCS,0%,,Flake,Complete,,,,,,,,,,,,,,,,,,,,,,Yes,Hertzian,Feather,,,,,,,,,,,,,TRIANGULAR,NotPrepared,No,8.44,4.97,Main,,,,,,,,,,,22.99,15.58,24.14,21.16,7.86,2.71,,N,
563,LIK,XIII,O5c-053,,,Opaline/CCS,0%,,Flake,Complete,,,,,,,,,,,,,,,,,,,,,,Yes,Hertzian,Feather,,,,,,,,,,,,,RECTANGULAR,NotPrepared,No,7.3,2.48,Main,,,,,,,,,,,14.27,14.27,11.75,11.75,4.13,0.75,,N,
564,LIK,XIII,O5c-053,,,Opaline/CCS,0%,,Flake,Distal,,,,,,,,,,,,,,,,,,,,,,,,Feather,,,,,,,,,,,,,RECTANGULAR,,,,,,,,,,,,,,,,11.65,,13.21,,2.03,0.3,,N,
565,LIK,XIII,O5c-053,,,Opaline/CCS,10-40%,Cobble,Flake,Proximal,,,,,,,0,,0,0,0,0,0,0,0,0,0,0,0,0,0,Yes,Hertzian,,,0,0,0,0,0,0,0,0,0,0,0,TRIANGULAR,NotPrepared,No,6.68,1.34,,,,,,0,0,0,0,0,0,12.15,0,10.8,0,2.21,0.45,,N,
566,LIK,XIII,O5c-053,,,Opaline/CCS,0%,,Flake,Complete,,,,,,,,,,,,,,,,,,,,,,Yes,Hertzian,Feather,,,,,,,,,,,,,RECTANGULAR,NotPrepared,No,4.49,0.93,Main,,,,,,,,,,,6.17,6.17,16.23,16.23,0.9,0.1,,N,
567,LIK,XIII,O5c-053,,,Opaline/CCS,0%,,Flake,Complete,,,,,,,,,,,,,,,,,,,,,,Yes,Hertzian,Feather,,,,,,,,,,,,,TRIANGULAR,NotPrepared,No,6.75,1.31,Main,,,,,,,,,,,11.73,9.08,9.1,7.62,1.29,0.17,,N,
568,LIK,XIII,O5c-053,,,Opaline/CCS,1-10%,Cobble,Flake,Complete,,,,,,,0,,0,0,0,0,0,0,0,0,0,0,0,0,0,Yes,Hertzian,Feather,,0,0,0,0,0,0,0,0,0,0,0,RECTANGULAR,NotPrepared,No,3.77,1.26,Main,,,,,0,0,0,0,0,0,14.68,14.68,9.3,9.3,0.91,0.16,,N,
569,LIK,XIII,O5c-053,,,Opaline/CCS,0%,,Flake,Complete,,,,,,,,,,,,,,,,,,,,,,Yes,Hertzian,Feather,,,,,,,,,,,,,RECTANGULAR,NotPrepared,No,4.2,1.11,Main,,,,,,,,,,,11.45,11.45,5.99,5.99,1.01,0.1,,N,
570,LIK,XIII,O5c-053,,,Opaline/CCS,0%,,Flake,Complete,,,,,,,,,,,,,,,,,,,,,,Yes,Hertzian,Feather,,,,,,,,,,,,,OVAL,NotPrepared,No,4.51,1.78,Main,,,,,,,,,,,11.39,11.39,13.3,12.33,1.98,0.39,,N,
571,LIK,XIII,O5c-053,,,Opaline/CCS,0%,,Flake,Proximal,,,,,,,,,,,,,,,,,,,,,,Yes,Hertzian,,,,,,,,,,,,,,TRIANGULAR,NotPrepared,No,4.88,2.64,,,,,,,,,,,,15.59,,9.32,,4.76,0.59,,N,
572,LIK,XIII,O5c-053,,,Opaline/CCS,10-40%,Cobble,Flake,Complete,,,,,,,,,,,,,,,,,,,,,,Yes,Hertzian,Feather,,,,,,,,,,,,,OVAL,NotPrepared,No,12.84,3.6,Main,,,,,,,,,,,8.95,8.95,12.84,12.84,3.54,0.3,,N,
57,LIK,XV,O5a-057,,,Opaline/CCS,0%,,Flake,Proximal,,,,,,,,,,,,,,,,,,,,,,Yes,Hertzian,,,,,,,,,,,,,,RECTANGULAR,NotPrepared,No,9.99,7.33,,,,,,,,,,,,17.12,,17.87,,7.32,2.97,,N,
573,LIK,XIII,O5c-053,,,Opaline/CCS,0%,,Flake,Complete,,,,,,,,,,,,,,,,,,,,,,Yes,Hertzian,Hinge,,,,,,,,,,,,,OVAL,NotPrepared,No,4.95,1.63,Main,,,,,,,,,,,10.36,10.36,15.81,15.81,1.84,0.39,,N,
574,LIK,XIII,O5c-053,,,Hornfels,0%,,Flake,Proximal,,,,,,,,,,,,,,,,,,,,,,Yes,Hertzian,,,,,,,,,,,,,,RECTANGULAR,NotPrepared,No,10.8,1.87,,,,,,,,,,,,23.74,,21.76,,5.49,2.93,,N,
575,LIK,XIII,O5c-053,,,Hornfels,0%,,Flake,Complete,,,,,,,,,,,,,,,,,,,,,,Yes,Hertzian,Feather,,,,,,,,,,,,,RECTANGULAR,NotPrepared,No,3.25,1.51,Main,,,,,,,,,,,14.77,14.77,7.24,7.24,1.4,0.2,,N,
576,LIK,XIII,O5c-053,,,Hornfels,0%,,Flake,Complete,,,,,,,,,,,,,,,,,,,,,,Yes,Hertzian,Feather,,,,,,,,,,,,,OVAL,NotPrepared,No,7.44,2.08,Main,,,,,,,,,,,11.15,9.71,11.59,8.39,2.83,0.39,,N,
577,LIK,XIII,O5c-053,,,Hornfels,0%,,Flake,Complete,,,,,,,,,,,,,,,,,,,,,,Yes,Hertzian,Feather,,,,,,,,,,,,,RECTANGULAR,NotPrepared,No,6.2,2.73,Main,,,,,,,,,,,20.57,20.57,12.28,12.28,4.16,1,,N,
578,LIK,XIII,O5c-053,,,Hornfels,0%,,Flake,Complete,,,,,,,,,,,,,,,,,,,,,,Yes,Hertzian,Feather,,,,,,,,,,,,,OVAL,NotPrepared,No,6.96,2.73,Main,,,,,,,,,,,15.63,15.63,15.14,15.14,2.15,0.58,,N,
579,LIK,XIII,O5c-053,,,Hornfels,0%,,Flake,Complete,,,,,,,,,,,,,,,,,,,,,,Yes,Hertzian,Feather,,,,,,,,,,,,,RECTANGULAR,NotPrepared,No,13.34,7.19,Main,,,,,,,,,,,32.03,32.03,26.44,26.44,5.73,7.28,Ret,Y,
580,LIK,XIII,O5c-053,,,Hornfels,0%,,Flake,Complete,,,,,,,,,,,,,,,,,,,,,,Yes,Hertzian,Feather,,,,,,,,,,,,,OVAL,NotPrepared,No,21.11,4.57,Main,,,,,,,,,,,29.96,29.96,35.35,35.35,3.59,6.62,,N,
581,LIK,XIII,O5c-053,,,Hornfels,0%,,Flake,Complete,,,,,,,,,,,,,,,,,,,,,,Yes,Bending,Feather,,,,,,,,,,,,,RECTANGULAR,NotPrepared,No,14.64,4.59,Main,,,,,,,,,,,23.15,23.15,22.5,18.82,3.79,2.66,,N,
582,LIK,XIII,O5c-053,,,Hornfels,0%,,Flake,Complete,,,,,,,,,,,,,,,,,,,,,,Yes,Hertzian,Feather,,,,,,,,,,,,,RECTANGULAR,NotPrepared,No,5.21,2.39,Main,,,,,,,,,,,17.73,17.73,16.09,16.09,2.09,0.87,,N,
58,LIK,XV,O5a-057,,,Opaline/CCS,0%,,Flake,Complete,,,,,,,,,,,,,,,,,,,,,,Yes,Hertzian,Feather,,,,,,,,,,,,,OVAL,NotPrepared,No,6.12,1.89,Main,,,,,,,,,,,14.58,14.58,14.31,14.31,2.04,0.41,,N,
583,LIK,XIII,O5c-053,,,Hornfels,0%,,Flake,Complete,,,,,,,,,,,,,,,,,,,,,,Yes,Hertzian,Feather,,,,,,,,,,,,,RECTANGULAR,NotPrepared,No,12.19,3.05,Main,,,,,,,,,,,30.31,30.31,24.48,24.48,5.44,5.31,,N,
584,LIK,XIII,O5c-053,,,Opaline/CCS,0%,,Flake,Complete,,,,,,,,,,,,,,,,,,,,,,Yes,Hertzian,Feather,,,,,,,,,,,,,RECTANGULAR,NotPrepared,No,4.76,1.41,Main,,,,,,,,,,,24.65,24.65,17.86,17.86,2.86,1.44,,N,
585,LIK,XIII,O5c-053,,,Opaline/CCS,0%,,Flake,Complete,,,,,,,,,,,,,,,,,,,,,,Yes,Hertzian,Feather,,,,,,,,,,,,,RECTANGULAR,NotPrepared,No,4.62,1.26,Main,,,,,,,,,,,30.96,30.96,15.41,11.68,2.55,1.22,,N,
586,LIK,XIII,O5c-053,,,Hornfels,0%,,Flake,Complete,,,,,,,,,,,,,,,,,,,,,,Yes,Hertzian,Feather,,,,,,,,,,,,,TRIANGULAR,NotPrepared,No,4.41,1.12,Main,,,,,,,,,,,9.96,9.96,10.81,8.25,1.8,0.21,,N,
587,LIK,XIII,O5c-053,,,Opaline/CCS,0%,,Core,,Complete,,,,,,,,,,,,,,,,,,,,,,,,,,,,,,,,,,,,,,,,,,Platform,Bladelet,Spherical,0%,6,4,3,5,4,20.2,23.1,,19.96,,19.68,13.33,,N,
588,LIK,XIII,O5c-053,,,Opaline/CCS,0%,,Core,,Complete,,,,,,,,,,,,,,,,,,,,,,,,,,,,,,,,,,,,,,,,,,Platform,Radial,Cubic,0%,4,2,5,5,5,16.17,36.03,,31.91,,16.07,28.5,,N,
589,LIK,XIII,O4a-053,,,Opaline/CCS,0%,,Flake,Complete,,,,,,,,,,,,,,,,,,,,,,Yes,Hertzian,Feather,,,,,,,,,,,,,RECTANGULAR,FacetWithBulb,No,7.85,2.95,Main,,,,,,,,,,,26.74,26.74,18.02,18.02,2.99,1.95,,N,
590,LIK,XIII,O4a-053,,,Opaline/CCS,0%,,Flake,Complete,,,,,,,,,,,,,,,,,,,,,,Yes,Hertzian,Feather,,,,,,,,,,,,,RECTANGULAR,NotPrepared,No,11.8,4.05,Main,,,,,,,,,,,25.2,25.2,18.16,18.16,4.04,2.43,,N,
591,LIK,XIII,O4a-053,,,Opaline/CCS,0%,,Flake,Complete,,,,,,,,,,,,,,,,,,,,,,Yes,Hertzian,Feather,,,,,,,,,,,,,RECTANGULAR,NotPrepared,No,5.86,2.34,Main,,,,,,,,,,,19.94,19.94,28.18,20.21,4.33,2.34,,N,
592,LIK,XIII,O4a-053,,,Opaline/CCS,0%,,Flake,Complete,,,,,,,,,,,,,,,,,,,,,,Yes,Hertzian,Feather,,,,,,,,,,,,,RECTANGULAR,NotPrepared,No,24.59,4.01,Main,,,,,,,,,,,24.97,24.97,33.13,33.13,4.46,4.71,,N,
59,LIK,XV,O5a-057,,,Opaline/CCS,0%,,Flake,Complete,,,,,,,,,,,,,,,,,,,,,,Yes,Hertzian,Feather,,,,,,,,,,,,,TRIANGULAR,NotPrepared,No,4.78,3.64,Main,,,,,,,,,,,19.86,19.86,16.13,16.13,2.41,0.91,,N,
593,LIK,XIII,O4a-053,,,Opaline/CCS,0%,,Flake,Complete,,,,,,,,,,,,,,,,,,,,,,Yes,Hertzian,Feather,,,,,,,,,,,,,RECTANGULAR,NotPrepared,No,4.78,1.97,Main,,,,,,,,,,,21.96,21.96,9.69,9.69,2.74,0.52,,N,
594,LIK,XIII,O4a-053,,,Opaline/CCS,0%,,Flake,Complete,,,,,,,,,,,,,,,,,,,,,,Yes,Bending,Feather,,,,,,,,,,,,,RECTANGULAR,NotPrepared,No,7.26,1.6,Main,,,,,,,,,,,18.84,18.84,11.44,11.44,1.66,0.42,,N,
595,LIK,XIII,O4a-053,,,Opaline/CCS,0%,,Flake,Distal,,,,,,,,,,,,,,,,,,,,,,,,Feather,,,,,,,,,,,,,RECTANGULAR,,,,,,,,,,,,,,,,40.64,,16.51,,4.39,4,,N,
596,LIK,XIII,O4a-053,,,Opaline/CCS,0%,,Flake,Proximal,,,,,,,,,,,,,,,,,,,,,,Yes,Hertzian,,,,,,,,,,,,,,RECTANGULAR,NotPrepared,No,4.18,1.45,,,,,,,,,,,,19.3,,10.74,,1.63,0.54,,N,
597,LIK,XIII,O4a-053,,,Opaline/CCS,0%,,Flake,Complete,,,,,,,,,,,,,,,,,,,,,,Yes,Bending,Feather,,,,,,,,,,,,,RECTANGULAR,NotPrepared,No,12.38,5.77,Main,,,,,,,,,,,26.87,26.87,12.13,9.26,2.87,1.48,,N,
598,LIK,XIII,O4a-053,,,Opaline/CCS,0%,,Flake,Complete,,,,,,,,,,,,,,,,,,,,,,Yes,Hertzian,Feather,,,,,,,,,,,,,RECTANGULAR,NotPrepared,No,5.64,2.02,Main,,,,,,,,,,,17.05,17.05,10.06,10.06,1.67,0.35,,N,
599,LIK,XIII,O4a-053,,,Opaline/CCS,0%,,Flake,Complete,,,,,,,,,,,,,,,,,,,,,,Yes,Hertzian,Feather,,,,,,,,,,,,,RECTANGULAR,NotPrepared,No,2.35,0.93,Main,,,,,,,,,,,14.48,14.48,5.33,5.33,1.25,0.16,,N,
600,LIK,XIII,O4a-053,,,Opaline/CCS,0%,,Flake,Complete,,,,,,,,,,,,,,,,,,,,,,Yes,Hertzian,Feather,,,,,,,,,,,,,RECTANGULAR,NotPrepared,No,13.02,1.97,Main,,,,,,,,,,,16.11,16.11,15.68,15.68,2.54,0.85,,N,
601,LIK,XIII,O4a-053,,,Opaline/CCS,0%,,Flake,Complete,,,,,,,,,,,,,,,,,,,,,,Yes,Hertzian,Feather,,,,,,,,,,,,,TRIANGULAR,NotPrepared,No,17.28,5.67,Main,,,,,,,,,,,16.68,6.68,17.86,12.64,4.53,1.69,,N,
602,LIK,XIII,O4a-053,,,Opaline/CCS,0%,,Flake,Complete,,,,,,,,,,,,,,,,,,,,,,Yes,Hertzian,Feather,,,,,,,,,,,,,RECTANGULAR,NotPrepared,No,11.66,3.77,Main,,,,,,,,,,,22.37,22.37,15.52,15.52,6.55,2.85,,N,
6,LIK,XV,O5c-057,,,Opaline/CCS,0%,,Flake,Complete,,,,,,,,,,,,,,,,,,,,,,Yes,Hertzian,Feather,,,,,,,,,,,,,OVAL,NotPrepared,No,3.91,1.4,Main,,,,,,,,,,,14.32,14.32,14.67,14.67,1.04,0.29,,N,
60,LIK,XV,O5a-057,,,Opaline/CCS,0%,,Flake,Complete,,,,,,,,,,,,,,,,,,,,,,Yes,Hertzian,Step,,,,,,,,,,,,,RECTANGULAR,NotPrepared,No,2.8,1.01,Main,,,,,,,,,,,28.33,28.33,9.1,9.1,2.7,0.96,,N,
603,LIK,XIII,O4a-053,,,Opaline/CCS,0%,,Flake,Complete,,,,,,,,,,,,,,,,,,,,,,Yes,Hertzian,Feather,,,,,,,,,,,,,OVAL,NotPrepared,No,9.4,4.02,Main,,,,,,,,,,,18.14,18.14,21.83,21.83,4.61,1.86,,N,
604,LIK,XIII,O4a-053,,,Opaline/CCS,0%,,Flake,Proximal,,,,,,,,,,,,,,,,,,,,,,Yes,Hertzian,,,,,,,,,,,,,,TRAPEZOIDAL,NotPrepared,No,7.65,1.88,,,,,,,,,,,,13.67,,16.16,,2.39,0.66,,N,
605,LIK,XIII,O4a-053,,,Opaline/CCS,0%,,Flake,Complete,,,,,,,,,,,,,,,,,,,,,,Yes,Bending,Feather,,,,,,,,,,,,,RECTANGULAR,NotPrepared,No,3.49,1.58,Main,,,,,,,,,,,11.35,11.35,6.37,6.37,1.12,0.1,,N,
606,LIK,XIII,O4a-053,,,Opaline/CCS,0%,,Flake,Complete,,,,,,,,,,,,,,,,,,,,,,Yes,Hertzian,Feather,,,,,,,,,,,,,RECTANGULAR,NotPrepared,No,5.7,2.1,Main,,,,,,,,,,,13.65,13.65,10.47,10.47,1.18,0.24,,N,
607,LIK,XIII,O4a-053,,,Opaline/CCS,0%,,Flake,Complete,,,,,,,,,,,,,,,,,,,,,,Yes,Hertzian,Hinge,,,,,,,,,,,,,RECTANGULAR,NotPrepared,No,4.98,1.3,Main,,,,,,,,,,,13.84,13.84,8.15,8.15,1.33,0.31,,N,
608,LIK,XIII,O4a-053,,,Opaline/CCS,0%,,Flake,Complete,,,,,,,,,,,,,,,,,,,,,,Yes,Hertzian,Feather,,,,,,,,,,,,,TRIANGULAR,NotPrepared,No,3.16,2.06,Main,,,,,,,,,,,9.85,9.85,18.09,18.09,1.77,0.29,,N,
609,LIK,XIII,O4a-053,,,Opaline/CCS,0%,,Flake,Complete,,,,,,,,,,,,,,,,,,,,,,Yes,Hertzian,Feather,,,,,,,,,,,,,RECTANGULAR,NotPrepared,No,2.73,0.83,Main,,,,,,,,,,,11.79,11.79,12.77,10.76,1.08,0.19,,N,
610,LIK,XIII,O4a-053,,,Opaline/CCS,0%,,Flake,Proximal,,,,,,,,,,,,,,,,,,,,,,Yes,Hertzian,,,,,,,,,,,,,,RECTANGULAR,NotPrepared,No,3.61,1.55,,,,,,,,,,,,8.92,,12.39,,3.71,0.35,,N,
611,LIK,XIII,O4a-053,,,Opaline/CCS,0%,,Flake,Distal,,,,,,,,,,,,,,,,,,,,,,,,Feather,,,,,,,,,,,,,RECTANGULAR,,,,,,,,,,,,,,,,11.59,,17.26,,2.28,0.61,,N,
612,LIK,XIII,O4a-053,,,Opaline/CCS,0%,,Flake,Complete,,,,,,,,,,,,,,,,,,,,,,Yes,Hertzian,Feather,,,,,,,,,,,,,TRAPEZOIDAL,NotPrepared,No,4.42,1.8,Main,,,,,,,,,,,16.05,16.05,15.75,12.86,1.6,0.5,,N,
61,LIK,XV,O5a-057,,,Opaline/CCS,1-10%,Outcrop,Flake,Complete,,,,,,,,,,,,,,,,,,,,,,Yes,Hertzian,Feather,,,,,,,,,,,,,RECTANGULAR,NotPrepared,No,8.35,3.64,Main,,,,,,,,,,,15.22,15.22,10.81,10.81,2.94,0.74,,N,
613,LIK,XIII,O4a-053,,,Opaline/CCS,0%,,Flake,Complete,,,,,,,,,,,,,,,,,,,,,,Yes,Hertzian,Feather,,,,,,,,,,,,,TRIANGULAR,NotPrepared,No,4.1,1.02,Main,,,,,,,,,,,7.96,7.96,18.52,18.52,0.99,0.18,,N,
614,LIK,XIII,O4a-053,,,Opaline/CCS,0%,,Flake,Complete,,,,,,,,,,,,,,,,,,,,,,Yes,Hertzian,Feather,,,,,,,,,,,,,TRIANGULAR,NotPrepared,No,1.81,0.79,Main,,,,,,,,,,,11.43,11.43,9.41,7.45,0.83,0.12,,N,
615,LIK,XIII,O4a-053,,,Opaline/CCS,0%,,Flake,Complete,,,,,,,,,,,,,,,,,,,,,,Yes,Hertzian,Feather,,,,,,,,,,,,,RECTANGULAR,NotPrepared,No,2.87,1.25,Main,,,,,,,,,,,10.11,10.11,12.2,10.11,1.63,0.27,,N,
616,LIK,XIII,O4a-053,,,Opaline/CCS,0%,,Flake,Complete,,,,,,,,,,,,,,,,,,,,,,Yes,Hertzian,Feather,,,,,,,,,,,,,RECTANGULAR,Indeterminate,No,3.72,0.67,Main,,,,,,,,,,,9.86,9.86,13.62,13.19,1.16,0.19,,N,
617,LIK,XIII,O4a-053,,,Opaline/CCS,0%,,Flake,Complete,,,,,,,,,,,,,,,,,,,,,,Yes,Hertzian,Feather,,,,,,,,,,,,,TRIANGULAR,NotPrepared,No,6.06,1.94,Main,,,,,,,,,,,16.69,16.69,8.48,5.99,2.63,0.3,,N,
618,LIK,XIII,O4a-053,,,Opaline/CCS,0%,,Flake,Proximal,,,,,,,,,,,,,,,,,,,,,,Yes,Hertzian,,,,,,,,,,,,,,RECTANGULAR,NotPrepared,No,3.26,1.16,,,,,,,,,,,,9.96,,10.49,,1.31,0.14,,N,
619,LIK,XIII,O4a-053,,,Opaline/CCS,0%,,Flake,Distal,,,,,,,,,,,,,,,,,,,,,,,,Feather,,,,,,,,,,,,,TRAPEZOIDAL,,,,,,,,,,,,,,,,11.7,,12.26,,0.67,0.2,620,Y,
620,LIK,XIII,O4a-053,,,Opaline/CCS,0%,,Flake,Complete,,,,,,,,,,,,,,,,,,,,,,Yes,Bending,Feather,,,,,,,,,,,,,RECTANGULAR,NotPrepared,No,5.87,3.96,Main,,,,,,,,,,,22.36,22.36,12.47,12.47,1.94,0.76,,N,
621,LIK,XIII,O4a-053,,,Quartzite,1-10%,Cobble,Flake,Complete,,,,,,,,,,,,,,,,,,,,,,Yes,Hertzian,Feather,,,,,,,,,,,,,RECTANGULAR,NotPrepared,No,3.62,1,Main,,,,,,,,,,,10.68,10.68,7.07,7.07,1.27,0.13,,N,
622,LIK,XIII,O4a-053,,,Quartzite,0%,,Flake,Proximal,,,,,,,,,,,,,,,,,,,,,,Yes,Hertzian,,,,,,,,,,,,,,RECTANGULAR,NotPrepared,No,10.29,1.98,,,,,,,,,,,,9.64,,19.95,,3.14,0.71,,N,
62,LIK,XV,O5a-057,,,Opaline/CCS,0%,,Flake,Complete,,,,,,,,,,,,,,,,,,,,,,Yes,Hertzian,Feather,,,,,,,,,,,,,TRIANGULAR,NotPrepared,No,7.16,3.18,Main,,,,,,,,,,,13.36,13.36,7.25,7.25,2.27,0.21,,N,
623,LIK,XIII,O4a-053,,,Quartzite,0%,,Flake,Complete,,,,,,,,,,,,,,,,,,,,,,Yes,Hertzian,Feather,,,,,,,,,,,,,OVAL,NotPrepared,No,11.1,1.75,Main,,,,,,,,,,,13.67,13.67,18.95,15.51,1.57,0.43,,N,
624,LIK,XIII,O4a-053,,,Quartzite,0%,,Flake,Complete,,,,,,,,,,,,,,,,,,,,,,Yes,Hertzian,Feather,,,,,,,,,,,,,OVAL,NotPrepared,No,12.41,1.93,Main,,,,,,,,,,,22.04,22.04,22.51,22.51,3.01,1.38,,N,
625,LIK,XIII,O4a-053,,,Quartzite,0%,,Flake,Complete,,,,,,,,,,,,,,,,,,,,,,Yes,Bending,Feather,,,,,,,,,,,,,RECTANGULAR,NotPrepared,No,5.87,2.86,Main,,,,,,,,,,,12.77,12.77,8.06,8.06,1.8,0.21,,N,
626,LIK,XIII,O4a-053,,,Quartzite,0%,,Flake,Distal,,,,,,,,,,,,,,,,,,,,,,,,Feather,,,,,,,,,,,,,RECTANGULAR,,,,,,,,,,,,,,,,13.61,,7.4,,1.43,0.21,,N,
627,LIK,XIII,O4a-053,,,Quartzite,10-40%,,Flake,Complete,,,,,,,0,,0,0,0,0,0,0,0,0,0,0,0,0,0,Yes,Hertzian,Overshot,,0,0,0,0,0,0,0,0,0,0,0,RECTANGULAR,NotPrepared,No,22.86,8.04,Main,,,,,0,0,0,0,0,0,41.54,41.54,35.13,35.13,0.76,17.66,,N,
628,LIK,XIII,O4a-053,,,Tuff,0%,,Flake,Complete,,,,,,,,,,,,,,,,,,,,,,Yes,Bending,Feather,,,,,,,,,,,,,OVAL,NotPrepared,No,5.47,2.06,Main,,,,,,,,,,,10.33,10.33,12.44,12.44,1.18,0.15,,N,
629,LIK,XIII,O4a-053,,,Tuff,0%,,Flake,Complete,,,,,,,,,,,,,,,,,,,,,,Yes,Hertzian,Feather,,,,,,,,,,,,,TRIANGULAR,NotPrepared,No,3.01,1.23,Main,,,,,,,,,,,10.93,10.93,11.33,10.36,1.31,0.26,,N,
630,LIK,XIII,O4a-053,,,Tuff,0%,,Flake,Complete,,,,,,,,,,,,,,,,,,,,,,Yes,Bending,Feather,,,,,,,,,,,,,TRIANGULAR,NotPrepared,No,6.59,2.76,Main,,,,,,,,,,,12.77,12.77,11.87,9,3.08,0.43,,N,
631,LIK,XIII,O4a-053,,,Tuff,0%,,Flake,Fragment,,,,,,,,,,,,,,,,,,,,,,,,,,,,,,,,,,,,,RECTANGULAR,,,,,,,,,,,,,,,,16.95,,17.69,,1.91,0.49,,N,
632,LIK,XIII,O4a-053,,,Tuff,0%,,Flake,Complete,,,,,,,,,,,,,,,,,,,,,,Yes,Hertzian,Feather,,,,,,,,,,,,,RECTANGULAR,NotPrepared,No,14.85,1.37,Main,,,,,,,,,,,10.17,10.17,23.64,23.64,1.9,0.62,,N,
63,LIK,XV,O5a-057,,,Opaline/CCS,0%,,Flake,Complete,,,,,,,,,,,,,,,,,,,,,,Yes,Hertzian,Feather,,,,,,,,,,,,,TRAPEZOIDAL,NotPrepared,No,4.33,1.25,Main,,,,,,,,,,,10.94,10.94,18.54,13.58,1.59,0.31,,N,
633,LIK,XIII,O4a-053,,,Tuff,0%,,Flake,Complete,,,,,,,,,,,,,,,,,,,,,,Yes,Hertzian,Feather,,,,,,,,,,,,,TRIANGULAR,NotPrepared,No,6.49,1.19,Main,,,,,,,,,,,9.46,9.46,11.58,11.58,2.01,0.21,,N,
634,LIK,XIII,O4a-053,,,Tuff,0%,,Flake,Complete,,,,,,,,,,,,,,,,,,,,,,Yes,Hertzian,Feather,,,,,,,,,,,,,RECTANGULAR,NotPrepared,No,13,2.62,Main,,,,,,,,,,,25.98,25.98,38.23,31.38,5.61,4.56,,N,
635,LIK,XIII,O4a-053,,,Tuff,0%,,Flake,Complete,,,,,,,,,,,,,,,,,,,,,,Yes,Hertzian,Feather,,,,,,,,,,,,,KITE,NotPrepared,No,35.58,5.79,Main,,,,,,,,,,,23.25,23.25,58.92,58.92,9,12.23,,N,
636,LIK,XIII,O4a-053,,,Hornfels,0%,,Flake,Complete,,,,,,,,,,,,,,,,,,,,,,Yes,Hertzian,Feather,,,,,,,,,,,,,KITE,NotPrepared,No,4.44,1.37,Main,,,,,,,,,,,16.36,16.36,11.18,11.18,1.37,0.34,,N,
637,LIK,XIII,O4a-053,,,Hornfels,0%,,Flake,Complete,,,,,,,,,,,,,,,,,,,,,,Yes,Hertzian,Feather,,,,,,,,,,,,,TRIANGULAR,NotPrepared,No,3.73,1.45,Main,,,,,,,,,,,15.97,15.97,10.59,10.01,1.46,0.34,,N,
638,LIK,XIII,O4a-053,,,Hornfels,0%,,Flake,Complete,,,,,,,,,,,,,,,,,,,,,,Yes,Hertzian,Feather,,,,,,,,,,,,,TRAPEZOIDAL,NotPrepared,No,7.86,6.79,Main,,,,,,,,,,,18.63,18.63,9.04,9.04,5.76,0.82,,N,
639,LIK,XIII,O4a-053,,,Hornfels,0%,,Flake,Distal,,,,,,,,,,,,,,,,,,,,,,,,Feather,,,,,,,,,,,,,RECTANGULAR,,,,,,,,,,,,,,,,25.71,,7.52,,2.42,0.68,,N,
640,LIK,XIII,O4a-053,,,Hornfels,0%,,Flake,Complete,,,,,,,,,,,,,,,,,,,,,,Yes,Bending,Feather,,,,,,,,,,,,,RECTANGULAR,NotPrepared,No,6.98,2.1,Main,,,,,,,,,,,11.05,11.05,9.09,9.09,1.58,0.2,,N,
641,LIK,XIII,O4a-053,,,Hornfels,0%,,Flake,Complete,,,,,,,,,,,,,,,,,,,,,,Yes,Hertzian,Feather,,,,,,,,,,,,,TRIANGULAR,NotPrepared,No,7.89,3.12,Main,,,,,,,,,,,12.78,12.78,9.08,7.11,1.65,0.32,,N,
642,LIK,XIII,O4a-053,,,Hornfels,0%,,Flake,Mesial,,,,,,,,,,,,,,,,,,,,,,,,,,,,,,,,,,,,,RECTANGULAR,,,,,,,,,,,,,,,,11.92,,9.82,,1.94,0.33,,N,
64,LIK,XV,O5a-057,,,Opaline/CCS,0%,,Flake,Fragment,,,,,,,,,,,,,,,,,,,,,,,,,,,,,,,,,,,,,RECTANGULAR,,,,,,,,,,,,,,,,35.23,,14.1,,7.24,2.69,,N,
643,LIK,XIII,O4a-053,,,Hornfels,0%,,Flake,Complete,,,,,,,,,,,,,,,,,,,,,,Yes,Hertzian,Feather,,,,,,,,,,,,,RECTANGULAR,NotPrepared,No,8.92,4.25,Main,,,,,,,,,,,29.56,29.56,22.65,19.58,4.77,3.42,,N,
644,LIK,XIII,O4a-053,,,Hornfels,0%,,Flake,Complete,,,,,,,,,,,,,,,,,,,,,,Yes,Hertzian,Feather,,,,,,,,,,,,,RECTANGULAR,NotPrepared,No,5.14,2.29,Main,,,,,,,,,,,20.04,20.04,14.64,14.64,3.64,1.71,,N,
645,LIK,XIII,O4a-053,,,Hornfels,0%,,Flake,Distal,,,,,,,,,,,,,,,,,,,,,,,,Feather,,,,,,,,,,,,,TRIANGULAR,,,,,,,,,,,,,,,,24,,17.87,,3.38,1.57,,N,
646,LIK,XIII,O4a-053,,,Hornfels,0%,,Flake,Complete,,,,,,,,,,,,,,,,,,,,,,Yes,Hertzian,Feather,,,,,,,,,,,,,RECTANGULAR,ResidualFacetWithBulb,No,18.03,3.7,Main,,,,,,,,,,,13.44,13.44,19.03,19.03,2.24,0.74,,N,
647,LIK,XIII,O4a-053,,,Hornfels,0%,,Flake,Complete,,,,,,,,,,,,,,,,,,,,,,Yes,Hertzian,Feather,,,,,,,,,,,,,TRIANGULAR,NotPrepared,No,15.25,5.58,Main,,,,,,,,,,,29.13,29.13,21.29,21.29,5.51,3.64,,N,
648,LIK,XIII,O4a-053,,,Hornfels,0%,,Flake,Complete,,,,,,,,,,,,,,,,,,,,,,Yes,Bending,Feather,,,,,,,,,,,,,RECTANGULAR,NotPrepared,No,38.14,5.23,Main,,,,,,,,,,,25.74,21.83,40.12,40.12,8.32,11.49,,N,
649,LIK,XIII,O4a-053,,,Opaline/CCS,0%,,Flake,Complete,,,,,,,,,,,,,,,,,,,,,,Yes,Hertzian,Feather,,,,,,,,,,,,,TRIANGULAR,Indeterminate,No,2.3,0.94,Main,,,,,,,,,,,11.46,11.46,7.71,6.66,1.52,0.13,,N,
650,LIK,XIII,O4a-053,,,Opaline/CCS,0%,,Flake,Complete,,,,,,,,,,,,,,,,,,,,,,Yes,Hertzian,Feather,,,,,,,,,,,,,RECTANGULAR,NotPrepared,No,3.78,1.44,Main,,,,,,,,,,,15.05,15.05,4.26,4.26,1.71,0.13,,N,
651,LIK,XIII,O4a-053,,,Opaline/CCS,0%,,Flake,Complete,,,,,,,,,,,,,,,,,,,,,,Yes,Hertzian,Feather,,,,,,,,,,,,,RECTANGULAR,NotPrepared,No,3.8,1.69,Main,,,,,,,,,,,18.25,18.25,5.9,5.9,2,0.28,,N,
652,LIK,XIII,O4a-053,,,Opaline/CCS,0%,,Flake,Complete,,,,,,,,,,,,,,,,,,,,,,Yes,Hertzian,Hinge,,,,,,,,,,,,,RECTANGULAR,NotPrepared,No,2.36,0.68,Main,,,,,,,,,,,10.47,10.47,8.94,7.66,1.94,0.25,,N,
65,LIK,XV,O5a-057,,,Opaline/CCS,0%,,Flake,Fragment,,,,,,,,,,,,,,,,,,,,,,,,,,,,,,,,,,,,,RECTANGULAR,,,,,,,,,,,,,,,,22.86,,10.75,,7.43,3.7,,N,
653,LIK,XIII,O4a-053,,,Opaline/CCS,0%,,Flake,Complete,,,,,,,,,,,,,,,,,,,,,,Yes,Hertzian,Feather,,,,,,,,,,,,,RECTANGULAR,NotPrepared,No,10.81,5.41,Main,,,,,,,,,,,26.57,26.57,13.2,9.14,2.12,1.39,,N,
654,LIK,XIII,O4a-053,,,Opaline/CCS,0%,,Flake,Complete,,,,,,,,,,,,,,,,,,,,,,Yes,Hertzian,Feather,,,,,,,,,,,,,RECTANGULAR,NotPrepared,No,7.66,2.24,Main,,,,,,,,,,,20.98,20.98,15.41,15.42,1.84,1.07,,N,
655,LIK,XIII,O4a-053,,,Hornfels,0%,,Flake,Complete,,,,,,,,,,,,,,,,,,,,,,Yes,Bending,Feather,,,,,,,,,,,,,RECTANGULAR,NotPrepared,No,7.78,2.46,Main,,,,,,,,,,,13.06,13.06,11.09,11.09,1.81,0.34,,N,
656,LIK,XIII,O4a-053,,,Hornfels,0%,,Flake,Complete,,,,,,,,,,,,,,,,,,,,,,Yes,Bending,Feather,,,,,,,,,,,,,OVAL,NotPrepared,No,6.62,2.29,CoreMaintenance,,,,,,,,,,,14.7,14.7,12.14,12.14,3.37,0.64,,N,
657,LIK,XIII,O4a-053,,,Opaline/CCS,0%,,Flake,Complete,,,,,,,,,,,,,,,,,,,,,,Yes,Hertzian,Feather,,,,,,,,,,,,,RECTANGULAR,Indeterminate,No,3.02,0.8,Main,,,,,,,,,,,28.36,28.36,10.4,10.4,1.41,0.54,,N,
658,LIK,XIII,O4a-053,,,Opaline/CCS,0%,,Flake,Complete,,,,,,,,,,,,,,,,,,,,,,Yes,Hertzian,Feather,,,,,,,,,,,,,RECTANGULAR,NotPrepared,No,8.16,1.64,Main,,,,,,,,,,,30.76,30.76,45.4,33.08,4.8,7.66,,N,
659,LIK,XIII,P5d-053,,,Opaline/CCS,0%,,Flake,Complete,,,,,,,,,,,,,,,,,,,,,,Yes,Hertzian,Feather,,,,,,,,,,,,,RECTANGULAR,NotPrepared,No,9.56,3.28,Main,,,,,,,,,,,59.68,59.68,21.86,21.86,12.01,21.11,,N,
660,LIK,XIII,P5d-053,,,Opaline/CCS,0%,,Flake,Complete,,,,,,,,,,,,,,,,,,,,,,Yes,Hertzian,Feather,,,,,,,,,,,,,RECTANGULAR,NotPrepared,No,6.48,6,Main,,,,,,,,,,,33.99,33.99,16.57,16.57,5.65,3.81,,N,
661,LIK,XIII,P5d-053,,,Opaline/CCS,0%,,Flake,Complete,,,,,,,,,,,,,,,,,,,,,,Yes,Hertzian,Feather,,,,,,,,,,,,,RECTANGULAR,NotPrepared,No,5.98,2.29,Main,,,,,,,,,,,15.8,15.8,12.27,12.27,3.38,0.82,,N,
662,LIK,XIII,P5d-053,,,Opaline/CCS,0%,,Flake,Complete,,,,,,,,,,,,,,,,,,,,,,Yes,Hertzian,Feather,,,,,,,,,,,,,RECTANGULAR,Indeterminate,No,6.98,2.95,Main,,,,,,,,,,,28.73,28.73,10.86,6.98,3.68,1.19,,N,
66,LIK,XV,O5a-057,,,Opaline/CCS,0%,,Flake,Complete,,,,,,,,,,,,,,,,,,,,,,Yes,Hertzian,Feather,,,,,,,,,,,,,RECTANGULAR,NotPrepared,No,2.99,1.22,Main,,,,,,,,,,,12.78,12.78,9,9,1.77,0.19,,N,
663,LIK,XIII,P5d-053,,,Opaline/CCS,40-60%,Cobble,Flake,Fragment,,,,,,,,,,,,,,,,,,,,,,,,,,,,,,,,,,,,,RECTANGULAR,,,,,,,,,,,,,,,,17.14,,9.62,,3.18,0.7,,N,
664,LIK,XIII,P5d-053,,,Opaline/CCS,1-10%,Cobble,Flake,Complete,,,,,,,,,,,,,,,,,,,,,,Yes,Hertzian,Feather,,,,,,,,,,,,,RECTANGULAR,NotPrepared,No,4.52,1.81,Main,,,,,,,,,,,15.58,15.58,17.89,17.89,3.03,0.96,,N,
665,LIK,XIII,P5d-053,,,Opaline/CCS,0%,,Flake,Complete,,,,,,,,,,,,,,,,,,,,,,Yes,Hertzian,Feather,,,,,,,,,,,,,RECTANGULAR,NotPrepared,No,2.71,1.13,Main,,,,,,,,,,,12.81,12.81,10.11,10.11,2.35,0.41,,N,
666,LIK,XIII,P5d-053,,,Opaline/CCS,0%,,Flake,Complete,,,,,,,,,,,,,,,,,,,,,,Yes,Hertzian,Feather,,,,,,,,,,,,,RECTANGULAR,NotPrepared,No,4.21,1.67,Main,,,,,,,,,,,10.99,10.99,15.93,15.93,2.38,0.54,,N,
667,LIK,XIII,P5d-053,,,Opaline/CCS,0%,,Flake,Complete,,,,,,,,,,,,,,,,,,,,,,Yes,Hertzian,Feather,,,,,,,,,,,,,TRIANGULAR,NotPrepared,No,8.9,3.27,Main,,,,,,,,,,,16.55,16.55,12.27,9.83,1.42,0.46,,N,
668,LIK,XIII,P5d-053,,,Opaline/CCS,0%,,Flake,Complete,,,,,,,,,,,,,,,,,,,,,,Yes,Hertzian,Overshot,,,,,,,,,,,,,RECTANGULAR,NotPrepared,No,3.5,2.18,Main,,,,,,,,,,,16.22,16.22,11.89,11.89,3.16,0.91,,N,
669,LIK,XIII,P5d-053,,,Opaline/CCS,0%,,Flake,Complete,,,,,,,,,,,,,,,,,,,,,,Yes,Bending,Feather,,,,,,,,,,,,,RECTANGULAR,NotPrepared,No,18.08,6.13,Main,,,,,,,,,,,6.62,6.62,20.86,20.86,1.64,0.55,,N,
670,LIK,XIII,P5d-053,,,Opaline/CCS,0%,,Flake,Distal,,,,,,,,,,,,,,,,,,,,,,,,Hinge,,,,,,,,,,,,,RECTANGULAR,,,,,,,,,,,,,,,,19.11,,19.9,,2.79,1.45,,N,
671,LIK,XIII,P5d-053,,,Opaline/CCS,0%,,Flake,Complete,,,,,,,,,,,,,,,,,,,,,,Yes,Hertzian,Feather,,,,,,,,,,,,,RECTANGULAR,NotPrepared,No,3.74,1.39,Main,,,,,,,,,,,32.09,32.09,7.71,7.71,3.58,0.76,,N,
672,LIK,XIII,P5d-053,,,Opaline/CCS,0%,,Flake,Complete,,,,,,,,,,,,,,,,,,,,,,Yes,Hertzian,Feather,,,,,,,,,,,,,RECTANGULAR,Indeterminate,No,5.06,1.44,Main,,,,,,,,,,,13.7,13.7,8.93,8.93,1.23,0.21,,N,
67,LIK,XV,O5a-057,,,Opaline/CCS,0%,,Flake,Distal,,,,,,,,,,,,,,,,,,,,,,,,Feather,,,,,,,,,,,,,TRAPEZOIDAL,,,,,,,,,,,,,,,,17.42,,27.44,,5.37,3.07,,N,
673,LIK,XIII,P5d-053,,,Opaline/CCS,10-40%,Cobble,Flake,Complete,,,,,,,,,,,,,,,,,,,,,,Yes,Hertzian,Feather,,,,,,,,,,,,,RECTANGULAR,NotPrepared,No,12.41,4.61,Main,,,,,,,,,,,15.08,15.08,18.07,18.07,3.96,1.4,,N,
674,LIK,XIII,P5d-053,,,Opaline/CCS,0%,,Flake,Complete,,,,,,,,,,,,,,,,,,,,,,Yes,Hertzian,Feather,,,,,,,,,,,,,RECTANGULAR,NotPrepared,No,3.61,1.8,Main,,,,,,,,,,,13.42,13.42,17.01,17.01,2.04,0.57,,N,
675,LIK,XIII,P5d-053,,,Opaline/CCS,1-10%,Cobble,Flake,Complete,,,,,,,,,,,,,,,,,,,,,,Yes,Hertzian,Feather,,,,,,,,,,,,,RECTANGULAR,NotPrepared,No,3.62,2.03,Main,,,,,,,,,,,13.57,13.57,7.33,7.33,2.31,0.25,,N,
676,LIK,XIII,P5d-053,,,Opaline/CCS,0%,,Flake,Complete,,,,,,,,,,,,,,,,,,,,,,Yes,Hertzian,Feather,,,,,,,,,,,,,TRIANGULAR,NotPrepared,No,3.57,1.45,Main,,,,,,,,,,,21.99,21.99,10.54,10.54,3.61,0.49,,N,
677,LIK,XIII,P5d-053,,,Opaline/CCS,0%,,Flake,Proximal,,,,,,,,,,,,,,,,,,,,,,Yes,Hertzian,,,,,,,,,,,,,,RECTANGULAR,NotPrepared,No,5.79,2.25,,,,,,,,,,,,16.89,,6.99,,3.24,0.41,,N,
678,LIK,XIII,P5d-053,,,Opaline/CCS,0%,,Flake,Complete,,,,,,,,,,,,,,,,,,,,,,Yes,Hertzian,Feather,,,,,,,,,,,,,TRIANGULAR,NotPrepared,No,8.82,1.42,Main,,,,,,,,,,,13.54,9.26,12,8.09,1.2,0.2,,N,
679,LIK,XIII,P5d-053,,,Opaline/CCS,0%,,Flake,Complete,,,,,,,,,,,,,,,,,,,,,,Yes,Hertzian,Feather,,,,,,,,,,,,,RECTANGULAR,NotPrepared,No,9.49,3.19,Main,,,,,,,,,,,8.74,8.74,13.19,13.19,2.03,0.25,,N,
680,LIK,XIII,P5d-053,,,Opaline/CCS,0%,,Flake,Complete,,,,,,,,,,,,,,,,,,,,,,Yes,Hertzian,Feather,,,,,,,,,,,,,RECTANGULAR,NotPrepared,No,6.76,2.38,Main,,,,,,,,,,,11.58,11.58,17.47,17.47,2.5,0.62,,N,
681,LIK,XIII,P5d-053,,,Hornfels,0%,,Flake,Complete,,,,,,,,,,,,,,,,,,,,,,Yes,Hertzian,Feather,,,,,,,,,,,,,RECTANGULAR,NotPrepared,No,15.94,4.74,Main,,,,,,,,,,,34.7,34.7,20.23,20.23,6.12,5.42,,N,
682,LIK,XIII,P5d-053,,,Hornfels,0%,,Flake,Complete,,,,,,,,,,,,,,,,,,,,,,Yes,Hertzian,Feather,,,,,,,,,,,,,RECTANGULAR,NotPrepared,No,7.66,2.45,Main,,,,,,,,,,,20.6,20.6,23.89,23.89,3.45,2.14,,N,
68,LIK,XV,O5a-057,,,Hornfels,0%,,Flake,Complete,,,,,,,,,,,,,,,,,,,,,,Yes,Hertzian,Feather,,,,,,,,,,,,,TRIANGULAR,NotPrepared,No,22.6,8.48,Main,,,,,,,,,,,27.69,21.61,24.32,19.96,4.95,3.05,,N,
683,LIK,XIII,P5d-053,,,Hornfels,0%,,Flake,Complete,,,,,,,,,,,,,,,,,,,,,,Yes,Bending,Feather,,,,,,,,,,,,,RHOMBUS,NotPrepared,No,11.7,5.36,Main,,,,,,,,,,,10.41,10.41,14.89,14.89,2.88,0.72,,N,
684,LIK,XIII,P5d-053,,,Hornfels,0%,,Flake,Complete,,,,,,,,,,,,,,,,,,,,,,Yes,Hertzian,Feather,,,,,,,,,,,,,OVAL,NotPrepared,No,7.73,2.36,Main,,,,,,,,,,,13.24,13.24,19.73,19.73,2.32,0.67,,N,
685,LIK,XIII,P5d-053,,,Hornfels,0%,,Flake,Complete,,,,,,,,,,,,,,,,,,,,,,Yes,Hertzian,Feather,,,,,,,,,,,,,OVAL,NotPrepared,No,5.17,1.18,Main,,,,,,,,,,,12.01,12.01,13.13,13.13,1.43,0.29,,N,
686,LIK,XIII,P5d-053,,,Hornfels,0%,,Flake,Complete,,,,,,,,,,,,,,,,,,,,,,Yes,Hertzian,Feather,,,,,,,,,,,,,RECTANGULAR,NotPrepared,No,18,3.2,Main,,,,,,,,,,,9.82,9.82,20.29,20.29,1.91,0.92,,N,
687,LIK,XIII,P5d-053,,,Hornfels,0%,,Flake,Complete,,,,,,,,,,,,,,,,,,,,,,Yes,Hertzian,Feather,,,,,,,,,,,,,OVAL,NotPrepared,No,5.95,1.92,Main,,,,,,,,,,,13.73,13.73,12.91,12.91,2.73,0.52,,N,
688,LIK,XIII,P5d-053,,,Hornfels,0%,,Flake,Complete,,,,,,,,,,,,,,,,,,,,,,Yes,Hertzian,Feather,,,,,,,,,,,,,TRIANGULAR,NotPrepared,No,15.8,4.64,Main,,,,,,,,,,,12.1,12.1,21.17,15.62,3.15,0.7,,N,
689,LIK,XIII,P5d-053,,,Hornfels,0%,,Flake,Complete,,,,,,,,,,,,,,,,,,,,,,Yes,Hertzian,Feather,,,,,,,,,,,,,RECTANGULAR,NotPrepared,No,17.73,7.77,Main,,,,,,,,,,,24.6,24.6,17.9,17.9,6.53,4.09,,N,
690,LIK,XIII,O4d-053,,,Opaline/CCS,0%,,Flake,Complete,,,,,,,,,,,,,,,,,,,,,,Yes,Hertzian,Feather,,,,,,,,,,,,,TRIANGULAR,NotPrepared,No,5.4,1.36,Main,,,,,,,,,,,22.47,22.47,16.48,13.51,2.16,0.88,,N,
691,LIK,XIII,O4d-053,,,Opaline/CCS,0%,,Flake,Complete,,,,,,,,,,,,,,,,,,,,,,Yes,Hertzian,Feather,,,,,,,,,,,,,OVAL,NotPrepared,No,5.37,1.78,Main,,,,,,,,,,,13.7,13.7,19.2,19.2,3.47,1.18,,N,
692,LIK,XIII,O4d-053,,,Opaline/CCS,0%,,Flake,Complete,,,,,,,,,,,,,,,,,,,,,,Yes,Hertzian,Feather,,,,,,,,,,,,,RECTANGULAR,NotPrepared,No,5.44,0.95,Main,,,,,,,,,,,10.37,10.37,14.09,14.09,2.2,0.38,,N,
69,LIK,XV,O5a-057,,,Hornfels,0%,,Flake,Complete,,,,,,,,,,,,,,,,,,,,,,Yes,Hertzian,Feather,,,,,,,,,,,,,OVAL,Indeterminate,No,11.66,2.25,Main,,,,,,,,,,,34.77,34.77,21.63,21.63,10.26,7.64,,N,
693,LIK,XIII,O4d-053,,,Opaline/CCS,0%,,Flake,Complete,,,,,,,,,,,,,,,,,,,,,,Yes,Hertzian,Feather,,,,,,,,,,,,,TRIANGULAR,NotPrepared,No,6.26,3.21,Main,,,,,,,,,,,25.95,25.95,31.34,26.49,9.09,6.51,,N,
694,LIK,XIII,O4d-053,,,Opaline/CCS,0%,,Flake,Complete,,,,,,,,,,,,,,,,,,,,,,Yes,Hertzian,Feather,,,,,,,,,,,,,TRAPEZOIDAL,NotPrepared,No,13.72,4.66,Main,,,,,,,,,,,23.6,23,6,33.18,33.18,3.43,4.15,,N
695,LIK,XIII,O4d-053,,,Opaline/CCS,0%,,Flake,Complete,,,,,,,,,,,,,,,,,,,,,,Yes,Wedging,Feather,,,,,,,,,,,,,TRIANGULAR,Indeterminate,No,7.94,2.35,Main,,,,,,,,,,,23.03,23.03,15.46,14.59,3.89,1.83,,N,
696,LIK,XIII,O4d-053,,,Opaline/CCS,0%,,Flake,Complete,,,,,,,,,,,,,,,,,,,,,,Yes,Hertzian,Feather,,,,,,,,,,,,,RECTANGULAR,NotPrepared,No,3.84,1.62,Main,,,,,,,,,,,16.61,16.61,7.21,7.21,1.08,0.15,,N,
697,LIK,XIII,O4d-053,,,Opaline/CCS,10-40%,Cobble,Flake,Complete,,,,,,,,,,,,,,,,,,,,,,Yes,Hertzian,Feather,,,,,,,,,,,,,RECTANGULAR,NotPrepared,No,6.26,1.97,Main,,,,,,,,,,,15.19,15.19,18.74,18.74,4.07,1.15,,N,
698,LIK,XIII,O4d-053,,,Opaline/CCS,0%,,Flake,Complete,,,,,,,,,,,,,,,,,,,,,,Yes,Bending,Feather,,,,,,,,,,,,,RHOMBUS,NotPrepared,No,17.87,7.1,Main,,,,,,,,,,,23.18,17.83,19.4,18.09,11.84,6.46,,N,
699,LIK,XIII,O4d-053,,,Opaline/CCS,0%,,Flake,Complete,,,,,,,,,,,,,,,,,,,,,,Yes,Hertzian,Feather,,,,,,,,,,,,,RECTANGULAR,NotPrepared,No,2.19,1.38,Main,,,,,,,,,,,15.89,15.89,7.1,7.1,1.93,0.21,,N,
700,LIK,XIII,O4d-053,,,Opaline/CCS,0%,,Flake,Complete,,,,,,,,,,,,,,,,,,,,,,Yes,Bending,Feather,,,,,,,,,,,,,RECTANGULAR,NotPrepared,No,6.98,3.55,Main,,,,,,,,,,,11.51,11.51,10.47,10.47,2.4,0.36,,N,
701,LIK,XIII,O4d-053,,,Opaline/CCS,0%,,Flake,Complete,,,,,,,,,,,,,,,,,,,,,,Yes,Hertzian,Feather,,,,,,,,,,,,,TRIANGULAR,NotPrepared,No,3.21,0.89,Main,,,,,,,,,,,14.89,14.89,7.03,5.43,1.26,0.12,,N,
702,LIK,XIII,O4d-053,,,Opaline/CCS,0%,,Flake,Complete,,,,,,,,,,,,,,,,,,,,,,Yes,Hertzian,Feather,,,,,,,,,,,,,RECTANGULAR,NotPrepared,No,8.8,5.13,Main,,,,,,,,,,,26.55,26.55,8.39,8.39,5.45,1.74,,N,
7,LIK,XV,O5c-057,,,Opaline/CCS,0%,,Flake,Complete,,,,,,,,,,,,,,,,,,,,,,Yes,Hertzian,Feather,,,,,,,,,,,,,TRAPEZOIDAL,Indeterminate,No,3.71,0.79,Main,,,,,,,,,,,15.12,15.12,14.44,14.44,2.56,0.72,,N,
70,LIK,XV,O5a-057,,,Hornfels,0%,,Flake,Complete,,,,,,,,,,,,,,,,,,,,,,Yes,Hertzian,Hinge,,,,,,,,,,,,,OVAL,NotPrepared,No,16.61,4.36,Main,,,,,,,,,,,44.96,44.96,49.63,49.63,9.33,28.86,,N,
703,LIK,XIII,O4d-053,,,Opaline/CCS,0%,,Flake,Complete,,,,,,,,,,,,,,,,,,,,,,Yes,Hertzian,Feather,,,,,,,,,,,,,RECTANGULAR,NotPrepared,No,6.09,2,Main,,,,,,,,,,,9.94,9.94,13.98,10.99,2.29,0.3,,N,
704,LIK,XIII,O4d-053,,,Opaline/CCS,0%,,Flake,Complete,,,,,,,,,,,,,,,,,,,,,,Yes,Hertzian,Feather,,,,,,,,,,,,,RECTANGULAR,NotPrepared,No,3.02,1.84,Main,,,,,,,,,,,12.41,12.41,6.64,6.64,1.29,0.14,,N,
705,LIK,XIII,O4d-053,,,Opaline/CCS,0%,,Flake,Complete,,,,,,,,,,,,,,,,,,,,,,Yes,Wedging,Feather,,,,,,,,,,,,,TRIANGULAR,Indeterminate,No,3.22,0.77,Main,,,,,,,,,,,9.68,9.68,17.83,10.06,1.56,0.25,,N,
706,LIK,XIII,O4d-053,,,Opaline/CCS,0%,,Flake,Complete,,,,,,,,,,,,,,,,,,,,,,Yes,Hertzian,Feather,,,,,,,,,,,,,RECTANGULAR,NotPrepared,No,2.91,1.71,Main,,,,,,,,,,,13.8,13.8,6.88,6.88,1.9,0.22,,Y,
707,LIK,XIII,O4d-053,,,Opaline/CCS,0%,,Flake,Complete,,,,,,,,,,,,,,,,,,,,,,Yes,Hertzian,Feather,,,,,,,,,,,,,RECTANGULAR,NotPrepared,No,6.14,2.53,Main,,,,,,,,,,,11.81,11.81,10.34,10.34,3.67,0.58,,N,
708,LIK,XIII,O4d-053,,,Opaline/CCS,0%,,Flake,Distal,,,,,,,,,,,,,,,,,,,,,,,,Feather,,,,,,,,,,,,,TRIANGULAR,,,,,,,,,,,,,,,,14.65,,12.79,,2.09,0.46,,N,
709,LIK,XIII,O4d-053,,,Opaline/CCS,0%,,Flake,Complete,,,,,,,,,,,,,,,,,,,,,,Yes,Bending,Overshot,,,,,,,,,,,,,RECTANGULAR,NotPrepared,No,20.88,3.83,Main,,,,,,,,,,,9.71,9.71,20.71,20.71,3.9,1.29,,N,
710,LIK,XIII,O4d-053,,,Hornfels,0%,,Flake,Complete,,,,,,,,,,,,,,,,,,,,,,Yes,Hertzian,Feather,,,,,,,,,,,,,RECTANGULAR,NotPrepared,No,7.97,3.54,Main,,,,,,,,,,,20.99,20.99,13.74,13.74,3.14,1.03,,N,
711,LIK,XIII,O4d-053,,,Hornfels,0%,,Flake,Proximal,,,,,,,,,,,,,,,,,,,,,,Yes,Hertzian,,,,,,,,,,,,,,RECTANGULAR,NotPrepared,No,3.86,0.99,,,,,,,,,,,,11.22,,12.66,,1.98,0.42,,N,
712,LIK,XIII,O4d-053,,,Hornfels,0%,,Flake,Complete,,,,,,,,,,,,,,,,,,,,,,Yes,Hertzian,Feather,,,,,,,,,,,,,OVAL,NotPrepared,No,8.53,3.52,Main,,,,,,,,,,,12.7,12.7,11.72,11.72,2.94,0.51,,N,
71,LIK,XV,O5a-057,,,Hornfels,0%,,Flake,Complete,,,,,,,,,,,,,,,,,,,,,,Yes,Hertzian,Feather,,,,,,,,,,,,,RECTANGULAR,NotPrepared,No,14.21,2.49,Main,,,,,,,,,,,22.56,22.56,34.08,34.08,3.97,2.11,,N,
713,LIK,XIII,O4d-053,,,Hornfels,0%,,Flake,Mesial,,,,,,,,,,,,,,,,,,,,,,,,,,,,,,,,,,,,,TRAPEZOIDAL,,,,,,,,,,,,,,,,8.83,,13.58,,2.52,0.42,,N,
714,LIK,XIII,O4d-053,,,Hornfels,0%,,Flake,Complete,,,,,,,,,,,,,,,,,,,,,,Yes,Bending,Feather,,,,,,,,,,,,,RECTANGULAR,NotPrepared,No,8.97,5.67,Main,,,,,,,,,,,24.33,24.33,18.87,18.87,6.3,3.59,,N,
715,LIK,XIII,O4d-053,,,Hornfels,0%,,Flake,Complete,,,,,,,,,,,,,,,,,,,,,,Yes,Hertzian,Feather,,,,,,,,,,,,,RHOMBUS,NotPrepared,No,28.16,3.45,Main,,,,,,,,,,,24.36,24.36,39.25,24.84,4.69,6.65,,N,
716,LIK,XIII,O4d-053,,,Hornfels,0%,,Flake,Complete,,,,,,,,,,,,,,,,,,,,,,Yes,Bending,Feather,,,,,,,,,,,,,RECTANGULAR,NotPrepared,No,18.61,9.07,Main,,,,,,,,,,,50.81,50.81,24.51,24.51,8.27,14.79,Ret,N,
717,LIK,XIII,O4d-053,,,Opaline/CCS,0%,,Flake,Complete,,,,,,,,,,,,,,,,,,,,,,Yes,Hertzian,Feather,,,,,,,,,,,,,RECTANGULAR,NotPrepared,No,5.07,1.55,Main,,,,,,,,,,,13.89,13.89,8.54,8.54,1.8,0.23,,N,
718,LIK,XIII,O4d-053,,,Opaline/CCS,0%,,Flake,Complete,,,,,,,,,,,,,,,,,,,,,,Yes,Hertzian,Feather,,,,,,,,,,,,,RECTANGULAR,NotPrepared,No,4.59,2.51,Main,,,,,,,,,,,22.49,22.49,6.79,6.79,1.9,0.39,,N,
719,LIK,XIII,O4d-053,,,Quartzite,0%,,Flake,Mesial,,,,,,,,,,,,,,,,,,,,,,,,,,,,,,,,,,,,,RECTANGULAR,,,,,,,,,,,,,,,,6.25,,17.36,,1.45,0.24,,N,
720,LIK,XIII,O4d-053,,,Quartzite,0%,,Flake,Complete,,,,,,,,,,,,,,,,,,,,,,Yes,Hertzian,Feather,,,,,,,,,,,,,OVAL,NotPrepared,No,7.58,2.89,Main,,,,,,,,,,,10.93,10.93,17.47,15.63,2.84,0.54,,N,
721,LIK,XIII,O4d-053,,,Quartzite,0%,,Flake,Complete,,,,,,,,,,,,,,,,,,,,,,Yes,Hertzian,Feather,,,,,,,,,,,,,RECTANGULAR,NotPrepared,No,26.97,12.3,Main,,,,,,,,,,,32.21,32.21,33.74,33.74,7.27,12,,N,
722,LIK,XIII,O4d-053,,,Quartzite,0%,,Flake,Complete,,,,,,,,,,,,,,,,,,,,,,Yes,Hertzian,Feather,,,,,,,,,,,,,TRAPEZOIDAL,NotPrepared,No,19.98,2.87,Main,,,,,,,,,,,14.87,14.87,19.98,14.05,2.32,0.82,,N,
72,LIK,XV,O5a-057,,,Hornfels,0%,,Flake,Complete,,,,,,,,,,,,,,,,,,,,,,Yes,Hertzian,Step,,,,,,,,,,,,,RECTANGULAR,NotPrepared,No,11.54,2.72,Main,,,,,,,,,,,37.65,37.65,23.16,23.16,3.17,4.33,,N,
723,LIK,XIII,O4d-053,,,Quartzite,0%,,Flake,Complete,,,,,,,,,,,,,,,,,,,,,,Yes,Hertzian,Feather,,,,,,,,,,,,,RECTANGULAR,NotPrepared,No,7.38,3.03,Main,,,,,,,,,,,33.72,33.72,14.37,14.37,4.92,2.63,,N,
724,LIK,XIII,O4d-053,,,Quartzite,0%,,Flake,Complete,,,,,,,,,,,,,,,,,,,,,,Yes,Hertzian,Feather,,,,,,,,,,,,,RECTANGULAR,NotPrepared,No,9.75,3.53,CoreMaintenance,,,,,,,,,,,21.52,21.52,44.81,44.81,6.5,8.03,,N,
725,LIK,XIII,O4d-053,,,Siltstone,0%,,Flake,Complete,,,,,,,,,,,,,,,,,,,,,,Yes,Bending,Feather,,,,,,,,,,,,,TRIANGULAR,NotPrepared,No,5.9,2.25,Main,,,,,,,,,,,12.73,12.73,12.69,10.67,3.76,0.51,,N,
726,LIK,XIII,O4d-053,,,Siltstone,0%,,Flake,Complete,,,,,,,,,,,,,,,,,,,,,,Yes,Hertzian,Feather,,,,,,,,,,,,,RECTANGULAR,NotPrepared,No,8.72,1.77,Main,,,,,,,,,,,17.39,17.39,17.63,17.63,3.43,1.38,,N,
727,LIK,XIII,O4d-053,,,Tuff,0%,,Flake,Complete,,,,,,,,,,,,,,,,,,,,,,Yes,Hertzian,Feather,,,,,,,,,,,,,RECTANGULAR,NotPrepared,No,9.29,2.42,Main,,,,,,,,,,,16.77,16.77,12.44,12.44,3.31,0.63,,N,
728,LIK,XIII,O4d-053,,,Tuff,0%,,Flake,Complete,,,,,,,,,,,,,,,,,,,,,,Yes,Hertzian,Feather,,,,,,,,,,,,,OVAL,NotPrepared,No,5.34,1.13,Main,,,,,,,,,,,8.18,8.18,10.61,10.61,1.18,0.13,,N,
729,LIK,XIII,O4d-053,,,Tuff,0%,,Flake,Complete,,,,,,,,,,,,,,,,,,,,,,Yes,Hertzian,Feather,,,,,,,,,,,,,RECTANGULAR,NotPrepared,No,4.79,1.79,Main,,,,,,,,,,,13.28,11.99,12.94,12.94,1.77,0.36,,N,
730,LIK,XIII,O4d-053,,,Tuff,0%,,Flake,Complete,,,,,,,,,,,,,,,,,,,,,,Yes,Hertzian,Feather,,,,,,,,,,,,,RECTANGULAR,Indeterminate,No,2.72,1.06,Main,,,,,,,,,,,10.71,10.71,9.36,9.36,1.25,0.12,,N,
731,LIK,XIII,O4d-053,,,Opaline/CCS,0%,,Core,,Complete,,,,,,,,,,,,,,,,,,,,,,,,,,,,,,,,,,,,,,,,,,Platform,Irregular,Cubic,0%,4,4,3,6,4,21.03,31.62,,21.38,,16.6,14.1,,N,
732,LIK,XIII,O4d-053,,,Opaline/CCS,0%,,Flake,Complete,,,,,,,,,,,,,,,,,,,,,,Yes,Hertzian,Feather,,,,,,,,,,,,,RECTANGULAR,NotPrepared,No,4.75,1.63,Main,,,,,,,,,,,14.17,14.17,5.15,5.15,1.93,0.17,,N,
73,LIK,XV,O5a-057,,,Hornfels,0%,,Flake,Complete,,,,,,,,,,,,,,,,,,,,,,Yes,Bending,Feather,,,,,,,,,,,,,TRAPEZOIDAL,NotPrepared,No,28.35,4.27,Main,,,,,,,,,,,24.39,24.39,35.33,35.33,6.04,7,,N,
733,LIK,XIII,O4d-053,,,Opaline/CCS,0%,,Flake,Complete,,,,,,,,,,,,,,,,,,,,,,Yes,Hertzian,Feather,,,,,,,,,,,,,OVAL,NotPrepared,No,5.75,3.19,Main,,,,,,,,,,,15.47,15.47,11.7,11.7,2.55,0.55,,N,
734,LIK,XIII,O4d-053,,,Opaline/CCS,0%,,Flake,Complete,,,,,,,,,,,,,,,,,,,,,,Yes,Hertzian,Feather,,,,,,,,,,,,,RECTANGULAR,NotPrepared,No,7.35,2.58,Main,,,,,,,,,,,17.08,17.08,14.48,14.48,2.14,0.71,,N,
735,LIK,XIII,O4d-053,,,Opaline/CCS,0%,,Flake,Complete,,,,,,,,,,,,,,,,,,,,,,Yes,Bending,Feather,,,,,,,,,,,,,RECTANGULAR,NotPrepared,No,11.7,2.49,Main,,,,,,,,,,,37.53,37.53,11.85,11.86,5.58,2.8,,N,
736,LIK,XIII,O4d-053,,,Opaline/CCS,0%,,Flake,Complete,,,,,,,,,,,,,,,,,,,,,,Yes,Hertzian,Feather,,,,,,,,,,,,,TRIANGULAR,NotPrepared,No,4.18,1.13,Main,,,,,,,,,,,17.28,17.28,8.85,8.85,2.22,0.38,Ret,N,
737,LIK,XIII,O4d-053,,,Opaline/CCS,0%,,Flake,Complete,,,,,,,,,,,,,,,,,,,,,,Yes,Hertzian,Feather,,,,,,,,,,,,,TRAPEZOIDAL,NotPrepared,No,4.25,0.82,Main,,,,,,,,,,,11.32,11.32,16.72,12.5,2.54,0.34,,N,
738,LIK,XIII,O4d-053,,,Opaline/CCS,0%,,Flake,Complete,,,,,,,,,,,,,,,,,,,,,,Yes,Hertzian,Feather,,,,,,,,,,,,,RECTANGULAR,NotPrepared,No,4.45,1.42,Main,,,,,,,,,,,11.41,11.41,16.57,11.99,1.89,0.38,,N,
739,LIK,XIII,O4d-053,,,Opaline/CCS,0%,,Flake,Complete,,,,,,,,,,,,,,,,,,,,,,Yes,Hertzian,Feather,,,,,,,,,,,,,RECTANGULAR,NotPrepared,No,9.56,1.55,Main,,,,,,,,,,,19.64,19.64,14.99,14.99,3.53,1.29,,N,
740,LIK,XIII,O4d-053,,,Opaline/CCS,0%,,Flake,Complete,,,,,,,,,,,,,,,,,,,,,,Yes,Hertzian,Feather,,,,,,,,,,,,,RECTANGULAR,NotPrepared,No,4.76,2.81,Main,,,,,,,,,,,15.77,10.41,14.65,14.65,3.23,0.47,,N,
741,LIK,XIII,O4d-053,,,Opaline/CCS,0%,,Flake,Proximal,,,,,,,,,,,,,,,,,,,,,,Yes,Hertzian,,,,,,,,,,,,,,RECTANGULAR,NotPrepared,No,5.92,1.43,,,,,,,,,,,,8.52,,11.8,,2.22,0.32,,N,
742,LIK,XIII,O4d-053,,,Opaline/CCS,0%,,Flake,Proximal,,,,,,,,,,,,,,,,,,,,,,Yes,Hertzian,,,,,,,,,,,,,,RECTANGULAR,NotPrepared,No,4.01,1.84,,,,,,,,,,,,27.27,,13.41,,2.85,1.09,,N,
74,LIK,XV,O5a-057,,,Hornfels,0%,,Flake,Complete,,,,,,,,,,,,,,,,,,,,,,Yes,Hertzian,Feather,,,,,,,,,,,,,RECTANGULAR,ResidualFacetWithBulb,No,22.93,4.35,Main,,,,,,,,,,,29.62,29.62,29.98,29.98,3.88,4.51,,N,
743,LIK,XIII,O4d-053,,,Opaline/CCS,0%,,Flake,Complete,,,,,,,,,,,,,,,,,,,,,,Yes,Hertzian,Feather,,,,,,,,,,,,,RECTANGULAR,FacetWithBulb,No,5.41,1.31,Main,,,,,,,,,,,8.05,8.05,16,16,1.31,0.18,,N,
744,LIK,XIII,O4d-053,,,Opaline/CCS,0%,,Flake,Complete,,,,,,,,,,,,,,,,,,,,,,Yes,Hertzian,Feather,,,,,,,,,,,,,TRIANGULAR,NotPrepared,No,12.92,3.71,Main,,,,,,,,,,,15.43,15.43,15.87,11.37,2.81,0.62,,N,
745,LIK,XIII,O4d-053,,,Opaline/CCS,0%,,Flake,Complete,,,,,,,,,,,,,,,,,,,,,,Yes,Bending,Feather,,,,,,,,,,,,,RECTANGULAR,NotPrepared,No,3.58,1.05,Main,,,,,,,,,,,14.69,14.69,5.28,5.28,2.73,0.19,,N,
746,LIK,XIII,O4d-053,,,Opaline/CCS,0%,,Flake,Complete,,,,,,,,,,,,,,,,,,,,,,Yes,Hertzian,Feather,,,,,,,,,,,,,RECTANGULAR,NotPrepared,No,5.93,3.16,Main,,,,,,,,,,,16.33,16.33,8.1,8.1,2.25,0.45,Ut,N,
747,LIK,XIII,O4d-053,,,Opaline/CCS,0%,,Flake,Proximal,,,,,,,,,,,,,,,,,,,,,,Yes,Hertzian,,,,,,,,,,,,,,TRIANGULAR,NotPrepared,No,2.25,1.19,,,,,,,,,,,,11.99,,9.46,,2.46,0.38,,N,
748,LIK,XIII,O4d-053,,,Opaline/CCS,0%,,Flake,Complete,,,,,,,,,,,,,,,,,,,,,,Yes,Hertzian,Feather,,,,,,,,,,,,,TRAPEZOIDAL,NotPrepared,No,4.12,1.54,Main,,,,,,,,,,,11.89,11.89,11.34,11.34,1.28,0.18,,N,
749,LIK,XIII,O4d-053,,,Opaline/CCS,0%,,Flake,Complete,,,,,,,,,,,,,,,,,,,,,,Yes,Hertzian,Feather,,,,,,,,,,,,,RECTANGULAR,NotPrepared,No,4.16,2.55,Main,,,,,,,,,,,13.59,13.59,5.09,5.09,1.75,0.25,,N,
750,LIK,XIII,O4d-053,,,Opaline/CCS,0%,,Flake,Proximal,,,,,,,,,,,,,,,,,,,,,,Yes,Hertzian,,,,,,,,,,,,,,RECTANGULAR,NotPrepared,No,4.24,1.17,,,,,,,,,,,,9.25,,9.92,,1.92,0.19,,N,
751,LIK,XIII,O4d-053,,,Opaline/CCS,0%,,Flake,Complete,,,,,,,,,,,,,,,,,,,,,,Yes,Hertzian,Feather,,,,,,,,,,,,,RECTANGULAR,NotPrepared,No,3.87,1.09,Main,,,,,,,,,,,11.24,11.24,3.92,3.92,1.22,0.06,,N,
752,LIK,XIII,O4d-053,,,Opaline/CCS,0%,,Flake,Proximal,,,,,,,,,,,,,,,,,,,,,,Yes,Hertzian,,,,,,,,,,,,,,OVAL,NotPrepared,No,3.5,1.62,,,,,,,,,,,,8.64,,19.03,,4.42,0.9,,N,
75,LIK,XV,O5a-057,,,Hornfels,0%,,Flake,Distal,,,,,,,,,,,,,,,,,,,,,,,,Feather,,,,,,,,,,,,,OVAL,,,,,,,,,,,,,,,,33.54,,41.1,,7.52,9.37,,N,
753,LIK,XIII,O4d-053,,,Hornfels,0%,,Flake,Fragment,,,,,,,,,,,,,,,,,,,,,,,,,,,,,,,,,,,,,TRIANGULAR,,,,,,,,,,,,,,,,18.2,,8.82,,1.91,0.32,,N,
754,LIK,XIII,O4d-053,,,Hornfels,0%,,Flake,Complete,,,,,,,,,,,,,,,,,,,,,,Yes,Bending,Feather,,,,,,,,,,,,,TRIANGULAR,NotPrepared,No,8.6,1.31,Main,,,,,,,,,,,12.2,12.2,12.79,10.35,1.19,0.21,,N,
755,LIK,XIII,O4d-053,,,Hornfels,0%,,Flake,Complete,,,,,,,,,,,,,,,,,,,,,,Yes,Bending,Feather,,,,,,,,,,,,,RECTANGULAR,NotPrepared,No,5.64,2.21,Main,,,,,,,,,,,16.38,14.04,11.61,9.02,2.16,0.49,,N,
756,LIK,XIII,O4d-053,,,Hornfels,0%,,Flake,Complete,,,,,,,,,,,,,,,,,,,,,,Yes,Bending,Feather,,,,,,,,,,,,,RECTANGULAR,NotPrepared,No,9.63,2.46,Main,,,,,,,,,,,23.66,23.66,15.76,15.76,3.13,1.45,,N,
757,LIK,XIII,O4d-053,,,Hornfels,10-40%,Cobble,Flake,Complete,,,,,,,,,,,,,,,,,,,,,,Yes,Bending,Feather,,,,,,,,,,,,,RECTANGULAR,NotPrepared,No,14.31,10.24,Main,,,,,,,,,,,28.29,28.29,28.79,28.79,4.99,5.27,,N,
758,LIK,XIII,O4d-053,,,Hornfels,0%,,Flake,Complete,,,,,,,,,,,,,,,,,,,,,,Yes,Hertzian,Feather,,,,,,,,,,,,,RECTANGULAR,NotPrepared,No,13.19,3.95,Main,,,,,,,,,,,42.6,42.6,22.7,18.8,5.77,6.1,,N,
759,LIK,XIII,O4d-053,,,Opaline/CCS,0%,,Flake,Complete,,,,,,,,,,,,,,,,,,,,,,Yes,Hertzian,Feather,,,,,,,,,,,,,TRAPEZOIDAL,NotPrepared,No,11.28,5.63,Main,,,,,,,,,,,23.97,20.1,34.85,34.85,5.06,4.06,Ret,N,
760,LIK,XIII,O4d-053,,,Opaline/CCS,0%,,Flake,Complete,,,,,,,,,,,,,,,,,,,,,,Yes,Hertzian,Feather,,,,,,,,,,,,,RECTANGULAR,NotPrepared,No,7.11,4.53,Main,,,,,,,,,,,26.72,26.72,14.15,11.86,3.35,2.15,Ret,N,
761,LIK,XIII,O4b-049,,,Opaline/CCS,0%,,Flake,Complete,,,,,,,,,,,,,,,,,,,,,,Yes,Hertzian,Feather,,,,,,,,,,,,,TRAPEZOIDAL,NotPrepared,No,11.48,2.46,Main,,,,,,,,,,,21.08,21.08,28.8,21.21,5.32,3.6,,N,
762,LIK,XIII,O4b-049,,,Opaline/CCS,0%,,Flake,Complete,,,,,,,,,,,,,,,,,,,,,,Yes,Hertzian,Feather,,,,,,,,,,,,,RECTANGULAR,NotPrepared,No,11.57,4.24,Main,,,,,,,,,,,23.12,23.12,10.91,10.91,1.8,0.82,,N,
76,LIK,XV,O5a-057,,,Hornfels,0%,,Flake,Complete,,,,,,,,,,,,,,,,,,,,,,Yes,Hertzian,Feather,,,,,,,,,,,,,RECTANGULAR,NotPrepared,No,16.5,4.15,Main,,,,,,,,,,,18.58,18.58,15.3,15.3,2.73,1.5,,N,
763,LIK,XIII,O4b-049,,,Opaline/CCS,0%,,Flake,Complete,,,,,,,,,,,,,,,,,,,,,,Yes,Hertzian,Feather,,,,,,,,,,,,,OVAL,NotPrepared,No,9.62,5,Main,,,,,,,,,,,24.65,24.65,16.91,16.91,4.15,1.79,,N,
764,LIK,XIII,O4b-049,,,Opaline/CCS,0%,,Flake,Complete,,,,,,,,,,,,,,,,,,,,,,Yes,Hertzian,Feather,,,,,,,,,,,,,RECTANGULAR,NotPrepared,No,5.2,1.39,Main,,,,,,,,,,,13.4,13.4,13.75,13.75,1.77,0.35,,N,
765,LIK,XIII,O4b-049,,,Opaline/CCS,0%,,Flake,Complete,,,,,,,,,,,,,,,,,,,,,,Yes,Hertzian,Feather,,,,,,,,,,,,,OVAL,NotPrepared,No,10.13,1.97,Main,,,,,,,,,,,29.03,29.03,17.05,17.05,4.4,2.18,,N,
766,LIK,XIII,O4b-049,,,Opaline/CCS,0%,,Flake,Complete,,,,,,,,,,,,,,,,,,,,,,Yes,Hertzian,Feather,,,,,,,,,,,,,TRAPEZOIDAL,NotPrepared,No,2.83,0.99,Main,,,,,,,,,,,31.21,31.21,15.05,15.05,3.1,1.75,,N,
767,LIK,XIII,O4b-049,,,Opaline/CCS,0%,,Flake,Complete,,,,,,,,,,,,,,,,,,,,,,Yes,Hertzian,Feather,,,,,,,,,,,,,KITE,NotPrepared,No,4.7,1.4,Main,,,,,,,,,,,28.87,28.87,14.81,14.81,3.08,1.29,,N,
768,LIK,XIII,O4b-049,,,Opaline/CCS,0%,,Flake,Complete,,,,,,,,,,,,,,,,,,,,,,Yes,Hertzian,Feather,,,,,,,,,,,,,RECTANGULAR,NotPrepared,No,6.79,2.07,Main,,,,,,,,,,,27.04,27.04,14.21,14.21,4.02,1.72,,N,
769,LIK,XIII,O4b-049,,,Opaline/CCS,40-60%,Cobble,Flake,Complete,,,,,,,,,,,,,,,,,,,,,,Yes,Hertzian,Feather,,,,,,,,,,,,,RECTANGULAR,NotPrepared,No,5.76,2.14,Main,,,,,,,,,,,30.68,30.68,16.22,16.22,5.73,4.09,,N,
770,LIK,XIII,O4b-049,,,Opaline/CCS,0%,,Flake,Complete,,,,,,,,,,,,,,,,,,,,,,Yes,Hertzian,Feather,,,,,,,,,,,,,RECTANGULAR,NotPrepared,No,5.34,2.27,Main,,,,,,,,,,,27.96,27.96,8.4,8.4,3.98,1,,N,
771,LIK,XIII,O4b-049,,,Opaline/CCS,0%,,Flake,Complete,,,,,,,,,,,,,,,,,,,,,,Yes,Hertzian,Feather,,,,,,,,,,,,,TRAPEZOIDAL,NotPrepared,No,27.11,8.81,Main,,,,,,,,,,,24.17,24.17,56.84,43.43,13.14,23.74,Ret,N,
772,LIK,XIII,O4b-049,,,Opaline/CCS,0%,,Flake,Complete,,,,,,,,,,,,,,,,,,,,,,Yes,Hertzian,Feather,,,,,,,,,,,,,RECTANGULAR,NotPrepared,No,4.19,3.65,Main,,,,,,,,,,,47.59,47.59,21.42,21.42,11.43,12.08,Ut,Y,
77,LIK,XV,O5a-057,,,Hornfels,0%,,Flake,Complete,,,,,,,,,,,,,,,,,,,,,,Yes,Hertzian,Feather,,,,,,,,,,,,,TRIANGULAR,NotPrepared,No,12.83,6.6,Main,,,,,,,,,,,21.64,21.64,13.15,13.15,3.72,1.6,,N,
773,LIK,XIII,O4b-049,,,Opaline/CCS,0%,,Flake,Complete,,,,,,,,,,,,,,,,,,,,,,Yes,Bending,Feather,,,,,,,,,,,,,RECTANGULAR,NotPrepared,No,6.04,3.37,Main,,,,,,,,,,,24.52,24.52,20.32,20.32,12.04,5.2,Ut,N,
774,LIK,XIII,O4b-049,,,Opaline/CCS,0%,,Flake,Complete,,,,,,,,,,,,,,,,,,,,,,Yes,Hertzian,Feather,,,,,,,,,,,,,TRIANGULAR,NotPrepared,No,4.68,1.49,Main,,,,,,,,,,,26.57,26.57,29.34,24.08,4.42,4.31,,N,
775,LIK,XIII,O4b-049,,,Opaline/CCS,0%,,Flake,Mesial,,,,,,,,,,,,,,,,,,,,,,,,,,,,,,,,,,,,,RECTANGULAR,,,,,,,,,,,,,,,,21.7,,20.89,,5.5,3.54,Ut,N,
776,LIK,XIII,O4b-049,,,Opaline/CCS,0%,,Flake,Complete,,,,,,,,,,,,,,,,,,,,,,Yes,Hertzian,Feather,,,,,,,,,,,,,OVAL,NotPrepared,No,13.56,4.99,Main,,,,,,,,,,,19.5,19.5,21.55,21.55,4.63,2.24,,N,
777,LIK,XIII,O4b-049,,,Opaline/CCS,0%,,Flake,Complete,,,,,,,,,,,,,,,,,,,,,,Yes,Hertzian,Hinge,,,,,,,,,,,,,OVAL,NotPrepared,No,10.09,3.75,Main,,,,,,,,,,,19.62,19.62,22.13,22.13,4.68,2.6,,N,
778,LIK,XIII,O4b-049,,,Opaline/CCS,0%,,Flake,Distal,,,,,,,,,,,,,,,,,,,,,,,,Feather,,,,,,,,,,,,,RECTANGULAR,,,,,,,,,,,,,,,,13.34,,5.01,,0.69,0.07,,N,
779,LIK,XIII,O4b-049,,,Opaline/CCS,0%,,Flake,Complete,,,,,,,,,,,,,,,,,,,,,,Yes,Hertzian,Feather,,,,,,,,,,,,,TRIANGULAR,NotPrepared,No,6.79,2.88,Main,,,,,,,,,,,32.49,32.49,15.48,12.23,4.6,1.86,Ut,Y,
780,LIK,XIII,O4b-049,,,Opaline/CCS,0%,,Flake,Complete,,,,,,,,,,,,,,,,,,,,,,Yes,Hertzian,Feather,,,,,,,,,,,,,TRIANGULAR,NotPrepared,No,6.43,1.89,Main,,,,,,,,,,,14.07,14.07,20.31,13.12,2.36,0.62,,N,
781,LIK,XIII,O4b-049,,,Opaline/CCS,0%,,Flake,Complete,,,,,,,,,,,,,,,,,,,,,,Yes,Hertzian,Feather,,,,,,,,,,,,,TRIANGULAR,NotPrepared,No,9.28,4.58,Main,,,,,,,,,,,38.12,38.12,20.35,16.72,3.22,2.89,,N,
782,LIK,XIII,O4b-049,,,Opaline/CCS,0%,,Flake,Complete,,,,,,,,,,,,,,,,,,,,,,Yes,Hertzian,Feather,,,,,,,,,,,,,RECTANGULAR,NotPrepared,No,4.28,2.38,Main,,,,,,,,,,,23.52,23.52,26.37,23.51,6.36,4.94,,N,
78,LIK,XV,O5a-057,,,Hornfels,0%,,Flake,Complete,,,,,,,,,,,,,,,,,,,,,,Yes,Bending,Feather,,,,,,,,,,,,,TRIANGULAR,NotPrepared,No,30.63,12.59,Main,,,,,,,,,,,26.96,26.96,30.4,30.4,7.57,4.63,,N,
783,LIK,XIII,O4b-049,,,Opaline/CCS,0%,,Flake,Complete,,,,,,,,,,,,,,,,,,,,,,Yes,Bending,Feather,,,,,,,,,,,,,RECTANGULAR,NotPrepared,No,10.81,2.14,Main,,,,,,,,,,,18.88,18.88,12.8,10.85,4.47,1.26,,N,
784,LIK,XIII,O4b-049,,,Opaline/CCS,0%,,Flake,Proximal,,,,,,,,,,,,,,,,,,,,,,Yes,Hertzian,,,,,,,,,,,,,,TRAPEZOIDAL,NotPrepared,No,3.42,2.09,,,,,,,,,,,,6.6,,19.21,,2.85,0.36,,N,
785,LIK,XIII,O4b-049,,,Opaline/CCS,0%,,Flake,Distal,,,,,,,,,,,,,,,,,,,,,,,,Feather,,,,,,,,,,,,,RECTANGULAR,,,,,,,,,,,,,,,,15.98,,16.77,,2.55,0.88,,N,
786,LIK,XIII,O4b-049,,,Opaline/CCS,0%,,Flake,Complete,,,,,,,,,,,,,,,,,,,,,,Yes,Hertzian,Feather,,,,,,,,,,,,,RECTANGULAR,NotPrepared,No,15.71,9.26,Main,,,,,,,,,,,23.45,21.67,18.36,18.36,5.84,4.82,,N,
787,LIK,XIII,O4b-049,,,Opaline/CCS,0%,,Flake,Complete,,,,,,,,,,,,,,,,,,,,,,Yes,Hertzian,Feather,,,,,,,,,,,,,RECTANGULAR,NotPrepared,No,1.51,0.82,Main,,,,,,,,,,,13.55,13.55,4.01,4.01,1.17,0.06,,N,
788,LIK,XIII,O4b-049,,,Opaline/CCS,0%,,Flake,Proximal,,,,,,,,,,,,,,,,,,,,,,Yes,Hertzian,,,,,,,,,,,,,,RECTANGULAR,NotPrepared,No,9.16,3.37,,,,,,,,,,,,16.35,,12.87,,3.33,1.13,,N,
789,LIK,XIII,O4b-049,,,Opaline/CCS,0%,,Flake,Complete,,,,,,,,,,,,,,,,,,,,,,Yes,Hertzian,Feather,,,,,,,,,,,,,RECTANGULAR,NotPrepared,No,4.75,3.18,Main,,,,,,,,,,,16.56,16.56,15.78,15.78,4.3,1.08,Ret,N,
790,LIK,XIII,O4b-049,,,Opaline/CCS,0%,,Flake,Complete,,,,,,,,,,,,,,,,,,,,,,Yes,Hertzian,Feather,,,,,,,,,,,,,RECTANGULAR,NotPrepared,No,5.1,2.38,Main,,,,,,,,,,,23.38,23.38,7.73,7.73,2.67,0.45,,N,
791,LIK,XIII,O4b-049,,,Opaline/CCS,0%,,Flake,Complete,,,,,,,,,,,,,,,,,,,,,,Yes,Hertzian,Feather,,,,,,,,,,,,,TRIANGULAR,Indeterminate,No,4.61,0.77,Main,,,,,,,,,,,18.74,18.74,8.8,7.59,2.03,0.36,,Y,
792,LIK,XIII,O4b-049,,,Opaline/CCS,0%,,Flake,Complete,,,,,,,,,,,,,,,,,,,,,,Yes,Hertzian,Feather,,,,,,,,,,,,,RECTANGULAR,FacetWithBulb,No,7.4,2.96,Main,,,,,,,,,,,13.17,13.17,13.17,13.17,2.89,0.61,,N,
79,LIK,XV,O5a-057,,,Hornfels,0%,,Flake,Complete,,,,,,,,,,,,,,,,,,,,,,Yes,Bending,Feather,,,,,,,,,,,,,RECTANGULAR,NotPrepared,No,14.29,9.71,Main,,,,,,,,,,,28.79,28.79,11.8,11.8,5.26,3.73,,Y,
793,LIK,XIII,O4b-049,,,Opaline/CCS,0%,,Flake,Complete,,,,,,,,,,,,,,,,,,,,,,Yes,Hertzian,Hinge,,,,,,,,,,,,,RECTANGULAR,NotPrepared,No,7.34,2.48,Main,,,,,,,,,,,19.07,19.07,11.66,11.66,3.41,1.08,,N,
794,LIK,XIII,O4b-049,,,Opaline/CCS,0%,,Flake,Complete,,,,,,,,,,,,,,,,,,,,,,Yes,Hertzian,Feather,,,,,,,,,,,,,TRIANGULAR,NotPrepared,No,18.78,5.08,Main,,,,,,,,,,,16.43,6.43,22.22,16,4.82,1.5,,N,
795,LIK,XIII,O4b-049,,,Opaline/CCS,0%,,Flake,Complete,,,,,,,0,,0,0,0,0,0,0,0,0,0,0,0,0,0,Yes,Hertzian,Feather,,0,0,0,0,0,0,0,0,0,0,0,TRIANGULAR,NotPrepared,No,4.79,1.37,Main,,,,,0,0,0,0,0,0,24.54,15.33,14.38,10.76,2.47,0.87,Ret,N,
796,LIK,XIII,O4b-049,,,Opaline/CCS,0%,,Flake,Complete,,,,,,,,,,,,,,,,,,,,,,Yes,Hertzian,Feather,,,,,,,,,,,,,KITE,NotPrepared,No,11.24,3.63,Main,,,,,,,,,,,20.48,20.48,19.62,19.62,1.71,1.05,,N,
797,LIK,XIII,O4b-049,,,Opaline/CCS,0%,,Flake,Complete,,,,,,,,,,,,,,,,,,,,,,Yes,Hertzian,Feather,,,,,,,,,,,,,RECTANGULAR,NotPrepared,No,10.11,2.13,Main,,,,,,,,,,,13.12,13.12,17.7,17.7,2.84,0.7,,N,
798,LIK,XIII,O4b-049,,,Opaline/CCS,0%,,Flake,Distal,,,,,,,,,,,,,,,,,,,,,,,,Feather,,,,,,,,,,,,,RECTANGULAR,,,,,,,,,,,,,,,,19.85,,8.23,,2.89,0.48,,N,
799,LIK,XIII,O4b-049,,,Opaline/CCS,0%,,Flake,Complete,,,,,,,,,,,,,,,,,,,,,,Yes,Hertzian,Feather,,,,,,,,,,,,,RECTANGULAR,ResidualFacetWithBulb,No,9.77,2.67,Main,,,,,,,,,,,10.94,10.94,11.92,11.92,2.36,0.48,,N,
800,LIK,XIII,O4b-049,,,Opaline/CCS,0%,,Flake,Complete,,,,,,,,,,,,,,,,,,,,,,Yes,Hertzian,Feather,,,,,,,,,,,,,TRIANGULAR,NotPrepared,No,4.64,2.3,Main,,,,,,,,,,,14.54,14.54,14.85,11.27,2.34,0.52,,N,
801,LIK,XIII,O4b-049,,,Opaline/CCS,0%,,Flake,Complete,,,,,,,,,,,,,,,,,,,,,,Yes,Hertzian,Feather,,,,,,,,,,,,,TRIANGULAR,NotPrepared,No,3.76,1.46,Main,,,,,,,,,,,21.24,18.6,13.81,7.58,1.52,0.38,,N,
802,LIK,XIII,O4b-049,,,Opaline/CCS,0%,,Flake,Complete,,,,,,,,,,,,,,,,,,,,,,Yes,Hertzian,Feather,,,,,,,,,,,,,RHOMBUS,NotPrepared,No,3.77,1.35,Main,,,,,,,,,,,11.04,11.04,15.62,12.63,2.03,0.32,,N,
8,LIK,XV,O5c-057,,,Opaline/CCS,0%,,Flake,Complete,,,,,,,,,,,,,,,,,,,,,,Yes,Hertzian,Feather,,,,,,,,,,,,,RECTANGULAR,NotPrepared,No,13.47,7.31,Main,,,,,,,,,,,25.65,20.45,17.42,17.4,9.56,3.61,,N,
80,LIK,XV,O5a-057,,,Hornfels,0%,,Flake,Complete,,,,,,,,,,,,,,,,,,,,,,Yes,Hertzian,Feather,,,,,,,,,,,,,RECTANGULAR,NotPrepared,No,7.28,1.39,Main,,,,,,,,,,,13.05,13.05,12.56,12.56,1.67,0.32,,N,
803,LIK,XIII,O4b-049,,,Opaline/CCS,0%,,Flake,Complete,,,,,,,,,,,,,,,,,,,,,,Yes,Hertzian,Feather,,,,,,,,,,,,,OVAL,NotPrepared,No,7.24,1.51,Main,,,,,,,,,,,23.78,23.78,17.79,17.79,2.88,1.95,Ret,N,
804,LIK,XIII,O4b-049,,,Opaline/CCS,0%,,Flake,Distal,,,,,,,,,,,,,,,,,,,,,,,,Feather,,,,,,,,,,,,,TRIANGULAR,,,,,,,,,,,,,,,,18.86,,12.46,,5.41,1.19,,N,
805,LIK,XIII,O4b-049,,,Opaline/CCS,0%,,Flake,Complete,,,,,,,,,,,,,,,,,,,,,,Yes,Hertzian,Feather,,,,,,,,,,,,,TRAPEZOIDAL,NotPrepared,No,4.4,1.51,Main,,,,,,,,,,,10.25,10.25,15.14,11.8,1.71,0.34,,N,
806,LIK,XIII,O4b-049,,,Opaline/CCS,0%,,Flake,Complete,,,,,,,,,,,,,,,,,,,,,,Yes,Hertzian,Feather,,,,,,,,,,,,,OVAL,NotPrepared,No,4.91,1.07,Main,,,,,,,,,,,10.37,10.37,14.63,14.63,1.45,0.2,,N,
807,LIK,XIII,O4b-049,,,Opaline/CCS,0%,,Flake,Distal,,,,,,,,,,,,,,,,,,,,,,,,Feather,,,,,,,,,,,,,RECTANGULAR,,,,,,,,,,,,,,,,17,,11.72,,2.31,0.52,,N,
808,LIK,XIII,O4b-049,,,Opaline/CCS,0%,,Flake,Complete,,,,,,,,,,,,,,,,,,,,,,Yes,Hertzian,Feather,,,,,,,,,,,,,RECTANGULAR,NotPrepared,No,6.74,1.88,Main,,,,,,,,,,,14.96,14.96,11.6,10.24,1.93,0.52,,N,
809,LIK,XIII,O4b-049,,,Opaline/CCS,0%,,Flake,Proximal,,,,,,,,,,,,,,,,,,,,,,Yes,Hertzian,,,,,,,,,,,,,,RECTANGULAR,FacetWithBulb,No,5.64,2.9,,,,,,,,,,,,12.65,,13.04,,3.31,0.6,,N,
810,LIK,XIII,O4b-049,,,Opaline/CCS,0%,,Flake,Complete,,,,,,,,,,,,,,,,,,,,,,Yes,Hertzian,Hinge,,,,,,,,,,,,,RECTANGULAR,Indeterminate,No,2.55,0.37,Main,,,,,,,,,,,12.06,12.06,5.8,5.8,1.28,0.13,,N,
811,LIK,XIII,O4b-049,,,Opaline/CCS,0%,,Flake,Complete,,,,,,,,,,,,,,,,,,,,,,Yes,Hertzian,Feather,,,,,,,,,,,,,RECTANGULAR,NotPrepared,No,13.09,2.8,Main,,,,,,,,,,,15.5,15.5,15.8,15.8,6.35,1.82,,N,
812,LIK,XIII,O4b-049,,,Opaline/CCS,0%,,Flake,Complete,,,,,,,,,,,,,,,,,,,,,,Yes,Hertzian,Feather,,,,,,,,,,,,,TRIANGULAR,NotPrepared,No,6.7,1.26,Main,,,,,,,,,,,11.99,8.86,15.28,12.67,1.94,0.29,,N,
81,LIK,XV,O5a-057,,,Hornfels,0%,,Flake,Complete,,,,,,,,,,,,,,,,,,,,,,Yes,Hertzian,Feather,,,,,,,,,,,,,RECTANGULAR,NotPrepared,No,3.82,0.89,Main,,,,,,,,,,,13.66,13.66,7.58,7.58,1.4,0.17,,N,
813,LIK,XIII,O4b-049,,,Opaline/CCS,0%,,Flake,Proximal,,,,,,,,,,,,,,,,,,,,,,Yes,Hertzian,,,,,,,,,,,,,,RECTANGULAR,NotPrepared,No,8.09,3.58,,,,,,,,,,,,14.02,,11.58,,3.19,0.72,,N,
814,LIK,XIII,O4b-049,,,Opaline/CCS,0%,,Flake,Proximal,,,,,,,0,,0,0,0,0,0,0,0,0,0,0,0,0,0,Yes,Hertzian,,,0,0,0,0,0,0,0,0,0,0,0,RECTANGULAR,NotPrepared,No,13.73,4.82,,,,,,0,0,0,0,0,0,13.11,0,21.43,0,5.38,1.51,Ut,N,
815,LIK,XIII,O4b-049,,,Opaline/CCS,0%,,Flake,Complete,,,,,,,,,,,,,,,,,,,,,,Yes,Hertzian,Feather,,,,,,,,,,,,,OVAL,NotPrepared,No,3.1,1.1,Main,,,,,,,,,,,14.48,14.48,12.54,10.47,2.05,0.37,,N,
816,LIK,XIII,O4b-049,,,Opaline/CCS,0%,,Flake,Complete,,,,,,,,,,,,,,,,,,,,,,Yes,Hertzian,Feather,,,,,,,,,,,,,TRAPEZOIDAL,NotPrepared,No,4.49,1.59,Main,,,,,,,,,,,19.42,19.42,7.93,7.93,4.13,0.56,,N,
817,LIK,XIII,O4b-049,,,Opaline/CCS,0%,,Flake,Mesial,,,,,,,,,,,,,,,,,,,,,,,,,,,,,,,,,,,,,RECTANGULAR,,,,,,,,,,,,,,,,11.48,,12.16,,2.29,0.4,,N,
818,LIK,XIII,O4b-049,,,Opaline/CCS,0%,,Flake,Complete,,,,,,,,,,,,,,,,,,,,,,Yes,Hertzian,Feather,,,,,,,,,,,,,RECTANGULAR,NotPrepared,No,5.11,2.39,Main,,,,,,,,,,,11.79,11.79,8.54,8.54,2.79,0.38,,N,
819,LIK,XIII,O4b-049,,,Opaline/CCS,0%,,Flake,Distal,,,,,,,,,,,,,,,,,,,,,,,,Feather,,,,,,,,,,,,,OVAL,,,,,,,,,,,,,,,,7.61,,12.79,,1.04,0.12,,N,
820,LIK,XIII,O4b-049,,,Opaline/CCS,0%,,Flake,Distal,,,,,,,,,,,,,,,,,,,,,,,,Feather,,,,,,,,,,,,,RECTANGULAR,,,,,,,,,,,,,,,,16.61,,10.27,,2.76,0.78,,N,
821,LIK,XIII,O4b-49,,,Opaline/CCS,0%,,Flake,Mesial,,,,,,,,,,,,,,,,,,,,,,,,,,,,,,,,,,,,,RECTANGULAR,,,,,,,,,,,,,,,,14.97,,10.16,,3.28,0.58,,N,
822,LIK,XIII,O4b-49,,,Opaline/CCS,0%,,Flake,Proximal,,,,,,,,,,,,,,,,,,,,,,Yes,Hertzian,,,,,,,,,,,,,,RECTANGULAR,NotPrepared,No,4.38,1.53,,,,,,,,,,,,17.32,,10.45,,2.32,0.46,,Y,
82,LIK,XV,O5a-057,,,Tuff,0%,,Flake,Complete,,,,,,,,,,,,,,,,,,,,,,Yes,Bending,Feather,,,,,,,,,,,,,RECTANGULAR,NotPrepared,No,7.51,3.16,Main,,,,,,,,,,,14.24,14.24,11.46,11.46,1.4,0.22,,N,
823,LIK,XIII,O4b-49,,,Opaline/CCS,0%,,Flake,Complete,,,,,,,,,,,,,,,,,,,,,,Yes,Hertzian,Feather,,,,,,,,,,,,,TRIANGULAR,NotPrepared,No,5.63,2.13,Main,,,,,,,,,,,15.95,15.95,10.44,8.92,2.77,0.5,Ut,Y,
824,LIK,XIII,O4b-49,,,Opaline/CCS,0%,,Flake,Complete,,,,,,,,,,,,,,,,,,,,,,Yes,Hertzian,Feather,,,,,,,,,,,,,RECTANGULAR,NotPrepared,No,6.16,1.55,Main,,,,,,,,,,,16.03,16.03,16.06,15.36,3.92,1.08,,N,
825,LIK,XIII,O4b-49,,,Opaline/CCS,0%,,Flake,Complete,,,,,,,,,,,,,,,,,,,,,,Yes,Hertzian,Feather,,,,,,,,,,,,,RECTANGULAR,NotPrepared,No,3.45,1.4,Main,,,,,,,,,,,22.35,22.35,8.54,7.55,1.94,0.46,,N,
826,LIK,XIII,O4b-49,,,Opaline/CCS,0%,,Flake,Complete,,,,,,,,,,,,,,,,,,,,,,Yes,Hertzian,Feather,,,,,,,,,,,,,TRAPEZOIDAL,NotPrepared,No,14.45,5.61,Main,,,,,,,,,,,12.83,12.83,16.21,12.73,3.88,0.85,,N,
827,LIK,XIII,O4b-49,,,Opaline/CCS,0%,,Flake,Complete,,,,,,,,,,,,,,,,,,,,,,Yes,Hertzian,Feather,,,,,,,,,,,,,RECTANGULAR,NotPrepared,No,9.47,6.7,Main,,,,,,,,,,,11.86,11.86,18.1,18.1,5.66,1.74,,N,
828,LIK,XIII,O4b-49,,,Opaline/CCS,0%,,Flake,Complete,,,,,,,,,,,,,,,,,,,,,,Yes,Hertzian,Feather,,,,,,,,,,,,,OVAL,NotPrepared,No,3.28,1.97,Main,,,,,,,,,,,12.05,8.95,8.52,8.52,1.52,0.19,,N,
829,LIK,XIII,O4b-49,,,Opaline/CCS,0%,,Flake,Complete,,,,,,,,,,,,,,,,,,,,,,Yes,Hertzian,Feather,,,,,,,,,,,,,TRIANGULAR,NotPrepared,No,4.8,2.37,Main,,,,,,,,,,,13.49,13.49,8.77,8.77,1.51,0.26,Ut,N,
830,LIK,XIII,O4b-49,,,Opaline/CCS,0%,,Flake,Distal,,,,,,,,,,,,,,,,,,,,,,,,Feather,,,,,,,,,,,,,TRIANGULAR,,,,,,,,,,,,,,,,14.44,,11.07,,5.35,0.45,,N,
831,LIK,XIII,O4b-49,,,Opaline/CCS,0%,,Flake,Complete,,,,,,,,,,,,,,,,,,,,,,Yes,Hertzian,Feather,,,,,,,,,,,,,RECTANGULAR,NotPrepared,No,4.72,1.48,Main,,,,,,,,,,,10.17,10.17,12.2,12.2,2.25,0.35,,N,
832,LIK,XIII,O4b-49,,,Opaline/CCS,0%,,Flake,Complete,,,,,,,,,,,,,,,,,,,,,,Yes,Hertzian,Feather,,,,,,,,,,,,,RECTANGULAR,NotPrepared,No,7.37,1.18,Main,,,,,,,,,,,6.94,6.94,14.89,14.89,1.47,0.19,,N,
83,LIK,XV,O5a-057,,,Tuff,0%,,Flake,Complete,,,,,,,,,,,,,,,,,,,,,,Yes,Hertzian,Feather,,,,,,,,,,,,,RECTANGULAR,NotPrepared,No,16.83,2.08,Main,,,,,,,,,,,10.7,10.7,18.23,18.23,2.42,0.7,,N,
833,LIK,XIII,O4b-49,,,Opaline/CCS,0%,,Flake,Complete,,,,,,,,,,,,,,,,,,,,,,Yes,Hertzian,Feather,,,,,,,,,,,,,OVAL,NotPrepared,No,4.28,0.89,Main,,,,,,,,,,,10.13,10.13,11.95,11.95,2.24,0.27,,N,
834,LIK,XIII,O4b-49,,,Opaline/CCS,0%,,Flake,Complete,,,,,,,,,,,,,,,,,,,,,,Yes,Bending,Feather,,,,,,,,,,,,,RECTANGULAR,NotPrepared,No,5.27,1.2,Main,,,,,,,,,,,14.45,14.45,10.01,7.39,1.51,0.25,,N,
835,LIK,XIII,O4b-49,,,Opaline/CCS,0%,,Flake,Complete,,,,,,,,,,,,,,,,,,,,,,Yes,Hertzian,Feather,,,,,,,,,,,,,TRIANGULAR,NotPrepared,No,7.7,2.5,Main,,,,,,,,,,,12.6,6.51,14.8,12.04,1.77,0.25,,N,
836,LIK,XIII,O4b-49,,,Opaline/CCS,0%,,Flake,Complete,,,,,,,,,,,,,,,,,,,,,,Yes,Hertzian,Feather,,,,,,,,,,,,,RECTANGULAR,FacetWithBulb,No,11.47,3.58,Main,,,,,,,,,,,10.7,10.7,14.48,9.96,2.29,0.52,,N,
837,LIK,XIII,O4b-49,,,Opaline/CCS,0%,,Flake,Complete,,,,,,,,,,,,,,,,,,,,,,Yes,Hertzian,Feather,,,,,,,,,,,,,RECTANGULAR,NotPrepared,No,8.41,4.39,Main,,,,,,,,,,,19.7,19.7,13.77,13.77,4.11,1.68,,N,
838,LIK,XIII,O4b-49,,,Opaline/CCS,0%,,Flake,Complete,,,,,,,,,,,,,,,,,,,,,,Yes,Hertzian,Feather,,,,,,,,,,,,,RECTANGULAR,NotPrepared,No,6.03,2.67,Main,,,,,,,,,,,11.38,11.38,9.21,6.65,1.55,0.2,,N,
839,LIK,XIII,O4b-49,,,Opaline/CCS,0%,,Flake,Complete,,,,,,,,,,,,,,,,,,,,,,Yes,Hertzian,Feather,,,,,,,,,,,,,TRIANGULAR,NotPrepared,No,5.05,1.86,Main,,,,,,,,,,,16.6,16.6,6.5,6.5,2.6,0.24,,N,
840,LIK,XIII,O4b-49,,,Opaline/CCS,0%,,Flake,Complete,,,,,,,,,,,,,,,,,,,,,,Yes,Hertzian,Feather,,,,,,,,,,,,,RECTANGULAR,NotPrepared,No,4.29,1.44,Main,,,,,,,,,,,10.9,10.9,15.05,15.05,1.5,0.27,Ut,N,
841,LIK,XIII,O4b-49,,,Opaline/CCS,0%,,Flake,Complete,,,,,,,,,,,,,,,,,,,,,,Yes,Hertzian,Feather,,,,,,,,,,,,,KITE,NotPrepared,No,5.37,3.07,Main,,,,,,,,,,,11,11,12.45,12.45,1.65,0.27,,N,
842,LIK,XIII,O4b-49,,,Opaline/CCS,0%,,Flake,Complete,,,,,,,,,,,,,,,,,,,,,,Yes,Hertzian,Feather,,,,,,,,,,,,,RECTANGULAR,NotPrepared,No,5.43,1.73,Main,,,,,,,,,,,9.4,9.4,18.15,14.31,2.02,0.47,,N,
84,LIK,XV,O5a-057,,,Tuff,0%,,Flake,Complete,,,,,,,,,,,,,,,,,,,,,,Yes,Hertzian,Feather,,,,,,,,,,,,,RECTANGULAR,NotPrepared,No,5.4,1.38,Main,,,,,,,,,,,17.26,17.26,12.95,12.95,2,0.51,,N,
843,LIK,XIII,O4b-49,,,Opaline/CCS,0%,,Flake,Complete,,,,,,,,,,,,,,,,,,,,,,Yes,Hertzian,Hinge,,,,,,,,,,,,,TRIANGULAR,NotPrepared,No,3.71,1.77,Main,,,,,,,,,,,11.08,11.08,17.44,17.44,2,0.5,,N,
844,LIK,XIII,O4b-49,,,Opaline/CCS,0%,,Flake,Complete,,,,,,,,,,,,,,,,,,,,,,Yes,Hertzian,Feather,,,,,,,,,,,,,TRIANGULAR,NotPrepared,No,5.18,2.65,Main,,,,,,,,,,,13.02,13.02,8.17,6.44,3.17,0.38,,N,
845,LIK,XIII,O4b-49,,,Opaline/CCS,0%,,Flake,Complete,,,,,,,,,,,,,,,,,,,,,,Yes,Hertzian,Feather,,,,,,,,,,,,,RHOMBUS,NotPrepared,No,5.19,1.1,Main,,,,,,,,,,,8.51,8.51,14.22,10.81,1.18,0.15,,N,
846,LIK,XIII,O4b-49,,,Opaline/CCS,0%,,Flake,Complete,,,,,,,,,,,,,,,,,,,,,,Yes,Hertzian,Feather,,,,,,,,,,,,,TRIANGULAR,NotPrepared,No,5.47,0.99,Main,,,,,,,,,,,14.26,14.26,8.35,6.57,1.52,0.2,,N,
847,LIK,XIII,O4b-49,,,Opaline/CCS,0%,,Flake,Complete,,,,,,,,,,,,,,,,,,,,,,Yes,Hertzian,Feather,,,,,,,,,,,,,RECTANGULAR,NotPrepared,No,4.53,1.24,Main,,,,,,,,,,,17.13,17.13,9.45,9.45,1.6,0.25,,N,
848,LIK,XIII,O4b-49,,,Opaline/CCS,1-10%,Cobble,Flake,Complete,,,,,,,,,,,,,,,,,,,,,,Yes,Hertzian,Feather,,,,,,,,,,,,,TRIANGULAR,NotPrepared,No,7.74,3.77,Main,,,,,,,,,,,13.14,13.14,9.57,7.06,3.42,0.46,,N,
849,LIK,XIII,O4b-49,,,Opaline/CCS,0%,,Flake,Complete,,,,,,,,,,,,,,,,,,,,,,Yes,Hertzian,Feather,,,,,,,,,,,,,RECTANGULAR,NotPrepared,No,4.97,2.6,Main,,,,,,,,,,,14.97,14.97,5.97,5.97,1.58,0.17,,N,
850,LIK,XIII,O4b-49,,,Opaline/CCS,0%,,Flake,Complete,,,,,,,,,,,,,,,,,,,,,,Yes,Bending,Feather,,,,,,,,,,,,,RECTANGULAR,NotPrepared,No,9.38,2.59,Main,,,,,,,,,,,6.18,6.18,13.83,13.83,1.85,0.2,,N,
851,LIK,XIII,O4b-49,,,Opaline/CCS,0%,,Flake,Mesial,,,,,,,,,,,,,,,,,,,,,,,,,,,,,,,,,,,,,RECTANGULAR,,,,,,,,,,,,,,,,7.43,,11.74,,1.31,0.21,,N,
852,LIK,XIII,O4b-49,,,Opaline/CCS,0%,,Flake,Complete,,,,,,,,,,,,,,,,,,,,,,Yes,Hertzian,Feather,,,,,,,,,,,,,RECTANGULAR,NotPrepared,No,3.15,0.95,Main,,,,,,,,,,,11.48,11.48,5.1,5.1,1.36,0.13,,N,
85,LIK,XV,O5a-057,,,Tuff,0%,,Flake,Complete,,,,,,,,,,,,,,,,,,,,,,Yes,Hertzian,Feather,,,,,,,,,,,,,TRIANGULAR,NotPrepared,No,8.66,1.29,Main,,,,,,,,,,,12.59,12.59,14.11,14.11,1.86,0.4,,N,
853,LIK,XIII,O4b-49,,,Opaline/CCS,0%,,Flake,Proximal,,,,,,,,,,,,,,,,,,,,,,Yes,Hertzian,,,,,,,,,,,,,,RECTANGULAR,NotPrepared,No,3.44,0.5,,,,,,,,,,,,11.2,,5.15,,1.56,0.1,,N,
854,LIK,XIII,O4b-49,,,Opaline/CCS,0%,,Flake,Complete,,,,,,,,,,,,,,,,,,,,,,Yes,Hertzian,Feather,,,,,,,,,,,,,TRAPEZOIDAL,NotPrepared,No,5.81,3.44,Main,,,,,,,,,,,7.35,7.35,10.8,8.53,2.48,0.26,,N,
855,LIK,XIII,O4b-49,,,Opaline/CCS,0%,,Flake,Proximal,,,,,,,,,,,,,,,,,,,,,,Yes,Hertzian,,,,,,,,,,,,,,RECTANGULAR,NotPrepared,No,2.99,0.85,,,,,,,,,,,,7.35,,11.78,,1.14,0.15,,N,
856,LIK,XIII,O4b-49,,,Opaline/CCS,0%,,Flake,Complete,,,,,,,,,,,,,,,,,,,,,,Yes,Hertzian,Feather,,,,,,,,,,,,,TRIANGULAR,NotPrepared,No,6.8,1.17,Main,,,,,,,,,,,14.22,14.22,12.63,9.06,1.63,0.27,,N,
857,LIK,XIII,O4b-49,,,Opaline/CCS,0%,,Flake,Distal,,,,,,,,,,,,,,,,,,,,,,,,Feather,,,,,,,,,,,,,TRIANGULAR,,,,,,,,,,,,,,,,14,,8.64,,1.27,0.18,,N,
858,LIK,XIII,O4b-49,,,Hornfels,0%,,Flake,Complete,,,,,,,,,,,,,,,,,,,,,,Yes,Bending,Feather,,,,,,,,,,,,,OVAL,NotPrepared,No,5.12,1.13,Main,,,,,,,,,,,13.43,13.43,9.72,9.72,2.11,0.33,,N,
859,LIK,XIII,O4b-49,,,Hornfels,0%,,Flake,Proximal,,,,,,,,,,,,,,,,,,,,,,Yes,Hertzian,,,,,,,,,,,,,,TRAPEZOIDAL,NotPrepared,No,5.67,2.71,,,,,,,,,,,,10.76,,13.31,,2.91,0.52,,N,
860,LIK,XIII,O4b-49,,,Hornfels,0%,,Flake,Complete,,,,,,,,,,,,,,,,,,,,,,Yes,Hertzian,Feather,,,,,,,,,,,,,RECTANGULAR,NotPrepared,No,2.31,1.02,Main,,,,,,,,,,,15.85,15.85,7.74,7.74,1.84,0.29,,N,
861,LIK,XIII,O4b-49,,,Hornfels,0%,,Flake,Complete,,,,,,,,,,,,,,,,,,,,,,Yes,Bending,Feather,,,,,,,,,,,,,TRIANGULAR,NotPrepared,No,11.82,5.05,Main,,,,,,,,,,,21.14,21.14,12.9,8.27,3.01,1,,N,
862,LIK,XIII,O4b-49,,,Hornfels,0%,,Flake,Complete,,,,,,,,,,,,,,,,,,,,,,Yes,Hertzian,Feather,,,,,,,,,,,,,RECTANGULAR,NotPrepared,No,3.56,1.25,Main,,,,,,,,,,,14.05,12.84,13.36,11.76,2.98,0.59,,N,
86,LIK,XV,O5a-057,,,Tuff,0%,,Flake,Complete,,,,,,,,,,,,,,,,,,,,,,Yes,Hertzian,Feather,,,,,,,,,,,,,RECTANGULAR,NotPrepared,No,6.13,2.13,Main,,,,,,,,,,,11.54,11.54,13.66,13.66,2.8,0.61,,N,
863,LIK,XIII,O4b-49,,,Hornfels,0%,,Flake,Proximal,,,,,,,,,,,,,,,,,,,,,,Yes,Hertzian,,,,,,,,,,,,,,RECTANGULAR,NotPrepared,No,4.41,1.31,,,,,,,,,,,,14.76,,16.63,,2.43,0.83,,N,
864,LIK,XIII,O4b-49,,,Hornfels,0%,,Flake,Complete,,,,,,,,,,,,,,,,,,,,,,Yes,Hertzian,Feather,,,,,,,,,,,,,OVAL,NotPrepared,No,11.3,3,Main,,,,,,,,,,,13.24,13.24,22.06,18.38,3.24,0.91,,N,
865,LIK,XIII,O4b-49,,,Hornfels,0%,,Flake,Complete,,,,,,,,,,,,,,,,,,,,,,Yes,Hertzian,Feather,,,,,,,,,,,,,RECTANGULAR,NotPrepared,No,17.6,4.68,Main,,,,,,,,,,,17.54,12.88,24.69,24.69,2,1.08,,N,
866,LIK,XIII,O4b-49,,,Hornfels,0%,,Flake,Proximal,,,,,,,,,,,,,,,,,,,,,,Yes,Hertzian,,,,,,,,,,,,,,RECTANGULAR,NotPrepared,No,1.97,0.91,,,,,,,,,,,,11.38,,6.87,,1.6,0.13,,N,
867,LIK,XIII,O4b-49,,,Hornfels,0%,,Flake,Complete,,,,,,,,,,,,,,,,,,,,,,Yes,Hertzian,Feather,,,,,,,,,,,,,RECTANGULAR,NotPrepared,No,5.71,3,Main,,,,,,,,,,,19.85,19.85,8.19,8.19,3.85,0.82,,N,
868,LIK,XIII,O4b-49,,,Hornfels,0%,,Flake,Proximal,,,,,,,,,,,,,,,,,,,,,,Yes,Hertzian,,,,,,,,,,,,,,RECTANGULAR,NotPrepared,No,10.07,5.93,,,,,,,,,,,,9.14,,13.36,,13.36,4.3,0.72,Y,
869,LIK,XIII,O4b-49,,,Hornfels,0%,,Flake,Complete,,,,,,,,,,,,,,,,,,,,,,Yes,Hertzian,Hinge,,,,,,,,,,,,,RECTANGULAR,NotPrepared,No,5.41,0.65,Main,,,,,,,,,,,11.81,11.81,10.74,10.74,2.54,0.38,,N,
870,LIK,XIII,O4b-49,,,Hornfels,0%,,Flake,Distal,,,,,,,,,,,,,,,,,,,,,,Yes,Bending,Feather,,,,,,,,,,,,,RECTANGULAR,NotPrepared,No,8.15,2.72,,,,,,,,,,,,12.37,,17.97,,2.9,0.89,,N,
871,LIK,XIII,O4b-49,,,Hornfels,0%,,Flake,Proximal,,,,,,,,,,,,,,,,,,,,,,Yes,Hertzian,,,,,,,,,,,,,,RECTANGULAR,NotPrepared,No,6.18,1.52,,,,,,,,,,,,22.05,,14.11,,2.68,1.26,,N,
872,LIK,XIII,O4b-49,,,Hornfels,0%,,Flake,Distal,,,,,,,,,,,,,,,,,,,,,,,,Feather,,,,,,,,,,,,,TRAPEZOIDAL,,,,,,,,,,,,,,,,19.65,,30.18,,5.25,3.51,,N,
87,LIK,XV,O5a-057,,,Quartzite,1-10%,Outcrop,Flake,Proximal,,,,,,,,,,,,,,,,,,,,,,Yes,Hertzian,,,,,,,,,,,,,,RECTANGULAR,NotPrepared,No,10.05,3.11,,,,,,,,,,,,29.67,,17.27,,4.76,4.23,,N,
873,LIK,XIII,O4b-49,,,Hornfels,0%,,Flake,Complete,,,,,,,,,,,,,,,,,,,,,,Yes,Bending,Feather,,,,,,,,,,,,,RECTANGULAR,NotPrepared,No,19.8,4.12,Main,,,,,,,,,,,19.06,19.06,30.93,30.93,4.84,3.4,874,Y,
874,LIK,XIII,O4b-49,,,Hornfels,0%,,Flake,Complete,,,,,,,,,,,,,,,,,,,,,,Yes,Hertzian,Hinge,,,,,,,,,,,,,RECTANGULAR,NotPrepared,No,19.52,5.53,Main,,,,,,,,,,,23.55,23.55,25.69,21.48,6.04,4.74,,N,
875,LIK,XIII,O4b-49,,,Hornfels,0%,,Flake,Proximal,,,,,,,,,,,,,,,,,,,,,,Yes,Hertzian,,,,,,,,,,,,,,RECTANGULAR,NotPrepared,No,19.37,7.54,,,,,,,,,,,,23.22,,19.65,,7.67,7,,N,
876,LIK,XIII,O4b-49,,,Hornfels,40-60%,Cobble,Flake,Complete,,,,,,,,,,,,,,,,,,,,,,Yes,Bending,Feather,,,,,,,,,,,,,OVAL,NotPrepared,No,5.68,1.49,Main,,,,,,,,,,,49.99,49.99,23.87,23.87,3.88,5.91,,N,
877,LIK,XIII,O4b-49,,,Hornfels,0%,,Flake,Complete,,,,,,,,,,,,,,,,,,,,,,Yes,Hertzian,Feather,,,,,,,,,,,,,RECTANGULAR,NotPrepared,No,8.1,2.69,Main,,,,,,,,,,,28.97,28.97,27.4,27.4,4.35,4.93,,N,
878,LIK,XIII,O4b-49,,,Hornfels,0%,,Flake,Complete,,,,,,,,,,,,,,,,,,,,,,Yes,Hertzian,Feather,,,,,,,,,,,,,TRIANGULAR,NotPrepared,No,24.03,9.18,Main,,,,,,,,,,,51.37,51.37,26.78,26.78,6.48,13.61,Ret,N,
879,LIK,XIII,O4b-49,,,Hornfels,0%,,Flake,Distal,,,,,,,,,,,,,,,,,,,,,,,,Feather,,,,,,,,,,,,,RHOMBUS,,,,,,,,,,,,,,,,47.56,,28.88,,6.04,10.67,,N,
880,LIK,XIII,O4b-49,,,Hornfels,0%,,Flake,Complete,,,,,,,,,,,,,,,,,,,,,,Yes,Hertzian,Feather,,,,,,,,,,,,,TRAPEZOIDAL,NotPrepared,No,11.26,3.87,Main,,,,,,,,,,,43.97,39.01,39.59,30.57,9.63,15.15,Ret; Picture on phone,Y,
881,LIK,XIII,O4b-49,,,Hornfels,0%,,Flake,Complete,,,,,,,,,,,,,,,,,,,,,,Yes,Hertzian,Feather,,,,,,,,,,,,,RHOMBUS,NotPrepared,No,20.55,7.3,Main,,,,,,,,,,,37.37,33.39,25.59,25.59,6.14,9.19,,N,
882,LIK,XIII,O4b-49,,,Hornfels,0%,,Flake,Complete,,,,,,,,,,,,,,,,,,,,,,Yes,Hertzian,Feather,,,,,,,,,,,,,OVAL,NotPrepared,No,22.98,5.34,Main,,,,,,,,,,,35.77,35.77,34.91,34.91,7.61,10.65,,N,
88,LIK,XV,O5a-057,,,Quartzite,0%,,Flake,Complete,,,,,,,,,,,,,,,,,,,,,,Yes,Hertzian,Feather,,,,,,,,,,,,,RECTANGULAR,NotPrepared,No,23.88,7.22,Main,,,,,,,,,,,12.38,12.38,25.46,25.46,4.78,2,,N,
883,LIK,XIII,O4b-49,,,Quartzite,0%,,Flake,Complete,,,,,,,,,,,,,,,,,,,,,,Yes,Hertzian,Feather,,,,,,,,,,,,,RECTANGULAR,NotPrepared,No,4.23,1.48,Main,,,,,,,,,,,12.96,12.96,6.93,6.93,1.65,0.16,,N,
884,LIK,XIII,O4b-49,,,Quartzite,0%,,Flake,Complete,,,,,,,,,,,,,,,,,,,,,,Yes,Hertzian,Feather,,,,,,,,,,,,,RECTANGULAR,NotPrepared,No,9.62,2.91,Main,,,,,,,,,,,6,4.95,13.25,13.25,1.76,0.18,,N,
885,LIK,XIII,O4b-49,,,Quartzite,0%,,Flake,Mesial,,,,,,,,,,,,,,,,,,,,,,,,,,,,,,,,,,,,,RECTANGULAR,,,,,,,,,,,,,,,,6.54,,15.38,,2.37,0.28,,N,
886,LIK,XIII,O4b-49,,,Quartzite,0%,,Flake,Complete,,,,,,,,,,,,,,,,,,,,,,Yes,Hertzian,Feather,,,,,,,,,,,,,TRIANGULAR,NotPrepared,No,2.57,1.44,Main,,,,,,,,,,,15.9,15.9,23.84,23.84,1.88,0.93,,N,
887,LIK,XIII,O4b-49,,,Quartzite,0%,,Flake,Complete,,,,,,,,,,,,,,,,,,,,,,Yes,Hertzian,Hinge,,,,,,,,,,,,,RHOMBUS,NotPrepared,No,10.65,1.37,Main,,,,,,,,,,,13.07,13.07,24.69,20.76,2.52,1.1,,N,
888,LIK,XIII,O4b-49,,,Quartzite,0%,,Flake,Complete,,,,,,,,,,,,,,,,,,,,,,Yes,Bending,Feather,,,,,,,,,,,,,TRIANGULAR,NotPrepared,No,13.13,4.8,Main,,,,,,,,,,,18.77,18.77,17.54,12.53,4.57,1.24,,N,
889,LIK,XIII,O4b-49,,,Quartzite,0%,,Flake,Proximal,,,,,,,,,,,,,,,,,,,,,,Yes,Hertzian,,,,,,,,,,,,,,OVAL,NotPrepared,No,4.74,1.57,,,,,,,,,,,,17.14,,15.82,,2.55,0.79,,N,
890,LIK,XIII,O4b-49,,,Quartzite,0%,,Flake,Complete,,,,,,,,,,,,,,,,,,,,,,Yes,Bending,Feather,,,,,,,,,,,,,TRAPEZOIDAL,NotPrepared,No,12.72,2.95,Main,,,,,,,,,,,6.4,6.4,13.85,12.43,0.94,0.15,,N,
891,LIK,XIII,O4b-49,,,Quartzite,0%,,Flake,Complete,,,,,,,,,,,,,,,,,,,,,,Yes,Hertzian,Feather,,,,,,,,,,,,,TRIANGULAR,NotPrepared,No,3.48,1.86,Main,,,,,,,,,,,12.78,11.46,14.37,11.31,1.49,0.31,,N,
892,LIK,XIII,O4b-49,,,Quartzite,0%,,Flake,Complete,,,,,,,,,,,,,,,,,,,,,,Yes,Hertzian,Feather,,,,,,,,,,,,,TRIANGULAR,NotPrepared,No,3.76,0.91,Main,,,,,,,,,,,13.16,13.16,10.02,7.9,1.7,0.18,,N,
89,LIK,XV,O5a-057,,,Hornfels,0%,,Flake,Complete,,,,,,,,,,,,,,,,,,,,,,Yes,Hertzian,Feather,,,,,,,,,,,,,RECTANGULAR,Indeterminate,No,7.11,1.12,Main,,,,,,,,,,,11.49,11.49,13.74,13.74,1.46,0.34,,N,
893,LIK,XIII,O4b-49,,,Quartzite,0%,,Flake,Proximal,,,,,,,,,,,,,,,,,,,,,,Yes,Hertzian,,,,,,,,,,,,,,RECTANGULAR,NotPrepared,No,6.76,1.21,,,,,,,,,,,,7.48,,14.33,,1.35,0.21,,N,
894,LIK,XIII,O4b-49,,,Quartzite,0%,,Flake,Complete,,,,,,,,,,,,,,,,,,,,,,Yes,Hertzian,Feather,,,,,,,,,,,,,RECTANGULAR,NotPrepared,No,2.72,0.84,Main,,,,,,,,,,,19.99,19.99,7.66,7.66,1.89,0.34,,N,
895,LIK,XIII,O4b-49,,,Quartzite,0%,,Flake,Complete,,,,,,,,,,,,,,,,,,,,,,Yes,Hertzian,Feather,,,,,,,,,,,,,RECTANGULAR,NotPrepared,No,6.91,2.59,Main,,,,,,,,,,,13.36,13.36,31.57,31.57,3.3,1.46,,N,
896,LIK,XIII,O4b-49,,,Quartzite,0%,,Core,,Complete,,,,,,,,,,,,,,,,,,,,,,,,,,,,,,,,,,,,,,,,,,Platform,Irregular,Cubic,0%,4,2,2,5,3,17.52,19.68,,11.19,,5.75,1.52,,Y,
897,LIK,XIII,O4b-49,,,Quartzite,0%,,Core,,Complete,,,,,,,,,,,,,,,,,,,,,,,,,,,,,,,,,,,,,,,,,,Bipolar,Bladelet,Spherical,0%,3,3,2,2,4,10.36,10.75,,4.85,,2.88,0.25,896,Y,
898,LIK,XIII,O4b-49,,,Quartzite,0%,,Flake,Complete,,,,,,,,,,,,,,,,,,,,,,Yes,Hertzian,Feather,,,,,,,,,,,,,TRIANGULAR,NotPrepared,No,21.88,15.17,Main,,,,,,,,,,,96.58,96.58,38.72,38.72,8.22,61.74,Ret; Ut,Y,
899,LIK,XIII,O4b-49,,,Quartzite,0%,,Flake,Complete,,,,,,,0,,0,0,0,0,0,0,0,0,0,0,0,0,0,Yes,Hertzian,Feather,,0,0,0,0,0,0,0,0,0,0,0,RECTANGULAR,NotPrepared,No,6.34,1.82,Main,,,,,0,0,0,0,0,0,22.44,22.44,13.93,13.93,4.5,1.44,Ut,N,
900,LIK,XIII,O4b-49,,,Quartzite,0%,,Flake,Complete,,,,,,,,,,,,,,,,,,,,,,Yes,Bending,Feather,,,,,,,,,,,,,RECTANGULAR,NotPrepared,No,6.21,2.44,Main,,,,,,,,,,,21.15,21.15,11.99,11.99,3.12,1.04,,N,
901,LIK,XIII,O4b-49,,,Quartzite,0%,,Flake,Complete,,,,,,,0,,0,0,0,0,0,0,0,0,0,0,0,0,0,Yes,Hertzian,Feather,,0,0,0,0,0,0,0,0,0,0,0,TRIANGULAR,FacetWithBulb,No,8.99,3.94,Main,,,,,0,0,0,0,0,0,21.81,21.81,18.24,18.24,3.5,1.77,Ut,N,
902,LIK,XIII,O4b-49,,,Quartzite,0%,,Flake,Complete,,,,,,,,,,,,,,,,,,,,,,Yes,Hertzian,Feather,,,,,,,,,,,,,RECTANGULAR,NotPrepared,No,9.09,2.07,Main,,,,,,,,,,,19.15,19.15,13.34,13.34,3.67,1.06,,N,
9,LIK,XV,O5c-057,,,Opaline/CCS,0%,,Flake,Complete,,,,,,,,,,,,,,,,,,,,,,Yes,Hertzian,Feather,,,,,,,,,,,,,RECTANGULAR,NotPrepared,No,10.38,6.58,Main,,,,,,,,,,,18.21,18.21,13.83,13.83,3.46,1.78,,N,
90,LIK,XV,O5a-057,,,Siltstone,0%,,Flake,Complete,,,,,,,,,,,,,,,,,,,,,,Yes,Hertzian,Feather,,,,,,,,,,,,,TRAPEZOIDAL,Indeterminate,No,14.3,4.28,Main,,,,,,,,,,,18.47,18.47,31.88,31.88,5.91,3.52,,N,
903,LIK,XIII,O4b-49,,,Hornfels,0%,,Flake,Complete,,,,,,,,,,,,,,,,,,,,,,Yes,Hertzian,Feather,,,,,,,,,,,,,RECTANGULAR,NotPrepared,No,5.06,1.23,Main,,,,,,,,,,,15.82,15.82,9.21,9.21,2.07,0.39,,N,
904,LIK,XIII,O4b-49,,,Hornfels,0%,,Flake,Complete,,,,,,,,,,,,,,,,,,,,,,Yes,Hertzian,Feather,,,,,,,,,,,,,RECTANGULAR,NotPrepared,No,9.42,3.51,Main,,,,,,,,,,,21.43,21.43,12.69,12.69,2.66,0.86,,N,
905,LIK,XIII,O4b-49,,,Hornfels,0%,,Flake,Complete,,,,,,,,,,,,,,,,,,,,,,Yes,Hertzian,Feather,,,,,,,,,,,,,RECTANGULAR,NotPrepared,No,7.77,3.53,Main,,,,,,,,,,,36.89,36.89,14.27,14.27,4.07,2.89,,N,
906,LIK,XIII,O4b-49,,,Siltstone,0%,,Flake,Complete,,,,,,,,,,,,,,,,,,,,,,Yes,Hertzian,Feather,,,,,,,,,,,,,RECTANGULAR,NotPrepared,No,4.67,1.36,Main,,,,,,,,,,,15.87,15.87,10.23,8.98,2.59,0.66,,N,
907,LIK,XIII,O4b-49,,,Siltstone,0%,,Flake,Complete,,,,,,,,,,,,,,,,,,,,,,Yes,Bending,Feather,,,,,,,,,,,,,RECTANGULAR,NotPrepared,No,2.46,1.78,Main,,,,,,,,,,,17.13,17.13,4.25,4.25,2.2,0.21,,N,
908,LIK,XIII,O4b-49,,,Opaline/CCS,0%,,Flake,Complete,,,,,,,,,,,,,,,,,,,,,,Yes,Hertzian,Feather,,,,,,,,,,,,,RECTANGULAR,NotPrepared,No,2.81,1.52,Main,,,,,,,,,,,29.13,29.13,9.22,9.22,3.17,1.1,,N,
909,LIK,XIII,O4b-49,,,Opaline/CCS,0%,,Flake,Complete,,,,,,,,,,,,,,,,,,,,,,Yes,Hertzian,Feather,,,,,,,,,,,,,RECTANGULAR,NotPrepared,No,6.51,3.42,Main,,,,,,,,,,,20.73,20.73,20.15,16.79,3.14,1.54,,N,
910,LIK,XIII,O4b-49,,,Opaline/CCS,0%,,Flake,Complete,,,,,,,,,,,,,,,,,,,,,,Yes,Hertzian,Feather,,,,,,,,,,,,,RECTANGULAR,ResidualFacetWithBulb,No,5.19,1.47,Main,,,,,,,,,,,19.14,14.7,15.83,10.48,2.27,0.68,,N,
911,LIK,XIII,O4b-49,,,Opaline/CCS,0%,,Flake,Complete,,,,,,,,,,,,,,,,,,,,,,Yes,Hertzian,Feather,,,,,,,,,,,,,OVAL,NotPrepared,No,5.1,1.16,Main,,,,,,,,,,,15.28,15.28,16.91,13.66,1.69,0.49,,N,
912,LIK,XIII,O4b-49,,,Opaline/CCS,0%,,Core,,Complete,,,,,,0,,0,0,0,0,0,0,0,0,0,0,0,0,0,,,,,0,0,0,0,0,0,0,0,0,0,0,,,,0,0,,Platform,Bladelet,Spherical,0%,5,4,5,4,4,17.29,30.81,0,17.85,0,13.94,7.68,Core on flake,N,
91,LIK,XV,O5a-057,,,Siltstone,0%,,Flake,Complete,,,,,,,,,,,,,,,,,,,,,,Yes,Hertzian,Feather,,,,,,,,,,,,,RECTANGULAR,NotPrepared,No,11.03,3.14,Main,,,,,,,,,,,12.82,12.82,14.83,14.83,3.26,0.92,,N,
913,LIK,XIII,O4b-49,,,Opaline/CCS,0%,,Core,,Complete,,,,,,,,,,,,,,,,,,,,,,,,,,,,,,,,,,,,,,,,,,Parallel,Radial,Cubic,0%,7,5,5,7,3,32,74,37.31,,33.38,,19.61,43.93,,Y
914,LIK,XIII,O4b-49,,,Opaline/CCS,0%,,Core,,Complete,,,,,,,,,,,,,,,,,,,,,,,,,,,,,,,,,,,,,,,,,,Platform,Radial,Cubic,0%,5,3,2,3,4,22.16,26.57,,26.88,,14.32,11.04,,Y,
915,LIK,XIII,O4d-049,,,Opaline/CCS,0%,,Flake,Complete,,,,,,,,,,,,,,,,,,,,,,Yes,Hertzian,Feather,,,,,,,,,,,,,RECTANGULAR,NotPrepared,No,5.06,1.82,Main,,,,,,,,,,,6.54,6.54,12.21,11.67,1.73,0.14,,N,
916,LIK,XIII,O4d-049,,,Opaline/CCS,0%,,Flake,Complete,,,,,,,,,,,,,,,,,,,,,,Yes,Hertzian,Feather,,,,,,,,,,,,,KITE,NotPrepared,No,3.13,1.98,Main,,,,,,,,,,,13.45,13.45,8.14,7.93,2.21,0.27,,N,
917,LIK,XIII,O4d-049,,,Opaline/CCS,0%,,Flake,Complete,,,,,,,,,,,,,,,,,,,,,,Yes,Hertzian,Feather,,,,,,,,,,,,,RECTANGULAR,NotPrepared,No,3.61,1.26,Main,,,,,,,,,,,5.98,5.98,13.71,13.71,2.41,0.25,,N,
918,LIK,XIII,O4d-049,,,Opaline/CCS,0%,,Flake,Complete,,,,,,,,,,,,,,,,,,,,,,Yes,Hertzian,Feather,,,,,,,,,,,,,TRIANGULAR,NotPrepared,No,5.19,2.46,Main,,,,,,,,,,,20.53,16.81,16.65,16.21,2.51,0.9,,N,
919,LIK,XIII,O4d-049,,,Opaline/CCS,0%,,Flake,Proximal,,,,,,,,,,,,,,,,,,,,,,Yes,Hertzian,,,,,,,,,,,,,,TRIANGULAR,NotPrepared,No,16.15,5.2,,,,,,,,,,,,19.01,,12.86,,6.04,1.85,,Y,
920,LIK,XIII,O4d-049,,,Opaline/CCS,0%,,Flake,Complete,,,,,,,,,,,,,,,,,,,,,,Yes,Hertzian,Feather,,,,,,,,,,,,,RECTANGULAR,NotPrepared,No,6.89,3.93,Main,,,,,,,,,,,21.53,21.53,17.21,13.01,6,1.81,,N,
921,LIK,XIII,O4d-049,,,Opaline/CCS,0%,,Flake,Proximal,,,,,,,,,,,,,,,,,,,,,,Yes,Hertzian,,,,,,,,,,,,,,TRAPEZOIDAL,NotPrepared,No,3.86,1.55,,,,,,,,,,,,7.96,,12.19,,2.68,0.24,,N,
922,LIK,XIII,O4d-049,,,Opaline/CCS,0%,,Flake,Complete,,,,,,,,,,,,,,,,,,,,,,Yes,Hertzian,Feather,,,,,,,,,,,,,RECTANGULAR,NotPrepared,No,3.22,1.2,Main,,,,,,,,,,,9.3,9.3,9.44,9.44,1.03,0.16,,N,
92,LIK,XV,O5a-057,,,Siltstone,0%,,Flake,Complete,,,,,,,,,,,,,,,,,,,,,,Yes,Hertzian,Feather,,,,,,,,,,,,,TRIANGULAR,NotPrepared,No,5.52,1.44,Main,,,,,,,,,,,7.74,7.74,12.66,9.15,1.07,0.1,,N,
923,LIK,XIII,O4d-049,,,Opaline/CCS,0%,,Flake,Mesial,,,,,,,,,,,,,,,,,,,,,,,,,,,,,,,,,,,,,RECTANGULAR,,,,,,,,,,,,,,,,19.2,,7.5,,2.16,0.5,,N,
924,LIK,XIII,O4d-049,,,Opaline/CCS,0%,,Flake,Complete,,,,,,,,,,,,,,,,,,,,,,Yes,Hertzian,Feather,,,,,,,,,,,,,RECTANGULAR,NotPrepared,No,5.06,2.07,Main,,,,,,,,,,,12.34,12.34,5.97,5.24,2,0.18,,N,
925,LIK,XIII,O4d-049,,,Opaline/CCS,0%,,Flake,Complete,,,,,,,,,,,,,,,,,,,,,,Yes,Hertzian,Feather,,,,,,,,,,,,,OVAL,ResidualFacetWithBulb,No,12.89,3.72,Main,,,,,,,,,,,15.66,15.66,16.99,16.99,1.62,0.7,,N,
926,LIK,XIII,,,,Opaline/CCS,0%,,Flake,Complete,,,,,,,,,,,,,,,,,,,,,,Yes,Hertzian,Feather,,,,,,,,,,,,,RECTANGULAR,NotPrepared,No,3.25,0.94,Main,,,,,,,,,,,20.32,20.32,6.48,6.48,2.53,0.41,,N,
927,LIK,XIII,O4d-049,,,Opaline/CCS,0%,,Flake,Complete,,,,,,,,,,,,,,,,,,,,,,Yes,Hertzian,Feather,,,,,,,,,,,,,KITE,NotPrepared,No,2.82,0.88,Main,,,,,,,,,,,26.22,26.22,9.65,8.99,3.61,0.79,,N,
928,LIK,XIII,O4d-049,,,Opaline/CCS,0%,,Flake,Complete,,,,,,,,,,,,,,,,,,,,,,Yes,Hertzian,Feather,,,,,,,,,,,,,OVAL,NotPrepared,No,6.08,1.92,Main,,,,,,,,,,,11.1,11.1,9.75,9.75,1.33,0.22,,N,
929,LIK,XIII,O4d-049,,,Opaline/CCS,0%,,Flake,Complete,,,,,,,,,,,,,,,,,,,,,,Yes,Bending,Feather,,,,,,,,,,,,,RECTANGULAR,NotPrepared,No,4.1,2.05,Main,,,,,,,,,,,15.3,12.29,12.58,10.69,3.46,0.63,,N,
930,LIK,XIII,O4d-049,,,Opaline/CCS,0%,,Flake,Fragment,,,,,,,,,,,,,,,,,,,,,,,,,,,,,,,,,,,,,TRIANGULAR,,,,,,,,,,,,,,,,13.68,,11.36,,3,0.53,,N,
931,LIK,XIII,O4d-049,,,Opaline/CCS,0%,,Flake,Distal,,,,,,,,,,,,,,,,,,,,,,,,Feather,,,,,,,,,,,,,OVAL,,,,,,,,,,,,,,,,9.43,,13.89,,2.06,0.19,,N,
932,LIK,XIII,O4d-049,,,Opaline/CCS,0%,,Flake,Proximal,,,,,,,,,,,,,,,,,,,,,,Yes,Bending,,,,,,,,,,,,,,RECTANGULAR,NotPrepared,No,7.39,2.73,,,,,,,,,,,,19.94,,12.06,,3.66,0.93,,N,
93,LIK,XV,O5a-057,,,Siltstone,0%,,Flake,Complete,,,,,,,,,,,,,,,,,,,,,,Yes,Hertzian,Overshot,,,,,,,,,,,,,RECTANGULAR,NotPrepared,No,5.92,1.9,Main,,,,,,,,,,,15.23,15.23,18.54,18.54,3.83,1.46,,N,
933,LIK,XIII,O4d-049,,,Opaline/CCS,0%,,Flake,Distal,,,,,,,,,,,,,,,,,,,,,,,,Feather,,,,,,,,,,,,,RECTANGULAR,,,,,,,,,,,,,,,,12.81,,6.3,,1.77,0.16,,N,
934,LIK,XIII,O4d-049,,,Opaline/CCS,0%,,Flake,Complete,,,,,,,,,,,,,,,,,,,,,,Yes,Hertzian,Feather,,,,,,,,,,,,,RECTANGULAR,NotPrepared,No,4.53,2.5,Main,,,,,,,,,,,17.34,17.34,8.01,5.95,1.67,0.24,,N,
935,LIK,XIII,O4d-049,,,Opaline/CCS,0%,,Flake,Proximal,,,,,,,,,,,,,,,,,,,,,,Yes,Hertzian,,,,,,,,,,,,,,TRAPEZOIDAL,NotPrepared,No,6.37,1.45,,,,,,,,,,,,10.11,,12.48,,1.45,0.27,,N,
936,LIK,XIII,O4d-049,,,Opaline/CCS,0%,,Flake,Complete,,,,,,,,,,,,,,,,,,,,,,Yes,Hertzian,Feather,,,,,,,,,,,,,TRAPEZOIDAL,NotPrepared,No,11.02,2.51,Main,,,,,,,,,,,11.68,11.68,21.5,17.09,2.68,0.63,,N,
937,LIK,XIII,O4d-049,,,Opaline/CCS,0%,,Flake,Complete,,,,,,,,,,,,,,,,,,,,,,Yes,Hertzian,Feather,,,,,,,,,,,,,RECTANGULAR,ResidualFacetWithBulb,No,8.16,3.89,Main,,,,,,,,,,,30.36,30.36,17.25,12.44,4.79,2.29,,N,
938,LIK,XIII,O4d-049,,,Opaline/CCS,0%,,Flake,Complete,,,,,,,,,,,,,,,,,,,,,,Yes,Hertzian,Feather,,,,,,,,,,,,,RECTANGULAR,NotPrepared,No,3.5,1.46,Main,,,,,,,,,,,13.91,13.91,17.72,17.72,1.19,0.32,,N,
939,LIK,XIII,O4d-049,,,Opaline/CCS,0%,,Flake,Complete,,,,,,,,,,,,,,,,,,,,,,Yes,Hertzian,Feather,,,,,,,,,,,,,RECTANGULAR,NotPrepared,No,3.41,1.28,Main,,,,,,,,,,,12.8,12.8,6.38,6.38,1.52,0.17,,N,
940,LIK,XIII,O4d-049,,,Opaline/CCS,0%,,Flake,Complete,,,,,,,,,,,,,,,,,,,,,,Yes,Wedging,Feather,,,,,,,,,,,,,TRAPEZOIDAL,Indeterminate,No,3.33,0.75,Main,,,,,,,,,,,13.88,13.88,12.84,10.54,1.01,0.29,,N,
941,LIK,XIII,O4d-049,,,Opaline/CCS,0%,,Flake,Complete,,,,,,,,,,,,,,,,,,,,,,Yes,Hertzian,Feather,,,,,,,,,,,,,RECTANGULAR,NotPrepared,No,3.92,0.91,Main,,,,,,,,,,,15.32,15.32,9.25,6.51,1.21,0.19,,N,
942,LIK,XIII,O4d-049,,,Opaline/CCS,0%,,Flake,Complete,,,,,,,,,,,,,,,,,,,,,,Yes,Hertzian,Overshot,,,,,,,,,,,,,RECTANGULAR,NotPrepared,No,5.37,3.27,Main,,,,,,,,,,,18.38,18.38,6.89,6.89,2.18,0.6,,N,
94,LIK,XV,O5a-057,,,Siltstone,0%,,Flake,Proximal,,,,,,,,,,,,,,,,,,,,,,Yes,Bending,,,,,,,,,,,,,,RECTANGULAR,NotPrepared,No,21.48,3.29,,,,,,,,,,,,13.63,,22.32,,3.28,1.36,,N,
943,LIK,XIII,O4d-049,,,Opaline/CCS,0%,,Flake,Complete,,,,,,,,,,,,,,,,,,,,,,Yes,Hertzian,Feather,,,,,,,,,,,,,TRIANGULAR,NotPrepared,No,6.13,1.87,Main,,,,,,,,,,,12.57,12.57,7.24,6.22,2.75,0.22,,N,
944,LIK,XIII,O4d-049,,,Opaline/CCS,0%,,Flake,Complete,,,,,,,,,,,,,,,,,,,,,,Yes,Hertzian,Feather,,,,,,,,,,,,,RECTANGULAR,NotPrepared,No,5.71,1.48,Main,,,,,,,,,,,10.62,8.03,8.68,8.68,1.49,0.18,,N,
945,LIK,XIII,O4d-049,,,Opaline/CCS,0%,,Flake,Complete,,,,,,,,,,,,,,,,,,,,,,Yes,Hertzian,Feather,,,,,,,,,,,,,TRAPEZOIDAL,NotPrepared,No,5.55,1.47,Main,,,,,,,,,,,10.44,10.44,22.18,16.49,3.19,0.54,,N,
946,LIK,XIII,O4d-049,,,Opaline/CCS,0%,,Flake,Complete,,,,,,,,,,,,,,,,,,,,,,Yes,Hertzian,Feather,,,,,,,,,,,,,RECTANGULAR,NotPrepared,No,23.4,4.41,Main,,,,,,,,,,,10.39,10.39,26.68,23.32,4.94,1.8,,N,
947,LIK,XIII,O4d-049,,,Quartzite,0%,,Flake,Complete,,,,,,,,,,,,,,,,,,,,,,Yes,Hertzian,Feather,,,,,,,,,,,,,TRIANGULAR,NotPrepared,No,9.9,4.74,Main,,,,,,,,,,,41.46,41.46,28.28,23.81,5.71,7.47,Ut,N,
948,LIK,XIII,O4d-049,,,Quartzite,0%,,Flake,Complete,,,,,,,,,,,,,,,,,,,,,,Yes,Hertzian,Feather,,,,,,,,,,,,,RECTANGULAR,NotPrepared,No,5.47,1.23,Main,,,,,,,,,,,28.8,28.8,19.37,19.37,2.57,1.66,,N,
949,LIK,XIII,O4d-049,,,Quartzite,0%,,Flake,Complete,,,,,,,,,,,,,,,,,,,,,,Yes,Hertzian,Feather,,,,,,,,,,,,,RECTANGULAR,ResidualFacetWithBulb,No,8.92,1.66,Main,,,,,,,,,,,11.43,11.43,24.76,21.76,1.35,0.54,,N,
950,LIK,XIII,O4d-049,,,Quartzite,0%,,Flake,Complete,,,,,,,,,,,,,,,,,,,,,,Yes,Hertzian,Feather,,,,,,,,,,,,,TRIANGULAR,Indeterminate,No,5.13,1.12,Main,,,,,,,,,,,16.29,16.29,13.23,10.09,2.23,0.36,,N,
951,LIK,XIII,O4d-049,,,Quartzite,0%,,Flake,Complete,,,,,,,,,,,,,,,,,,,,,,Yes,Hertzian,Feather,,,,,,,,,,,,,TRAPEZOIDAL,NotPrepared,No,2.87,0.86,Main,,,,,,,,,,,12,12,6.79,6.79,1.06,0.11,,N,
952,LIK,XIII,O4d-049,,,Quartzite,0%,,Flake,Complete,,,,,,,,,,,,,,,,,,,,,,Yes,Wedging,Feather,,,,,,,,,,,,,RECTANGULAR,Indeterminate,No,3.72,0.96,Main,,,,,,,,,,,8.34,8.34,11.53,9.48,2.38,0.26,,N,
95,LIK,XV,O5a-057,,,Opaline/CCS,0%,,Flake,Complete,,,,,,,,,,,,,,,,,,,,,,Yes,Hertzian,Feather,,,,,,,,,,,,,RECTANGULAR,NotPrepared,No,7.3,2.75,Main,,,,,,,,,,,42.02,42.02,14.79,14.79,5.75,5.33,,N,
953,LIK,XIII,O4d-049,,,Quartzite,0%,,Flake,Complete,,,,,,,,,,,,,,,,,,,,,,Yes,Bending,Feather,,,,,,,,,,,,,RECTANGULAR,NotPrepared,No,8.09,3.64,Main,,,,,,,,,,,8.22,8.22,14.37,10.03,2.61,0.28,,N,
954,LIK,XIII,O4d-049,,,Quartzite,0%,,Flake,Complete,,,,,,,,,,,,,,,,,,,,,,Yes,Hertzian,Feather,,,,,,,,,,,,,OVAL,NotPrepared,No,10.88,3.9,Main,,,,,,,,,,,17.34,17.34,22.2,19.32,4.32,1.77,Ut,N,
955,LIK,XIII,O4d-049,,,Quartzite,0%,,Flake,Complete,,,,,,,,,,,,,,,,,,,,,,Yes,Hertzian,Feather,,,,,,,,,,,,,RECTANGULAR,NotPrepared,No,14.96,3.02,Main,,,,,,,,,,,13.31,13.31,23.23,18.51,4.27,1.53,,N,
956,LIK,XIII,O4d-049,,,Quartzite,0%,,Flake,Complete,,,,,,,,,,,,,,,,,,,,,,Yes,Hertzian,Feather,,,,,,,,,,,,,RECTANGULAR,NotPrepared,No,4.92,1.42,Main,,,,,,,,,,,11.03,11.03,17.77,15.6,3.26,0.84,,N,
957,LIK,XIII,O4d-049,,,Quartzite,0%,,Flake,Complete,,,,,,,,,,,,,,,,,,,,,,Yes,Hertzian,Feather,,,,,,,,,,,,,TRIANGULAR,NotPrepared,No,3.4,1.61,Main,,,,,,,,,,,15.28,15.28,16.23,10.98,2.22,0.58,,N,
958,LIK,XIII,O4d-049,,,Quartzite,0%,,Flake,Distal,,,,,,,,,,,,,,,,,,,,,,,,Feather,,,,,,,,,,,,,RECTANGULAR,,,,,,,,,,,,,,,,11.3,,13.58,,2.09,0.46,,N,
959,LIK,XIII,O4d-049,,,Quartzite,0%,,Flake,Complete,,,,,,,,,,,,,,,,,,,,,,Yes,Hertzian,Overshot,,,,,,,,,,,,,TRIANGULAR,ResidualFacetWithBulb,No,4.01,1.03,Main,,,,,,,,,,,15.59,15.59,10.69,9.89,3.71,0.68,,N,
960,LIK,XIII,O4d-049,,,Quartzite,0%,,Flake,Distal,,,,,,,,,,,,,,,,,,,,,,,,Feather,,,,,,,,,,,,,RECTANGULAR,,,,,,,,,,,,,,,,42.77,,14.52,,7.39,7.04,Ret,N,
961,LIK,XIII,O4d-049,,,Hornfels,0%,,Flake,Complete,,,,,,,,,,,,,,,,,,,,,,Yes,Hertzian,Feather,,,,,,,,,,,,,RECTANGULAR,NotPrepared,No,10.67,3.15,Main,,,,,,,,,,,14.41,14.41,14.26,9.91,2.32,0.6,,N,
962,LIK,XIII,O4d-049,,,Hornfels,0%,,Flake,Complete,,,,,,,,,,,,,,,,,,,,,,Yes,Hertzian,Feather,,,,,,,,,,,,,TRIANGULAR,NotPrepared,No,4.71,3.47,Main,,,,,,,,,,,20.78,20.78,6.07,6.07,3.49,0.39,Ut,N,
96,LIK,XV,O5c-057,,,Hornfels,0%,,Flake,Complete,,,,,,,,,,,,,,,,,,,,,,Yes,Hertzian,Overshot,,,,,,,,,,,,,RECTANGULAR,NotPrepared,No,13.02,3.03,Main,,,,,,,,,,,39.2,39.2,26.21,26.21,9.25,11.65,,N,
963,LIK,XIII,O4d-049,,,Hornfels,0%,,Flake,Complete,,,,,,,,,,,,,,,,,,,,,,Yes,Wedging,Feather,,,,,,,,,,,,,OVAL,NotPrepared,No,2.43,1.9,Main,,,,,,,,,,,8.32,8.32,12.79,11.52,2.12,0.32,,N,
964,LIK,XIII,O4d-049,,,Hornfels,0%,,Flake,Complete,,,,,,,,,,,,,,,,,,,,,,Yes,Hertzian,Feather,,,,,,,,,,,,,OVAL,Indeterminate,No,5.88,0.66,Main,,,,,,,,,,,9.2,8.63,11.68,11.68,0.91,0.11,,N,
965,LIK,XIII,O4d-049,,,Hornfels,0%,,Flake,Proximal,,,,,,,,,,,,,,,,,,,,,,Yes,Bending,,,,,,,,,,,,,,RECTANGULAR,NotPrepared,No,4.63,1.28,,,,,,,,,,,,12.11,,10.17,,1.15,0.26,,N,
966,LIK,XIII,O4d-049,,,Hornfels,40-60%,Cobble,Flake,Complete,,,,,,,,,,,,,,,,,,,,,,Yes,Hertzian,Feather,,,,,,,,,,,,,OVAL,NotPrepared,No,6.02,1.18,Main,,,,,,,,,,,17.42,17.42,14.76,14.76,2.73,0.71,,N,
967,LIK,XIII,O4d-049,,,Hornfels,0%,,Flake,Complete,,,,,,,,,,,,,,,,,,,,,,Yes,Hertzian,Feather,,,,,,,,,,,,,TRAPEZOIDAL,NotPrepared,No,8.2,3.34,Main,,,,,,,,,,,13.54,13.54,15.81,13.96,2.54,0.56,,N,
968,LIK,XIII,O4d-049,,,Hornfels,40-60%,Cobble,Flake,Distal,,,,,,,,,,,,,,,,,,,,,,,,Feather,,,,,,,,,,,,,TRIANGULAR,,,,,,,,,,,,,,,,19.51,,22.48,,5.53,2.54,Ret,N,
969,LIK,XIII,O4d-049,,,Hornfels,0%,,Flake,Complete,,,,,,,,,,,,,,,,,,,,,,Yes,Hertzian,Feather,,,,,,,,,,,,,TRIANGULAR,NotPrepared,No,2.88,2.08,Main,,,,,,,,,,,20.12,20.12,6.56,6.56,2.98,0.43,,N,
970,LIK,XIII,O4d-049,,,Hornfels,0%,,Flake,Distal,,,,,,,,,,,,,,,,,,,,,,,,Feather,,,,,,,,,,,,,RECTANGULAR,,,,,,,,,,,,,,,,13.89,,4.53,,0.77,0.08,,N,
971,LIK,XIII,O4d-049,,,Hornfels,0%,,Flake,Complete,,,,,,,,,,,,,,,,,,,,,,Yes,Hertzian,Feather,,,,,,,,,,,,,TRIANGULAR,NotPrepared,No,8.24,2.24,Main,,,,,,,,,,,15.88,15.88,10.72,9.56,2.68,0.56,,N,
972,LIK,XIII,O4d-049,,,Tuff,0%,,Flake,Complete,,,,,,,,,,,,,,,,,,,,,,Yes,Hertzian,Feather,,,,,,,,,,,,,TRIANGULAR,NotPrepared,No,8.12,3.53,Main,,,,,,,,,,,36.13,36.13,31.93,27.02,5.83,5.61,Ret,N,
97,LIK,XV,O4a-057,,,Opaline/CCS,0%,,Flake,Complete,,,,,,,,,,,,,,,,,,,,,,Yes,Hertzian,Feather,,,,,,,,,,,,,RECTANGULAR,NotPrepared,No,8.72,2.53,Main,,,,,,,,,,,28.41,28.41,19.31,19.31,4.57,3.43,,N,
973,LIK,XIII,O4d-049,,,Tuff,0%,,Flake,Complete,,,,,,,,,,,,,,,,,,,,,,Yes,Hertzian,Feather,,,,,,,,,,,,,TRIANGULAR,NotPrepared,No,6.14,2.56,Main,,,,,,,,,,,12.6,12.6,18.74,15.36,2.89,0.66,,N,
974,LIK,XIII,O4d-049,,,Tuff,0%,,Flake,Proximal,,,,,,,,,,,,,,,,,,,,,,Yes,Hertzian,,,,,,,,,,,,,,RECTANGULAR,NotPrepared,No,4.41,1.66,,,,,,,,,,,,10.57,,15.14,,2.25,0.41,,N,
975,LIK,XIII,O4d-049,,,Tuff,0%,,Flake,Complete,,,,,,,,,,,,,,,,,,,,,,Yes,Bending,Feather,,,,,,,,,,,,,OVAL,NotPrepared,No,5.17,2.92,Main,,,,,,,,,,,15.14,15.14,11.56,11.56,3.06,0.45,,N,
976,LIK,XIII,O4d-049,,,Tuff,0%,,Flake,Complete,,,,,,,,,,,,,,,,,,,,,,Yes,Hertzian,Feather,,,,,,,,,,,,,RECTANGULAR,NotPrepared,No,3.69,1.25,Main,,,,,,,,,,,23.1,23.1,11.36,11.36,2.31,0.91,,N,
977,LIK,XIII,O4d-049,,,Tuff,0%,,Flake,Complete,,,,,,,,,,,,,,,,,,,,,,Yes,Hertzian,Feather,,,,,,,,,,,,,RECTANGULAR,NotPrepared,No,4.73,1.24,Main,,,,,,,,,,,25.74,25.74,12.5,12.5,1.22,0.7,,N,
978,LIK,XIII,O4d-049,,,Tuff,0%,,Flake,Complete,,,,,,,,,,,,,,,,,,,,,,Yes,Hertzian,Feather,,,,,,,,,,,,,TRIANGULAR,NotPrepared,No,5.57,1,Main,,,,,,,,,,,16.14,16.14,9.61,9.61,2.02,0.39,Ut,N,
979,LIK,XIII,O4d-049,,,Tuff,0%,,Flake,Complete,,,,,,,,,,,,,,,,,,,,,,Yes,Hertzian,Feather,,,,,,,,,,,,,OVAL,NotPrepared,No,6.4,2.02,Main,,,,,,,,,,,28.13,28.13,31.6,31.6,4.3,3.24,,N,
980,LIK,XIII,O4d-049,,,Opaline/CCS,0%,,Flake,Complete,,,,,,,,,,,,,,,,,,,,,,Yes,Hertzian,Hinge,,,,,,,,,,,,,TRAPEZOIDAL,NotPrepared,No,3.57,1.71,Main,,,,,,,,,,,9.31,9.31,8.28,8.28,2.21,0.21,,N,
981,LIK,XIII,O4d-049,,,Opaline/CCS,0%,,Flake,Complete,,,,,,,,,,,,,,,,,,,,,,Yes,Hertzian,Feather,,,,,,,,,,,,,OVAL,NotPrepared,No,3.51,0.85,Main,,,,,,,,,,,9.87,9.87,7.29,7.29,1,0.1,,N,
982,LIK,XIII,O4d-049,,,Opaline/CCS,0%,,Flake,Complete,,,,,,,,,,,,,,,,,,,,,,Yes,Hertzian,Feather,,,,,,,,,,,,,RECTANGULAR,NotPrepared,No,3.05,0.82,Main,,,,,,,,,,,24.55,24.55,10.13,10.13,2.99,0.75,,N,
98,LIK,XV,O4a-057,,,Opaline/CCS,0%,,Flake,Complete,,,,,,,,,,,,,,,,,,,,,,Yes,Hertzian,Feather,,,,,,,,,,,,,RECTANGULAR,Indeterminate,No,5,1.45,Main,,,,,,,,,,,15.65,15.65,12.22,12.22,3.33,0.62,,N,
983,LIK,XIII,O4d-049,,,Opaline/CCS,0%,,Flake,Complete,,,,,,,,,,,,,,,,,,,,,,Yes,Hertzian,Feather,,,,,,,,,,,,,TRIANGULAR,NotPrepared,No,2.8,1.03,Main,,,,,,,,,,,13.18,13.18,5.64,4.69,1.37,0.08,Ut,N,
984,LIK,XIII,O4d-049,,,Opaline/CCS,0%,,Flake,Complete,,,,,,,,,,,,,,,,,,,,,,Yes,Hertzian,Feather,,,,,,,,,,,,,TRIANGULAR,NotPrepared,No,5.72,3.36,Main,,,,,,,,,,,32.66,32.66,10.86,10.86,7.46,2.47,Ret,N,
985,LIK,XIII,O4d-049,,,Hornfels,0%,,Flake,Complete,,,,,,,,,,,,,,,,,,,,,,Yes,Hertzian,Feather,,,,,,,,,,,,,RECTANGULAR,FacetWithBulb,No,17.38,6.21,Main,,,,,,,,,,,34.91,34.91,20.23,20.23,6.68,5.18,,N,
986,LIK,XIII,O4d-049,,,Hornfels,0%,,Flake,Complete,,,,,,,,,,,,,,,,,,,,,,Yes,Hertzian,Feather,,,,,,,,,,,,,TRIANGULAR,NotPrepared,No,7.92,3.83,Main,,,,,,,,,,,51.8,51.8,16.49,16.49,5.73,6.4,Ret; Ut,N,
987,LIK,XIII,O4d-049,,,Hornfels,0%,,Flake,Complete,,,,,,,,,,,,,,,,,,,,,,Yes,Hertzian,Feather,,,,,,,,,,,,,TRAPEZOIDAL,NotPrepared,No,12,2.11,Main,,,,,,,,,,,22.3,22.3,34.41,26.7,4.79,3.82,,N,
988,LIK,XIII,O4d-049,,,Opaline/CCS,10-40%,Cobble,Flake,Complete,,,,,,,0,,0,0,0,0,0,0,0,0,0,0,0,0,0,Yes,Hertzian,Feather,,0,0,0,0,0,0,0,0,0,0,0,TRIANGULAR,NotPrepared,No,8.87,6.02,Main,,,,,0,0,0,0,0,0,32.48,32.48,18.24,18.24,3.83,4.15,,N,
989,LIK,XIII,O4d-049,,,Opaline/CCS,0%,,Core,,Complete,,,,,,,,,,,,,,,,,,,,,,,,,,,,,,,,,,,,,,,,,,Platform,Irregular,Spherical,0%,6,3,8,4,5,16.8,30.4,,24.83,,21.61,31.73,,N,
990,LIK,XIII,O4a-049,,,Opaline/CCS,0%,,Flake,Complete,,,,,,,,,,,,,,,,,,,,,,Yes,Hertzian,Overshot,,,,,,,,,,,,,RECTANGULAR,NotPrepared,No,17.04,7.54,Main,,,,,,,,,,,40.56,40.56,26.04,26.04,9.4,13,,N,
991,LIK,XIII,O4a-049,,,Opaline/CCS,10-40%,Outcrop,Flake,Complete,,,,,,,,,,,,,,,,,,,,,,Yes,Hertzian,Feather,,,,,,,,,,,,,RECTANGULAR,NotPrepared,No,7.52,2.04,Main,,,,,,,,,,,32.42,32.42,11.02,11.02,4.47,2.42,,N,
992,LIK,XIII,O4a-049,,,Opaline/CCS,0%,,Flake,Proximal,,,,,,,,,,,,,,,,,,,,,,Yes,Hertzian,,,,,,,,,,,,,,RECTANGULAR,ResidualFacetWithBulb,No,8.8,5.35,,,,,,,,,,,,21.1,,19.6,,6.9,4.05,Ret,N,
99,LIK,XV,O4a-057,,,Opaline/CCS,0%,,Flake,Complete,,,,,,,,,,,,,,,,,,,,,,Yes,Hertzian,Feather,,,,,,,,,,,,,RECTANGULAR,Indeterminate,No,1.77,0.77,Main,,,,,,,,,,,14.48,14.48,6.18,6.18,1.26,0.14,,N,
993,LIK,XIII,O4a-049,,,Opaline/CCS,0%,,Flake,Complete,,,,,,,,,,,,,,,,,,,,,,Yes,Hertzian,Feather,,,,,,,,,,,,,TRAPEZOIDAL,NotPrepared,No,3.67,1.86,Main,,,,,,,,,,,16.63,14.81,10,10,1.77,0.34,,N,
994,LIK,XIII,O4a-049,,,Opaline/CCS,0%,,Flake,Complete,,,,,,,,,,,,,,,,,,,,,,Yes,Bending,Feather,,,,,,,,,,,,,TRIANGULAR,NotPrepared,No,3.9,2.49,Main,,,,,,,,,,,23.67,23.67,14.04,11.17,2.94,1.56,,N,
995,LIK,XIII,O4a-049,,,Opaline/CCS,0%,,Flake,Complete,,,,,,,,,,,,,,,,,,,,,,Yes,Hertzian,Feather,,,,,,,,,,,,,TRIANGULAR,NotPrepared,No,3.17,0.73,Main,,,,,,,,,,,8.59,8.59,18.54,16.02,1.47,0.22,Ret,N,
996,LIK,XIII,O4a-049,,,Opaline/CCS,10-40%,Cobble,Flake,Fragment,,,,,,,,,,,,,,,,,,,,,,,,,,,,,,,,,,,,,TRAPEZOIDAL,,,,,,,,,,,,,,,,27.45,,29.01,,8.56,10.15,,N,
997,LIK,XIII,O4a-049,,,Opaline/CCS,0%,,Flake,Complete,,,,,,,,,,,,,,,,,,,,,,Yes,Hertzian,Feather,,,,,,,,,,,,,TRIANGULAR,NotPrepared,No,7.06,2.29,Main,,,,,,,,,,,27.65,27.65,22.5,16.2,3.97,2.91,,N,
998,LIK,XIII,O4a-049,,,Opaline/CCS,0%,,Flake,Complete,,,,,,,,,,,,,,,,,,,,,,Yes,Hertzian,Feather,,,,,,,,,,,,,RECTANGULAR,NotPrepared,No,3.87,2.18,Main,,,,,,,,,,,17.88,17.88,13.17,10.65,3.97,0.96,,N,
999,LIK,XIII,O4a-049,,,Opaline/CCS,0%,,Flake,Complete,,,,,,,,,,,,,,,,,,,,,,Yes,Hertzian,Feather,,,,,,,,,,,,,RECTANGULAR,NotPrepared,No,5.9,2.03,Main,,,,,,,,,,,24.14,24.14,11.58,11.58,3.57,1,,N,
1000,LIK,XIII,O4a-049,,,Opaline/CCS,0%,,Flake,Complete,,,,,,,,,,,,,,,,,,,,,,Yes,Hertzian,Feather,,,,,,,,,,,,,RECTANGULAR,NotPrepared,No,2.76,1.45,Main,,,,,,,,,,,36.44,36.44,13.44,13.44,2.93,1.67,,N,
1001,LIK,XIII,O4a-049,,,Opaline/CCS,0%,,Flake,Complete,,,,,,,,,,,,,,,,,,,,,,Yes,Hertzian,Feather,,,,,,,,,,,,,RECTANGULAR,NotPrepared,No,3.18,1.14,Main,,,,,,,,,,,22.95,22.95,7.68,7.68,2.23,0.55,,N,
1002,LIK,XIII,O4a-049,,,Opaline/CCS,0%,,Flake,Proximal,,,,,,,,,,,,,,,,,,,,,,Yes,Hertzian,,,,,,,,,,,,,,TRIANGULAR,NotPrepared,No,2.96,1.51,,,,,,,,,,,,15.55,,9.87,,2.59,0.47,,N,
