ID,SITE,STRAT,UNIT,NAMED_ID,OTHERUNIT,RAWMATERIAL,CORTEX,CORTEXTYPE,ARTIFACTCLASS,COMPLETENESS,CORECOMPLETENESS,RETOUCHEDPIECETYPOLOGY,RETOUCHTYPE,RETOUCHFACE,RETOUCHREGIONNUMBER,RETOUCHREGIONLOCATION,LENGTHLONGESTRETOUCH,RETOUCHINVASIVENESS,EDGETHICKNESS_1,EDGETHICKNESS_2,EDGETHICKNESS_3,BACKEDTOOLEDGE_1,BACKEDTOOLEDGE_2,BACKEDTOOLEDGE_3,BACKEDTOOLWIDTH_1,BACKEDTOOLWIDTH_2,BACKEDTOOLWIDTH_3,BACKEDTOOLTHICKNESS_1,BACKEDTOOLTHICKNESS_2,BACKEDTOOLTHICKNESS_3,BACKEDTOOLARRIS,PLATFORM,FLAKEINITIATION,FLAKETERMINATION,PIECEBLANK,SCRAPERMAXTHICKNESS,SCRAPERRETOUCHLENGTH,SCRAPERRETOUCHANGLE1,SCRAPERRETOUCHANGLE2,SCRAPERRETOUCHANGLE3,SCRAPERDORSALANGLE1,SCRAPERDORSALANGLE2,SCRAPERDORSALANGLE3,SCRAPERRETOUCHHEIGHT1,SCRAPERRETOUCHHEIGHT2,SCRAPERRETOUCHHEIGHT3,FLAKEGEOMETRY,PLATFORMPREP,PLATABRASION,PLATFORMWIDTH,PLATFORMTHICKNESS,STAGE,CONARDUNIFIEDTYPE,CORESUBTYPOLOGY,COREBLANKSPHERICITY,COREPLATFACETED,SCARCOUNT,EXPLOITEDFACES,FLAKEGENERATIONSLENGTH,FLAKEGENERATIONSWIDTH,FLAKEGENERATIONSTHICKNESS,LENGHTLONGESTFLAKESCAR,MAXLENGTH,TECHLENGTH,MAXWIDTH,TECHWIDTH,MAXTHICKNESS,MASS,COMMMENTS,PHOTO
1,LIK,XVII,P5,,,Opaline/CCS,0%,,Flake,Complete,,,,,,,,,,,,,,,,,,,,,,Yes,Hertzian,Feather,,,,,,,,,,,,,RECTANGULAR,FacetWithBulb,No,5.22,1.45,Main,,,,,,,,,,,18.01,18.07,10.85,9.95,1.63,0.43,,N
10,LIK,XVII,O5b,,,Opaline/CCS,0%,,Flake,Fragment,,,,,,,,,,,,,,,,,,,,,,No,,Indeterminate,,,,,,,,,,,,,TRAPEZOIDAL,,,,,,,,,,,,,,,,15.45,,26.71,,5.5,2.97,,N
100,LIK,XVII,P5c,,,Opaline/CCS,0%,,Flake,Fragment,,,,,,,,,,,,,,,,,,,,,,Yes,Hertzian,Feather,,,,,,,,,,,,,RHOMBUS,Indeterminate,No,3.06,1.08,,,,,,,,,,,,12.43,,11.04,,0.75,0.07,,N
1002,LIK,XI,O4a,,,Opaline/CCS,0%,,Flake,Complete,,,,,,,,,,,,,,,,,,,,,,Yes,Hertzian,Step,,,,,,,,,,,,,RECTANGULAR,NotPrepared,Yes,10.72,5,Main,,,,,,,,,,,15.79,15.79,11.48,11.86,7.19,1.24,,N
1003,LIK,XI,O4a,,,Opaline/CCS,0%,,Flake,Mesial,,,,,,,,,,,,,,,,,,,,,,No,,Indeterminate,,,,,,,,,,,,,RECTANGULAR,,,,,,,,,,,,,,,,7.11,,15.01,,2.37,0.37,,N
1004,LIK,XI,O4a,,,Opaline/CCS,0%,,Flake,Mesial,,,,,,,,,,,,,,,,,,,,,,No,,Indeterminate,,,,,,,,,,,,,RECTANGULAR,,,,,,,,,,,,,,,,9.02,,11.49,,3.49,0.38,,N
1005,LIK,XI,O4a,,,Opaline/CCS,0%,,Flake,Fragment,,,,,,,,,,,,,,,,,,,,,,Yes,Hertzian,Feather,,,,,,,,,,,,,RECTANGULAR,NotPrepared,No,13.54,4.18,,,,,,,,,,,,17.63,,13.42,,3.71,1.14,,N
1006,LIK,XI,O4a,,,Opaline/CCS,0%,,Flake,Complete,,,,,,,,,,,,,,,,,,,,,,Yes,Hertzian,Overshot,,,,,,,,,,,,,RECTANGULAR,NotPrepared,No,10.32,3.27,Main,,,,,,,,,,,9.53,7.15,13.64,13.64,5.65,0.62,,N
1007,LIK,XI,O4a,,,Opaline/CCS,0%,,Flake,Mesial,,,,,,,,,,,,,,,,,,,,,,No,,Indeterminate,,,,,,,,,,,,,RECTANGULAR,,,,,,,,,,,,,,,,10.82,,14.27,,1.5,0.36,,N
1008,LIK,XI,O4a,,,Opaline/CCS,0%,,Flake,Complete,,,,,,,,,,,,,,,,,,,,,,Yes,Hertzian,Feather,,,,,,,,,,,,,TRIANGULAR,NotPrepared,No,4.59,1.45,Main,,,,,,,,,,,10.05,8.05,11.11,8.15,1.34,0.13,,N
1009,LIK,XI,O4a,,,Opaline/CCS,0%,,Flake,Fragment,,,,,,,,,,,,,,,,,,,,,,Yes,Hertzian,Feather,,,,,,,,,,,,,RECTANGULAR,NotPrepared,No,8.96,3.95,,,,,,,,,,,,17.43,,11.91,,2.96,0.68,,N
1010,LIK,XI,O4a,,,Opaline/CCS,0%,,Flake,Complete,,,,,,,,,,,,,,,,,,,,,,Yes,Hertzian,Feather,,,,,,,,,,,,,KITE,NotPrepared,No,4.5,1.33,Main,,,,,,,,,,,13.83,12,11.83,9.81,1.99,0.33,,N
1011,LIK,XI,O4a,,,Opaline/CCS,0%,,Flake,Proximal,,,,,,,,,,,,,,,,,,,,,,Yes,Hertzian,Indeterminate,,,,,,,,,,,,,RECTANGULAR,Indeterminate,No,2.07,1.43,,,,,,,,,,,,13.91,,6.67,,1.27,0.19,,N
101,LIK,XVII,P5c,,,Opaline/CCS,10-40%,Outcrop,Flake,Complete,,,,,,,,,,,,,,,,,,,,,,Yes,Hertzian,Overshot,,,,,,,,,,,,,RECTANGULAR,NotPrepared,No,4.57,1.73,Main,,,,,,,,,,,9.22,9.22,17.33,14.6,2.15,0.55,,N
1012,LIK,XI,O4a,,,Opaline/CCS,0%,,Flake,Complete,,,,,,,,,,,,,,,,,,,,,,Yes,Hertzian,Overshot,,,,,,,,,,,,,RECTANGULAR,NotPrepared,No,5.92,1.95,Main,,,,,,,,,,,14.09,10.8,15.86,12.68,3.1,0.54,,N
1013,LIK,XI,O4a,,,Opaline/CCS,0%,,Flake,Distal,,,,,,,,,,,,,,,,,,,,,,No,,Feather,,,,,,,,,,,,,TRIANGULAR,,,,,,,,,,,,,,,,9.56,,12.05,,1.63,0.21,,N
1014,LIK,XI,O4a,,,Opaline/CCS,0%,,Flake,Complete,,,,,,,,,,,,,,,,,,,,,,Yes,Hertzian,Feather,,,,,,,,,,,,,TRIANGULAR,ResidualFacetWithBulb,No,21.63,5.45,Main,,,,,,,,,,,32.59,32.59,32.65,26.57,5.31,5.3,,N
1015,LIK,XI,O4a,,,Opaline/CCS,0%,,Flake,Distal,,,,,,,,,,,,,,,,,,,,,,No,,Feather,,,,,,,,,,,,,SQUARE,,,,,,,,,,,,,,,,12.42,,11.95,,3.17,0.49,,N
1016,LIK,XI,O4a,,,Opaline/CCS,0%,,Flake,Complete,,,,,,,,,,,,,,,,,,,,,,Yes,Hertzian,Feather,,,,,,,,,,,,,TRIANGULAR,NotPrepared,No,8.5,10.36,Main,,,,,,,,,,,38.93,39.01,24.89,20.71,11.48,11.65,,N
1017,LIK,XI,O4a,,,Opaline/CCS,0%,,Flake,Complete,,,,,,,,,,,,,,,,,,,,,,Yes,Hertzian,Feather,,,,,,,,,,,,,RECTANGULAR,NotPrepared,No,12.68,2.35,Main,,,,,,,,,,,13.51,12.66,15.36,15.25,2.52,0.45,,N
1018,LIK,XI,O4a,,,Opaline/CCS,10-40%,Outcrop,Flake,Complete,,,,,,,,,,,,,,,,,,,,,,Yes,Hertzian,Overshot,,,,,,,,,,,,,RECTANGULAR,NotPrepared,No,8.23,3.59,Main,,,,,,,,,,,10.67,10.67,14.78,11.89,4.87,0.93,,N
1019,LIK,XI,O4a,,,Opaline/CCS,0%,,Flake,Complete,,,,,,,,,,,,,,,,,,,,,,Yes,Hertzian,Feather,,,,,,,,,,,,,RECTANGULAR,FacetWithBulb,No,14.56,4.8,Main,,,,,,,,,,,12.17,12.17,16.19,14.52,5.44,1.08,,N
1020,LIK,XI,O4a,,,Opaline/CCS,0%,,Flake,Complete,,,,,,,,,,,,,,,,,,,,,,Yes,Hertzian,Feather,,,,,,,,,,,,,RECTANGULAR,ResidualFacetWithBulb,No,5.72,2.3,Main,,,,,,,,,,,23.67,23.64,20.64,14.91,6.86,2.7,,N
1021,LIK,XI,O4a,,,Opaline/CCS,0%,,Flake,Mesial,,,,,,,,,,,,,,,,,,,,,,No,,Indeterminate,,,,,,,,,,,,,RECTANGULAR,,,,,,,,,,,,,,,,18.91,,7.03,,2.43,0.39,,N
102,LIK,XVII,P5c,,,Opaline/CCS,0%,,Flake,Complete,,,,,,,,,,,,,,,,,,,,,,Yes,Bending,Feather,,,,,,,,,,,,,OVAL,NotPrepared,No,6.52,1.35,Main,,,,,,,,,,,21.41,17.43,12.49,12.49,3.61,0.89,,N
1022,LIK,XI,O4a,,,Opaline/CCS,0%,,Flake,Distal,,,,,,,,,,,,,,,,,,,,,,No,,Feather,,,,,,,,,,,,,RECTANGULAR,,,,,,,,,,,,,,,,9.01,,12.66,,2.41,0.36,,N
1023,LIK,XI,O4a,,,Opaline/CCS,0%,,Flake,Distal,,,,,,,,,,,,,,,,,,,,,,No,,Feather,,,,,,,,,,,,,TRAPEZOIDAL,,,,,,,,,,,,,,,,8.01,,16.43,,2.73,0.35,,N
1024,LIK,XI,O4a,,,Opaline/CCS,0%,,Flake,Distal,,,,,,,,,,,,,,,,,,,,,,No,,Feather,,,,,,,,,,,,,TRAPEZOIDAL,,,,,,,,,,,,,,,,8.58,,13.65,,1.43,0.19,,N
1025,LIK,XI,O4a,,,Opaline/CCS,0%,,Flake,Complete,,,,,,,,,,,,,,,,,,,,,,Yes,Bending,Feather,,,,,,,,,,,,,RECTANGULAR,NotPrepared,No,12.68,3.28,Main,,,,,,,,,,,5.59,5.59,12.75,11.5,1.39,0.23,,N
1026,LIK,XI,O4a,,,Opaline/CCS,0%,,Flake,Complete,,,,,,,,,,,,,,,,,,,,,,Yes,Hertzian,Indeterminate,,,,,,,,,,,,,RECTANGULAR,NotPrepared,No,14.86,5.74,Main,,,,,,,,,,,15.42,15.42,24.08,18.13,7.24,3,,N
1027,LIK,XI,O4a,,,Opaline/CCS,0%,,Flake,Distal,,,,,,,,,,,,,,,,,,,,,,No,,Feather,,,,,,,,,,,,,RECTANGULAR,,,,,,,,,,,,,,,,7.99,,10.83,,2.21,0.25,,N
1028,LIK,XI,O4a,,,Opaline/CCS,0%,,Flake,Distal,,,,,,,,,,,,,,,,,,,,,,No,,Feather,,,,,,,,,,,,,RECTANGULAR,,,,,,,,,,,,,,,,7.79,,14.15,,1.39,0.25,,N
1029,LIK,XI,O4a,,,Opaline/CCS,0%,,Flake,Distal,,,,,,,,,,,,,,,,,,,,,,No,,Feather,,,,,,,,,,,,,RECTANGULAR,,,,,,,,,,,,,,,,5.2,,13.47,,0.82,0.18,,N
1030,LIK,XI,O4a,,,Opaline/CCS,1-10%,Outcrop,Flake,Complete,,,,,,,,,,,,,,,,,,,,,,Yes,Hertzian,Step,,,,,,,,,,,,,RECTANGULAR,NotPrepared,No,21.01,10.56,Initial,,,,,,,,,,,10.69,10.75,37.08,33.54,11.28,6.5,,N
1031,LIK,XI,O4a,,,Opaline/CCS,0%,,Core,,Complete,,,,,,,,,,,,,,,,,,,,,,,,,,,,,,,,,,,,,,,,,,Platform,Irregular,Cubic,0%,4,3,2,2,5,10.88,11.8,11.83,11.72,11.83,6.4,1.13,,N
103,LIK,XVII,P5c,,,Opaline/CCS,1-10%,Outcrop,Flake,Complete,,,,,,,,,,,,,,,,,,,,,,Yes,Hertzian,Overshot,,,,,,,,,,,,,RECTANGULAR,NotPrepared,No,20.03,9.1,Main,,,,,,,,,,,16.59,16.17,25.97,25.94,7.66,4.65,,N
1032,LIK,XI,O4a,,,Opaline/CCS,0%,,Core,,Complete,,,,,,,,,,,,,,,,,,,,,,,,,,,,,,,,,,,,,,,,,,Platform,Irregular,Cubic,0%,2,2,1,1,4,10.79,16.12,15.63,13.54,13.7,5.69,0.9,,N
1033,LIK,XI,O4a,,,Opaline/CCS,0%,,Core,,Complete,,,,,,,,,,,,,,,,,,,,,,,,,,,,,,,,,,,,,,,,,,Platform,Irregular,Cubic,0%,7,4,5,4,7,12.65,42.56,42.56,30.22,30.27,15.02,21.77,,N
1034,LIK,XI,O4a,,,Opaline/CCS,0%,,Flake,Complete,,,,,,,,,,,,,,,,,,,,,,Yes,Hertzian,Feather,,,,,,,,,,,,,RECTANGULAR,NotPrepared,No,15.71,10.25,Main,,,,,,,,,,,8.26,8.31,25.15,23.51,9.19,2.91,,N
1035,LIK,XI,O4a,,,Opaline/CCS,0%,,Flake,Complete,,,,,,,,,,,,,,,,,,,,,,Yes,Hertzian,Feather,,,,,,,,,,,,,RECTANGULAR,NotPrepared,No,2.76,0.66,Main,,,,,,,,,,,13.61,13.61,5.48,5.12,0.98,0.05,,N
1036,LIK,XI,O4a,,,Opaline/CCS,0%,,Flake,Distal,,,,,,,,,,,,,,,,,,,,,,No,,Feather,,,,,,,,,,,,,RECTANGULAR,,,,,,,,,,,,,,,,5.88,,12.08,,0.71,0.05,,N
1037,LIK,XI,O4a,,,Opaline/CCS,0%,,Flake,Complete,,,,,,,,,,,,,,,,,,,,,,Yes,Hertzian,Feather,,,,,,,,,,,,,RECTANGULAR,NotPrepared,No,3.07,1.52,Main,,,,,,,,,,,16.3,16.3,4.61,4.61,1.92,0.11,,N
1038,LIK,XI,O4a,,,Opaline/CCS,1-10%,Outcrop,Flake,Complete,,,,,,,,,,,,,,,,,,,,,,Yes,Hertzian,Feather,,,,,,,,,,,,,TRIANGULAR,FacetWithBulb,No,7.69,2.58,Main,,,,,,,,,,,17.17,17.17,12.98,12.98,2.69,0.71,,N
1039,LIK,XI,O4a,,,Opaline/CCS,0%,,Flake,Complete,,,,,,,,,,,,,,,,,,,,,,Yes,Hertzian,Feather,,,,,,,,,,,,,RECTANGULAR,ResidualFacetWithBulb,No,9.83,2.7,Main,,,,,,,,,,,29.68,29.7,14.25,14.25,5.28,2.04,,N
1040,LIK,XI,O4a,,,Opaline/CCS,0%,,Flake,Complete,,,,,,,,,,,,,,,,,,,,,,Yes,Hertzian,Feather,,,,,,,,,,,,,KITE,NotPrepared,No,17.38,2.96,Main,,,,,,,,,,,34.08,31.87,29.61,26.15,6.6,7.04,,N
1041,LIK,XI,O4a,,,Hornfels,0%,,Flake,Distal,,,,,,,,,,,,,,,,,,,,,,No,,Feather,,,,,,,,,,,,,RECTANGULAR,,,,,,,,,,,,,,,,11.24,,8.1,,2.36,0.35,,N
104,LIK,XVII,P5c,,,Opaline/CCS,1-10%,Outcrop,Flake,Distal,,,,,,,,,,,,,,,,,,,,,,No,,Feather,,,,,,,,,,,,,TRIANGULAR,,,,,,,,,,,,,,,,18.15,,23.23,,3.06,1.5,,N
1042,LIK,XI,O4a,,,Opaline/CCS,0%,,Flake,Proximal,,,,,,,,,,,,,,,,,,,,,,Yes,Hertzian,Indeterminate,,,,,,,,,,,,,RECTANGULAR,NotPrepared,No,4.45,1.5,,,,,,,,,,,,13,,6.17,,2.46,0.22,,N
1043,LIK,XI,O4a,,,Hornfels,10-40%,Outcrop,Flake,Complete,,,,,,,,,,,,,,,,,,,,,,Yes,Hertzian,Feather,,,,,,,,,,,,,RECTANGULAR,Indeterminate,No,6.59,1.99,Main,,,,,,,,,,,9.99,9.95,13.7,13.7,2.47,0.37,,N
1044,LIK,XI,O4a,,,Hornfels,0%,,Flake,Complete,,,,,,,,,,,,,,,,,,,,,,Yes,Hertzian,Overshot,,,,,,,,,,,,,RECTANGULAR,Indeterminate,No,3.93,1.46,Main,,,,,,,,,,,22.15,22.15,15.44,10.52,2.55,0.9,,N
1045,LIK,XI,O4a,,,Hornfels,0%,,Flake,Complete,,,,,,,,,,,,,,,,,,,,,,Yes,Hertzian,Feather,,,,,,,,,,,,,RECTANGULAR,NotPrepared,No,9.26,1.11,Main,,,,,,,,,,,7.19,6.41,15.06,14.87,1.58,0.21,,N
1046,LIK,XI,O4a,,,Hornfels,0%,,Flake,Complete,,,,,,,,,,,,,,,,,,,,,,Yes,Hertzian,Feather,,,,,,,,,,,,,RECTANGULAR,NotPrepared,No,5.29,4.21,Main,,,,,,,,,,,10.01,10.01,6.3,6.32,3.15,0.23,,N
1047,LIK,XI,O4a,,,Hornfels,0%,,Flake,Fragment,,,,,,,,,,,,,,,,,,,,,,Yes,Hertzian,Feather,,,,,,,,,,,,,TRIANGULAR,NotPrepared,Yes,16.11,3.47,,,,,,,,,,,,15.64,,15.97,,2.31,0.93,,N
1048,LIK,XI,O4a,,,Hornfels,0%,,Flake,Mesial,,,,,,,,,,,,,,,,,,,,,,No,,Indeterminate,,,,,,,,,,,,,RECTANGULAR,,,,,,,,,,,,,,,,16.39,,8.14,,5.23,0.63,,N
1049,LIK,XI,O4a,,,Hornfels,0%,,Flake,Complete,,,,,,,,,,,,,,,,,,,,,,Yes,Hertzian,Feather,,,,,,,,,,,,,RECTANGULAR,NotPrepared,Yes,4.51,2.57,Main,,,,,,,,,,,22.85,19.41,6.47,6.26,4.08,0.75,,N
1050,LIK,XI,O4a,,,Hornfels,0%,,Flake,Complete,,,,,,,,,,,,,,,,,,,,,,Yes,Hertzian,Feather,,,,,,,,,,,,,RECTANGULAR,Indeterminate,No,3.98,1.35,Main,,,,,,,,,,,11.62,11.62,6.06,6.06,2.37,0.06,,N
1051,LIK,XI,O4a,,,Hornfels,0%,,Flake,Proximal,,,,,,,,,,,,,,,,,,,,,,Yes,Hertzian,Indeterminate,,,,,,,,,,,,,RECTANGULAR,NotPrepared,No,9.2,3.26,,,,,,,,,,,,20.71,,19.89,,3.09,1.58,,N
105,LIK,XVII,P5c,,,Opaline/CCS,0%,,Core,,Complete,,,,,,,,,,,,,,,,,,,,,,,,,,,,,,,,,,,,,,,,,,Platform,Bladelet,Cubic,0%,8,3,2,3,6,19.41,33.7,33.69,14.13,14.13,10.95,7.27,,N
1052,LIK,XI,O4a,,,Hornfels,0%,,Flake,Complete,,,,,,,,,,,,,,,,,,,,,,Yes,Hertzian,Overshot,,,,,,,,,,,,,RECTANGULAR,Indeterminate,No,5.33,1.47,Main,,,,,,,,,,,25.83,25.83,14.35,12.24,3.44,1.43,,N
1053,LIK,XI,O4a,,,Hornfels,0%,,Flake,Complete,,,,,,,,,,,,,,,,,,,,,,Yes,Hertzian,Feather,,,,,,,,,,,,,RECTANGULAR,NotPrepared,No,2.7,1.91,Main,,,,,,,,,,,17.2,17.2,7.45,7.45,2.92,0.33,,N
1054,LIK,XI,O4a,,,Hornfels,0%,,Flake,Complete,,,,,,,,,,,,,,,,,,,,,,Yes,Hertzian,Feather,,,,,,,,,,,,,RECTANGULAR,Indeterminate,No,4.4,1.29,Main,,,,,,,,,,,13.41,13.41,7.54,7.54,2.07,0.22,,N
1056,LIK,XI,O4a,,,Hornfels,0%,,Flake,Complete,,,,,,,,,,,,,,,,,,,,,,Yes,Hertzian,Feather,,,,,,,,,,,,,OVAL,NotPrepared,No,9.1,4.46,Main,,,,,,,,,,,7.32,6.8,15.3,15.3,2.17,0.46,,N
1057,LIK,XI,O4a,,,Hornfels,0%,,Flake,Proximal,,,,,,,,,,,,,,,,,,,,,,Yes,Hertzian,Indeterminate,,,,,,,,,,,,,TRAPEZOIDAL,NotPrepared,No,8.59,5.06,,,,,,,,,,,,16.65,,15.51,,4.02,1.44,,N
1058,LIK,XI,O4a,,,Hornfels,0%,,Flake,Mesial,,,,,,,,,,,,,,,,,,,,,,No,,Indeterminate,,,,,,,,,,,,,RECTANGULAR,,,,,,,,,,,,,,,,7.18,,11.42,,1.48,0.23,,N
1059,LIK,XI,O4a,,,Hornfels,0%,,Flake,Complete,,,,,,,,,,,,,,,,,,,,,,Yes,Bending,Feather,,,,,,,,,,,,,TRAPEZOIDAL,Indeterminate,No,2.9,1.28,Main,,,,,,,,,,,11.27,11.23,9.81,9.8,1.06,0.17,,N
1060,LIK,XI,O4a,,,Hornfels,0%,,Flake,Complete,,,,,,,,,,,,,,,,,,,,,,Yes,Bending,Feather,,,,,,,,,,,,,RECTANGULAR,Indeterminate,No,4.77,1.32,Main,,,,,,,,,,,13.89,13.41,11,10.25,1.83,0.32,,N
1061,LIK,XI,O4a,,,Hornfels,0%,,Flake,Mesial,,,,,,,,,,,,,,,,,,,,,,No,,Indeterminate,,,,,,,,,,,,,RECTANGULAR,,,,,,,,,,,,,,,,6.81,,20.28,,2.76,0.5,,N
1062,LIK,XI,O4a,,,Hornfels,0%,,Flake,Distal,,,,,,,,,,,,,,,,,,,,,,No,,Feather,,,,,,,,,,,,,TRAPEZOIDAL,,,,,,,,,,,,,,,,13.6,,21.45,,3.78,1.39,,N
106,LIK,XVII,O5d,,,Opaline/CCS,0%,,Flake,Complete,,,,,,,,,,,,,,,,,,,,,,Yes,Hertzian,Feather,,,,,,,,,,,,,RECTANGULAR,ResidualFacetWithBulb,No,4.41,2.64,Main,,,,,,,,,,,39.84,20.56,9.87,9.91,4.55,1.74,,N
1063,LIK,XI,O4a,,,Hornfels,0%,,Flake,Complete,,,,,,,,,,,,,,,,,,,,,,Yes,Hertzian,Step,,,,,,,,,,,,,RECTANGULAR,NotPrepared,No,9.36,1.94,Main,,,,,,,,,,,17,11.61,9.42,6.88,3.04,0.42,,N
1064,LIK,XI,O4a,,,Hornfels,0%,,Flake,Complete,,,,,,,,,,,,,,,,,,,,,,Yes,Hertzian,Step,,,,,,,,,,,,,RECTANGULAR,ResidualFacetWithBulb,No,14.56,6.09,Main,,,,,,,,,,,40.27,36.53,23.17,19.46,5.33,5.62,,N
1065,LIK,XI,O4a,,,Hornfels,0%,,Flake,Complete,,,,,,,,,,,,,,,,,,,,,,Yes,Hertzian,Overshot,,,,,,,,,,,,,CIRCULAR,NotPrepared,No,18.33,4.61,Main,,,,,,,,,,,27.72,27.72,32.08,32.08,8.57,9.15,,N
1066,LIK,XI,O4a,,,Hornfels,0%,,Flake,Complete,,,,,,,,,,,,,,,,,,,,,,Yes,Hertzian,Feather,,,,,,,,,,,,,RECTANGULAR,NotPrepared,No,8.36,5.75,CoreMaintenance,,,,,,,,,,,34.59,34.59,12.24,10.02,12.37,6,,N
1067,LIK,XI,O4a,,,Hornfels,0%,,Core,,Complete,,,,,,,,,,,,,,,,,,,,,,,,,,,,,,,,,,,,,,,,,,Platform,Irregular,Cubic,0%,3,2,2,4,4,39.91,41.66,41.7,45.39,37.44,7.22,27.98,,N
1068,LIK,XI,O4a,,,Hornfels,0%,,Core,,Complete,,,,,,,,,,,,,,,,,,,,,,,,,,,,,,,,,,,,,,,,,,Platform,FlatBladelet,Cubic,0%,3,3,1,2,5,9.36,11.45,11.45,9.75,9.75,3.47,0.35,,N
1069,LIK,XI,O4a,,,Hornfels,0%,,Flake,Complete,,,,,,,,,,,,,,,,,,,,,,Yes,Hertzian,Feather,,,,,,,,,,,,,RECTANGULAR,ResidualFacetWithBulb,No,14.38,5.64,Main,,,,,,,,,,,31.79,20.72,23.9,20.15,5.79,4.63,,N
1070,LIK,XI,O4a,,,Hornfels,0%,,Flake,Complete,,,,,,,,,,,,,,,,,,,,,,Yes,Hertzian,Feather,,,,,,,,,,,,,RECTANGULAR,NotPrepared,No,23.29,15.27,Main,,,,,,,,,,,36.36,36.36,25.91,25.91,13.14,21.08,,N
1071,LIK,XI,O4a,,,Quartzite,0%,,Flake,Complete,,,,,,,,,,,,,,,,,,,,,,Yes,Hertzian,Feather,,,,,,,,,,,,,TRIANGULAR,NotPrepared,Yes,19.41,6.07,Main,,,,,,,,,,,9.12,9.13,19.78,17.6,4.63,0.79,,N
1072,LIK,XI,O4a,,,Quartzite,0%,,Flake,Complete,,,,,,,,,,,,,,,,,,,,,,Yes,Hertzian,Feather,,,,,,,,,,,,,RECTANGULAR,NotPrepared,No,6.89,1.44,Main,,,,,,,,,,,14.08,14.08,12.34,12.34,2.83,0.51,,N
1073,LIK,XI,O4a,,,Quartzite,0%,,Flake,Complete,,,,,,,,,,,,,,,,,,,,,,Yes,Hertzian,Feather,,,,,,,,,,,,,OVAL,NotPrepared,No,18.92,4.03,Main,,,,,,,,,,,18.21,17.19,29.31,22.38,4.24,2.21,,N
1074,LIK,XI,O4a,,,Quartzite,0%,,Flake,Complete,,,,,,,,,,,,,,,,,,,,,,Yes,Hertzian,Feather,,,,,,,,,,,,,RECTANGULAR,NotPrepared,No,30.77,6.92,Main,,,,,,,,,,,26.38,23.18,29.37,29.38,4.52,6.38,,N
1075,LIK,XI,O4a,,,Quartzite,0%,,Flake,Complete,,,,,,,,,,,,,,,,,,,,,,Yes,Hertzian,Feather,,,,,,,,,,,,,TRIANGULAR,ResidualFacetWithBulb,No,28.09,4.08,Main,,,,,,,,,,,36.29,36.2,28.22,28.22,5.24,5.76,,N
1076,LIK,XI,O4a,,,Quartzite,0%,,Flake,Complete,,,,,,,,,,,,,,,,,,,,,,Yes,Hertzian,Feather,,,,,,,,,,,,,RECTANGULAR,NotPrepared,Yes,16.32,8.71,Main,,,,,,,,,,,41.8,41.89,37.39,32.45,12.87,29.97,,N
1077,LIK,XI,O4a,,,Quartzite,0%,,Flake,Complete,,,,,,,,,,,,,,,,,,,,,,Yes,Hertzian,Overshot,,,,,,,,,,,,,RECTANGULAR,NotPrepared,No,19.59,5.29,Main,,,,,,,,,,,46.18,46.18,27.42,27.45,9.65,21.48,,N
1078,LIK,XI,O4a,,,Opaline/CCS,0%,,Core,,Complete,,,,,,,,,,,,,,,,,,,,,,,,,,,,,,,,,,,,,,,,,,Platform,Irregular,Cubic,0%,8,3,7,6,4,13.87,23.44,23.44,18.03,18.03,17.6,15.13,,Y
1079,LIK,XI,O4a,,,Hornfels,10-40%,Cobble,Core,,Complete,,,,,,,,,,,,,,,,,,,,,,,,,,,,,,,,,,,,,,,,,,Platform,Irregular,Cubic,0%,3,3,3,2,5,22.57,31.63,31.63,29.3,29.27,22.25,24.84,,N
1080,LIK,XI,O4a,,,Hornfels,0%,,Flake,Complete,,,,,,,,,,,,,,,,,,,,,,Yes,Hertzian,Feather,,,,,,,,,,,,,TRIANGULAR,NotPrepared,No,53.03,23.18,Main,,,,,,,,,,,50.19,44.81,54.02,50.61,19.54,68.07,,N
1081,LIK,XI,O4a,,,Opaline/CCS,0%,,Flake,Mesial,,,,,,,,,,,,,,,,,,,,,,No,,Indeterminate,,,,,,,,,,,,,RECTANGULAR,,,,,,,,,,,,,,,,22.45,,11.96,,2.45,1.4,,N
1082,LIK,XI,O4a,,,Opaline/CCS,0%,,Flake,Complete,,,,,,,,,,,,,,,,,,,,,,Yes,Hertzian,Feather,,,,,,,,,,,,,RECTANGULAR,NotPrepared,No,9.44,3.69,Main,,,,,,,,,,,49.04,46.25,20.76,20.76,4.95,7.04,,N
107,LIK,XVII,O5d,,,Tuff,0%,,Flake,Complete,,,,,,,,,,,,,,,,,,,,,,Yes,Hertzian,Feather,,,,,,,,,,,,,RECTANGULAR,ResidualFacetWithBulb,No,12.09,3.7,Main,,,,,,,,,,,34.19,34.19,19.87,19.86,2.46,2.22,Broken but piece together,N
1083,LIK,XI,O4a,,,Opaline/CCS,0%,,Flake,Complete,,,,,,,,,,,,,,,,,,,,,,Yes,Hertzian,Feather,,,,,,,,,,,,,TRIANGULAR,NotPrepared,No,11.61,4.43,Main,,,,,,,,,,,17.17,17.17,30.4,23.38,5.37,3.26,,N
1084,LIK,XI,O4a,,,Opaline/CCS,0%,,Flake,Complete,,,,,,,,,,,,,,,,,,,,,,Yes,Hertzian,Feather,,,,,,,,,,,,,RECTANGULAR,NotPrepared,No,3.51,1.4,Main,,,,,,,,,,,26.61,26.84,8.37,6.81,1.58,0.44,,N
1085,LIK,XI,O5c,,,Opaline/CCS,0%,,Flake,Complete,,,,,,,,,,,,,,,,,,,,,,Yes,Hertzian,Feather,,,,,,,,,,,,,RECTANGULAR,NotPrepared,No,13.06,7.7,Main,,,,,,,,,,,13.51,11.3,13.06,13.39,6.05,1.84,,N
1086,LIK,XI,O5c,,,Opaline/CCS,0%,,Flake,Distal,,,,,,,,,,,,,,,,,,,,,,No,,Feather,,,,,,,,,,,,,OVAL,,,,,,,,,,,,,,,,14.24,,12.54,,4.35,0.75,,N
1087,LIK,XI,O5c,,,Opaline/CCS,0%,,Flake,Complete,,,,,,,,,,,,,,,,,,,,,,Yes,Hertzian,Feather,,,,,,,,,,,,,KITE,NotPrepared,No,5.79,2.59,Main,,,,,,,,,,,10.86,10.98,22.51,22.51,2.82,0.81,,N
1088,LIK,XI,O5c,,,Opaline/CCS,1-10%,Outcrop,Flake,Complete,,,,,,,,,,,,,,,,,,,,,,Yes,Hertzian,Feather,,,,,,,,,,,,,TRIANGULAR,NotPrepared,No,8.8,5.48,Main,,,,,,,,,,,15.74,15.74,8.68,7.86,4.09,0.53,,N
1089,LIK,XI,O5c,,,Opaline/CCS,0%,,Flake,Complete,,,,,,,,,,,,,,,,,,,,,,Yes,Hertzian,Feather,,,,,,,,,,,,,OVAL,Indeterminate,No,4.4,0.91,Main,,,,,,,,,,,17.67,17.67,11.47,11.47,2.44,0.48,,N
1090,LIK,XI,O5c,,,Opaline/CCS,0%,,Flake,Complete,,,,,,,,,,,,,,,,,,,,,,Yes,Hertzian,Feather,,,,,,,,,,,,,RECTANGULAR,Indeterminate,No,5.03,1.68,Main,,,,,,,,,,,12.8,12.51,9.73,9.06,1.72,0.24,,N
1091,LIK,XI,O5c,,,Opaline/CCS,10-40%,Outcrop,Flake,Complete,,,,,,,,,,,,,,,,,,,,,,Yes,Hertzian,Overshot,,,,,,,,,,,,,RECTANGULAR,Indeterminate,No,3.73,2.01,Main,,,,,,,,,,,26.85,26.85,10.2,9.65,4,0.93,,N
1092,LIK,XI,O5c,,,Opaline/CCS,0%,,Flake,Complete,,,,,,,,,,,,,,,,,,,,,,Yes,Hertzian,Feather,,,,,,,,,,,,,RECTANGULAR,ResidualFacetWithBulb,No,14.29,4.01,Main,,,,,,,,,,,8.84,8.84,17.1,13.78,3.4,0.51,,N
108,LIK,XVII,O5d,,,Opaline/CCS,0%,,Flake,Proximal,,,,,,,,,,,,,,,,,,,,,,Yes,Hertzian,Indeterminate,,,,,,,,,,,,,RECTANGULAR,ResidualFacetWithBulb,No,6.26,2.91,,,,,,,,,,,,13.04,,14.17,,2.99,0.7,,N
1093,LIK,XI,O5c,,,Opaline/CCS,0%,,Flake,Proximal,,,,,,,,,,,,,,,,,,,,,,Yes,Hertzian,Indeterminate,,,,,,,,,,,,,RECTANGULAR,NotPrepared,No,4.86,2.29,,,,,,,,,,,,10.05,,10.49,,1.66,0.25,,N
1094,LIK,XI,O5c,,,Opaline/CCS,0%,,Flake,Proximal,,,,,,,,,,,,,,,,,,,,,,Yes,Hertzian,Indeterminate,,,,,,,,,,,,,RECTANGULAR,NotPrepared,No,6.24,2,,,,,,,,,,,,7.68,,10.88,,2.03,0.24,,N
1095,LIK,XI,O5c,,,Opaline/CCS,40-60%,Outcrop,Flake,Complete,,,,,,,,,,,,,,,,,,,,,,Yes,Hertzian,Overshot,,,,,,,,,,,,,OVAL,NotPrepared,No,3.12,1.81,Main,,,,,,,,,,,9.83,9.76,12.38,10.23,1.82,0.25,,N
1096,LIK,XI,O5c,,,Opaline/CCS,1-10%,Outcrop,Flake,Distal,,,,,,,,,,,,,,,,,,,,,,No,,Feather,,,,,,,,,,,,,OVAL,,,,,,,,,,,,,,,,14.36,,9.78,,2.78,0.44,,N
1097,LIK,XI,O5c,,,Opaline/CCS,0%,,Flake,Complete,,,,,,,,,,,,,,,,,,,,,,Yes,Hertzian,Feather,,,,,,,,,,,,,RECTANGULAR,NotPrepared,No,4.47,1.29,CoreMaintenance,,,,,,,,,,,11.53,11.53,8.15,8.15,2.13,0.24,,N
1098,LIK,XI,O5c,,,Opaline/CCS,0%,,Flake,Mesial,,,,,,,,,,,,,,,,,,,,,,No,,Indeterminate,,,,,,,,,,,,,RECTANGULAR,,,,,,,,,,,,,,,,8.62,,29.82,,2.62,0.72,,N
1099,LIK,XI,O5c,,,Opaline/CCS,0%,,Flake,Mesial,,,,,,,,,,,,,,,,,,,,,,No,,Indeterminate,,,,,,,,,,,,,RECTANGULAR,,,,,,,,,,,,,,,,11.58,,10.62,,3.93,0.46,,N
1100,LIK,XI,O5c,,,Opaline/CCS,0%,,Flake,Proximal,,,,,,,,,,,,,,,,,,,,,,Yes,Hertzian,Indeterminate,,,,,,,,,,,,,RECTANGULAR,NotPrepared,No,3.3,1.5,,,,,,,,,,,,17.78,,10.76,,3.44,0.74,,N
1101,LIK,XI,O5c,,,Opaline/CCS,0%,,Flake,Complete,,,,,,,,,,,,,,,,,,,,,,Yes,Hertzian,Feather,,,,,,,,,,,,,TRIANGULAR,NotPrepared,No,10.05,4.77,Main,,,,,,,,,,,9.96,9.96,14.66,11.76,2.89,0.44,,N
1102,LIK,XI,O5c,,,Opaline/CCS,0%,,Flake,Complete,,,,,,,,,,,,,,,,,,,,,,Yes,Hertzian,Overshot,,,,,,,,,,,,,RECTANGULAR,NotPrepared,No,8.25,3.63,Main,,,,,,,,,,,16.95,16.95,25.53,18.72,5.33,2.68,,N
11,LIK,XVII,NA,,,Hornfels,0%,,Flake,Complete,,,,,,,,,,,,,,,,,,,,,,Yes,Hertzian,Feather,,,,,,,,,,,,,TRIANGULAR,NotPrepared,Yes,14.98,5.08,Main,,,,,,,,,,,19.16,18.95,15.75,12.64,3.9,1.46,,N
109,LIK,XVII,O5d,,,Opaline/CCS,0%,,Flake,Distal,,,,,,,,,,,,,,,,,,,,,,No,,Feather,,,,,,,,,,,,,SQUARE,,,,,,,,,,,,,,,,11.24,,12.02,,2.85,0.53,,N
1103,LIK,XI,O5c,,,Opaline/CCS,0%,,Flake,Complete,,,,,,,,,,,,,,,,,,,,,,Yes,Hertzian,Feather,,,,,,,,,,,,,RECTANGULAR,NotPrepared,No,2.72,0.96,Main,,,,,,,,,,,13.63,13.7,6.9,6.9,1.23,0.18,,N
1104,LIK,XI,O5c,,,Opaline/CCS,0%,,Flake,Complete,,,,,,,,,,,,,,,,,,,,,,Yes,Hertzian,Feather,,,,,,,,,,,,,RECTANGULAR,NotPrepared,Yes,8.82,3.63,Main,,,,,,,,,,,8.95,8.94,11.97,11.97,2.08,0.35,,N
1105,LIK,XI,O5c,,,Opaline/CCS,0%,,Flake,Complete,,,,,,,,,,,,,,,,,,,,,,Yes,Hertzian,Feather,,,,,,,,,,,,,RECTANGULAR,NotPrepared,No,3.77,1.62,Main,,,,,,,,,,,10.75,10.74,5.81,5.81,1.54,0.09,,N
1106,LIK,XI,O5c,,,Opaline/CCS,0%,,Flake,Complete,,,,,,,,,,,,,,,,,,,,,,Yes,Hertzian,Feather,,,,,,,,,,,,,RECTANGULAR,NotPrepared,No,6.39,3.35,Main,,,,,,,,,,,28.95,28.95,14.09,10.11,5.14,2.19,,N
1107,LIK,XI,O5c,,,Opaline/CCS,0%,,Flake,Mesial,,,,,,,,,,,,,,,,,,,,,,No,,Indeterminate,,,,,,,,,,,,,RHOMBUS,,,,,,,,,,,,,,,,15.49,,8.89,,2.08,0.29,,N
1108,LIK,XI,O5c,,,Opaline/CCS,0%,,Flake,Distal,,,,,,,,,,,,,,,,,,,,,,No,,Feather,,,,,,,,,,,,,OVAL,,,,,,,,,,,,,,,,7.23,,12.75,,1.01,0.14,,N
1109,LIK,XI,O5c,,,Opaline/CCS,0%,,Flake,Complete,,,,,,,,,,,,,,,,,,,,,,Yes,Hertzian,Feather,,,,,,,,,,,,,RECTANGULAR,Indeterminate,No,3.75,1.09,Main,,,,,,,,,,,10.81,10.81,7.51,4.72,1.18,0.08,,N
1110,LIK,XI,)5c,,,Opaline/CCS,0%,,Flake,Complete,,,,,,,,,,,,,,,,,,,,,,Yes,Hertzian,Feather,,,,,,,,,,,,,TRIANGULAR,NotPrepared,Yes,18.43,11.2,Main,,,,,,,,,,,20.96,20.96,19.29,16.35,8.77,3.63,,N
1111,LIK,XI,O5c,,,Opaline/CCS,1-10%,Outcrop,Flake,Fragment,,,,,,,,,,,,,,,,,,,,,,Yes,Hertzian,Indeterminate,,,,,,,,,,,,,RECTANGULAR,NotPrepared,No,7.02,1.42,,,,,,,,,,,,11.77,,9.93,,1.93,0.25,,N
1112,LIK,XI,O5c,,,Opaline/CCS,0%,,Flake,Proximal,,,,,,,,,,,,,,,,,,,,,,Yes,Hertzian,Indeterminate,,,,,,,,,,,,,RECTANGULAR,ResidualFacetWithBulb,No,10.46,3.45,,,,,,,,,,,,16.99,,14.69,,4.06,1.17,,N
110,LIK,XVII,O5d,,,Opaline/CCS,0%,,Flake,Mesial,,,,,,,,,,,,,,,,,,,,,,No,,Indeterminate,,,,,,,,,,,,,RECTANGULAR,,,,,,,,,,,,,,,,13.58,,7.5,,3.32,0.39,,N
1113,LIK,XI,O5c,,,Opaline/CCS,0%,,Flake,Complete,,,,,,,,,,,,,,,,,,,,,,Yes,Hertzian,Feather,,,,,,,,,,,,,RECTANGULAR,NotPrepared,No,8.63,1.72,Main,,,,,,,,,,,8.5,8.55,16.22,14.34,1.85,0.39,,N
1114,LIK,XI,O5c,,,Opaline/CCS,1-10%,Outcrop,Flake,Complete,,,,,,,,,,,,,,,,,,,,,,Yes,Hertzian,Feather,,,,,,,,,,,,,RECTANGULAR,NotPrepared,No,10.98,2.76,Main,,,,,,,,,,,6.22,6.22,10.71,10.71,1.82,0.15,,N
1115,LIK,XI,O5c,,,Opaline/CCS,1-10%,Outcrop,Flake,Complete,,,,,,,,,,,,,,,,,,,,,,Yes,Hertzian,Feather,,,,,,,,,,,,,OVAL,NotPrepared,No,10.57,1.62,Main,,,,,,,,,,,4.78,4.78,10.66,8.98,2.05,0.09,,N
1116,LIK,XI,O5c,,,Opaline/CCS,0%,,Flake,Complete,,,,,,,,,,,,,,,,,,,,,,Yes,Hertzian,Feather,,,,,,,,,,,,,TRIANGULAR,NotPrepared,No,6.81,2.96,Main,,,,,,,,,,,10.75,10.75,6.57,6.23,1.62,0.12,,N
1117,LIK,XI,O5c,,,Opaline/CCS,0%,,Flake,Complete,,,,,,,,,,,,,,,,,,,,,,Yes,Hertzian,Feather,,,,,,,,,,,,,OVAL,NotPrepared,No,4.62,1.17,Main,,,,,,,,,,,10.5,10.58,9.65,9.65,1.64,0.13,,N
1118,LIK,XI,O5c,,,Opaline/CCS,0%,,Flake,Complete,,,,,,,,,,,,,,,,,,,,,,Yes,Hertzian,Feather,,,,,,,,,,,,,TRIANGULAR,NotPrepared,No,11.06,5.61,Main,,,,,,,,,,,16.96,16.95,10.93,10.35,5.01,1.15,,N
1119,LIK,XI,O5c,,,Opaline/CCS,0%,,Flake,Complete,,,,,,,,,,,,,,,,,,,,,,Yes,Hertzian,Feather,,,,,,,,,,,,,RECTANGULAR,NotPrepared,No,5.32,2.12,Main,,,,,,,,,,,18.97,18.06,4.2,4.2,2.23,0.3,,N
1120,LIK,XI,O5c,,,Opaline/CCS,0%,,Flake,Distal,,,,,,,,,,,,,,,,,,,,,,No,,Feather,,,,,,,,,,,,,SQUARE,,,,,,,,,,,,,,,,10.69,,7.85,,0.85,0.08,,N
1121,LIK,XI,O5c,,,Opaline/CCS,0%,,Flake,Complete,,,,,,,,,,,,,,,,,,,,,,Yes,Hertzian,Feather,,,,,,,,,,,,,OVAL,NotPrepared,No,5.82,0.75,Main,,,,,,,,,,,10.3,10.3,10.83,10.83,0.82,0.12,,N
1122,LIK,XI,O5c,,,Opaline/CCS,0%,,Flake,Complete,,,,,,,,,,,,,,,,,,,,,,Yes,Hertzian,Feather,,,,,,,,,,,,,RECTANGULAR,NotPrepared,No,5.28,3.35,Main,,,,,,,,,,,17.44,17.44,10.64,10.65,2.56,0.58,,N
111,LIK,XVII,O5d,,,Opaline/CCS,0%,,Flake,Complete,,,,,,,,,,,,,,,,,,,,,,Yes,Hertzian,Overshot,,,,,,,,,,,,,RECTANGULAR,NotPrepared,No,4.49,1.92,Main,,,,,,,,,,,14.04,9.25,12.17,8.14,4.96,0.53,,N
1123,LIK,XI,O5c,,,Opaline/CCS,0%,,Flake,Complete,,,,,,,,,,,,,,,,,,,,,,Yes,Hertzian,Feather,,,,,,,,,,,,,RECTANGULAR,NotPrepared,No,4.34,1.92,Main,,,,,,,,,,,18.37,18.37,5.88,5.88,3.33,0.51,,N
1124,LIK,XI,O5c,,,Opaline/CCS,0%,,Flake,Complete,,,,,,,,,,,,,,,,,,,,,,Yes,Hertzian,Feather,,,,,,,,,,,,,TRIANGULAR,NotPrepared,No,3.77,1.84,Main,,,,,,,,,,,9.7,9.86,18.74,17.17,0.92,0.28,,N
1125,LIK,XI,O5c,,,Opaline/CCS,1-10%,Outcrop,Flake,Proximal,,,,,,,,,,,,,,,,,,,,,,Yes,Hertzian,Indeterminate,,,,,,,,,,,,,RECTANGULAR,NotPrepared,No,5.3,1.73,,,,,,,,,,,,10.69,,13.43,,1.82,0.27,,N
1126,LIK,XI,O5c,,,Opaline/CCS,0%,,Flake,Proximal,,,,,,,,,,,,,,,,,,,,,,Yes,Hertzian,Indeterminate,,,,,,,,,,,,,RECTANGULAR,NotPrepared,No,9.95,2.31,,,,,,,,,,,,7.06,,16.86,,3.96,0.6,,N
1127,LIK,XI,O5c,,,Opaline/CCS,1-10%,Outcrop,Flake,Complete,,,,,,,,,,,,,,,,,,,,,,Yes,Hertzian,Feather,,,,,,,,,,,,,TRAPEZOIDAL,NotPrepared,No,17.76,4.29,Main,,,,,,,,,,,16.89,16.9,23.28,22.51,2.32,1.62,,N
1128,LIK,XI,O5c,,,Opaline/CCS,0%,,Flake,Complete,,,,,,,,,,,,,,,,,,,,,,Yes,Hertzian,Feather,,,,,,,,,,,,,OVAL,NotPrepared,No,7.17,2.07,CoreMaintenance,,,,,,,,,,,21.56,21.56,22.52,22.52,2.2,2.48,,N
1129,LIK,XI,O5c,,,Opaline/CCS,0%,,Flake,Complete,,,,,,,,,,,,,,,,,,,,,,Yes,Hertzian,Feather,,,,,,,,,,,,,TRIANGULAR,NotPrepared,No,14.38,7.99,Main,,,,,,,,,,,10.07,10.07,15.52,13.15,7.12,0.97,,N
1130,LIK,XI,O5c,,,Opaline/CCS,0%,,Flake,Proximal,,,,,,,,,,,,,,,,,,,,,,Yes,Hertzian,Indeterminate,,,,,,,,,,,,,TRIANGULAR,NotPrepared,No,5.42,1.44,,,,,,,,,,,,16.66,,10.18,,3.03,0.51,,N
1131,LIK,XI,O5c,,,Opaline/CCS,0%,,Flake,Complete,,,,,,,,,,,,,,,,,,,,,,Yes,Hertzian,Feather,,,,,,,,,,,,,RECTANGULAR,NotPrepared,No,9.37,2.5,Main,,,,,,,,,,,19.15,19.15,11.48,11.5,1.64,0.64,,N
1132,LIK,XI,O5c,,,Opaline/CCS,0%,,Flake,Distal,,,,,,,,,,,,,,,,,,,,,,No,,Feather,,,,,,,,,,,,,RECTANGULAR,,,,,,,,,,,,,,,,10.53,,28.04,,5.27,1.88,,N
112,LIK,XVII,O5d,,,Opaline/CCS,0%,,Flake,Distal,,,,,,,,,,,,,,,,,,,,,,No,,Feather,,,,,,,,,,,,,OVAL,,,,,,,,,,,,,,,,7.43,,7.29,,0.69,0.05,,N
1133,LIK,XI,O5c,,,Opaline/CCS,0%,,Flake,Complete,,,,,,,,,,,,,,,,,,,,,,Yes,Hertzian,Feather,,,,,,,,,,,,,TRIANGULAR,NotPrepared,Yes,10.43,3.11,Main,,,,,,,,,,,23.43,23.44,15.52,13.48,1.86,1.27,,N
1134,LIK,XI,O5c,,,Opaline/CCS,0%,,Flake,Complete,,,,,,,,,,,,,,,,,,,,,,Yes,Hertzian,Feather,,,,,,,,,,,,,RECTANGULAR,NotPrepared,No,4.41,2.79,Main,,,,,,,,,,,27.77,27.77,14.54,14.55,5.05,2.17,,N
1135,LIK,XI,O5c,,,Opaline/CCS,0%,,Flake,Proximal,,,,,,,,,,,,,,,,,,,,,,Yes,Hertzian,Indeterminate,,,,,,,,,,,,,RECTANGULAR,NotPrepared,No,13.24,15.85,,,,,,,,,,,,25.63,,11.16,,7.61,3.41,,N
1136,LIK,XI,O5c,,,Opaline/CCS,0%,,Flake,Proximal,,,,,,,,,,,,,,,,,,,,,,Yes,Hertzian,Indeterminate,,,,,,,,,,,,,RECTANGULAR,NotPrepared,No,10.79,5.73,,,,,,,,,,,,25.67,,28.37,,7.35,6.8,,N
1137,LIK,XI,O5c,,,Opaline/CCS,0%,,Flake,Complete,,,,,,,,,,,,,,,,,,,,,,Yes,Hertzian,Feather,,,,,,,,,,,,,TRIANGULAR,NotPrepared,No,11.37,4.19,Main,,,,,,,,,,,31.27,31.27,18.6,16.68,8.17,4.63,,Y
1138,LIK,XI,O5c,,,Opaline/CCS,0%,,RetouchedTool,Complete,,MinimallyRetouched,MarginalEdgeShaping,Dorsal,4,1678,4.07,1,2.49,4.6,4.24,,,,,,,,,,,,,,Flake,,,,,,,,,,,,OVAL,,,,,Main,,,,,,,,,,,28.15,28.16,19.27,19.27,2.23,2.02,,Y
1139,LIK,XI,O5c,,,Opaline/CCS,0%,,RetouchedTool,Complete,,MinimallyRetouched,MarginalEdgeShaping,Dorsal,3,178,3.96,1,2.37,2.32,1.87,,,,,,,,,,,,,,Indeterminate,,,,,,,,,,,,OVAL,,,,,Main,,,,,,,,,,,8.34,8.34,11.79,11.79,3.2,0.37,,Y
1140,LIK,XI,O5c,,,Opaline/CCS,0%,,RetouchedTool,Complete,,MinimallyRetouched,MarginalEdgeShaping,Dorsal,2,67,1.79,1,1.88,1.87,1.51,,,,,,,,,,,,,,Indeterminate,,,,,,,,,,,,RECTANGULAR,,,,,Main,,,,,,,,,,,12.66,12.66,5.46,5.46,2.06,0.16,,Y
1141,LIK,XI,O5c,,,Opaline/CCS,0%,,Flake,Complete,,,,,,,,,,,,,,,,,,,,,,Yes,Hertzian,Feather,,,,,,,,,,,,,TRIANGULAR,NotPrepared,No,8.94,2.55,Main,,,,,,,,,,,25.63,25.63,18.95,14.9,3.58,2.05,,N
1142,LIK,XI,O5c,,,Opaline/CCS,0%,,Flake,Distal,,,,,,,,,,,,,,,,,,,,,,No,,Feather,,,,,,,,,,,,,RECTANGULAR,,,,,,,,,,,,,,,,14.28,,21.3,,1.92,0.79,,N
113,LIK,XVII,O5d,,,Tuff,10-40%,Outcrop,RetouchedTool,Complete,,MinimallyRetouched,MarginalEdgeShaping,Dorsal,5,45678,4.36,1,5.51,5.04,3.52,,,,,,,,,,,,,,Flake,,,,,,,,,,,,SQUARE,,,,,Initial,,,,,,,,,,,74.64,74.67,82.66,76.37,23.41,134.6,,Y
1143,LIK,XI,O5c,,,Opaline/CCS,0%,,Flake,Complete,,,,,,,,,,,,,,,,,,,,,,Yes,Hertzian,Feather,,,,,,,,,,,,,TRIANGULAR,NotPrepared,No,4.59,1.41,Main,,,,,,,,,,,26.26,17.37,12.41,12.41,3.75,1.02,,N
1144,LIK,XI,O5c,,,Hornfels,10-40%,Outcrop,Flake,Complete,,,,,,,,,,,,,,,,,,,,,,Yes,Hertzian,Overshot,,,,,,,,,,,,,TRIANGULAR,NotPrepared,No,4.12,0.86,Main,,,,,,,,,,,13.26,13.26,20.72,16.77,1.98,0.82,,N
1145,LIK,XI,O5c,,,Opaline/CCS,0%,,Flake,Mesial,,,,,,,,,,,,,,,,,,,,,,No,,Indeterminate,,,,,,,,,,,,,SQUARE,,,,,,,,,,,,,,,,11.53,,12.11,,2.12,0.67,,N
1146,LIK,XI,O5c,,,Hornfels,0%,,Flake,Complete,,,,,,,,,,,,,,,,,,,,,,Yes,Hertzian,Feather,,,,,,,,,,,,,RECTANGULAR,NotPrepared,No,7.4,1.89,Main,,,,,,,,,,,13.3,13.3,8.85,8.84,2.33,0.32,,N
1147,LIK,XI,O5c,,,Hornfels,0%,,Flake,Complete,,,,,,,,,,,,,,,,,,,,,,Yes,Hertzian,Feather,,,,,,,,,,,,,RECTANGULAR,NotPrepared,No,4.79,1.57,Main,,,,,,,,,,,12.8,12.8,9.08,9.08,3.22,0.37,,N
1148,LIK,XI,O5c,,,Hornfels,0%,,Flake,Distal,,,,,,,,,,,,,,,,,,,,,,No,,Feather,,,,,,,,,,,,,RECTANGULAR,,,,,,,,,,,,,,,,11.61,,17.48,,0.93,0.3,,N
1149,LIK,XI,O5c,,,Hornfels,0%,,Flake,Distal,,,,,,,,,,,,,,,,,,,,,,No,,Feather,,,,,,,,,,,,,RECTANGULAR,,,,,,,,,,,,,,,,4.14,,14.23,,2.24,0.17,,N
1150,LIK,XI,O5c,,,Hornfels,0%,,Flake,Fragment,,,,,,,,,,,,,,,,,,,,,,Yes,Hertzian,Feather,,,,,,,,,,,,,OVAL,NotPrepared,No,9.03,2.56,,,,,,,,,,,,31.74,,19.4,,2.05,1.66,,N
1151,LIK,XI,O5c,,,Hornfels,0%,,Flake,Complete,,,,,,,,,,,,,,,,,,,,,,Yes,Hertzian,Feather,,,,,,,,,,,,,TRIANGULAR,NotPrepared,No,11.59,1.77,Main,,,,,,,,,,,21.8,21.9,11.88,9.98,1.98,0.59,,N
1152,LIK,XI,O5c,,,Hornfels,0%,,Flake,Complete,,,,,,,,,,,,,,,,,,,,,,Yes,Hertzian,Feather,,,,,,,,,,,,,RECTANGULAR,NotPrepared,No,8.95,2.02,Main,,,,,,,,,,,4.56,4.56,13.38,11.22,1.48,0.09,,N
114,LIK,XVII,O5d,,,Opaline/CCS,0%,,Core,,Complete,,,,,,,,,,,,,,,,,,,,,,,,,,,,,,,,,,,,,,,,,,Platform,Irregular,Cubic,0%,5,2,3,4,8,17.82,48.55,48.58,22.06,22.06,17.36,30.78,,N
1153,LIK,XI,O5c,,,Hornfels,0%,,Flake,Mesial,,,,,,,,,,,,,,,,,,,,,,No,,Indeterminate,,,,,,,,,,,,,RECTANGULAR,,,,,,,,,,,,,,,,16.61,,20.54,,1.41,0.64,,N
1154,LIK,XI,O5c,,,Hornfels,0%,,Flake,Complete,,,,,,,,,,,,,,,,,,,,,,Yes,Hertzian,Feather,,,,,,,,,,,,,TRIANGULAR,NotPrepared,No,9.72,3.5,Main,,,,,,,,,,,11.63,9.93,9.6,5.88,1.77,0.32,,N
1155,LIK,XI,O5c,,,Hornfels,0%,,Flake,Complete,,,,,,,,,,,,,,,,,,,,,,Yes,Hertzian,Feather,,,,,,,,,,,,,TRIANGULAR,NotPrepared,No,3.11,1.73,Main,,,,,,,,,,,17.5,16.9,14.02,12.2,4.47,0.9,,N
1156,LIK,XI,O5c,,,Hornfels,1-10%,Outcrop,Flake,Complete,,,,,,,,,,,,,,,,,,,,,,Yes,Hertzian,Feather,,,,,,,,,,,,,TRIANGULAR,NotPrepared,Yes,4.22,2.54,Main,,,,,,,,,,,17.07,17.07,20.37,15.68,5.91,1.93,,N
1157,LIK,XI,O5c,,,Hornfels,0%,,Flake,Proximal,,,,,,,,,,,,,,,,,,,,,,Yes,Hertzian,Indeterminate,,,,,,,,,,,,,RECTANGULAR,NotPrepared,No,10.08,6.83,,,,,,,,,,,,19.62,,9.94,,6.57,1.27,,N
1158,LIK,XI,O5c,,,Hornfels,0%,,Flake,Complete,,,,,,,,,,,,,,,,,,,,,,Yes,Hertzian,Feather,,,,,,,,,,,,,RECTANGULAR,NotPrepared,No,8.03,5.28,Main,,,,,,,,,,,15.49,15.49,8.62,7.56,5.32,0.72,,N
1159,LIK,XI,O5c,,,Hornfels,0%,,Flake,Complete,,,,,,,,,,,,,,,,,,,,,,Yes,Hertzian,Overshot,,,,,,,,,,,,,TRIANGULAR,NotPrepared,No,4.39,2.09,Main,,,,,,,,,,,22.38,22.38,18.04,11.8,3.81,1.65,,N
1160,LIK,XI,O5c,,,Hornfels,0%,,Flake,Complete,,,,,,,,,,,,,,,,,,,,,,Yes,Hertzian,Overshot,,,,,,,,,,,,,TRIANGULAR,NotPrepared,No,6.89,1.17,Main,,,,,,,,,,,24.55,24.55,22.53,13.58,4.52,2.3,,N
1161,LIK,XI,O5c,,,Hornfels,0%,,Flake,Complete,,,,,,,,,,,,,,,,,,,,,,Yes,Hertzian,Feather,,,,,,,,,,,,,OVAL,NotPrepared,No,13.02,2.72,Main,,,,,,,,,,,26.63,26.63,31.91,32.27,6.78,6.96,,N
1162,LIK,XI,O5c,,,Tuff,0%,,Flake,Complete,,,,,,,,,,,,,,,,,,,,,,Yes,Hertzian,Feather,,,,,,,,,,,,,RECTANGULAR,NotPrepared,No,17.99,7.18,Main,,,,,,,,,,,30.55,22.11,34.66,29.35,4.86,5.12,,N
115,LIK,XVII,O5d,,,Opaline/CCS,10-40%,Outcrop,Core,,Complete,,,,,,,,,,,,,,,,,,,,,,,,,,,,,,,,,,,,,,,,,,Platform,Bladelet,Cubic,0%,1,1,5,1,3,12.01,24.61,24.09,22.42,22.42,13.98,15.58,,N
1163,LIK,XI,O5c,,,Quartzite,0%,,Flake,Complete,,,,,,,,,,,,,,,,,,,,,,Yes,Hertzian,Feather,,,,,,,,,,,,,RECTANGULAR,NotPrepared,No,14.39,1.87,Main,,,,,,,,,,,8.22,8.22,16.55,16.55,2.17,0.32,,N
1164,LIK,XI,O5c,,,Quartzite,0%,,Flake,Complete,,,,,,,,,,,,,,,,,,,,,,Yes,Hertzian,Feather,,,,,,,,,,,,,RECTANGULAR,NotPrepared,No,20.55,2.38,Main,,,,,,,,,,,8.33,8.33,23.58,19.88,3.11,0.6,,N
1165,LIK,XI,O5c,,,Quartzite,0%,,Flake,Complete,,,,,,,,,,,,,,,,,,,,,,Yes,Hertzian,Step,,,,,,,,,,,,,RECTANGULAR,ResidualFacetWithBulb,No,14.89,5.22,Main,,,,,,,,,,,14.13,12.19,16.36,15.61,2.96,1.12,,N
1166,LIK,XI,O5c,,,Tuff,0%,,Flake,Mesial,,,,,,,,,,,,,,,,,,,,,,No,,Indeterminate,,,,,,,,,,,,,TRIANGULAR,,,,,,,,,,,,,,,,14.52,,22.05,,3.57,1.17,,N
1167,LIK,XI,O5c,,,Tuff,0%,,Flake,Complete,,,,,,,,,,,,,,,,,,,,,,Yes,Hertzian,Feather,,,,,,,,,,,,,RECTANGULAR,NotPrepared,No,6.39,2.34,Main,,,,,,,,,,,13.35,13.35,8.7,6.65,3.73,0.37,,N
1168,LIK,XI,O5c,,,Tuff,0%,,Flake,Distal,,,,,,,,,,,,,,,,,,,,,,No,,Feather,,,,,,,,,,,,,TRIANGULAR,,,,,,,,,,,,,,,,11.58,,7.96,,1.66,0.08,,N
1169,LIK,XI,O5c,,,Tuff,0%,,Flake,Complete,,,,,,,,,,,,,,,,,,,,,,Yes,Hertzian,Feather,,,,,,,,,,,,,TRIANGULAR,NotPrepared,No,6.34,1.5,Main,,,,,,,,,,,14.79,14.79,9.12,7.78,2.24,0.34,,N
1170,LIK,XI,O5c,,,Siltstone,0%,,Flake,Mesial,,,,,,,,,,,,,,,,,,,,,,No,,Indeterminate,,,,,,,,,,,,,RECTANGULAR,,,,,,,,,,,,,,,,4.95,,16.28,,2.81,0.28,,N
1171,LIK,XI,O5c,,,Quartz,0%,,Flake,Complete,,,,,,,,,,,,,,,,,,,,,,Yes,Hertzian,Indeterminate,,,,,,,,,,,,,TRIANGULAR,NotPrepared,No,4.53,2.02,Main,,,,,,,,,,,8.88,8.88,12.21,9.83,1.54,0.23,,N
1172,LIK,XI,O5c,,,Quartzite,40-60%,Cobble,Flake,Complete,,,,,,,,,,,,,,,,,,,,,,Yes,Hertzian,Feather,,,,,,,,,,,,,RECTANGULAR,NotPrepared,No,33.89,24.58,Main,,,,,,,,,,,49.71,49.71,50.86,50.86,22.92,104.15,,N
116,LIK,XVII,O5d,,,Opaline/CCS,0%,,Core,,Complete,,,,,,,,,,,,,,,,,,,,,,,,,,,,,,,,,,,,,,,,,,Platform,Irregular,Spherical,0%,5,4,2,2,6,5.73,9.84,9.84,7.89,7.91,5.51,0.41,,Y
1173,LIK,XI,O5c,,,Quartzite,10-40%,Cobble,Flake,Complete,,,,,,,,,,,,,,,,,,,,,,Yes,Hertzian,Feather,,,,,,,,,,,,,RHOMBUS,NotPrepared,No,27.65,13.25,Main,,,,,,,,,,,51.61,51.61,66.37,62.36,15.75,50.52,,N
1174,LIK,XI,O5c,,,Quartzite,0%,,Flake,Complete,,,,,,,,,,,,,,,,,,,,,,Yes,Hertzian,Axial,,,,,,,,,,,,,RECTANGULAR,NotPrepared,No,24.32,4.92,Main,,,,,,,,,,,55.59,35.68,20.61,22.44,16.09,19.97,,N
1175,LIK,XI,O5c,,,Quartzite,0%,,Flake,Distal,,,,,,,,,,,,,,,,,,,,,,No,,Feather,,,,,,,,,,,,,SQUARE,,,,,,,,,,,,,,,,10.71,,11.57,,1.66,0.27,,N
1176,LIK,XI,O5c,,,Quartzite,0%,,Flake,Complete,,,,,,,,,,,,,,,,,,,,,,Yes,Hertzian,Feather,,,,,,,,,,,,,RECTANGULAR,NotPrepared,No,21.36,3.81,Main,,,,,,,,,,,16.26,16.26,26.35,26.35,3.09,2.09,,N
1177,LIK,XI,O5c,,,Quartzite,0%,,Flake,Complete,,,,,,,,,,,,,,,,,,,,,,Yes,Hertzian,Feather,,,,,,,,,,,,,RECTANGULAR,NotPrepared,No,9.94,3.37,Main,,,,,,,,,,,19.74,18.25,14.04,11.63,3.53,0.85,,N
1178,LIK,XI,O5c,,,Quartzite,0%,,Flake,Distal,,,,,,,,,,,,,,,,,,,,,,No,,Feather,,,,,,,,,,,,,TRAPEZOIDAL,,,,,,,,,,,,,,,,21.28,,24.89,,7.34,4.81,,N
1179,LIK,XI,O5c,,,Opaline/CCS,0%,,Core,,Complete,,,,,,,,,,,,,,,,,,,,,,,,,,,,,,,,,,,,,,,,,,Platform,Irregular,Cubic,0%,3,3,4,5,9,8.18,26.23,26.26,14.05,14.06,8.44,5.19,,N
1180,LIK,XI,O5c,,,Opaline/CCS,40-60%,Outcrop,Core,,Complete,,,,,,,,,,,,,,,,,,,,,,,,,,,,,,,,,,,,,,,,,,Platform,Irregular,Cubic,0%,4,2,2,9,3,31.68,57.05,57.2,49.03,46.35,15.62,53.84,,Y
1181,LIK,XI,O5c,,,Opaline/CCS,0%,,Flake,Complete,,,,,,,,,,,,,,,,,,,,,,Yes,Hertzian,Feather,,,,,,,,,,,,,TRIANGULAR,NotPrepared,No,30.83,12.66,Main,,,,,,,,,,,25.07,25.07,30.8,30.8,11.31,11.18,,N
1182,LIK,XI,O5c,,,Opaline/CCS,0%,,Core,,Complete,,,,,,,,,,,,,,,,,,,,,,,,,,,,,,,,,,,,,,,,,,Platform,Irregular,Cubic,0%,5,2,7,5,9,24.04,44.81,44.81,32.08,32.08,22.61,33.28,,N
117,LIK,XVI,O4a,,,Opaline/CCS,0%,,Flake,Complete,,,,,,,,,,,,,,,,,,,,,,Yes,Hertzian,Feather,,,,,,,,,,,,,TRIANGULAR,FacetWithBulb,No,12.45,4.77,Main,,,,,,,,,,,22.61,22.61,15.45,13.23,3.68,1.5,,N
1183,LIK,XI,O5c,,,Opaline/CCS,0%,,Core,,Complete,,,,,,,,,,,,,,,,,,,,,,,,,,,,,,,,,,,,,,,,,,Platform,Irregular,Spherical,0%,7,4,4,10,4,21.23,55,52.58,43.47,43.46,30.38,110.05,,N
1184,LIK,XI,O5c,,,Hornfels,0%,,Core,,Complete,,,,,,,,,,,,,,,,,,,,,,,,,,,,,,,,,,,,,,,,,,Platform,Irregular,Cubic,0%,6,2,2,0,8,38.12,87.8,87.8,47.19,47.19,27.63,157.3,,N
1185,LIK,XI,O5c,,,Opaline/CCS,0%,,Flake,Distal,,,,,,,,,,,,,,,,,,,,,,No,,Feather,,,,,,,,,,,,,TRIANGULAR,,,,,,,,,,,,,,,,28.62,,18.6,,6.57,2.6,,N
1186,LIK,XI,O5c,,,Opaline/CCS,0%,,Flake,Complete,,,,,,,,,,,,,,,,,,,,,,Yes,Hertzian,Overshot,,,,,,,,,,,,,RECTANGULAR,NotPrepared,No,13.07,4,Main,,,,,,,,,,,43.1,37.99,37.56,17.85,9.01,10.92,,N
1187,LIK,XI,O5c,,,Opaline/CCS,0%,,Flake,Complete,,,,,,,,,,,,,,,,,,,,,,Yes,Bending,Feather,,,,,,,,,,,,,KITE,NotPrepared,No,6.82,4.5,Main,,,,,,,,,,,23.2,23.2,13.04,13.04,2.26,1.07,,N
1188,LIK,XI,O5c,,,Opaline/CCS,0%,,Flake,Complete,,,,,,,,,,,,,,,,,,,,,,Yes,Hertzian,Feather,,,,,,,,,,,,,RECTANGULAR,NotPrepared,No,5.32,1.51,Main,,,,,,,,,,,26.2,26.2,12.62,12.62,2.16,0.71,,N
1189,LIK,X,O4b/d,,,Opaline/CCS,0%,,Flake,Distal,,,,,,,,,,,,,,,,,,,,,,No,,Feather,,,,,,,,,,,,,TRIANGULAR,,,,,,,,,,,,,,,,11.09,,8.42,,0.86,0.04,,N
1190,LIK,X,O4b/d,,,Opaline/CCS,0%,,Flake,Complete,,,,,,,,,,,,,,,,,,,,,,Yes,Hertzian,Feather,,,,,,,,,,,,,TRIANGULAR,NotPrepared,No,1.82,0.63,Main,,,,,,,,,,,5.58,5.11,10.85,7.18,0.66,0.03,,N
1191,LIK,X,N4b/d,,,Opaline/CCS,0%,,Flake,Complete,,,,,,,,,,,,,,,,,,,,,,Yes,Hertzian,Feather,,,,,,,,,,,,,RECTANGULAR,NotPrepared,No,6.37,5.54,Main,,,,,,,,,,,11.49,11.49,6.39,6.39,4.51,0.42,,N
1192,LIK,X,N4b/d,,,Opaline/CCS,0%,,Flake,Mesial,,,,,,,,,,,,,,,,,,,,,,No,,Indeterminate,,,,,,,,,,,,,RECTANGULAR,,,,,,,,,,,,,,,,4.92,,12.45,,2.05,0.11,,N
118,LIK,XVI,O4a,,,Opaline/CCS,0%,,Flake,Complete,,,,,,,,,,,,,,,,,,,,,,Yes,Hertzian,Step,,,,,,,,,,,,,OVAL,Indeterminate,No,4.64,1.59,Main,,,,,,,,,,,23.35,20.32,13.82,13.82,3.16,0.8,,N
1193,LIK,X,N4b/d,,,Opaline/CCS,0%,,Flake,Distal,,,,,,,,,,,,,,,,,,,,,,No,,Feather,,,,,,,,,,,,,OVAL,,,,,,,,,,,,,,,,9.25,,8.74,,0.96,0.06,,N
1194,LIK,X,N4b/d,,,Opaline/CCS,0%,,Flake,Complete,,,,,,,,,,,,,,,,,,,,,,Yes,Hertzian,Feather,,,,,,,,,,,,,RECTANGULAR,NotPrepared,No,6.84,2.17,Main,,,,,,,,,,,9.6,7.09,8.52,8.52,1.66,0.13,,N
1195,LIK,X,N4b/d,,,Opaline/CCS,0%,,Flake,Complete,,,,,,,,,,,,,,,,,,,,,,Yes,Hertzian,Feather,,,,,,,,,,,,,KITE,NotPrepared,No,7.38,2.33,Main,,,,,,,,,,,3.81,3.81,15.29,15.29,1.34,0.13,,N
1196,LIK,X,N4b/d,,,Opaline/CCS,0%,,Flake,Distal,,,,,,,,,,,,,,,,,,,,,,No,,Feather,,,,,,,,,,,,,RECTANGULAR,,,,,,,,,,,,,,,,7.08,,8.08,,0.75,0.06,,N
1197,LIK,X,N4b/d,,,Opaline/CCS,0%,,Flake,Complete,,,,,,,,,,,,,,,,,,,,,,Yes,Hertzian,Feather,,,,,,,,,,,,,RECTANGULAR,NotPrepared,No,3.43,0.78,Main,,,,,,,,,,,11.56,11.56,6.11,4.88,0.94,0.05,,N
1198,LIK,X,N4b/d,,,Hornfels,0%,,Flake,Complete,,,,,,,,,,,,,,,,,,,,,,Yes,Hertzian,Feather,,,,,,,,,,,,,RECTANGULAR,NotPrepared,No,6.69,2.21,Main,,,,,,,,,,,9.55,9.6,9.59,9.59,1.35,0.15,,N
1199,LIK,X,N4b/d,,,Hornfels,0%,,Flake,Complete,,,,,,,,,,,,,,,,,,,,,,Yes,Hertzian,Feather,,,,,,,,,,,,,RECTANGULAR,NotPrepared,No,5.52,2.83,Main,,,,,,,,,,,9.06,9.06,7.82,6.49,1.01,0.09,,N
1200,LIK,X,N4b/d,,,Hornfels,0%,,Flake,Complete,,,,,,,,,,,,,,,,,,,,,,Yes,Hertzian,Feather,,,,,,,,,,,,,RECTANGULAR,NotPrepared,No,6.53,2.83,Main,,,,,,,,,,,18.11,18.11,8.21,8.21,2.18,0.28,,N
1201,LIK,X,N4b/d,,,Opaline/CCS,0%,,Flake,Complete,,,,,,,,,,,,,,,,,,,,,,Yes,Hertzian,Overshot,,,,,,,,,,,,,TRAPEZOIDAL,NotPrepared,No,8.03,3,Main,,,,,,,,,,,26.49,26.51,28.59,22.02,7.74,5.4,,N
1202,LIK,X,N4a,,,Opaline/CCS,0%,,Flake,Mesial,,,,,,,,,,,,,,,,,,,,,,No,,Indeterminate,,,,,,,,,,,,,RECTANGULAR,,,,,,,,,,,,,,,,10.6,,9.18,,4.56,0.45,,N
12,LIK,XVII,O4a/c,,,Opaline/CCS,1-10%,Outcrop,Core,,Complete,,,,,,,,,,,,,,,,,,,,,,,,,,,,,,,,,,,,,,,,,,Platform,Irregular,Cubic,60-90%,8,2,2,2,6,24.76,41.38,36.5,23.95,23.95,13.08,18.97,,N
119,LIK,XVI,O4a,,,Opaline/CCS,0%,,Flake,Complete,,,,,,,,,,,,,,,,,,,,,,Yes,Hertzian,Feather,,,,,,,,,,,,,RECTANGULAR,NotPrepared,No,13.1,6.53,Main,,,,,,,,,,,25.21,25.21,17.44,12.93,3.14,1.81,,N
1203,LIK,X,N4a,,,Opaline/CCS,0%,,Flake,Complete,,,,,,,,,,,,,,,,,,,,,,Yes,Bending,Feather,,,,,,,,,,,,,TRIANGULAR,NotPrepared,No,8.12,2.77,Main,,,,,,,,,,,9.83,9.83,8.94,7.95,1.3,0.18,,N
1204,LIK,X,N4a,,,Opaline/CCS,0%,,Flake,Complete,,,,,,,,,,,,,,,,,,,,,,Yes,Hertzian,Overshot,,,,,,,,,,,,,RECTANGULAR,NotPrepared,No,5.76,1.85,Main,,,,,,,,,,,15,15,11.57,10.9,3.84,0.7,,N
1205,LIK,X,N4a,,,Opaline/CCS,0%,,Flake,Distal,,,,,,,,,,,,,,,,,,,,,,No,,Overshot,,,,,,,,,,,,,TRAPEZOIDAL,,,,,,,,,,,,,,,,20.15,,26.32,,5.67,3.79,,N
1206,LIK,X,N4a,,,Opaline/CCS,0%,,Flake,Complete,,,,,,,,,,,,,,,,,,,,,,Yes,Hertzian,Feather,,,,,,,,,,,,,RECTANGULAR,NotPrepared,No,8.02,3.98,Main,,,,,,,,,,,39.89,39.89,14.49,14.49,5.43,3.62,,N
1207,LIK,X,N4b,,,Opaline/CCS,0%,,Flake,Complete,,,,,,,,,,,,,,,,,,,,,,Yes,Hertzian,Feather,,,,,,,,,,,,,RECTANGULAR,NotPrepared,No,10.02,4.28,Main,,,,,,,,,,,39.8,39.8,14.09,14.09,6.29,5.65,,N
1208,LIK,X,N4b,,,Hornfels,0%,,Flake,Proximal,,,,,,,,,,,,,,,,,,,,,,Yes,Hertzian,Indeterminate,,,,,,,,,,,,,RHOMBUS,NotPrepared,No,21.82,2.56,,,,,,,,,,,,12.73,,29.2,,21.32,5.44,2.5,Y
1209,LIK,X,N4b,,,Quartzite,0%,,Flake,Complete,,,,,,,,,,,,,,,,,,,,,,Yes,Hertzian,Feather,,,,,,,,,,,,,TRIANGULAR,NotPrepared,No,5.76,4.78,Main,,,,,,,,,,,12.19,12.25,22.94,15.4,7.07,1.62,,N
1210,LIK,X,N4b,,,Opaline/CCS,0%,,RetouchedTool,Complete,,MinimallyRetouched,MarginalEdgeShaping,Dorsal,4,2345,2.7,1,3.87,3.28,2.55,,,,,,,,,,,,,,Indeterminate,,,,,,,,,,,,RECTANGULAR,,,,,Main,,,,,,,,,,,32.98,32.97,18.68,18.67,5.26,5.52,,Y
1211,LIK,X,N4c,,,Opaline/CCS,0%,,Flake,Complete,,,,,,,,,,,,,,,,,,,,,,Yes,Hertzian,Feather,,,,,,,,,,,,,TRAPEZOIDAL,NotPrepared,No,3.53,0.76,Main,,,,,,,,,,,8.24,8.24,12.27,10.3,0.84,0.06,,N
1212,LIK,X,N4d,,,Hornfels,0%,,Flake,Proximal,,,,,,,,,,,,,,,,,,,,,,Yes,Hertzian,Indeterminate,,,,,,,,,,,,,RECTANGULAR,Indeterminate,No,3.48,1.49,,,,,,,,,,,,8.46,,14.31,,2.13,0.3,,N
120,LIK,XVI,O4a,,,Opaline/CCS,0%,,Flake,Complete,,,,,,,,,,,,,,,,,,,,,,Yes,Hertzian,Feather,,,,,,,,,,,,,RECTANGULAR,NotPrepared,No,4.35,1.02,Main,,,,,,,,,,,17.88,17.89,6.75,6.68,1.56,0.29,,N
1213,LIK,X,N4d,,,Opaline/CCS,0%,,Flake,Mesial,,,,,,,,,,,,,,,,,,,,,,No,,Indeterminate,,,,,,,,,,,,,RECTANGULAR,,,,,,,,,,,,,,,,8.45,,11.6,,0.64,0.07,,N
1214,LIK,X,N4d,,,Opaline/CCS,0%,,Flake,Mesial,,,,,,,,,,,,,,,,,,,,,,No,,Indeterminate,,,,,,,,,,,,,SQUARE,,,,,,,,,,,,,,,,8.27,,10.33,,1.17,0.14,,N
1215,LIK,X,N4d,,,Opaline/CCS,0%,,Flake,Distal,,,,,,,,,,,,,,,,,,,,,,No,,Feather,,,,,,,,,,,,,RECTANGULAR,,,,,,,,,,,,,,,,9.32,,19.28,,5.25,1.04,,N
1216,LIK,X,N5b,,,Opaline/CCS,0%,,Flake,Complete,,,,,,,,,,,,,,,,,,,,,,Yes,Hertzian,Feather,,,,,,,,,,,,,TRIANGULAR,NotPrepared,No,9.77,3.6,Main,,,,,,,,,,,14.01,9.42,9.43,7.22,3.81,0.44,,N
1217,LIK,X,N5b,,,Opaline/CCS,0%,,Flake,Complete,,,,,,,,,,,,,,,,,,,,,,Yes,Hertzian,Feather,,,,,,,,,,,,,RECTANGULAR,NotPrepared,No,14.45,3.08,Main,,,,,,,,,,,5.46,4.29,14.41,14.41,1.55,0.2,,N
1218,LIK,X,N5b,,,Opaline/CCS,0%,,Flake,Mesial,,,,,,,,,,,,,,,,,,,,,,No,,Indeterminate,,,,,,,,,,,,,RECTANGULAR,,,,,,,,,,,,,,,,9.89,,16.54,,3.42,0.56,,N
1219,LIK,X,N5b,,,Opaline/CCS,0%,,Flake,Mesial,,,,,,,,,,,,,,,,,,,,,,No,,Indeterminate,,,,,,,,,,,,,RECTANGULAR,,,,,,,,,,,,,,,,23.68,,24.9,,4.73,2.65,,N
1220,LIK,X,N5b,,,Opaline/CCS,0%,,Flake,Distal,,,,,,,,,,,,,,,,,,,,,,No,,Feather,,,,,,,,,,,,,RECTANGULAR,,,,,,,,,,,,,,,,25.84,,13.11,,2.84,1,,N
1221,LIK,X,O5a,,,Opaline/CCS,0%,,Core,,Complete,,,,,,,,,,,,,,,,,,,,,,,,,,,,,,,,,,,,,,,,,,Platform,Irregular,Cubic,0%,3,2,1,4,3,4.84,16.89,16.89,7.14,7.11,5.18,0.74,,N
1222,LIK,X,O5c,,,Opaline/CCS,0%,,Flake,Mesial,,,,,,,,,,,,,,,,,,,,,,No,,Indeterminate,,,,,,,,,,,,,RECTANGULAR,,,,,,,,,,,,,,,,10.9,,6.53,,2.12,0.23,,N
121,LIK,XVI,O4a,,,Opaline/CCS,0%,,Flake,Complete,,,,,,,,,,,,,,,,,,,,,,Yes,Hertzian,Overshot,,,,,,,,,,,,,OVAL,NotPrepared,No,4.21,1.19,Main,,,,,,,,,,,18.3,18.84,12.76,12.78,2.31,0.83,,N
1223,LIK,X,O5c,,,Opaline/CCS,0%,,Flake,Complete,,,,,,,,,,,,,,,,,,,,,,Yes,Hertzian,Feather,,,,,,,,,,,,,RECTANGULAR,NotPrepared,No,2.29,1.04,Main,,,,,,,,,,,11.68,11.68,8.07,8.07,2.01,0.17,,N
1224,LIK,X,O5c,,,Opaline/CCS,0%,,Flake,Complete,,,,,,,,,,,,,,,,,,,,,,Yes,Hertzian,Feather,,,,,,,,,,,,,CIRCULAR,NotPrepared,No,6.38,3.49,Main,,,,,,,,,,,10.13,9.55,8.49,8.49,3.37,0.48,,N
1225,LIK,X,O5c,,,Opaline/CCS,0%,,Flake,Proximal,,,,,,,,,,,,,,,,,,,,,,Yes,Hertzian,Indeterminate,,,,,,,,,,,,,RECTANGULAR,NotPrepared,No,10.74,2.34,,,,,,,,,,,,15.67,,14.59,,2.44,0.74,,N
1226,LIK,X,O5c,,,Hornfels,0%,,Flake,Complete,,,,,,,,,,,,,,,,,,,,,,Yes,Bending,Overshot,,,,,,,,,,,,,RECTANGULAR,NotPrepared,No,13.75,4.87,Main,,,,,,,,,,,11.42,11.42,24.38,24.38,5.47,3,,N
1227,LIK,X,P5c,,,Hornfels,0%,,Flake,Complete,,,,,,,,,,,,,,,,,,,,,,Yes,Hertzian,Feather,,,,,,,,,,,,,RECTANGULAR,NotPrepared,Yes,5.62,1.59,Main,,,,,,,,,,,13.76,11.14,15.89,15.89,2.97,0.45,,N
1228,LIK,X,EXTENSION,,,Opaline/CCS,0%,,Flake,Mesial,,,,,,,,,,,,,,,,,,,,,,No,,Indeterminate,,,,,,,,,,,,,RECTANGULAR,,,,,,,,,,,,,,,,18.84,,5.41,,1.52,0.17,,N
1229,LIK,X,EXTENSION,,,Opaline/CCS,0%,,Flake,Complete,,,,,,,,,,,,,,,,,,,,,,Yes,Hertzian,Feather,,,,,,,,,,,,,TRIANGULAR,NotPrepared,No,6.55,1.83,Main,,,,,,,,,,,11.64,11.64,15.45,15.45,7.38,1.07,,N
1230,LIK,X,EXTENSION,,,Opaline/CCS,0%,,Flake,Complete,,,,,,,,,,,,,,,,,,,,,,Yes,Hertzian,Feather,,,,,,,,,,,,,TRIANGULAR,NotPrepared,No,4.56,2.05,Main,,,,,,,,,,,11.16,11.16,9.69,9.69,2.46,0.22,,N
1231,LIK,X,EXTENSION,,,Opaline/CCS,0%,,Flake,Complete,,,,,,,,,,,,,,,,,,,,,,Yes,Hertzian,Feather,,,,,,,,,,,,,RECTANGULAR,NotPrepared,No,5.36,3.48,Main,,,,,,,,,,,11.79,11.61,10.71,9.3,1.91,0.27,,N
1232,LIK,X,EXTENSION,,,Opaline/CCS,0%,,Flake,Fragment,,,,,,,,,,,,,,,,,,,,,,Yes,Hertzian,Feather,,,,,,,,,,,,,TRIANGULAR,NotPrepared,No,2.38,1.31,,,,,,,,,,,,11.51,,8.09,,1.02,0.09,,N
122,LIK,XVI,O4a,,,Opaline/CCS,0%,,Flake,Complete,,,,,,,,,,,,,,,,,,,,,,Yes,Hertzian,Feather,,,,,,,,,,,,,RECTANGULAR,NotPrepared,No,7.99,1.65,Main,,,,,,,,,,,20.21,19.99,12.63,12.62,2.99,1.36,,N
1233,LIK,X,EXTENSION,,,Opaline/CCS,0%,,Flake,Distal,,,,,,,,,,,,,,,,,,,,,,No,,Feather,,,,,,,,,,,,,OVAL,,,,,,,,,,,,,,,,9.16,,16.26,,2.3,0.4,,N
1234,LIK,X,EXTENSION,,,Opaline/CCS,0%,,Flake,Complete,,,,,,,,,,,,,,,,,,,,,,Yes,Hertzian,Feather,,,,,,,,,,,,,TRIANGULAR,NotPrepared,No,9.38,2.36,Main,,,,,,,,,,,13.04,13.04,15.53,12.56,1.58,0.48,,N
1235,LIK,X,EXTENSION,,,Opaline/CCS,0%,,Flake,Complete,,,,,,,,,,,,,,,,,,,,,,Yes,Hertzian,Feather,,,,,,,,,,,,,RECTANGULAR,FacetWithBulb,No,6.48,3.41,Main,,,,,,,,,,,26.07,26.07,13.15,13.15,4.01,1.51,,N
1236,LIK,X,EXTENSION,,,Opaline/CCS,0%,,Flake,Proximal,,,,,,,,,,,,,,,,,,,,,,Yes,Hertzian,Indeterminate,,,,,,,,,,,,,RECTANGULAR,ResidualFacetWithBulb,No,8.29,4.8,,,,,,,,,,,,15.72,,29.72,,7.88,4.92,,N
1237,LIK,X,EXTENSION,,,Opaline/CCS,0%,,Flake,Mesial,,,,,,,,,,,,,,,,,,,,,,No,,Indeterminate,,,,,,,,,,,,,RECTANGULAR,,,,,,,,,,,,,,,,12.59,,21.44,,5.31,1.75,,N
1238,LIK,X,EXTENSION,,,Opaline/CCS,0%,,Flake,Proximal,,,,,,,,,,,,,,,,,,,,,,Yes,Hertzian,Indeterminate,,,,,,,,,,,,,RHOMBUS,NotPrepared,No,14.05,8.3,,,,,,,,,,,,11.56,,21.26,,8.95,2.77,,N
1239,LIK,X,EXTENSION,,,Opaline/CCS,0%,,Flake,Complete,,,,,,,,,,,,,,,,,,,,,,Yes,Hertzian,Feather,,,,,,,,,,,,,RECTANGULAR,NotPrepared,No,11.82,2.02,Main,,,,,,,,,,,17.29,17.29,15.72,15.72,4.56,1.78,,N
1240,LIK,X,EXTENSION,,,Opaline/CCS,0%,,Flake,Complete,,,,,,,,,,,,,,,,,,,,,,Yes,Hertzian,Feather,,,,,,,,,,,,,TRIANGULAR,NotPrepared,No,5.36,2.27,Main,,,,,,,,,,,16.1,16.06,18.04,15.08,4.17,1.21,,N
1241,LIK,X,EXTENSION,,,Opaline/CCS,0%,,Flake,Complete,,,,,,,,,,,,,,,,,,,,,,Yes,Hertzian,Feather,,,,,,,,,,,,,RECTANGULAR,NotPrepared,No,5.14,3.07,CoreMaintenance,,,,,,,,,,,27.82,27.82,8.17,8.13,4.16,1.03,,N
1242,LIK,X,EXTENSION,,,Tuff,0%,,Flake,Complete,,,,,,,,,,,,,,,,,,,,,,Yes,Hertzian,Feather,,,,,,,,,,,,,TRIANGULAR,NotPrepared,No,12.59,6.13,Main,,,,,,,,,,,15.3,15.33,24.22,24.22,5.52,2.36,,N
123,LIK,XVI,O4a,,,Opaline/CCS,0%,,Flake,Complete,,,,,,,,,,,,,,,,,,,,,,Yes,Hertzian,Overshot,,,,,,,,,,,,,RECTANGULAR,NotPrepared,No,3.18,1.61,Main,,,,,,,,,,,21.41,21.42,9.41,9.39,2.15,0.75,,N
1243,LIK,X,EXTENSION,,,Tuff,1-10%,Outcrop,Flake,Complete,,,,,,,,,,,,,,,,,,,,,,Yes,Hertzian,Feather,,,,,,,,,,,,,TRIANGULAR,NotPrepared,No,8.99,2.28,Main,,,,,,,,,,,19.8,19.8,13.81,13.81,2.55,0.73,,Y
1244,LIK,X,EXTENSION,,,Opaline/CCS,0%,,RetouchedTool,Complete,,BackedPiece,Backing,Dorsal,,2345,,,,,,,,,5.62,6.15,6.31,2.09,2.11,1.47,1,,,,Blade,,,,,,,,,,,,,,,,,Main,,,,,,,,,,,23.09,23.09,6.85,6.85,1.99,0.37,,Y
1245,LIK,VIII,P4,,,Opaline/CCS,0%,,Flake,Complete,,,,,,,,,,,,,,,,,,,,,,Yes,Hertzian,Feather,,,,,,,,,,,,,TRIANGULAR,Indeterminate,No,5.58,2.69,Main,,,,,,,,,,,11.05,10.99,7.04,5.34,2.87,0.18,,N
1246,LIK,VIII,P4,,,Opaline/CCS,0%,,Flake,Complete,,,,,,,,,,,,,,,,,,,,,,Yes,Hertzian,Feather,,,,,,,,,,,,,RECTANGULAR,NotPrepared,No,2.35,0.8,Main,,,,,,,,,,,11.34,11.47,8.31,8.31,0.74,0.06,,N
1247,LIK,VIII,P4,,,Opaline/CCS,0%,,Flake,Mesial,,,,,,,,,,,,,,,,,,,,,,No,,Indeterminate,,,,,,,,,,,,,RECTANGULAR,,,,,,,,,,,,,,,,7.42,,15.77,,2.53,0.53,,N
1248,LIK,VIII,P4,,,Opaline/CCS,0%,,Flake,Mesial,,,,,,,,,,,,,,,,,,,,,,No,,Indeterminate,,,,,,,,,,,,,RECTANGULAR,,,,,,,,,,,,,,,,8.6,,18.15,,5.39,1.5,,N
1249,LIK,VIII,P4,,,Opaline/CCS,0%,,Flake,Distal,,,,,,,,,,,,,,,,,,,,,,No,,Feather,,,,,,,,,,,,,TRIANGULAR,,,,,,,,,,,,,,,,18.53,,7.35,,0.91,0.18,,N
1250,LIK,VIII,P4,,,Opaline/CCS,0%,,Flake,Distal,,,,,,,,,,,,,,,,,,,,,,No,,Feather,,,,,,,,,,,,,RECTANGULAR,,,,,,,,,,,,,,,,7.51,,13.57,,1.86,0.21,,N
1251,LIK,VIII,P4,,,Opaline/CCS,0%,,Flake,Fragment,,,,,,,,,,,,,,,,,,,,,,Yes,Hertzian,Feather,,,,,,,,,,,,,RECTANGULAR,NotPrepared,No,2.75,1.41,,,,,,,,,,,,14.13,,5.45,,2.66,0.19,,N
1252,LIK,VIII,P4,,,Opaline/CCS,0%,,Flake,Proximal,,,,,,,,,,,,,,,,,,,,,,Yes,Hertzian,Indeterminate,,,,,,,,,,,,,TRAPEZOIDAL,NotPrepared,No,5.67,1.21,,,,,,,,,,,,8.91,,9.4,,2.26,0.32,,N
124,LIK,XVI,O4a,,,Opaline/CCS,0%,,Flake,Distal,,,,,,,,,,,,,,,,,,,,,,No,,Feather,,,,,,,,,,,,,RECTANGULAR,,,,,,,,,,,,,,,,19.23,,11.1,,3.17,0.64,,N
1253,LIK,VIII,P4,,,Opaline/CCS,1-10%,Outcrop,Flake,Complete,,,,,,,,,,,,,,,,,,,,,,Yes,Hertzian,Overshot,,,,,,,,,,,,,RECTANGULAR,NotPrepared,No,5.74,1.04,Main,,,,,,,,,,,16.85,16.85,12.3,8.21,1.65,0.35,,N
1254,LIK,VIII,P4,,,Opaline/CCS,0%,,Flake,Complete,,,,,,,,,,,,,,,,,,,,,,Yes,Hertzian,Feather,,,,,,,,,,,,,OVAL,NotPrepared,No,2.95,0.85,Main,,,,,,,,,,,10,10,13.38,12.24,1.32,0.16,,N
1255,LIK,VIII,P4,,,Opaline/CCS,0%,,Flake,Complete,,,,,,,,,,,,,,,,,,,,,,Yes,Hertzian,Feather,,,,,,,,,,,,,RECTANGULAR,NotPrepared,No,2.67,0.9,Main,,,,,,,,,,,14.83,14.83,8.47,6.05,1.14,0.12,,N
1256,LIK,VIII,P4,,,Opaline/CCS,0%,,Flake,Distal,,,,,,,,,,,,,,,,,,,,,,No,,Feather,,,,,,,,,,,,,TRIANGULAR,,,,,,,,,,,,,,,,15.44,,11.76,,2.82,0.41,,N
1257,LIK,VIII,P4,,,Opaline/CCS,0%,,Flake,Complete,,,,,,,,,,,,,,,,,,,,,,Yes,Hertzian,Feather,,,,,,,,,,,,,RECTANGULAR,Indeterminate,No,3.38,1.84,Main,,,,,,,,,,,12.25,11.24,7.04,6.34,0.64,0.04,,N
1258,LIK,VIII,P4,,,Opaline/CCS,0%,,Flake,Complete,,,,,,,,,,,,,,,,,,,,,,Yes,Hertzian,Feather,,,,,,,,,,,,,RECTANGULAR,NotPrepared,No,4,1.67,Main,,,,,,,,,,,9.62,8.92,12.71,12.71,0.74,0.11,,N
1259,LIK,VIII,P4,,,Opaline/CCS,0%,,Flake,Mesial,,,,,,,,,,,,,,,,,,,,,,No,,Indeterminate,,,,,,,,,,,,,RECTANGULAR,,,,,,,,,,,,,,,,8.32,,11.13,,3.78,0.38,,N
1260,LIK,VIII,P4,,,Opaline/CCS,0%,,Flake,Distal,,,,,,,,,,,,,,,,,,,,,,No,,Feather,,,,,,,,,,,,,TRIANGULAR,,,,,,,,,,,,,,,,8.18,,12.84,,1.97,0.16,,N
1261,LIK,VIII,P4,,,Opaline/CCS,0%,,Flake,Complete,,,,,,,,,,,,,,,,,,,,,,Yes,Hertzian,Hinge,,,,,,,,,,,,,RECTANGULAR,NotPrepared,No,2.07,1.28,Main,,,,,,,,,,,13.63,13.63,4.33,4.33,3.59,0.22,,N
1262,LIK,VIII,P4,,,Opaline/CCS,0%,,Flake,Complete,,,,,,,,,,,,,,,,,,,,,,Yes,Hertzian,Feather,,,,,,,,,,,,,RECTANGULAR,FacetWithBulb,No,7.03,3.02,Main,,,,,,,,,,,12.34,12.33,9.27,9.27,1.33,0.31,,N
125,LIK,XVI,O4a,,,Opaline/CCS,0%,,Flake,Complete,,,,,,,,,,,,,,,,,,,,,,Yes,Hertzian,Overshot,,,,,,,,,,,,,TRAPEZOIDAL,NotPrepared,No,8.83,5.79,Main,,,,,,,,,,,15.64,14.01,15.02,12.93,4.51,1.92,,N
1263,LIK,VIII,P4,,,Opaline/CCS,0%,,Flake,Complete,,,,,,,,,,,,,,,,,,,,,,Yes,Wedging,Feather,,,,,,,,,,,,,RECTANGULAR,Indeterminate,No,3.17,0.76,Main,,,,,,,,,,,11.74,11.74,5.33,5.33,1.4,0.07,,N
1264,LIK,VIII,P4,,,Opaline/CCS,0%,,Flake,Proximal,,,,,,,,,,,,,,,,,,,,,,Yes,Hertzian,Indeterminate,,,,,,,,,,,,,TRAPEZOIDAL,NotPrepared,No,8.09,3.45,,,,,,,,,,,,11.44,,10.86,,3.74,0.52,,N
1265,LIK,VIII,P4,,,Opaline/CCS,0%,,Flake,Proximal,,,,,,,,,,,,,,,,,,,,,,Yes,Hertzian,Indeterminate,,,,,,,,,,,,,TRAPEZOIDAL,ResidualFacetWithBulb,No,5.78,2.26,,,,,,,,,,,,10.03,,10.58,,3.35,0.34,,N
1266,LIK,VIII,P4,,,Opaline/CCS,1-10%,Outcrop,Flake,Fragment,,,,,,,,,,,,,,,,,,,,,,Yes,Hertzian,Feather,,,,,,,,,,,,,RECTANGULAR,NotPrepared,No,4.64,2.41,,,,,,,,,,,,11.81,,5.08,,2.2,0.08,,N
1267,LIK,VIII,P4,,,Opaline/CCS,0%,,Flake,Distal,,,,,,,,,,,,,,,,,,,,,,No,,Feather,,,,,,,,,,,,,TRAPEZOIDAL,,,,,,,,,,,,,,,,9.07,,12.72,,1.32,0.19,,N
1268,LIK,VIII,P4,,,Opaline/CCS,0%,,Flake,Fragment,,,,,,,,,,,,,,,,,,,,,,Yes,Hertzian,Feather,,,,,,,,,,,,,OVAL,NotPrepared,No,12.72,1.73,,,,,,,,,,,,22.96,,17.63,,3.33,1.75,,N
1269,LIK,VIII,P4,,,Opaline/CCS,0%,,Flake,Distal,,,,,,,,,,,,,,,,,,,,,,No,,Feather,,,,,,,,,,,,,TRIANGULAR,,,,,,,,,,,,,,,,10.01,,13.08,,3.45,0.51,,N
1270,LIK,VIII,P4,,,Opaline/CCS,0%,,Flake,Complete,,,,,,,,,,,,,,,,,,,,,,Yes,Hertzian,Feather,,,,,,,,,,,,,SQUARE,ResidualFacetWithBulb,No,11.88,2.68,Main,,,,,,,,,,,16.99,16.97,19.8,17.16,3.54,1.76,,N
1271,LIK,VIII,P4,,,Opaline/CCS,0%,,Flake,Distal,,,,,,,,,,,,,,,,,,,,,,No,,Feather,,,,,,,,,,,,,TRIANGULAR,,,,,,,,,,,,,,,,12.62,,20.07,,3.83,0.77,,N
1272,LIK,VIII,P4,,,Opaline/CCS,0%,,Flake,Complete,,,,,,,,,,,,,,,,,,,,,,Yes,Hertzian,Feather,,,,,,,,,,,,,TRIANGULAR,NotPrepared,No,6.27,1.52,Main,,,,,,,,,,,11.1,11.1,14.17,10.43,1.32,0.23,,N
126,LIK,XVI,O4a,,,Opaline/CCS,0%,,Flake,Mesial,,,,,,,,,,,,,,,,,,,,,,No,,Indeterminate,,,,,,,,,,,,,RECTANGULAR,,,,,,,,,,,,,,,,16.74,,8.66,,1.71,0.25,,N
1273,LIK,VIII,P4,,,Opaline/CCS,0%,,Flake,Complete,,,,,,,,,,,,,,,,,,,,,,Yes,Hertzian,Feather,,,,,,,,,,,,,SQUARE,NotPrepared,No,13.65,3.24,Main,,,,,,,,,,,19.05,18.99,17.84,17.84,5.8,2.52,,N
1274,LIK,VIII,P4,,,Opaline/CCS,0%,,Flake,Fragment,,,,,,,,,,,,,,,,,,,,,,Yes,Hertzian,Feather,,,,,,,,,,,,,RECTANGULAR,NotPrepared,No,14.21,5.34,,,,,,,,,,,,35.32,,24.93,,6.36,6.16,,N
1275,LIK,VIII,P4,,,Opaline/CCS,1-10%,Outcrop,Flake,Complete,,,,,,,,,,,,,,,,,,,,,,Yes,Hertzian,Hinge,,,,,,,,,,,,,TRIANGULAR,NotPrepared,No,4.96,2.8,Main,,,,,,,,,,,22.59,22.59,16.22,16.22,1.83,1.16,,N
1276,LIK,VIII,P4,,,Opaline/CCS,0%,,Flake,Complete,,,,,,,,,,,,,,,,,,,,,,Yes,Hertzian,Hinge,,,,,,,,,,,,,RECTANGULAR,NotPrepared,No,10.7,3.19,Main,,,,,,,,,,,18.84,18.84,15.87,15.87,2.53,1.41,,N
1277,LIK,VIII,P4,,,Opaline/CCS,0%,,Flake,Complete,,,,,,,,,,,,,,,,,,,,,,Yes,Hertzian,Feather,,,,,,,,,,,,,RECTANGULAR,NotPrepared,No,18.86,3.98,Main,,,,,,,,,,,22.4,22.45,25.87,23.9,4.11,4.29,,N
1278,LIK,VIII,P4,,,Opaline/CCS,0%,,Flake,Fragment,,,,,,,,,,,,,,,,,,,,,,No,,Feather,,,,,,,,,,,,,RECTANGULAR,,,,,,,,,,,,,,,,45.43,,11.29,,8.02,4.64,,N
1279,LIK,VIII,P4,,,Opaline/CCS,0%,,RetouchedTool,Complete,,BackedPiece,Backing,Indeteriminate,,12678,,,,,,,,,7.48,8.76,6.58,2.78,5.34,3.4,0,,,,Flake,,,,,,,,,,,,,,,,,Main,,,,,,,,,,,7.38,7.37,10.38,10.38,2.52,0.34,,Y
1280,LIK,VIII,P4,,,Opaline/CCS,0%,,RetouchedTool,Complete,,MinimallyRetouched,MarginalEdgeShaping,Dorsal,4,3456,3.22,1,2.07,1.88,3.27,,,,,,,,,,,,,,Flake,,,,,,,,,,,,OVAL,,,,,Main,,,,,,,,,,,14.19,14.41,12.74,12.74,2.78,0.54,,Y
1281,LIK,VIII,P4,,,Opaline/CCS,0%,,Core,,Complete,,,,,,,,,,,,,,,,,,,,,,,,,,,,,,,,,,,,,,,,,,Platform,Irregular,Cubic,0%,5,3,2,6,4,10.5,25.11,25.2,15.19,15.19,10.82,5.86,,Y
1282,LIK,VIII,P4,,,Opaline/CCS,0%,,Core,,Complete,,,,,,,,,,,,,,,,,,,,,,,,,,,,,,,,,,,,,,,,,,Parallel,FlatBladelet,Cubic,0%,3,2,0,1,9,8.07,19.15,19.15,11.32,11.32,4.36,1.24,,Y
127,LIK,XVI,O4a,,,Opaline/CCS,0%,,Flake,Complete,,,,,,,,,,,,,,,,,,,,,,Yes,Hertzian,Overshot,,,,,,,,,,,,,RECTANGULAR,NotPrepared,No,3.35,1.13,Main,,,,,,,,,,,13.52,13.21,9.05,6.93,1.33,0.22,,N
1283,LIK,VIII,P4,,,Hornfels,0%,,Flake,Distal,,,,,,,,,,,,,,,,,,,,,,No,,Feather,,,,,,,,,,,,,KITE,,,,,,,,,,,,,,,,11.77,,21.55,,2.81,0.69,,N
1284,LIK,VIII,P4,,,Hornfels,0%,,Flake,Complete,,,,,,,,,,,,,,,,,,,,,,Yes,Hertzian,Feather,,,,,,,,,,,,,RECTANGULAR,NotPrepared,No,10.64,2.93,Main,,,,,,,,,,,15.1,12.16,14.43,14.43,3.9,0.91,,N
1285,LIK,VIII,P4,,,Hornfels,0%,,Flake,Distal,,,,,,,,,,,,,,,,,,,,,,No,,Feather,,,,,,,,,,,,,RECTANGULAR,,,,,,,,,,,,,,,,24.27,,15.83,,7.22,3.3,,N
1286,LIK,VIII,P4,,,Hornfels,0%,,Flake,Complete,,,,,,,,,,,,,,,,,,,,,,Yes,Hertzian,Feather,,,,,,,,,,,,,OVAL,NotPrepared,No,8.62,5.45,Main,,,,,,,,,,,35.23,26.82,34.01,20.57,6,5.38,,N
1287,LIK,VIII,P5d,,,Opaline/CCS,0%,,Flake,Complete,,,,,,,,,,,,,,,,,,,,,,Yes,Hertzian,Feather,,,,,,,,,,,,,TRAPEZOIDAL,FacetWithBulb,No,5.02,3.76,Main,,,,,,,,,,,6.91,6.91,13.2,13.2,0.95,0.14,,N
1288,LIK,VIII,P5d,,,Opaline/CCS,0%,,Flake,Distal,,,,,,,,,,,,,,,,,,,,,,No,,Feather,,,,,,,,,,,,,RECTANGULAR,,,,,,,,,,,,,,,,12.6,,10.37,,3.05,0.39,,N
1289,LIK,VIII,P5d,,,Opaline/CCS,0%,,Flake,Complete,,,,,,,,,,,,,,,,,,,,,,Yes,Hertzian,Feather,,,,,,,,,,,,,RECTANGULAR,NotPrepared,No,4.22,1.12,Main,,,,,,,,,,,12,12,7.15,7.15,1.75,0.14,,N
1290,LIK,VIII,P5d,,,Opaline/CCS,0%,,Flake,Complete,,,,,,,,,,,,,,,,,,,,,,Yes,Hertzian,Feather,,,,,,,,,,,,,TRIANGULAR,NotPrepared,No,3.96,1.58,Main,,,,,,,,,,,26.26,23.35,18.63,13.78,2.95,1,,N
1291,LIK,VIII,P5d,,,Opaline/CCS,0%,,Flake,Complete,,,,,,,,,,,,,,,,,,,,,,Yes,Hertzian,Feather,,,,,,,,,,,,,RECTANGULAR,NotPrepared,No,17.48,2.61,Main,,,,,,,,,,,19,19.23,22.66,22.66,6.34,3.47,,N
1292,LIK,VIII,P5d,,,Hornfels,0%,,Flake,Complete,,,,,,,,,,,,,,,,,,,,,,Yes,Hertzian,Feather,,,,,,,,,,,,,KITE,NotPrepared,No,6.67,2.11,Main,,,,,,,,,,,32.32,24.64,21,21,8.04,3.75,,N
128,LIK,XVI,O4a,,,Opaline/CCS,0%,,Flake,Complete,,,,,,,,,,,,,,,,,,,,,,Yes,Hertzian,Feather,,,,,,,,,,,,,TRAPEZOIDAL,NotPrepared,No,9.32,1.2,Main,,,,,,,,,,,12.26,7.48,16.17,11.85,1.54,0.23,,N
1293,LIK,VIII,P5d,,,Opaline/CCS,1-10%,Outcrop,Flake,Complete,,,,,,,,,,,,,,,,,,,,,,Yes,Hertzian,Feather,,,,,,,,,,,,,TRIANGULAR,NotPrepared,No,8.12,0.63,Main,,,,,,,,,,,22.76,17.24,11.62,11.6,0.67,0.28,,N
1294,LIK,VIII,P5d,,,Opaline/CCS,0%,,RetouchedTool,Complete,,BackedPiece,Backing,Dorsal,,78,,,,,,,,,7.48,9.65,9.79,2.22,2.42,2.03,0,,,,Indeterminate,,,,,,,,,,,,,,,,,Main,,,,,,,,,,,20.06,20.06,9.5,9.5,1.65,0.52,,N
1295,LIK,VIII,P5d,,,Siltstone,0%,,Flake,Complete,,,,,,,,,,,,,,,,,,,,,,Yes,Bending,Feather,,,,,,,,,,,,,RECTANGULAR,NotPrepared,No,132.35,34.02,Initial,,,,,,,,,,,54.93,54.59,147.26,106.79,18.59,126.43,1294,Y
1296,LIK,VIII,N4a,,,Opaline/CCS,0%,,Flake,Complete,,,,,,,,,,,,,,,,,,,,,,Yes,Hertzian,Feather,,,,,,,,,,,,,RECTANGULAR,Indeterminate,No,5.63,5.4,Main,,,,,,,,,,,8.75,8.75,16.53,13.91,4.81,0.75,,N
1297,LIK,VIII,N4a,,,Opaline/CCS,0%,,Flake,Complete,,,,,,,,,,,,,,,,,,,,,,Yes,Hertzian,Feather,,,,,,,,,,,,,RECTANGULAR,Indeterminate,No,3.15,0.7,Main,,,,,,,,,,,14.4,14.4,8.28,6.35,1.42,0.17,,N
1298,LIK,VIII,N4a,,,Opaline/CCS,0%,,Flake,Mesial,,,,,,,,,,,,,,,,,,,,,,No,,Indeterminate,,,,,,,,,,,,,TRIANGULAR,,,,,,,,,,,,,,,,4.91,,10.68,,0.65,0.03,,N
1299,LIK,VIII,N4a,,,Opaline/CCS,0%,,Flake,Proximal,,,,,,,,,,,,,,,,,,,,,,Yes,Hertzian,Indeterminate,,,,,,,,,,,,,RECTANGULAR,NotPrepared,No,5.9,2.48,,,,,,,,,,,,9,,8.57,,1.41,0.18,,N
1300,LIK,VIII,N4a,,,Opaline/CCS,0%,,Flake,Distal,,,,,,,,,,,,,,,,,,,,,,No,,Feather,,,,,,,,,,,,,RECTANGULAR,,,,,,,,,,,,,,,,6.87,,10.3,,1.27,0.09,,N
1301,LIK,VIII,N4a,,,Opaline/CCS,0%,,Flake,Complete,,,,,,,,,,,,,,,,,,,,,,Yes,Hertzian,Feather,,,,,,,,,,,,,RECTANGULAR,NotPrepared,No,3.17,1.32,Main,,,,,,,,,,,13.84,13.84,4.41,4.41,1.71,0.1,,N
1302,LIK,VIII,N4a,,,Opaline/CCS,0%,,Flake,Distal,,,,,,,,,,,,,,,,,,,,,,No,,Feather,,,,,,,,,,,,,RECTANGULAR,,,,,,,,,,,,,,,,15.89,,6.01,,2.78,0.24,,N
13,LIK,XVII,O4a/c,,,Tuff,0%,,Flake,Complete,,,,,,,,,,,,,,,,,,,,,,Yes,Bending,Feather,,,,,,,,,,,,,RECTANGULAR,NotPrepared,No,2.66,0.72,Main,,,,,,,,,,,6.78,6.77,10.75,9.57,1.11,0.09,,N
129,LIK,XVI,O4a,,,Opaline/CCS,0%,,Flake,Distal,,,,,,,,,,,,,,,,,,,,,,No,,Feather,,,,,,,,,,,,,RECTANGULAR,,,,,,,,,,,,,,,,16.93,,6.56,,1.63,0.2,,Y
1303,LIK,VIII,N4a,,,Opaline/CCS,10-40%,Outcrop,Flake,Complete,,,,,,,,,,,,,,,,,,,,,,Yes,Hertzian,Overshot,,,,,,,,,,,,,TRIANGULAR,NotPrepared,No,3.11,1.14,Main,,,,,,,,,,,8.43,8.43,21.28,16.08,1.78,0.48,,N
1304,LIK,VIII,N4a,,,Opaline/CCS,0%,,Flake,Proximal,,,,,,,,,,,,,,,,,,,,,,Yes,Hertzian,Indeterminate,,,,,,,,,,,,,RECTANGULAR,NotPrepared,No,3.81,0.49,,,,,,,,,,,,14.72,,6.15,,1.98,0.19,,N
1305,LIK,VIII,N4a,,,Opaline/CCS,0%,,Flake,Mesial,,,,,,,,,,,,,,,,,,,,,,No,,Indeterminate,,,,,,,,,,,,,RECTANGULAR,,,,,,,,,,,,,,,,9.71,,15.12,,2.13,0.35,,N
1306,LIK,VIII,N4a,,,Opaline/CCS,0%,,Flake,Distal,,,,,,,,,,,,,,,,,,,,,,No,,Feather,,,,,,,,,,,,,RECTANGULAR,,,,,,,,,,,,,,,,12.68,,8.91,,4.36,0.46,,N
1307,LIK,VIII,N4a,,,Opaline/CCS,0%,,Flake,Proximal,,,,,,,,,,,,,,,,,,,,,,Yes,Hertzian,Indeterminate,,,,,,,,,,,,,RECTANGULAR,NotPrepared,No,14.28,2.06,,,,,,,,,,,,25.01,,19.01,,1.87,1.03,,N
1308,LIK,VIII,N4a,,,Opaline/CCS,0%,,Flake,Distal,,,,,,,,,,,,,,,,,,,,,,No,,Feather,,,,,,,,,,,,,OVAL,,,,,,,,,,,,,,,,8.94,,8.13,,1.13,0.07,,Y
1309,LIK,VIII,N4a,,,Opaline/CCS,1-10%,Outcrop,Flake,Complete,,,,,,,,,,,,,,,,,,,,,,Yes,Hertzian,Feather,,,,,,,,,,,,,TRIANGULAR,NotPrepared,No,6.66,1.01,Main,,,,,,,,,,,11.99,11.99,11.64,11.64,2.01,0.26,,N
1310,LIK,VIII,N4a,,,Opaline/CCS,0%,,Flake,Proximal,,,,,,,,,,,,,,,,,,,,,,Yes,Hertzian,Indeterminate,,,,,,,,,,,,,RECTANGULAR,NotPrepared,No,10.16,1.95,,,,,,,,,,,,17.51,,18.46,,4,1.34,,N
1311,LIK,VIII,N4a,,,Opaline/CCS,10-40%,Outcrop,Flake,Complete,,,,,,,,,,,,,,,,,,,,,,Yes,Hertzian,Overshot,,,,,,,,,,,,,RECTANGULAR,NotPrepared,No,18.59,5.34,Main,,,,,,,,,,,30.64,30.65,25.16,25.16,5.69,6.02,,N
1312,LIK,VIII,N4a,,,Opaline/CCS,0%,,Core,,Complete,,,,,,,,,,,,,,,,,,,,,,,,,,,,,,,,,,,,,,,,,,Platform,Bladelet,Cubic,0%,3,2,1,3,3,6.83,10.96,10.96,7.74,7.74,4.16,0.28,,Y
130,LIK,XVI,O4a,,,Opaline/CCS,0%,,Flake,Complete,,,,,,,,,,,,,,,,,,,,,,Yes,Bending,Feather,,,,,,,,,,,,,RECTANGULAR,NotPrepared,No,12.16,6.16,Main,,,,,,,,,,,4.19,4.21,10.87,10.87,2.24,0.26,,N
1313,LIK,VIII,N4a,,,Opaline/CCS,0%,,Flake,Complete,,,,,,,,,,,,,,,,,,,,,,Yes,Hertzian,Feather,,,,,,,,,,,,,RECTANGULAR,NotPrepared,No,2.92,1.75,Main,,,,,,,,,,,26.34,26.34,11.15,11.15,2.54,0.98,,N
1314,LIK,VIII,N4a,,,Opaline/CCS,0%,,Flake,Complete,,,,,,,,,,,,,,,,,,,,,,Yes,Hertzian,Feather,,,,,,,,,,,,,TRAPEZOIDAL,NotPrepared,No,7.31,2.5,Main,,,,,,,,,,,9.97,9.93,21.09,16.47,3.55,0.65,,N
1315,LIK,VIII,N4a,,,Opaline/CCS,0%,,Core,,Complete,,,,,,,,,,,,,,,,,,,,,,,,,,,,,,,,,,,,,,,,,,Platform,Bladelet,Cubic,0%,4,3,3,3,6,11.49,14.66,14.66,9.95,9.95,8.52,2.29,,N
1316,LIK,VIII,N4a,,,Opaline/CCS,0%,,Core,,Complete,,,,,,,,,,,,,,,,,,,,,,,,,,,,,,,,,,,,,,,,,,Platform,Bladelet,Cubic,0%,4,3,2,2,9,10.54,18.48,18.48,11.38,11.38,9.69,2.42,,Y
1317,LIK,VIII,N4b,,,Opaline/CCS,0%,,Flake,Distal,,,,,,,,,,,,,,,,,,,,,,No,,Feather,,,,,,,,,,,,,OVAL,,,,,,,,,,,,,,,,12.17,,14.06,,4.18,0.67,,N
1318,LIK,VIII,N4b,,,Opaline/CCS,1-10%,Outcrop,Flake,Complete,,,,,,,,,,,,,,,,,,,,,,Yes,Hertzian,Feather,,,,,,,,,,,,,CIRCULAR,NotPrepared,No,19.97,7.79,Main,,,,,,,,,,,9.04,9.04,19.29,19.29,8.15,1.45,,N
1319,LIK,VIII,N4b,,,Opaline/CCS,0%,,Flake,Fragment,,,,,,,,,,,,,,,,,,,,,,Yes,Hertzian,Feather,,,,,,,,,,,,,RECTANGULAR,NotPrepared,No,6.69,2.61,,,,,,,,,,,,15.23,,11.51,,2.02,0.53,,N
1320,LIK,VIII,N4b,,,Opaline/CCS,0%,,Flake,Mesial,,,,,,,,,,,,,,,,,,,,,,No,,Indeterminate,,,,,,,,,,,,,RECTANGULAR,,,,,,,,,,,,,,,,7.5,,10.31,,1.78,0.24,,N
1321,LIK,VIII,N4b,,,Opaline/CCS,0%,,Flake,Distal,,,,,,,,,,,,,,,,,,,,,,No,,Feather,,,,,,,,,,,,,RECTANGULAR,,,,,,,,,,,,,,,,20.2,,10.06,,2.67,0.52,,N
1322,LIK,VIII,N4b,,,Siltstone,0%,,Flake,Complete,,,,,,,,,,,,,,,,,,,,,,Yes,Hertzian,Step,,,,,,,,,,,,,RECTANGULAR,NotPrepared,No,19.75,9.02,Main,,,,,,,,,,,17,17,25.1,25.1,6.85,3.32,,N
231,LIK,XVI,O4a,,,Opaline/CCS,0%,,Flake,Distal,,,,,,,,,,,,,,,,,,,,,,No,,Feather,,,,,,,,,,,,,RECTANGULAR,,,,,,,,,,,,,,,,12.17,,8.58,,1.07,0.09,,N
1323,LIK,VIII,N4b,,,Hornfels,0%,,Flake,Mesial,,,,,,,,,,,,,,,,,,,,,,No,,Indeterminate,,,,,,,,,,,,,TRAPEZOIDAL,,,,,,,,,,,,,,,,19.85,,32.35,,6.17,4.8,,N
1324,LIK,VIII,O4a,,,Opaline/CCS,0%,,Flake,Complete,,,,,,,,,,,,,,,,,,,,,,Yes,Hertzian,Feather,,,,,,,,,,,,,TRIANGULAR,NotPrepared,No,5.57,2.31,Main,,,,,,,,,,,13.79,9.99,7.83,7.08,1.4,0.18,,N
1325,LIK,VIII,O4a,,,Opaline/CCS,0%,,Flake,Proximal,,,,,,,,,,,,,,,,,,,,,,Yes,Hertzian,Indeterminate,,,,,,,,,,,,,TRAPEZOIDAL,NotPrepared,No,6.82,2.71,,,,,,,,,,,,12.47,,15.13,,4.92,1.12,,N
1326,LIK,VIII,O4a,,,Opaline/CCS,0%,,Flake,Complete,,,,,,,,,,,,,,,,,,,,,,Yes,Hertzian,Feather,,,,,,,,,,,,,RECTANGULAR,NotPrepared,No,7.4,2.35,Main,,,,,,,,,,,35.86,35.92,21.43,15.49,7.67,6.3,,N
1327,LIK,VIII,O4b,,,Opaline/CCS,0%,,Flake,Complete,,,,,,,,,,,,,,,,,,,,,,Yes,Hertzian,Feather,,,,,,,,,,,,,TRAPEZOIDAL,NotPrepared,Yes,12.09,4.82,Main,,,,,,,,,,,8.82,8.82,11.56,9.05,4.81,0.54,,N
1328,LIK,VIII,O4c,,,Siltstone,0%,,Flake,Mesial,,,,,,,,,,,,,,,,,,,,,,No,,Indeterminate,,,,,,,,,,,,,RECTANGULAR,,,,,,,,,,,,,,,,14.88,,10.14,,5.1,0.86,,N
1329,LIK,VIII,O4c,,,Opaline/CCS,0%,,Core,,Complete,,,,,,,,,,,,,,,,,,,,,,,,,,,,,,,,,,,,,,,,,,Platform,Irregular,Cubic,0%,3,3,4,5,4,10.33,18.37,18.37,13.95,13.95,12.27,5.09,,N
1330,LIK,IX,P4,,,Opaline/CCS,0%,,Flake,Distal,,,,,,,,,,,,,,,,,,,,,,No,,Overshot,,,,,,,,,,,,,RECTANGULAR,,,,,,,,,,,,,,,,18.83,,10.33,,1.86,0.47,,N
1331,LIK,IX,P4,,,Opaline/CCS,0%,,Flake,Complete,,,,,,,,,,,,,,,,,,,,,,Yes,Hertzian,Feather,,,,,,,,,,,,,RECTANGULAR,NotPrepared,No,3.69,1.4,Main,,,,,,,,,,,25.24,25.33,10.89,7.77,2.01,0.61,,N
1332,LIK,IX,P4,,,Opaline/CCS,1-10%,Outcrop,Flake,Complete,,,,,,,,,,,,,,,,,,,,,,Yes,Hertzian,Feather,,,,,,,,,,,,,RECTANGULAR,NotPrepared,No,4.24,0.85,Main,,,,,,,,,,,6.81,6.74,12.63,12.63,1.27,0.06,,N
132,LIK,XVI,O4a,,,Opaline/CCS,0%,,Flake,Distal,,,,,,,,,,,,,,,,,,,,,,No,,Feather,,,,,,,,,,,,,RECTANGULAR,,,,,,,,,,,,,,,,12.73,,4.72,,2.94,0.19,,N
1333,LIK,IX,P4,,,Opaline/CCS,0%,,Flake,Mesial,,,,,,,,,,,,,,,,,,,,,,No,,Indeterminate,,,,,,,,,,,,,RECTANGULAR,,,,,,,,,,,,,,,,4.59,,12.06,,1.38,0.16,,N
1334,LIK,IX,P4,,,Opaline/CCS,0%,,Flake,Distal,,,,,,,,,,,,,,,,,,,,,,No,,Feather,,,,,,,,,,,,,TRIANGULAR,,,,,,,,,,,,,,,,9.38,,18.47,,4.81,0.75,,N
1335,LIK,IX,P4,,,Opaline/CCS,0%,,Flake,Complete,,,,,,,,,,,,,,,,,,,,,,Yes,Hertzian,Feather,,,,,,,,,,,,,TRAPEZOIDAL,NotPrepared,No,5.2,1.88,Main,,,,,,,,,,,14.75,14.76,17.64,14.78,2.92,0.97,,N
1336,LIK,XI,P4,,,Opaline/CCS,0%,,Flake,Distal,,,,,,,,,,,,,,,,,,,,,,No,,Feather,,,,,,,,,,,,,OVAL,,,,,,,,,,,,,,,,9.31,,10.32,,2.03,0.29,,N
1337,LIK,IX,P4,,,Opaline/CCS,0%,,Flake,Complete,,,,,,,,,,,,,,,,,,,,,,Yes,Hertzian,Feather,,,,,,,,,,,,,RECTANGULAR,NotPrepared,No,3.66,3.99,Main,,,,,,,,,,,17.33,17.33,7.19,6.36,3.35,0.45,,N
1338,LIK,IX,P4,,,Opaline/CCS,0%,,Flake,Complete,,,,,,,,,,,,,,,,,,,,,,Yes,Hertzian,Feather,,,,,,,,,,,,,RECTANGULAR,NotPrepared,No,2.9,0.72,Main,,,,,,,,,,,8.39,7.08,10.48,10.48,0.84,0.09,,N
1339,LIK,IX,P4,,,Opaline/CCS,0%,,Flake,Mesial,,,,,,,,,,,,,,,,,,,,,,No,,Indeterminate,,,,,,,,,,,,,RECTANGULAR,,,,,,,,,,,,,,,,4.13,,14.32,,1.97,0.2,,N
1340,LIK,IX,P4,,,Opaline/CCS,0%,,Flake,Complete,,,,,,,,,,,,,,,,,,,,,,Yes,Hertzian,Feather,,,,,,,,,,,,,RECTANGULAR,NotPrepared,No,2.44,0.87,Main,,,,,,,,,,,11.95,11.31,9.16,7.13,1.16,0.09,,N
1341,LIK,IX,P4,,,Opaline/CCS,0%,,Flake,Complete,,,,,,,,,,,,,,,,,,,,,,Yes,Hertzian,Feather,,,,,,,,,,,,,TRIANGULAR,NotPrepared,No,6.42,0.81,Main,,,,,,,,,,,11.18,11.18,11.27,8.94,0.91,0.12,,N
1342,LIK,IX,P4,,,Opaline/CCS,0%,,Flake,Distal,,,,,,,,,,,,,,,,,,,,,,No,,Feather,,,,,,,,,,,,,RECTANGULAR,,,,,,,,,,,,,,,,8.08,,10.99,,1.58,0.13,,N
133,LIK,XVI,O4a,,,Opaline/CCS,0%,,Flake,Mesial,,,,,,,,,,,,,,,,,,,,,,No,,Indeterminate,,,,,,,,,,,,,TRIANGULAR,,,,,,,,,,,,,,,,11.13,,10.81,,2.34,0.23,,N
1343,LIK,IX,P4,,,Opaline/CCS,0%,,Flake,Complete,,,,,,,,,,,,,,,,,,,,,,Yes,Hertzian,Bipolar,,,,,,,,,,,,,RECTANGULAR,NotPrepared,No,12.73,2.03,Main,,,,,,,,,,,16.23,16.23,20.78,18.52,2.1,0.91,,N
1344,LIK,IX,P4,,,Opaline/CCS,0%,,Flake,Complete,,,,,,,,,,,,,,,,,,,,,,Yes,Hertzian,Feather,,,,,,,,,,,,,RECTANGULAR,NotPrepared,No,10.15,2.87,Main,,,,,,,,,,,10,10,11.18,11.18,2.45,0.33,,N
1345,LIK,IX,P4,,,Opaline/CCS,0%,,Flake,Complete,,,,,,,,,,,,,,,,,,,,,,Yes,Hertzian,Feather,,,,,,,,,,,,,RECTANGULAR,NotPrepared,No,4.72,1.59,Main,,,,,,,,,,,18.76,18.76,9.01,9.01,2.72,0.53,,N
1346,LIK,XI,P4,,,Opaline/CCS,0%,,Flake,Distal,,,,,,,,,,,,,,,,,,,,,,No,,Feather,,,,,,,,,,,,,RECTANGULAR,,,,,,,,,,,,,,,,12.53,,7.59,,0.9,0.04,,N
1347,LIK,IX,P4,,,Opaline/CCS,0%,,Flake,Proximal,,,,,,,,,,,,,,,,,,,,,,Yes,Hertzian,Indeterminate,,,,,,,,,,,,,RECTANGULAR,NotPrepared,No,3.13,1.18,,,,,,,,,,,,12.98,,11.62,,1.89,0.34,,N
1348,LIK,IX,P4,,,Opaline/CCS,0%,,Flake,Complete,,,,,,,,,,,,,,,,,,,,,,Yes,Hertzian,Feather,,,,,,,,,,,,,RECTANGULAR,NotPrepared,No,5.59,2.17,Main,,,,,,,,,,,12.51,12.51,6.83,5.61,1.66,0.23,,N
1349,LIK,IX,P4,,,Opaline/CCS,0%,,Flake,Complete,,,,,,,,,,,,,,,,,,,,,,Yes,Hertzian,Feather,,,,,,,,,,,,,RECTANGULAR,NotPrepared,No,7.72,1.55,Main,,,,,,,,,,,10.6,10.6,11.22,11.22,2.24,0.25,,N
1350,LIK,IX,P4,,,Opaline/CCS,10-40%,Outcrop,Flake,Distal,,,,,,,,,,,,,,,,,,,,,,No,,Feather,,,,,,,,,,,,,RECTANGULAR,,,,,,,,,,,,,,,,24.02,,14.64,,3.31,1.25,,N
1351,LIK,IX,P4,,,Opaline/CCS,0%,,Flake,Distal,,,,,,,,,,,,,,,,,,,,,,No,,Feather,,,,,,,,,,,,,TRIANGULAR,,,,,,,,,,,,,,,,9.36,,9.11,,2.06,0.25,,N
1352,LIK,IX,P4,,,Opaline/CCS,0%,,Flake,Mesial,,,,,,,,,,,,,,,,,,,,,,No,,Indeterminate,,,,,,,,,,,,,TRAPEZOIDAL,,,,,,,,,,,,,,,,12.78,,8.98,,1.14,0.17,,N
134,LIK,XVI,O4a,,,Opaline/CCS,0%,,Flake,Proximal,,,,,,,,,,,,,,,,,,,,,,Yes,Hertzian,Indeterminate,,,,,,,,,,,,,TRIANGULAR,NotPrepared,No,5.01,1.51,,,,,,,,,,,,11.7,,12.56,,1.35,0.11,,N
1353,LIK,XI,P4,,,Opaline/CCS,0%,,Flake,Proximal,,,,,,,,,,,,,,,,,,,,,,Yes,Hertzian,Indeterminate,,,,,,,,,,,,,TRIANGULAR,NotPrepared,No,7.13,2.3,,,,,,,,,,,,18.82,,19.55,,3.33,1.25,,N
1354,LIK,IX,P4,,,Opaline/CCS,0%,,Flake,Distal,,,,,,,,,,,,,,,,,,,,,,No,,Feather,,,,,,,,,,,,,RECTANGULAR,,,,,,,,,,,,,,,,7.02,,13.32,,2.19,0.26,,N
1355,LIK,IX,P4,,,Opaline/CCS,0%,,Flake,Complete,,,,,,,,,,,,,,,,,,,,,,Yes,Hertzian,Feather,,,,,,,,,,,,,RECTANGULAR,NotPrepared,No,9.76,1.77,Main,,,,,,,,,,,8.29,6.84,11.76,10.07,1.5,0.07,,N
1356,LIK,IX,P4,,,Opaline/CCS,0%,,Flake,Distal,,,,,,,,,,,,,,,,,,,,,,No,,Feather,,,,,,,,,,,,,RECTANGULAR,,,,,,,,,,,,,,,,17.92,,5.34,,1.17,0.07,,N
1357,LIK,IX,P4,,,Opaline/CCS,0%,,Flake,Mesial,,,,,,,,,,,,,,,,,,,,,,No,,Indeterminate,,,,,,,,,,,,,RECTANGULAR,,,,,,,,,,,,,,,,13.44,,7.67,,2.4,0.19,,N
1358,LIK,IX,P4,,,Opaline/CCS,0%,,Flake,Complete,,,,,,,,,,,,,,,,,,,,,,Yes,Hertzian,Feather,,,,,,,,,,,,,TRIANGULAR,NotPrepared,No,10.07,0.91,Main,,,,,,,,,,,12.91,4.96,16.4,4.31,1.15,0.23,,N
1359,LIK,IX,P4,,,Opaline/CCS,0%,,Flake,Complete,,,,,,,,,,,,,,,,,,,,,,Yes,Hertzian,Overshot,,,,,,,,,,,,,RECTANGULAR,NotPrepared,No,6.52,2.4,Main,,,,,,,,,,,13.31,13.31,11.01,11.01,6.74,0.88,,N
1360,LIK,IX,P4,,,Opaline/CCS,0%,,Flake,Mesial,,,,,,,,,,,,,,,,,,,,,,No,,Indeterminate,,,,,,,,,,,,,TRIANGULAR,,,,,,,,,,,,,,,,11.16,,10.43,,2.35,0.35,,N
1361,LIK,IX,P4,,,Opaline/CCS,0%,,Flake,Mesial,,,,,,,,,,,,,,,,,,,,,,No,,Indeterminate,,,,,,,,,,,,,SQUARE,,,,,,,,,,,,,,,,10.57,,10.23,,4.25,0.58,,N
1362,LIK,IX,P4,,,Opaline/CCS,0%,,Flake,Distal,,,,,,,,,,,,,,,,,,,,,,No,,Feather,,,,,,,,,,,,,RHOMBUS,,,,,,,,,,,,,,,,10.87,,10.78,,1.91,0.24,,N
135,LIK,XVI,O4a,,,Opaline/CCS,0%,,Flake,Complete,,,,,,,,,,,,,,,,,,,,,,Yes,Hertzian,Feather,,,,,,,,,,,,,TRIANGULAR,NotPrepared,No,6.55,1.94,Main,,,,,,,,,,,11.09,4.97,11.75,4.83,1.16,0.09,,N
1363,LIK,IX,P4,,,Opaline/CCS,0%,,Flake,Complete,,,,,,,,,,,,,,,,,,,,,,Yes,Hertzian,Feather,,,,,,,,,,,,,RECTANGULAR,NotPrepared,No,2.93,1.79,Main,,,,,,,,,,,12.37,12.37,7.83,7.83,2.08,0.22,,N
1364,LIK,IX,P4,,,Opaline/CCS,0%,,Flake,Mesial,,,,,,,,,,,,,,,,,,,,,,No,,Indeterminate,,,,,,,,,,,,,TRAPEZOIDAL,,,,,,,,,,,,,,,,10.25,,11.34,,1.58,0.22,,N
1365,LIK,IX,P4,,,Opaline/CCS,0%,,Flake,Complete,,,,,,,,,,,,,,,,,,,,,,Yes,Wedging,Bipolar,,,,,,,,,,,,,OVAL,Indeterminate,No,6.08,1.24,Main,,,,,,,,,,,15.81,15.81,11.55,11.55,2.65,0.53,,N
1366,LIK,IX,P4,,,Opaline/CCS,0%,,Flake,Complete,,,,,,,,,,,,,,,,,,,,,,Yes,Hertzian,Feather,,,,,,,,,,,,,OVAL,NotPrepared,No,5.38,1.31,Main,,,,,,,,,,,15.14,14.89,11.78,10.79,1.76,0.4,,N
1367,LIK,IX,P4,,,Opaline/CCS,0%,,Flake,Complete,,,,,,,,,,,,,,,,,,,,,,Yes,Hertzian,Feather,,,,,,,,,,,,,OVAL,Indeterminate,No,4.04,1.66,Main,,,,,,,,,,,9.78,9.78,12.89,9.69,2.22,0.33,,N
1368,LIK,IX,P4,,,Opaline/CCS,0%,,Flake,Distal,,,,,,,,,,,,,,,,,,,,,,No,,Feather,,,,,,,,,,,,,RECTANGULAR,,,,,,,,,,,,,,,,22.06,,8.46,,2.77,0.49,,N
1369,LIK,IX,P4,,,Opaline/CCS,0%,,Flake,Complete,,,,,,,,,,,,,,,,,,,,,,Yes,Hertzian,Feather,,,,,,,,,,,,,OVAL,NotPrepared,No,4.63,1.52,Main,,,,,,,,,,,10.69,10.68,17.61,17.61,2.15,0.44,,N
1370,LIK,IX,P4,,,Opaline/CCS,0%,,Flake,Proximal,,,,,,,,,,,,,,,,,,,,,,Yes,Hertzian,Indeterminate,,,,,,,,,,,,,RECTANGULAR,NotPrepared,No,3.72,1.55,,,,,,,,,,,,18.32,,8.01,,2.29,0.39,,N
1371,LIK,IX,P4,,,Opaline/CCS,0%,,Flake,Mesial,,,,,,,,,,,,,,,,,,,,,,No,,Indeterminate,,,,,,,,,,,,,RECTANGULAR,,,,,,,,,,,,,,,,6.02,,16.54,,2.15,0.28,,N
1372,LIK,IX,P4,,,Opaline/CCS,0%,,Flake,Complete,,,,,,,,,,,,,,,,,,,,,,Yes,Hertzian,Feather,,,,,,,,,,,,,RECTANGULAR,FacetWithBulb,No,10.47,4.34,Main,,,,,,,,,,,10.55,9.58,11.22,11.16,2.03,0.32,,N
136,LIK,XVI,O4a,,,Opaline/CCS,0%,,Flake,Distal,,,,,,,,,,,,,,,,,,,,,,No,,Bipolar,,,,,,,,,,,,,RECTANGULAR,,,,,,,,,,,,,,,,14.34,,7.95,,1.91,0.24,,N
1373,LIK,IX,P4,,,Opaline/CCS,0%,,Flake,Proximal,,,,,,,,,,,,,,,,,,,,,,Yes,Hertzian,Indeterminate,,,,,,,,,,,,,SQUARE,NotPrepared,No,7.69,0.93,,,,,,,,,,,,15.52,,17.74,,1.75,0.63,,N
1374,LIK,IX,P4,,,Opaline/CCS,0%,,Flake,Complete,,,,,,,,,,,,,,,,,,,,,,Yes,Hertzian,Feather,,,,,,,,,,,,,RECTANGULAR,NotPrepared,No,6.13,1.74,Main,,,,,,,,,,,20.68,19.45,12.81,10.61,3.57,0.83,,N
1375,LIK,IX,P4,,,Opaline/CCS,0%,,Flake,Complete,,,,,,,,,,,,,,,,,,,,,,Yes,Hertzian,Overshot,,,,,,,,,,,,,RECTANGULAR,NotPrepared,No,8.99,3.04,Main,,,,,,,,,,,32.82,32.82,14.26,11.04,5.3,3.01,,N
1376,LIK,IX,P4,,,Opaline/CCS,0%,,Flake,Complete,,,,,,,,,,,,,,,,,,,,,,Yes,Hertzian,Feather,,,,,,,,,,,,,RHOMBUS,ResidualFacetWithBulb,No,9.25,3.86,Main,,,,,,,,,,,16.11,16.11,21.59,17.44,3.65,1.41,,N
1377,LIK,IX,P4,,,Opaline/CCS,0%,,Flake,Proximal,,,,,,,,,,,,,,,,,,,,,,Yes,Hertzian,Indeterminate,,,,,,,,,,,,,RECTANGULAR,ResidualFacetWithBulb,No,11.73,3.42,,,,,,,,,,,,24.18,,14.4,,2.29,1.01,,N
1378,LIK,IX,P4,,,Opaline/CCS,0%,,Flake,Complete,,,,,,,,,,,,,,,,,,,,,,Yes,Hertzian,Feather,,,,,,,,,,,,,RECTANGULAR,NotPrepared,No,4.68,3.06,Main,,,,,,,,,,,29.51,28.46,9.48,9.48,4.88,1.78,,N
1379,LIK,IX,P4,,,Opaline/CCS,0%,,Flake,Distal,,,,,,,,,,,,,,,,,,,,,,No,,Overshot,,,,,,,,,,,,,OVAL,,,,,,,,,,,,,,,,22.25,,34.68,,10.76,9.54,,N
1380,LIK,IX,P4,,,Opaline/CCS,0%,,RetouchedTool,Complete,,MinimallyRetouched,MarginalEdgeShaping,Dorsal,5,23456,5.07,1,2.86,5.61,2.35,,,,,,,,,,,,,,Indeterminate,,,,,,,,,,,,RECTANGULAR,,,,,Main,,,,,,,,,,,10.17,10.17,14.39,14.32,4.87,0.96,,N
1381,LIK,IX,P4,,,Opaline/CCS,0%,,Core,,Complete,,,,,,,,,,,,,,,,,,,,,,,,,,,,,,,,,,,,,,,,,,Platform,Irregular,Cubic,0%,1,1,0,4,1,11.05,24.94,24.94,16.9,16.9,5.1,2.25,Core-on-flake,Y
1382,LIK,IX,P4,,,Opaline/CCS,0%,,Core,,Complete,,,,,,,,,,,,,,,,,,,,,,,,,,,,,,,,,,,,,,,,,,Platform,Irregular,Cubic,0%,3,1,3,5,6,12.78,27.23,27.23,19.67,19.67,9.27,5.45,,N
137,LIK,XVI,O4a,,,Opaline/CCS,0%,,Flake,Distal,,,,,,,,,,,,,,,,,,,,,,No,,Feather,,,,,,,,,,,,,RECTANGULAR,,,,,,,,,,,,,,,,19,,19.66,,2.95,1.31,,N
1383,LIK,IX,P4,,,Opaline/CCS,0%,,Flake,Complete,,,,,,,,,,,,,,,,,,,,,,Yes,Hertzian,Feather,,,,,,,,,,,,,RECTANGULAR,FacetWithBulb,No,9.74,4.34,Main,,,,,,,,,,,19.31,19.29,15.61,15.65,2.3,0.9,,N
1384,LIK,IX,P4,,,Opaline/CCS,0%,,Flake,Complete,,,,,,,,,,,,,,,,,,,,,,Yes,Hertzian,Feather,,,,,,,,,,,,,RECTANGULAR,NotPrepared,No,8.55,3.96,Main,,,,,,,,,,,27.53,27.5,13.48,13.48,3.69,1.57,,N
1385,LIK,IX,P4,,,Opaline/CCS,0%,,Flake,Complete,,,,,,,,,,,,,,,,,,,,,,Yes,Hertzian,Feather,,,,,,,,,,,,,RECTANGULAR,FacetWithBulb,No,23.61,5.94,CoreMaintenance,,,,,,,,,,,14.24,14.24,28.45,27.25,9.49,5.32,,N
1386,LIK,IX,P4,,,Hornfels,0%,,Flake,Complete,,,,,,,,,,,,,,,,,,,,,,Yes,Hertzian,Feather,,,,,,,,,,,,,RECTANGULAR,NotPrepared,No,2.91,1.3,Main,,,,,,,,,,,15.08,15.08,8.24,8.24,1.75,0.23,,N
1387,LIK,IX,P4,,,Hornfels,0%,,Flake,Distal,,,,,,,,,,,,,,,,,,,,,,No,,Feather,,,,,,,,,,,,,RECTANGULAR,,,,,,,,,,,,,,,,18.57,,25.71,,5.84,3.49,,N
1388,LIK,IX,P4,,,Hornfels,0%,,Flake,Distal,,,,,,,,,,,,,,,,,,,,,,No,,Overshot,,,,,,,,,,,,,TRAPEZOIDAL,,,,,,,,,,,,,,,,26.51,,22.47,,6.87,4.51,,N
1389,LIK,IX,P4,,,Tuff,0%,,Flake,Complete,,,,,,,,,,,,,,,,,,,,,,Yes,Bending,Feather,,,,,,,,,,,,,TRIANGULAR,NotPrepared,No,8.25,3.73,Main,,,,,,,,,,,9.13,4.46,8.75,5.39,1.99,0.15,,N
1390,LIK,IX,P4,,,Tuff,0%,,Flake,Proximal,,,,,,,,,,,,,,,,,,,,,,Yes,Hertzian,Indeterminate,,,,,,,,,,,,,RECTANGULAR,NotPrepared,No,3.33,1.46,,,,,,,,,,,,9.09,,12.77,,1.63,0.19,,N
1391,LIK,IX,P4,,,Tuff,0%,,Flake,Complete,,,,,,,,,,,,,,,,,,,,,,Yes,Hertzian,Feather,,,,,,,,,,,,,RECTANGULAR,NotPrepared,No,7.5,3.45,Main,,,,,,,,,,,24.02,24.02,23.24,22.66,3.66,3.29,,N
1392,LIK,IX,P4,,,Siltstone,0%,,Flake,Complete,,,,,,,,,,,,,,,,,,,,,,Yes,Hertzian,Feather,,,,,,,,,,,,,TRAPEZOIDAL,NotPrepared,No,22.64,7.11,Main,,,,,,,,,,,17.67,18.29,26.93,22.79,7.54,3.21,,Y
138,LIK,XVI,O4a,,,Opaline/CCS,0%,,Flake,Fragment,,,,,,,,,,,,,,,,,,,,,,No,,Indeterminate,,,,,,,,,,,,,TRIANGULAR,,,,,,,,,,,,,,,,12.05,,7.91,,3.71,0.3,,N
1393,LIK,IX,P4,,,Siltstone,0%,,Flake,Complete,,,,,,,,,,,,,,,,,,,,,,Yes,Hertzian,Feather,,,,,,,,,,,,,TRIANGULAR,NotPrepared,No,12.05,3.48,Main,,,,,,,,,,,17.78,17.78,12.64,10.82,2.82,0.71,Does 'SS' mean sandstone? 'SIltone' spelled out,N
1394,LIK,IX,P4,,,Opaline/CCS,0%,,Flake,Complete,,,,,,,,,,,,,,,,,,,,,,Yes,Hertzian,Feather,,,,,,,,,,,,,RECTANGULAR,FacetWithBulb,No,7.36,2.76,Main,,,,,,,,,,,21.89,20.75,10.12,10.19,2.99,0.63,,N
1395,LIK,IX,P4,,,Opaline/CCS,1-10%,Outcrop,Core,,Complete,,,,,,,,,,,,,,,,,,,,,,,,,,,,,,,,,,,,,,,,,,Platform,Irregular,Spherical,0%,7,3,6,7,9,35.49,47.07,47.06,50.56,50.57,38.07,114.59,,Y
1396,LIK,IX,P5,,,Opaline/CCS,0%,,Flake,Distal,,,,,,,,,,,,,,,,,,,,,,No,,Feather,,,,,,,,,,,,,RECTANGULAR,,,,,,,,,,,,,,,,10.01,,11.68,,1.33,0.3,,N
1397,LIK,IX,P5,,,Opaline/CCS,0%,,Flake,Complete,,,,,,,,,,,,,,,,,,,,,,Yes,Hertzian,Feather,,,,,,,,,,,,,OVAL,NotPrepared,No,7.31,1.61,Main,,,,,,,,,,,8.78,8.78,15.22,11.66,1.16,0.11,,N
1398,LIK,IX,P5,,,Opaline/CCS,0%,,Flake,Proximal,,,,,,,,,,,,,,,,,,,,,,Yes,Hertzian,Indeterminate,,,,,,,,,,,,,TRIANGULAR,NotPrepared,No,4.61,1.43,,,,,,,,,,,,12.74,,11.76,,3.94,0.49,,N
1399,LIK,IX,P5,,,Opaline/CCS,0%,,Flake,Proximal,,,,,,,,,,,,,,,,,,,,,,Yes,Hertzian,Indeterminate,,,,,,,,,,,,,TRIANGULAR,NotPrepared,No,2.79,1.07,,,,,,,,,,,,14.48,,10.09,,2.61,0.39,,N
1400,LIK,IX,P5,,,Opaline/CCS,0%,,Flake,Distal,,,,,,,,,,,,,,,,,,,,,,No,,Feather,,,,,,,,,,,,,RECTANGULAR,,,,,,,,,,,,,,,,15.63,,13.57,,2.13,0.53,,N
1401,LIK,IX,P5,,,Opaline/CCS,0%,,Flake,Complete,,,,,,,,,,,,,,,,,,,,,,Yes,Hertzian,Feather,,,,,,,,,,,,,RECTANGULAR,NotPrepared,No,5.05,2.94,Main,,,,,,,,,,,14.23,11.17,11.05,10.64,3.28,0.58,,N
1402,LIK,IX,P5,,,Opaline/CCS,0%,,Flake,Distal,,,,,,,,,,,,,,,,,,,,,,No,,Feather,,,,,,,,,,,,,TRIANGULAR,,,,,,,,,,,,,,,,12.46,,17.24,,1.14,0.24,,N
14,LIK,XVII,O4a/c,,,Tuff,0%,,Flake,Complete,,,,,,,,,,,,,,,,,,,,,,Yes,Hertzian,Feather,,,,,,,,,,,,,OVAL,Indeterminate,No,2.13,0.47,Main,,,,,,,,,,,5.21,3.51,6.8,6.08,1.29,0.09,,N
139,LIK,XVI,O4a,,,Opaline/CCS,0%,,Flake,Distal,,,,,,,,,,,,,,,,,,,,,,No,,Feather,,,,,,,,,,,,,TRIANGULAR,,,,,,,,,,,,,,,,11.45,,11.15,,3.43,0.37,,N
1403,LIK,IX,P5,,,Opaline/CCS,0%,,Flake,Mesial,,,,,,,,,,,,,,,,,,,,,,No,,Indeterminate,,,,,,,,,,,,,RECTANGULAR,,,,,,,,,,,,,,,,13.93,,8.3,,1.92,0.26,,N
1404,LIK,IX,P5,,,Opaline/CCS,0%,,Flake,Complete,,,,,,,,,,,,,,,,,,,,,,Yes,Hertzian,Feather,,,,,,,,,,,,,RECTANGULAR,NotPrepared,No,4.52,0.93,Main,,,,,,,,,,,17.63,17.63,8.9,8.9,3.5,0.59,,N
1405,LIK,IX,P5,,,Opaline/CCS,0%,,Flake,Proximal,,,,,,,,,,,,,,,,,,,,,,Yes,Hertzian,Indeterminate,,,,,,,,,,,,,RECTANGULAR,NotPrepared,No,6.29,1.54,,,,,,,,,,,,17.63,,11.03,,2.91,0.59,,N
1406,LIK,IX,P5,,,Hornfels,0%,,Flake,Complete,,,,,,,,,,,,,,,,,,,,,,Yes,Hertzian,Feather,,,,,,,,,,,,,RECTANGULAR,ResidualFacetWithBulb,No,16.01,3.84,Main,,,,,,,,,,,38.12,38.33,16.8,16.8,7.95,5.98,,N
1407,LIK,IX,P5,,,Siltstone,0%,,Flake,Complete,,,,,,,,,,,,,,,,,,,,,,Yes,Hertzian,Feather,,,,,,,,,,,,,RECTANGULAR,NotPrepared,No,4.11,1.24,Main,,,,,,,,,,,22.02,22.02,9.33,9.16,3.67,0.68,,N
1408,LIK,IX,P5,,,Opaline/CCS,0%,,RetouchedTool,Complete,,MinimallyRetouched,MarginalEdgeShaping,Dorsal,3,234,2.5,1,2.42,2.32,2.47,,,,,,,,,,,,,,Flake,,,,,,,,,,,,RECTANGULAR,,,,,Main,,,,,,,,,,,16,16,31.86,31.86,7.13,5.41,,Y
1409,LIK,IX,P5,,,Opaline/CCS,0%,,Core,,Complete,,,,,,,,,,,,,,,,,,,,,,,,,,,,,,,,,,,,,,,,,,Inclined,Radial,Cubic,0%,6,4,8,11,7,16.68,56.63,55.8,41.01,41.01,18.13,65.15,,N
1410,LIK,IX,P4/P5,,,Tuff,10-40%,Outcrop,Flake,Complete,,,,,,,,,,,,,,,,,,,,,,Yes,Hertzian,Feather,,,,,,,,,,,,,TRIANGULAR,NotPrepared,No,8.82,2.9,Main,,,,,,,,,,,15.8,12.88,9.62,7.75,2.16,0.37,,N
1411,LIK,IX,P4/P5,,,Opaline/CCS,0%,,Flake,Distal,,,,,,,,,,,,,,,,,,,,,,No,,Feather,,,,,,,,,,,,,RECTANGULAR,,,,,,,,,,,,,,,,7.19,,12.69,,1.63,0.23,,N
1412,LIK,IX,P4/P5,,,Opaline/CCS,0%,,Flake,Complete,,,,,,,,,,,,,,,,,,,,,,Yes,Hertzian,Feather,,,,,,,,,,,,,RHOMBUS,NotPrepared,No,9.2,1.8,Main,,,,,,,,,,,8.05,8.06,14.13,11.51,1.3,0.19,,N
140,LIK,XVI,O4a,,,Opaline/CCS,0%,,Flake,Fragment,,,,,,,,,,,,,,,,,,,,,,Yes,Hertzian,Splintered,,,,,,,,,,,,,RECTANGULAR,FacetWithBulb,No,15.62,6.87,,,,,,,,,,,,37.3,,15.01,,5.26,4.03,,N
1413,LIK,IX,P4/P5,,,Opaline/CCS,0%,,Flake,Complete,,,,,,,,,,,,,,,,,,,,,,Yes,Hertzian,Feather,,,,,,,,,,,,,RECTANGULAR,NotPrepared,No,4.34,1.34,Main,,,,,,,,,,,19.72,16.75,9.97,9.1,2.51,0.42,,N
1414,LIK,IX,P4/P5,,,Opaline/CCS,0%,,Flake,Complete,,,,,,,,,,,,,,,,,,,,,,Yes,Hertzian,Feather,,,,,,,,,,,,,RECTANGULAR,NotPrepared,No,9.87,6.18,Main,,,,,,,,,,,18.29,18.32,17.93,17.93,4.73,2.33,,N
1415,LIK,IX,N4b,,,Opaline/CCS,0%,,Flake,Complete,,,,,,,,,,,,,,,,,,,,,,Yes,Hertzian,Feather,,,,,,,,,,,,,KITE,NotPrepared,No,4.92,0.89,Main,,,,,,,,,,,10.9,10.9,12.91,12.91,1.47,0.19,,N
1416,LIK,IX,N4b,,,Opaline/CCS,0%,,Flake,Complete,,,,,,,,,,,,,,,,,,,,,,Yes,Hertzian,Feather,,,,,,,,,,,,,TRIANGULAR,NotPrepared,No,13.42,5.55,Main,,,,,,,,,,,6.18,6.18,14.38,14.38,8.63,0.53,,N
1417,LIK,IX,N4b,,,Opaline/CCS,0%,,Flake,Distal,,,,,,,,,,,,,,,,,,,,,,No,,Feather,,,,,,,,,,,,,RECTANGULAR,,,,,,,,,,,,,,,,7.53,,12.84,,0.65,0.11,,N
1418,LIK,IX,N4b,,,Opaline/CCS,0%,,Flake,Complete,,,,,,,,,,,,,,,,,,,,,,Yes,Hertzian,Feather,,,,,,,,,,,,,TRIANGULAR,NotPrepared,No,7.22,3.78,Main,,,,,,,,,,,13.12,13.12,10.48,10.54,4.58,0.55,,N
1419,LIK,IX,N4b,,,Opaline/CCS,0%,,Flake,Distal,,,,,,,,,,,,,,,,,,,,,,No,,Feather,,,,,,,,,,,,,OVAL,,,,,,,,,,,,,,,,8.63,,13.06,,1.83,0.18,,N
1420,LIK,IX,N4b,,,Opaline/CCS,0%,,Flake,Complete,,,,,,,,,,,,,,,,,,,,,,Yes,Hertzian,Feather,,,,,,,,,,,,,RECTANGULAR,NotPrepared,No,6.84,3.01,Main,,,,,,,,,,,16.88,15.83,8.25,8.35,2.52,0.48,,N
1421,LIK,IX,N4b,,,Opaline/CCS,0%,,Flake,Distal,,,,,,,,,,,,,,,,,,,,,,No,,Feather,,,,,,,,,,,,,TRAPEZOIDAL,,,,,,,,,,,,,,,,9.18,,11.36,,2.53,0.25,,N
1422,LIK,IX,N4b,,,Opaline/CCS,0%,,Flake,Mesial,,,,,,,,,,,,,,,,,,,,,,No,,Indeterminate,,,,,,,,,,,,,RECTANGULAR,,,,,,,,,,,,,,,,10.48,,10.7,,1.58,0.25,,N
141,LIK,XVI,O4a,,,Opaline/CCS,0%,,Flake,Distal,,,,,,,,,,,,,,,,,,,,,,No,,Feather,,,,,,,,,,,,,RECTANGULAR,,,,,,,,,,,,,,,,16.91,,25.33,,5.41,1.79,,N
1423,LIK,IX,N4b,,,Opaline/CCS,0%,,Flake,Complete,,,,,,,,,,,,,,,,,,,,,,Yes,Hertzian,Feather,,,,,,,,,,,,,RECTANGULAR,NotPrepared,No,7.18,1.58,Main,,,,,,,,,,,10.91,10.91,16.46,15.32,2.21,0.37,,N
1424,LIK,IX,N4b,,,Opaline/CCS,0%,,Flake,Complete,,,,,,,,,,,,,,,,,,,,,,Yes,Hertzian,Feather,,,,,,,,,,,,,RECTANGULAR,NotPrepared,No,5.13,1.18,Main,,,,,,,,,,,17.36,17.4,10.47,10.47,1.28,0.3,,N
1425,LIK,IX,N4b,,,Opaline/CCS,0%,,Flake,Proximal,,,,,,,,,,,,,,,,,,,,,,Yes,Hertzian,Indeterminate,,,,,,,,,,,,,RECTANGULAR,NotPrepared,No,4.78,1.95,,,,,,,,,,,,12.83,,9.54,,3.19,0.43,,N
1426,LIK,IX,N4b,,,Opaline/CCS,0%,,Flake,Mesial,,,,,,,,,,,,,,,,,,,,,,No,,Indeterminate,,,,,,,,,,,,,TRIANGULAR,,,,,,,,,,,,,,,,14.3,,7.08,,3.7,0.43,,N
1427,LIK,IX,N4b,,,Opaline/CCS,0%,,Flake,Complete,,,,,,,,,,,,,,,,,,,,,,Yes,Hertzian,Feather,,,,,,,,,,,,,TRAPEZOIDAL,NotPrepared,No,3.62,1.85,Main,,,,,,,,,,,14.94,14.94,16.41,16.42,2.79,0.92,,N
1428,LIK,IX,N4b,,,Opaline/CCS,0%,,Flake,Complete,,,,,,,,,,,,,,,,,,,,,,Yes,Hertzian,Feather,,,,,,,,,,,,,RECTANGULAR,NotPrepared,No,8.52,3.96,CoreMaintenance,,,,,,,,,,,12.61,12.64,9.53,7.94,2.97,0.47,,N
1429,LIK,IX,N4b,,,Opaline/CCS,0%,,Flake,Complete,,,,,,,,,,,,,,,,,,,,,,Yes,Hertzian,Feather,,,,,,,,,,,,,RECTANGULAR,NotPrepared,No,8.99,3.28,Main,,,,,,,,,,,7.58,7.58,10.16,10.16,3.33,0.33,,N
1430,LIK,IX,N4b,,,Opaline/CCS,0%,,Flake,Complete,,,,,,,,,,,,,,,,,,,,,,Yes,Hertzian,Hinge,,,,,,,,,,,,,RECTANGULAR,NotPrepared,No,6.66,2.69,Main,,,,,,,,,,,11.44,11.44,8.93,6.44,1.87,0.38,,N
1431,LIK,IX,N4b,,,Opaline/CCS,0%,,Flake,Distal,,,,,,,,,,,,,,,,,,,,,,No,,Feather,,,,,,,,,,,,,TRAPEZOIDAL,,,,,,,,,,,,,,,,13.36,,11.88,,1.65,0.36,,N
1432,LIK,IX,N4b,,,Opaline/CCS,0%,,Flake,Fragment,,,,,,,,,,,,,,,,,,,,,,Yes,Hertzian,Feather,,,,,,,,,,,,,TRAPEZOIDAL,NotPrepared,No,12.4,3.72,,,,,,,,,,,,9.89,,12.61,,3.01,0.47,,N
142,LIK,XVI,O4a,,,Tuff,0%,,Flake,Fragment,,,,,,,,,,,,,,,,,,,,,,Yes,Hertzian,Feather,,,,,,,,,,,,,RHOMBUS,ResidualFacetWithBulb,No,10.17,2.13,,,,,,,,,,,,13.27,,18.05,,2.84,0.81,,N
1433,LIK,IX,N4b,,,Opaline/CCS,0%,,Flake,Distal,,,,,,,,,,,,,,,,,,,,,,No,,Bipolar,,,,,,,,,,,,,RECTANGULAR,,,,,,,,,,,,,,,,14.02,,8.08,,6.79,0.74,,N
1434,LIK,IX,N4b,,,Opaline/CCS,0%,,Flake,Proximal,,,,,,,,,,,,,,,,,,,,,,Yes,Hertzian,Indeterminate,,,,,,,,,,,,,TRIANGULAR,NotPrepared,No,16.88,4.86,,,,,,,,,,,,5.66,,17.25,,4.28,0.43,,N
1435,LIK,IX,N4b,,,Opaline/CCS,0%,,Flake,Proximal,,,,,,,,,,,,,,,,,,,,,,Yes,Hertzian,Indeterminate,,,,,,,,,,,,,RECTANGULAR,FacetWithBulb,No,6.06,2.5,,,,,,,,,,,,10.12,,14.78,,2.34,0.3,,N
1436,LIK,IX,N4b,,,Opaline/CCS,0%,,Flake,Proximal,,,,,,,,,,,,,,,,,,,,,,Yes,Hertzian,Indeterminate,,,,,,,,,,,,,TRIANGULAR,NotPrepared,No,2.9,1.8,,,,,,,,,,,,10.17,,12.81,,4.66,0.59,,N
1437,LIK,IX,N4b,,,Opaline/CCS,0%,,Flake,Distal,,,,,,,,,,,,,,,,,,,,,,No,,Feather,,,,,,,,,,,,,TRAPEZOIDAL,,,,,,,,,,,,,,,,6.88,,15.55,,2.04,0.23,,N
1438,LIK,IX,N4b,,,Opaline/CCS,0%,,Flake,Proximal,,,,,,,,,,,,,,,,,,,,,,Yes,Hertzian,Indeterminate,,,,,,,,,,,,,TRIANGULAR,FacetWithBulb,No,14.13,4.42,,,,,,,,,,,,11.67,,20.95,,6.21,1.46,,N
1439,LIK,IX,N4b,,,Opaline/CCS,0%,,Flake,Complete,,,,,,,,,,,,,,,,,,,,,,Yes,Hertzian,Hinge,,,,,,,,,,,,,RECTANGULAR,NotPrepared,No,6.18,1.9,Main,,,,,,,,,,,20.38,20.38,12.19,9.98,1.53,0.65,,N
1440,LIK,IX,N4b,,,Opaline/CCS,0%,,Flake,Complete,,,,,,,,,,,,,,,,,,,,,,Yes,Hertzian,Feather,,,,,,,,,,,,,RECTANGULAR,NotPrepared,No,7.51,1.44,Main,,,,,,,,,,,18.16,18.16,11.36,9.42,1.06,0.4,,N
1441,LIK,IX,N4b,,,Opaline/CCS,0%,,Flake,Mesial,,,,,,,,,,,,,,,,,,,,,,No,,Indeterminate,,,,,,,,,,,,,TRIANGULAR,,,,,,,,,,,,,,,,14.21,,10.56,,2.59,0.43,,N
1442,LIK,IX,N4b,,,Opaline/CCS,0%,,Flake,Complete,,,,,,,,,,,,,,,,,,,,,,Yes,Hertzian,Feather,,,,,,,,,,,,,RECTANGULAR,NotPrepared,No,4.46,1.97,Main,,,,,,,,,,,15.16,15.07,8.68,8.68,3.04,0.58,,N
143,LIK,XVI,O4a,,,Tuff,0%,,Flake,Complete,,,,,,,,,,,,,,,,,,,,,,Yes,Hertzian,Feather,,,,,,,,,,,,,TRIANGULAR,NotPrepared,No,4.32,1.06,Main,,,,,,,,,,,12.77,10.89,13.93,10.07,1.4,0.27,,N
1443,LIK,IX,N4b,,,Opaline/CCS,0%,,Flake,Proximal,,,,,,,,,,,,,,,,,,,,,,Yes,Hertzian,Indeterminate,,,,,,,,,,,,,RECTANGULAR,NotPrepared,No,6.28,2.6,,,,,,,,,,,,11.89,,12.91,,3.28,0.75,,N
1444,LIK,IX,N4b,,,Opaline/CCS,0%,,Flake,Proximal,,,,,,,,,,,,,,,,,,,,,,Yes,Hertzian,Indeterminate,,,,,,,,,,,,,RECTANGULAR,NotPrepared,No,9.05,6.14,,,,,,,,,,,,19.87,,15.96,,6.38,2.47,,N
1445,LIK,IX,N4b,,,Opaline/CCS,0%,,Flake,Complete,,,,,,,,,,,,,,,,,,,,,,Yes,Hertzian,Feather,,,,,,,,,,,,,OVAL,NotPrepared,No,15.26,2.59,Main,,,,,,,,,,,12.85,13.04,21.13,21.14,1.78,0.59,,N
1446,LIK,IX,N4b,,,Opaline/CCS,0%,,Flake,Complete,,,,,,,,,,,,,,,,,,,,,,Yes,Hertzian,Feather,,,,,,,,,,,,,TRIANGULAR,Indeterminate,No,5.77,1.39,Main,,,,,,,,,,,15.88,15.88,19.88,14,2.25,0.81,,N
1447,LIK,IX,N4b,,,Opaline/CCS,0%,,Flake,Complete,,,,,,,,,,,,,,,,,,,,,,Yes,Hertzian,Feather,,,,,,,,,,,,,RECTANGULAR,NotPrepared,No,3.25,2.91,Main,,,,,,,,,,,22.7,22.7,9.91,9.91,2.76,0.74,,N
1448,LIK,IX,N4b,,,Opaline/CCS,0%,,Flake,Mesial,,,,,,,,,,,,,,,,,,,,,,No,,Indeterminate,,,,,,,,,,,,,RECTANGULAR,,,,,,,,,,,,,,,,15.39,,20.16,,4.19,1.95,,N
1449,LIK,IX,N4b,,,Opaline/CCS,0%,,Flake,Distal,,,,,,,,,,,,,,,,,,,,,,No,,Overshot,,,,,,,,,,,,,RECTANGULAR,,,,,,,,,,,,,,,,27.91,,14.68,,7.02,2.7,,N
1450,LIK,IX,N4b,,,Opaline/CCS,0%,,Flake,Mesial,,,,,,,,,,,,,,,,,,,,,,No,,Indeterminate,,,,,,,,,,,,,RECTANGULAR,,,,,,,,,,,,,,,,36.93,,6.49,,5.97,3.49,,N
1451,LIK,IX,N4b,,,Opaline/CCS,0%,,Flake,Proximal,,,,,,,,,,,,,,,,,,,,,,Yes,Hertzian,Indeterminate,,,,,,,,,,,,,RECTANGULAR,NotPrepared,Yes,14.78,6.52,,,,,,,,,,,,25.66,,19.15,,7.2,7.15,,N
1452,LIK,IX,N4b,,,Opaline/CCS,0%,,Flake,Complete,,,,,,,,,,,,,,,,,,,,,,Yes,Wedging,Feather,,,,,,,,,,,,,RECTANGULAR,Indeterminate,No,7.77,2.17,Main,,,,,,,,,,,28.93,28.93,15.86,13.19,2.99,1.46,,N
144,LIK,XVI,O4a,,,Quartzite,0%,,Flake,Complete,,,,,,,,,,,,,,,,,,,,,,Yes,Hertzian,Feather,,,,,,,,,,,,,RECTANGULAR,FacetWithBulb,No,15.62,5.49,Main,,,,,,,,,,,21.85,21.85,17.58,17.58,4.27,2.8,,N
1453,LIK,IX,N4b,,,Opaline/CCS,0%,,Flake,Distal,,,,,,,,,,,,,,,,,,,,,,No,,Feather,,,,,,,,,,,,,RECTANGULAR,,,,,,,,,,,,,,,,13.38,,29.86,,6.5,3.92,,N
1454,LIK,IX,N4b,,,Opaline/CCS,0%,,Flake,Complete,,,,,,,,,,,,,,,,,,,,,,Yes,Hertzian,Feather,,,,,,,,,,,,,RECTANGULAR,NotPrepared,No,4.65,2.08,Main,,,,,,,,,,,11.85,11.85,8.36,8.36,3.95,0.51,,N
1455,LIK,IX,N4b,,,Opaline/CCS,0%,,RetouchedTool,Fragment,,MinimallyRetouched,MarginalEdgeShaping,Dorsal,3,128,6.95,1,2.75,3.74,2.1,,,,,,,,,,,,,,Flake,,,,,,,,,,,,TRAPEZOIDAL,,,,,,,,,,,,,,,,18.59,,18.17,,2.25,1.34,,N
1456,LIK,IX,N4b,,,Opaline/CCS,0%,,Core,,Complete,,,,,,,,,,,,,,,,,,,,,,,,,,,,,,,,,,,,,,,,,,Platform,Irregular,Cubic,0%,3,2,2,8,3,6.66,24.28,24.28,9.28,9.28,8.64,2.49,,N
1457,LIK,IX,N4b,,,Opaline/CCS,0%,,Core,,Fragment,,,,,,,,,,,,,,,,,,,,,,,,,,,,,,,,,,,,,,,,,,Bipolar,Bladelet,Cubic,0%,2,1,1,0,6,9.36,9.81,,6.63,,3.15,0.29,,N
1458,LIK,IX,N4b,,,Opaline/CCS,0%,,Flake,Complete,,,,,,,,,,,,,,,,,,,,,,Yes,Hertzian,Feather,,,,,,,,,,,,,OVAL,NotPrepared,No,4.55,1.98,Main,,,,,,,,,,,14.98,14.97,16.67,15.41,1.74,0.58,,N
1459,LIK,IX,N4b,,,Opaline/CCS,0%,,Flake,Complete,,,,,,,,,,,,,,,,,,,,,,Yes,Hertzian,Feather,,,,,,,,,,,,,RECTANGULAR,NotPrepared,No,8.8,2.33,Main,,,,,,,,,,,37.76,37.76,13.94,11.48,6.6,3.2,,N
1460,LIK,IX,N4b,,,Opaline/CCS,0%,,Flake,Mesial,,,,,,,,,,,,,,,,,,,,,,No,,Indeterminate,,,,,,,,,,,,,RECTANGULAR,,,,,,,,,,,,,,,,30.05,,22.03,,5.11,4.15,,N
1461,LIK,IX,N4b,,,Hornfels,0%,,Flake,Complete,,,,,,,,,,,,,,,,,,,,,,Yes,Hertzian,Feather,,,,,,,,,,,,,RECTANGULAR,NotPrepared,No,4.95,3.31,Main,,,,,,,,,,,12.01,12.01,9.54,9.53,2.54,0.24,,N
1462,LIK,IX,N4b,,,Hornfels,0%,,Flake,Proximal,,,,,,,,,,,,,,,,,,,,,,Yes,Hertzian,Indeterminate,,,,,,,,,,,,,RECTANGULAR,ResidualFacetWithBulb,No,14.83,5.95,,,,,,,,,,,,7.17,,18.42,,5.14,0.64,,N
145,LIK,XVI,O4a,,,Quartzite,0%,,Flake,Distal,,,,,,,,,,,,,,,,,,,,,,No,,Feather,,,,,,,,,,,,,RHOMBUS,,,,,,,,,,,,,,,,21.63,,19.37,,1.84,1.02,,N
1463,LIK,IX,N4b,,,Hornfels,0%,,Flake,Mesial,,,,,,,,,,,,,,,,,,,,,,No,,Indeterminate,,,,,,,,,,,,,TRIANGULAR,,,,,,,,,,,,,,,,11.07,,15.69,,3.9,0.68,,N
1464,LIK,IX,N4b,,,Hornfels,10-40%,Outcrop,Flake,Complete,,,,,,,,,,,,,,,,,,,,,,Yes,Hertzian,Feather,,,,,,,,,,,,,TRIANGULAR,NotPrepared,No,13.01,5.78,Main,,,,,,,,,,,19.5,19.54,14.06,14.06,3.87,0.93,,N
1465,LIK,IX,N4b,,,Hornfels,0%,,Flake,Distal,,,,,,,,,,,,,,,,,,,,,,No,,Feather,,,,,,,,,,,,,RECTANGULAR,,,,,,,,,,,,,,,,7.52,,12.14,,1.07,0.17,,N
1466,LIK,IX,N4b,,,Hornfels,0%,,Flake,Proximal,,,,,,,,,,,,,,,,,,,,,,Yes,Hertzian,Indeterminate,,,,,,,,,,,,,RECTANGULAR,FacetWithBulb,No,13.43,6.76,,,,,,,,,,,,13.66,,19.31,,9.04,2.63,,N
1467,LIK,IX,N4b,,,Hornfels,40-60%,Cobble,Flake,Complete,,,,,,,,,,,,,,,,,,,,,,Yes,Hertzian,Feather,,,,,,,,,,,,,OVAL,NotPrepared,No,9.37,2.75,Initial,,,,,,,,,,,34.51,34.51,42.67,42.68,4.77,8.71,,N
1468,LIK,IX,N4b,,,Quartzite,0%,,Flake,Complete,,,,,,,,,,,,,,,,,,,,,,Yes,Hertzian,Feather,,,,,,,,,,,,,RECTANGULAR,NotPrepared,No,5.11,1.54,Main,,,,,,,,,,,13.78,13.78,7.52,7.52,2.12,0.19,,N
1469,LIK,IX,N4b,,,Quartzite,0%,,Flake,Distal,,,,,,,,,,,,,,,,,,,,,,No,,Feather,,,,,,,,,,,,,TRIANGULAR,,,,,,,,,,,,,,,,7.26,,10.78,,1.42,0.18,,N
1470,LIK,IX,N4b,,,Opaline/CCS,0%,,Core,,Complete,,,,,,,,,,,,,,,,,,,,,,,,,,,,,,,,,,,,,,,,,,Platform,Irregular,Spherical,0%,5,3,2,3,8,27.64,41.5,41.5,38.21,38.21,22.48,34.18,,N
1471,LIK,IX,N4b,,,Opaline/CCS,0%,,Core,,Complete,,,,,,,,,,,,,,,,,,,,,,,,,,,,,,,,,,,,,,,,,,Platform,Bladelet,Spherical,0%,3,3,2,3,4,11.43,12.79,12.79,12.46,12.46,6.12,1.14,,N
1472,LIK,IX,N4b,,,Opaline/CCS,0%,,Flake,Proximal,,,,,,,,,,,,,,,,,,,,,,Yes,Hertzian,Indeterminate,,,,,,,,,,,,,RECTANGULAR,NotPrepared,No,7.62,2.63,,,,,,,,,,,,30.82,,18.12,,6.02,4,,N
146,LIK,XVI,O4a,,,Quartzite,0%,,Flake,Complete,,,,,,,,,,,,,,,,,,,,,,Yes,Bending,Hinge,,,,,,,,,,,,,RECTANGULAR,ResidualFacetWithBulb,No,5.23,2.04,Main,,,,,,,,,,,14.14,14.14,8.53,7.45,2.97,0.39,,N
1473,LIK,IX,N4b,,,Opaline/CCS,0%,,Core,,Complete,,,,,,,,,,,,,,,,,,,,,,,,,,,,,,,,,,,,,,,,,,Platform,Irregular,Cubic,0%,4,3,4,5,4,8.43,21.11,21.11,14.05,14.05,10.91,4.35,,N
1474,LIK,IX,N4b,,,Opaline/CCS,0%,,Core,,Complete,,,,,,,,,,,,,,,,,,,,,,,,,,,,,,,,,,,,,,,,,,Platform,Irregular,Cubic,10-40%,3,3,6,6,2,10.43,22.42,22.42,17.27,17.27,10.66,5.47,,N
1475,LIK,IX,N4b,,,Hornfels,10-40%,Outcrop,Flake,Complete,,,,,,,,,,,,,,,,,,,,,,Yes,Hertzian,Feather,,,,,,,,,,,,,RECTANGULAR,Indeterminate,No,4.35,1.36,Main,,,,,,,,,,,19.18,19.18,33.65,25.96,6.41,3.77,,N
1476,LIK,IX,O4b,,,Opaline/CCS,0%,,Flake,Complete,,,,,,,,,,,,,,,,,,,,,,Yes,Hertzian,Feather,,,,,,,,,,,,,RECTANGULAR,NotPrepared,No,4,1.39,Main,,,,,,,,,,,14.07,14.07,4.59,4.59,1.08,0.08,,N
1477,LIK,IX,O4b,,,Opaline/CCS,0%,,Flake,Complete,,,,,,,,,,,,,,,,,,,,,,Yes,Hertzian,Feather,,,,,,,,,,,,,RECTANGULAR,NotPrepared,No,4.35,0.97,Main,,,,,,,,,,,9.64,9.64,10.39,10.39,1.74,0.23,,N
1478,LIK,IX,O4b,,,Opaline/CCS,0%,,Flake,Proximal,,,,,,,,,,,,,,,,,,,,,,Yes,Hertzian,Indeterminate,,,,,,,,,,,,,RECTANGULAR,NotPrepared,No,7.74,2.61,,,,,,,,,,,,14.24,,14.81,,2.21,0.51,,N
1479,LIK,IX,O4b,,,Opaline/CCS,0%,,Flake,Complete,,,,,,,,,,,,,,,,,,,,,,Yes,Hertzian,Feather,,,,,,,,,,,,,RHOMBUS,NotPrepared,No,11.38,1.96,Main,,,,,,,,,,,20.61,13.96,15.41,15.41,3.43,0.88,,N
1480,LIK,IX,O4b,,,Opaline/CCS,0%,,Flake,Complete,,,,,,,,,,,,,,,,,,,,,,Yes,Hertzian,Feather,,,,,,,,,,,,,RECTANGULAR,FacetWithBulb,No,10.36,5.46,Main,,,,,,,,,,,9.02,9.02,12.61,12.61,4.98,0.65,,N
1481,LIK,IX,O4b,,,Opaline/CCS,0%,,Flake,Complete,,,,,,,,,,,,,,,,,,,,,,Yes,Hertzian,Feather,,,,,,,,,,,,,RECTANGULAR,NotPrepared,No,3.4,1.06,Main,,,,,,,,,,,11.88,10.78,10.59,10.59,1.41,0.23,,N
1482,LIK,IX,O4b,,,Opaline/CCS,0%,,Flake,Distal,,,,,,,,,,,,,,,,,,,,,,No,,Feather,,,,,,,,,,,,,RECTANGULAR,,,,,,,,,,,,,,,,14.64,,9.23,,1.71,0.22,,N
147,LIK,XVI,O4a,,,Quartzite,0%,,RetouchedTool,Complete,,MinimallyRetouched,MarginalEdgeShaping,Both,2,78,5.08,1,2.98,2.27,1.71,,,,,,,,,,,,,,Flake,,,,,,,,,,,,SQUARE,,,,,Main,,,,,,,,,,,18.9,15.27,14.66,12.78,5.3,1.2,,Y
1483,LIK,IX,O4b,,,Opaline/CCS,0%,,Flake,Proximal,,,,,,,,,,,,,,,,,,,,,,Yes,Hertzian,Indeterminate,,,,,,,,,,,,,RECTANGULAR,NotPrepared,No,9.64,2.63,,,,,,,,,,,,25.08,,23.18,,3.67,1.69,,N
1484,LIK,IX,O4b,,,Opaline/CCS,0%,,Flake,Complete,,,,,,,,,,,,,,,,,,,,,,Yes,Hertzian,Feather,,,,,,,,,,,,,RHOMBUS,NotPrepared,No,5.22,2.18,Main,,,,,,,,,,,15.63,11.33,11.96,10.8,2.09,0.46,,N
1485,LIK,IX,O4b,,,Opaline/CCS,0%,,Flake,Complete,,,,,,,,,,,,,,,,,,,,,,Yes,Hertzian,Overshot,,,,,,,,,,,,,RECTANGULAR,NotPrepared,No,5.93,1.1,Main,,,,,,,,,,,11.95,11.95,11.15,12.39,10.58,2.17,0.35,Y
1486,LIK,IX,O4b,,,Opaline/CCS,0%,,Flake,Complete,,,,,,,,,,,,,,,,,,,,,,Yes,Hertzian,Feather,,,,,,,,,,,,,TRIANGULAR,Indeterminate,No,4.09,1.19,Main,,,,,,,,,,,15.5,15.5,5.86,5.86,1.37,0.07,,N
1487,LIK,IX,O4b,,,Opaline/CCS,0%,,Flake,Complete,,,,,,,,,,,,,,,,,,,,,,Yes,Hertzian,Feather,,,,,,,,,,,,,RECTANGULAR,NotPrepared,No,10.1,2.17,Main,,,,,,,,,,,12.08,12.08,10.38,9.93,2.32,0.35,,N
1488,LIK,IX,O4b,,,Opaline/CCS,0%,,Flake,Distal,,,,,,,,,,,,,,,,,,,,,,No,,Feather,,,,,,,,,,,,,TRIANGULAR,,,,,,,,,,,,,,,,12.24,,5.43,,4.8,0.25,,N
1489,LIK,IX,O4b,,,Opaline/CCS,0%,,Flake,Mesial,,,,,,,,,,,,,,,,,,,,,,No,,Indeterminate,,,,,,,,,,,,,TRIANGULAR,,,,,,,,,,,,,,,,16.96,,15.07,,6.29,1.18,,N
1490,LIK,IX,O4b,,,Opaline/CCS,0%,,Flake,Distal,,,,,,,,,,,,,,,,,,,,,,No,,Feather,,,,,,,,,,,,,RECTANGULAR,,,,,,,,,,,,,,,,8.63,,15.4,,4.88,0.7,,N
1491,LIK,IX,O4b,,,Opaline/CCS,0%,,Flake,Mesial,,,,,,,,,,,,,,,,,,,,,,No,,Indeterminate,,,,,,,,,,,,,RECTANGULAR,,,,,,,,,,,,,,,,5.83,,14.69,,2.52,0.24,,N
1492,LIK,IX,O4b,,,Opaline/CCS,0%,,Flake,Distal,,,,,,,,,,,,,,,,,,,,,,No,,Hinge,,,,,,,,,,,,,RECTANGULAR,,,,,,,,,,,,,,,,21.54,,10.48,,8.33,2,,N
148,LIK,XVI,O4a,,,Hornfels,0%,,Flake,Proximal,,,,,,,,,,,,,,,,,,,,,,Yes,Bending,Indeterminate,,,,,,,,,,,,,RECTANGULAR,NotPrepared,No,5.39,0.86,,,,,,,,,,,,7.18,,10.5,,0.97,0.07,,N
1493,LIK,IX,O4b,,,Opaline/CCS,0%,,Flake,Distal,,,,,,,,,,,,,,,,,,,,,,No,,Feather,,,,,,,,,,,,,RECTANGULAR,,,,,,,,,,,,,,,,12.25,,13.35,,2.72,0.37,,N
1494,LIK,IX,O4b,,,Opaline/CCS,0%,,Flake,Complete,,,,,,,,,,,,,,,,,,,,,,Yes,Hertzian,Overshot,,,,,,,,,,,,,RECTANGULAR,Indeterminate,No,3.49,0.91,Main,,,,,,,,,,,10.54,10.52,7.77,7.76,2.07,0.2,,N
1495,LIK,IX,O4b,,,Opaline/CCS,0%,,Flake,Complete,,,,,,,,,,,,,,,,,,,,,,Yes,Hertzian,Feather,,,,,,,,,,,,,RECTANGULAR,NotPrepared,No,3.79,0.74,Main,,,,,,,,,,,11.64,11.64,9.09,6.39,0.93,0.08,,N
1496,LIK,IX,O4b,,,Opaline/CCS,0%,,Flake,Mesial,,,,,,,,,,,,,,,,,,,,,,No,,Indeterminate,,,,,,,,,,,,,TRAPEZOIDAL,,,,,,,,,,,,,,,,7.39,,18.68,,4.01,0.64,,N
1497,LIK,IX,O4b,,,Opaline/CCS,0%,,Flake,Distal,,,,,,,,,,,,,,,,,,,,,,No,,Feather,,,,,,,,,,,,,TRIANGULAR,,,,,,,,,,,,,,,,15.4,,8.75,,2.99,0.36,,N
1498,LIK,IX,O4b,,,Opaline/CCS,0%,,Flake,Complete,,,,,,,,,,,,,,,,,,,,,,Yes,Bending,Feather,,,,,,,,,,,,,RHOMBUS,NotPrepared,No,11.06,2.9,Main,,,,,,,,,,,8.75,8.75,10.69,9.18,1.59,0.16,,N
1499,LIK,IX,O4b,,,Opaline/CCS,0%,,Flake,Mesial,,,,,,,,,,,,,,,,,,,,,,No,,Indeterminate,,,,,,,,,,,,,RECTANGULAR,,,,,,,,,,,,,,,,5.23,,12.9,,0.95,0.09,,N
1500,LIK,IX,O4b,,,Opaline/CCS,0%,,Flake,Distal,,,,,,,,,,,,,,,,,,,,,,No,,Feather,,,,,,,,,,,,,TRAPEZOIDAL,,,,,,,,,,,,,,,,7.87,,12.05,,1.47,0.19,,N
1501,LIK,IX,O4b,,,Opaline/CCS,0%,,Flake,Mesial,,,,,,,,,,,,,,,,,,,,,,No,,Indeterminate,,,,,,,,,,,,,RECTANGULAR,,,,,,,,,,,,,,,,11.44,,15.47,,4.05,1.31,,N
1502,LIK,IX,O4b,,,Opaline/CCS,0%,,Flake,Proximal,,,,,,,,,,,,,,,,,,,,,,Yes,Hertzian,Indeterminate,,,,,,,,,,,,,RECTANGULAR,ResidualFacetWithBulb,No,3.63,1.1,,,,,,,,,,,,8.59,,10.33,,2.37,0.2,,N
15,LIK,XVII,O4a/c,,,Opaline/CCS,0%,,Flake,Fragment,,,,,,,,,,,,,,,,,,,,,,No,,Indeterminate,,,,,,,,,,,,,TRAPEZOIDAL,,,,,,,,,,,,,,,,4.47,,8.92,,1.52,0.04,,N
149,LIK,XVI,O4a,,,Hornfels,0%,,Flake,Complete,,,,,,,,,,,,,,,,,,,,,,Yes,Hertzian,Feather,,,,,,,,,,,,,TRIANGULAR,NotPrepared,No,6.8,1.89,Main,,,,,,,,,,,14.42,14.42,7.63,5.89,2.05,0.19,,N
1503,LIK,IX,O4b,,,Opaline/CCS,0%,,Flake,Complete,,,,,,,,,,,,,,,,,,,,,,Yes,Hertzian,Feather,,,,,,,,,,,,,RECTANGULAR,NotPrepared,No,4.6,1.65,Main,,,,,,,,,,,19.3,17.1,12.33,9.69,2.21,0.41,,N
1504,LIK,IX,O4b,,,Opaline/CCS,0%,,Flake,Complete,,,,,,,,,,,,,,,,,,,,,,Yes,Hertzian,Feather,,,,,,,,,,,,,RECTANGULAR,NotPrepared,No,6.52,1.68,Main,,,,,,,,,,,9.85,9.85,13.01,11.61,1.5,0.33,,N
1505,LIK,IX,O4b,,,Opaline/CCS,0%,,Flake,Complete,,,,,,,,,,,,,,,,,,,,,,Yes,Hertzian,Feather,,,,,,,,,,,,,OVAL,Indeterminate,No,3.76,1.01,Main,,,,,,,,,,,8.1,8.1,11.5,11.5,1.84,0.18,,N
1506,LIK,IX,O4b,,,Opaline/CCS,0%,,Flake,Complete,,,,,,,,,,,,,,,,,,,,,,Yes,Hertzian,Feather,,,,,,,,,,,,,RECTANGULAR,NotPrepared,No,5.38,3.59,Main,,,,,,,,,,,30.88,30.88,14.1,13.15,3.7,1.77,,N
1507,LIK,IX,O4b,,,Opaline/CCS,0%,,Flake,Complete,,,,,,,,,,,,,,,,,,,,,,Yes,Hertzian,Overshot,,,,,,,,,,,,,RECTANGULAR,NotPrepared,No,5.95,2.56,Main,,,,,,,,,,,18.63,18.63,11.34,11.34,3.25,0.77,,N
1508,LIK,IX,O4b,,,Opaline/CCS,0%,,Flake,Proximal,,,,,,,,,,,,,,,,,,,,,,Yes,Hertzian,Indeterminate,,,,,,,,,,,,,RECTANGULAR,NotPrepared,No,4.01,1.22,,,,,,,,,,,,13.53,,6.42,,1.81,0.21,,N
1509,LIK,IX,O4b,,,Opaline/CCS,0%,,Flake,Fragment,,,,,,,,,,,,,,,,,,,,,,Yes,Hertzian,Feather,,,,,,,,,,,,,OVAL,NotPrepared,No,4.57,1.36,,,,,,,,,,,,10.22,,12,,3.03,0.29,,N
1510,LIK,IX,O4b,,,Opaline/CCS,0%,,Flake,Distal,,,,,,,,,,,,,,,,,,,,,,No,,Feather,,,,,,,,,,,,,RHOMBUS,,,,,,,,,,,,,,,,11.28,,14.03,,1.85,0.42,,N
1511,LIK,IX,O4b,,,Opaline/CCS,0%,,Flake,Complete,,,,,,,,,,,,,,,,,,,,,,Yes,Bending,Feather,,,,,,,,,,,,,OVAL,Indeterminate,No,7.25,2.68,Main,,,,,,,,,,,5.88,5.88,11.3,11.3,2.86,0.28,,N
1512,LIK,IX,O4b,,,Opaline/CCS,0%,,Flake,Complete,,,,,,,,,,,,,,,,,,,,,,Yes,Hertzian,Feather,,,,,,,,,,,,,RECTANGULAR,NotPrepared,No,5.51,1,Main,,,,,,,,,,,6.42,6.42,12.9,10.73,1.18,0.13,,N
150,LIK,XVI,O4a,,,Hornfels,0%,,Flake,Distal,,,,,,,,,,,,,,,,,,,,,,No,,Feather,,,,,,,,,,,,,TRIANGULAR,,,,,,,,,,,,,,,,14.8,,17.62,,7.31,1.83,,N
1513,LIK,IX,O4b,,,Opaline/CCS,0%,,Flake,Complete,,,,,,,,,,,,,,,,,,,,,,Yes,Hertzian,Feather,,,,,,,,,,,,,RECTANGULAR,NotPrepared,No,3.98,2.69,Main,,,,,,,,,,,14.76,10,10.28,7.17,1.58,0.24,,N
1514,LIK,IX,O4b,,,Opaline/CCS,0%,,Flake,Complete,,,,,,,,,,,,,,,,,,,,,,Yes,Hertzian,Feather,,,,,,,,,,,,,OVAL,NotPrepared,No,5.16,2.86,Main,,,,,,,,,,,10.16,10.16,9.09,9,2.25,0.26,,N
1515,LIK,IX,O4b,,,Opaline/CCS,0%,,Flake,Complete,,,,,,,,,,,,,,,,,,,,,,Yes,Hertzian,Feather,,,,,,,,,,,,,RECTANGULAR,NotPrepared,No,5.62,2.86,Main,,,,,,,,,,,14.32,14.32,9.28,9.28,3.46,0.55,,N
1516,LIK,IX,O4b,,,Opaline/CCS,0%,,Flake,Mesial,,,,,,,,,,,,,,,,,,,,,,No,,Indeterminate,,,,,,,,,,,,,RECTANGULAR,,,,,,,,,,,,,,,,18.24,,14.03,,4.47,1.32,,N
1517,LIK,IX,O4b,,,Opaline/CCS,0%,,Flake,Distal,,,,,,,,,,,,,,,,,,,,,,No,,Feather,,,,,,,,,,,,,RECTANGULAR,,,,,,,,,,,,,,,,14.01,,9.73,,2.09,0.34,,N
1518,LIK,IX,O4b,,,Opaline/CCS,0%,,Flake,Complete,,,,,,,,,,,,,,,,,,,,,,Yes,Hertzian,Feather,,,,,,,,,,,,,RECTANGULAR,NotPrepared,No,16.86,2.21,Main,,,,,,,,,,,10.76,10.76,19.46,15.26,2.61,0.71,,N
1519,LIK,IX,O4b,,,Opaline/CCS,0%,,Flake,Mesial,,,,,,,,,,,,,,,,,,,,,,No,,Indeterminate,,,,,,,,,,,,,RECTANGULAR,,,,,,,,,,,,,,,,8.13,,16.06,,5.84,0.96,,N
1520,LIK,IX,O4b,,,Opaline/CCS,0%,,Flake,Distal,,,,,,,,,,,,,,,,,,,,,,No,,Feather,,,,,,,,,,,,,RECTANGULAR,,,,,,,,,,,,,,,,12.08,,17.83,,3.21,0.88,,N
1521,LIK,IX,O4b,,,Opaline/CCS,0%,,Flake,Distal,,,,,,,,,,,,,,,,,,,,,,No,,Feather,,,,,,,,,,,,,OVAL,,,,,,,,,,,,,,,,16.21,,22.81,,6.24,1.82,,N
1522,LIK,IX,O4b,,,Opaline/CCS,0%,,Flake,Distal,,,,,,,,,,,,,,,,,,,,,,No,,Feather,,,,,,,,,,,,,RECTANGULAR,,,,,,,,,,,,,,,,17.79,,11.09,,5.19,1.42,,N
151,LIK,XVI,O4a,,,Hornfels,0%,,Flake,Complete,,,,,,,,,,,,,,,,,,,,,,Yes,Bending,Feather,,,,,,,,,,,,,TRAPEZOIDAL,ResidualFacetWithBulb,No,14.67,4.57,Main,,,,,,,,,,,18.57,12.43,23.32,23.32,1.81,0.99,,N
1523,LIK,IX,O4b,,,Opaline/CCS,0%,,Flake,Complete,,,,,,,,,,,,,,,,,,,,,,Yes,Hertzian,Feather,,,,,,,,,,,,,RECTANGULAR,NotPrepared,No,9.64,2.69,Main,,,,,,,,,,,25.13,25.13,14.37,14.38,6.52,3.31,,N
1524,LIK,IX,O4b,,,Opaline/CCS,0%,,Flake,Distal,,,,,,,,,,,,,,,,,,,,,,No,,Feather,,,,,,,,,,,,,TRIANGULAR,,,,,,,,,,,,,,,,27.78,,20.01,,3.95,2.07,,N
1525,LIK,IX,O4b,,,Opaline/CCS,0%,,Flake,Complete,,,,,,,,,,,,,,,,,,,,,,Yes,Hertzian,Feather,,,,,,,,,,,,,KITE,NotPrepared,No,9.37,11.05,Main,,,,,,,,,,,35.15,35.15,23.78,23.78,6.78,7.04,,N
1526,LIK,IX,O4b,,,Opaline/CCS,0%,,Core,,Fragment,,,,,,,,,,,,,,,,,,,,,,,,,,,,,,,,,,,,,,,,,,Platform,Bladelet,Spherical,0%,2,1,1,3,5,6.04,13.02,,7.33,,6.58,0.52,,N
1527,LIK,IX,O4b,,,Opaline/CCS,0%,,Core,,Complete,,,,,,,,,,,,,,,,,,,,,,,,,,,,,,,,,,,,,,,,,,Platform,Irregular,Cubic,0%,2,2,2,3,6,8.44,9.29,9.29,10.83,10.83,3.99,0.46,,N
1528,LIK,IX,O4b,,,Opaline/CCS,0%,,RetouchedTool,Complete,,MinimallyRetouched,MarginalEdgeShaping,Dorsal,3,678,3.79,1,1.99,1.86,1.63,,,,,,,,,,,,,,Flake,,,,,,,,,,,,RECTANGULAR,,,,,Main,,,,,,,,,,,12.02,12.02,13.14,10.73,2.38,0.58,,Y
1529,LIK,IX,O4b,,,Opaline/CCS,0%,,RetouchedTool,Complete,,MinimallyRetouched,MarginalEdgeShaping,Both,4,5678,10.67,2,2.79,2.49,2.46,,,,,,,,,,,,,,Flake,,,,,,,,,,,,RECTANGULAR,,,,,Main,,,,,,,,,,,15.92,15.92,16.71,13.27,5.69,1.91,,N
1530,LIK,IX,O4b,,,Opaline/CCS,10-40%,Outcrop,Flake,Complete,,,,,,,,,,,,,,,,,,,,,,Yes,Hertzian,Feather,,,,,,,,,,,,,RECTANGULAR,NotPrepared,No,7.78,2.32,Main,,,,,,,,,,,17.83,17.83,9.48,9.48,5.36,0.92,,N
1531,LIK,IX,O4b,,,Opaline/CCS,0%,,Flake,Complete,,,,,,,,,,,,,,,,,,,,,,Yes,Hertzian,Feather,,,,,,,,,,,,,RECTANGULAR,NotPrepared,No,6.16,3.22,Main,,,,,,,,,,,32.57,28.56,13.2,10.94,2.09,1.13,,N
1532,LIK,IX,O4b,,,Opaline/CCS,0%,,Flake,Complete,,,,,,,,,,,,,,,,,,,,,,Yes,Hertzian,Feather,,,,,,,,,,,,,RECTANGULAR,NotPrepared,No,7.92,2.63,Main,,,,,,,,,,,27.62,27.62,14.84,14.84,4.21,2.17,,N
152,LIK,XVI,O4a,,,Hornfels,1-10%,Outcrop,Flake,Complete,,,,,,,,,,,,,,,,,,,,,,Yes,Hertzian,Feather,,,,,,,,,,,,,RECTANGULAR,NotPrepared,No,5.48,1.38,Main,,,,,,,,,,,24.34,22.32,18.48,15.88,2.81,1.33,,N
1533,LIK,IX,O4b,,,Opaline/CCS,0%,,Flake,Complete,,,,,,,,,,,,,,,,,,,,,,Yes,Hertzian,Feather,,,,,,,,,,,,,RECTANGULAR,NotPrepared,No,12.66,3.59,Main,,,,,,,,,,,39.35,34.28,17.41,14.35,6.22,5.75,,N
1534,LIK,IX,O4b,,,Siltstone,0%,,Flake,Complete,,,,,,,,,,,,,,,,,,,,,,Yes,Bending,Feather,,,,,,,,,,,,,TRIANGULAR,NotPrepared,No,8.21,4.21,Main,,,,,,,,,,,14.88,14.88,11.24,11.24,2.06,0.51,,N
1536,LIK,IX,O4b,,,Siltstone,0%,,Flake,Complete,,,,,,,,,,,,,,,,,,,,,,Yes,Hertzian,Feather,,,,,,,,,,,,,RECTANGULAR,NotPrepared,No,18.89,7.89,Main,,,,,,,,,,,41.61,40.69,20.01,20.01,6.9,8,,N
1537,LIK,IX,O4b,,,Hornfels,0%,,Flake,Complete,,,,,,,,,,,,,,,,,,,,,,Yes,Hertzian,Feather,,,,,,,,,,,,,RECTANGULAR,NotPrepared,No,6.47,1.91,Main,,,,,,,,,,,13.75,13.75,7.93,7.93,2.46,0.32,,N
1538,LIK,IX,O4b,,,Hornfels,0%,,Flake,Distal,,,,,,,,,,,,,,,,,,,,,,No,,Feather,,,,,,,,,,,,,TRIANGULAR,,,,,,,,,,,,,,,,10.34,,15.76,,3.05,0.39,,N
1539,LIK,IX,O4b,,,Hornfels,0%,,Flake,Mesial,,,,,,,,,,,,,,,,,,,,,,No,,Indeterminate,,,,,,,,,,,,,RECTANGULAR,,,,,,,,,,,,,,,,14.06,,28.3,,7.42,4.37,,N
1540,LIK,IX,O4b,,,Opaline/CCS,10-40%,Outcrop,Flake,Complete,,,,,,,,,,,,,,,,,,,,,,Yes,Hertzian,Feather,,,,,,,,,,,,,RECTANGULAR,NotPrepared,No,4.62,2.84,Main,,,,,,,,,,,35.13,34.88,14.3,14.31,4.27,2.23,,N
1541,LIK,IX,O4b,,,Opaline/CCS,0%,,Flake,Mesial,,,,,,,,,,,,,,,,,,,,,,No,,Indeterminate,,,,,,,,,,,,,RECTANGULAR,,,,,,,,,,,,,,,,22.37,,10.41,,1.99,0.57,,N
1542,LIK,IX,O4b,,,Opaline/CCS,0%,,Flake,Complete,,,,,,,,,,,,,,,,,,,,,,Yes,Hertzian,Step,,,,,,,,,,,,,RECTANGULAR,NotPrepared,No,8.16,3.64,Main,,,,,,,,,,,28.22,28.22,11.59,9.58,2.97,1.01,,N
1543,LIK,IX,O4b,,,Opaline/CCS,0%,,Flake,Complete,,,,,,,,,,,,,,,,,,,,,,Yes,Hertzian,Feather,,,,,,,,,,,,,KITE,NotPrepared,No,11.19,5.49,Main,,,,,,,,,,,27.27,27.27,18.79,18.12,5.1,2.36,,N
153,LIK,XVI,O4a,,,Siltstone,0%,,Flake,Complete,,,,,,,,,,,,,,,,,,,,,,Yes,Bending,Feather,,,,,,,,,,,,,RECTANGULAR,Indeterminate,No,3.91,0.92,Main,,,,,,,,,,,10.52,10.51,9.24,7.08,0.66,0.09,,N
1535,LIK,VII,P4,,,Opaline/CCS,0%,,Flake,Complete,,,,,,,,,,,,,,,,,,,,,,Yes,Hertzian,Feather,,,,,,,,,,,,,RECTANGULAR,NotPrepared,No,12.82,1.18,Main,,,,,,,,,,,9.08,7.7,14.16,14.16,1.09,0.19,,N
1544,LIK,VII,P4,,,Opaline/CCS,0%,,Flake,Complete,,,,,,,,,,,,,,,,,,,,,,Yes,Hertzian,Feather,,,,,,,,,,,,,TRIANGULAR,NotPrepared,No,17.04,11.34,Main,,,,,,,,,,,15.11,15.11,16.32,9.9,9.03,2.37,,N
1545,LIK,VII,P4,,,Opaline/CCS,0%,,Flake,Mesial,,,,,,,,,,,,,,,,,,,,,,No,,Indeterminate,,,,,,,,,,,,,TRAPEZOIDAL,,,,,,,,,,,,,,,,8.48,,13.8,,1.98,0.27,,N
1546,LIK,VII,P4,,,Opaline/CCS,0%,,Flake,Complete,,,,,,,,,,,,,,,,,,,,,,Yes,Hertzian,Feather,,,,,,,,,,,,,TRAPEZOIDAL,NotPrepared,No,5.95,1.58,Main,,,,,,,,,,,11.64,11.64,14.01,11.9,1.35,0.22,,N
1547,LIK,VII,P4,,,Opaline/CCS,0%,,Flake,Complete,,,,,,,,,,,,,,,,,,,,,,Yes,Hertzian,Feather,,,,,,,,,,,,,TRIANGULAR,NotPrepared,No,18.74,6.37,Main,,,,,,,,,,,22.85,22.85,17.96,17.86,6.54,3.32,,N
1548,LIK,VII,P4,,,Opaline/CCS,0%,,Flake,Proximal,,,,,,,,,,,,,,,,,,,,,,Yes,Hertzian,Indeterminate,,,,,,,,,,,,,RECTANGULAR,NotPrepared,No,18.74,9.55,,,,,,,,,,,,14.98,,27.38,,6.56,4.55,,N
1549,LIK,VII,P4,,,Opaline/CCS,0%,,RetouchedTool,Complete,,MinimallyRetouched,MarginalEdgeShaping,Dorsal,4,4567,3.94,1,2.68,2.96,3.78,,,,,,,,,,,,,,Flake,,,,,,,,,,,,TRAPEZOIDAL,,,,,Main,,,,,,,,,,,14.76,14.77,19.1,19.1,4.98,1.93,,Y
1550,LIK,VII,P4,,,Opaline/CCS,0%,,Core,,Complete,,,,,,,,,,,,,,,,,,,,,,,,,,,,,,,,,,,,,,,,,,Platform,Irregular,Cubic,0%,2,2,4,5,2,11.29,18.13,18.13,13.51,13.51,8.81,2.74,,N
1551,LIK,VII,P4,,,Hornfels,0%,,Flake,Complete,,,,,,,,,,,,,,,,,,,,,,Yes,Hertzian,Overshot,,,,,,,,,,,,,RECTANGULAR,NotPrepared,No,41.2,15.96,Main,,,,,,,,,,,24.96,24.96,49.72,49.7,20.53,42.26,,N
1552,LIK,VII,P4,,,Tuff,0%,,Flake,Complete,,,,,,,,,,,,,,,,,,,,,,Yes,Hertzian,Feather,,,,,,,,,,,,,RECTANGULAR,Indeterminate,No,13.32,3.09,Main,,,,,,,,,,,14.04,14.05,27.82,27.82,2.6,1.12,,N
154,LIK,XVI,O4a,,,Opaline/CCS,0%,,Core,,Complete,,,,,,,,,,,,,,,,,,,,,,,,,,,,,,,,,,,,,,,,,,Platform,Irregular,Spherical,0%,9,4,6,6,8,15.8,31.08,31.09,22.02,22.02,21.17,17.23,,Y
1553,LIK,VII,P4,,,Opaline/CCS,0%,,Flake,Complete,,,,,,,,,,,,,,,,,,,,,,Yes,Bending,Feather,,,,,,,,,,,,,KITE,NotPrepared,No,7.98,3.92,Main,,,,,,,,,,,15.59,15.59,9.78,9.78,1.69,0.36,,N
1554,LIK,VII,P4,,,Siltstone,0%,,Flake,Complete,,,,,,,,,,,,,,,,,,,,,,Yes,Hertzian,Feather,,,,,,,,,,,,,TRIANGULAR,NotPrepared,No,13.12,4.02,Main,,,,,,,,,,,15.68,13.62,15.11,15.11,3.51,0.77,,N
1555,LIK,VII,P4,,,Opaline/CCS,0%,,Flake,Mesial,,,,,,,,,,,,,,,,,,,,,,No,,Indeterminate,,,,,,,,,,,,,SQUARE,,,,,,,,,,,,,,,,10.52,,10.67,,3.54,0.51,,N
1556,LIK,VII,P4,,,Hornfels,0%,,Flake,Mesial,,,,,,,,,,,,,,,,,,,,,,No,,Indeterminate,,,,,,,,,,,,,RECTANGULAR,,,,,,,,,,,,,,,,11.13,,6.91,,2.68,0.25,,N
1557,LIK,VII,P4,,,Hornfels,0%,,Flake,Proximal,,,,,,,,,,,,,,,,,,,,,,Yes,Hertzian,Indeterminate,,,,,,,,,,,,,TRAPEZOIDAL,NotPrepared,No,8.02,2.09,,,,,,,,,,,,10.76,,14.41,,1.96,0.32,,N
1558,LIK,VII,P4,,,Opaline/CCS,0%,,Core,,Complete,,,,,,,,,,,,,,,,,,,,,,,,,,,,,,,,,,,,,,,,,,Platform,Irregular,Cubic,0%,3,2,0,2,8,17.09,30.16,30.16,14.07,14.07,10.15,6.5,,N
1559,LIK,VII,P4,,,Opaline/CCS,0%,,Core,,Complete,,,,,,,,,,,,,,,,,,,,,,,,,,,,,,,,,,,,,,,,,,Platform,Irregular,Spherical,0%,5,3,6,5,6,14.42,26.33,26.33,25.74,25.37,23.61,26.37,,N
1560,LIK,V,M4d-021,,,Opaline/CCS,0%,,Flake,Complete,,,,,,,,,,,,,,,,,,,,,,Yes,Bending,Feather,,,,,,,,,,,,,RECTANGULAR,NotPrepared,No,13.58,2.44,Main,,,,,,,,,,,5.08,4.37,13.67,13.61,1.42,0.07,,N
1561,LIK,V,M4d-021,,,Opaline/CCS,0%,,Flake,Complete,,,,,,,,,,,,,,,,,,,,,,Yes,Hertzian,Feather,,,,,,,,,,,,,RECTANGULAR,NotPrepared,No,5.9,2.48,Main,,,,,,,,,,,29.2,29.21,12.85,10.32,5.04,1.66,,N
1562,LIK,V,M4d-021,,,Opaline/CCS,0%,,Flake,Complete,,,,,,,,,,,,,,,,,,,,,,Yes,Hertzian,Feather,,,,,,,,,,,,,RECTANGULAR,Indeterminate,No,3.37,1.3,Main,,,,,,,,,,,13.9,13.9,6.51,5.84,1.35,0.14,,N
155,LIK,XVI,O4a,,,Opaline/CCS,0%,,Core,,Complete,,,,,,,,,,,,,,,,,,,,,,,,,,,,,,,,,,,,,,,,,,Platform,Irregular,Spherical,0%,5,3,2,6,2,15.14,29.12,29.13,17.85,17.85,12.13,8.91,,N
1563,LIK,V,M4d-021,,,Opaline/CCS,0%,,Flake,Distal,,,,,,,,,,,,,,,,,,,,,,No,,Feather,,,,,,,,,,,,,RECTANGULAR,,,,,,,,,,,,,,,,10.92,,5.93,,1.11,0.06,,N
1564,LIK,V,M4d-021,,,Opaline/CCS,0%,,Flake,Distal,,,,,,,,,,,,,,,,,,,,,,No,,Feather,,,,,,,,,,,,,RECTANGULAR,,,,,,,,,,,,,,,,4.66,,12.22,,0.66,0.03,,N
1565,LIK,V,M4d-021,,,Opaline/CCS,0%,,Flake,Complete,,,,,,,,,,,,,,,,,,,,,,Yes,Hertzian,Feather,,,,,,,,,,,,,RECTANGULAR,NotPrepared,No,4.09,1.16,Main,,,,,,,,,,,12.6,10.44,7.24,7,1.35,0.15,,N
1566,LIK,V,M4d-021,,,Opaline/CCS,0%,,Flake,Distal,,,,,,,,,,,,,,,,,,,,,,No,,Feather,,,,,,,,,,,,,RECTANGULAR,,,,,,,,,,,,,,,,14.52,,6.52,,2.09,0.15,,N
1567,LIK,V,M4d-021,,,Opaline/CCS,0%,,Flake,Complete,,,,,,,,,,,,,,,,,,,,,,Yes,Hertzian,Feather,,,,,,,,,,,,,TRIANGULAR,NotPrepared,No,4.23,1.67,Main,,,,,,,,,,,11.5,11.55,16.02,11.9,3.17,0.53,,N
1568,LIK,V,M4d-021,,,Opaline/CCS,0%,,Flake,Complete,,,,,,,,,,,,,,,,,,,,,,Yes,Hertzian,Feather,,,,,,,,,,,,,RHOMBUS,Indeterminate,No,12.57,2.65,Main,,,,,,,,,,,21.4,16.43,17.77,18.28,2.48,1.16,,N
1569,LIK,V,M4d-021,,,Opaline/CCS,0%,,Flake,Distal,,,,,,,,,,,,,,,,,,,,,,No,,Feather,,,,,,,,,,,,,TRIANGULAR,,,,,,,,,,,,,,,,7.43,,13.63,,3.37,0.49,,N
1570,LIK,V,M4d-021,,,Opaline/CCS,0%,,Flake,Complete,,,,,,,,,,,,,,,,,,,,,,Yes,Hertzian,Feather,,,,,,,,,,,,,OVAL,NotPrepared,No,5.63,1.08,Main,,,,,,,,,,,11.77,10.03,11.13,11.13,1.58,0.28,,N
1571,LIK,V,M4d-021,,,Opaline/CCS,0%,,Flake,Mesial,,,,,,,,,,,,,,,,,,,,,,No,,Indeterminate,,,,,,,,,,,,,RHOMBUS,,,,,,,,,,,,,,,,6.52,,11.42,,1.05,0.08,,N
1572,LIK,V,M4d-021,,,Opaline/CCS,0%,,Flake,Distal,,,,,,,,,,,,,,,,,,,,,,No,,Feather,,,,,,,,,,,,,SQUARE,,,,,,,,,,,,,,,,9.71,,9.16,,1.2,0.12,,N
156,LIK,XVI,O5d,,,Opaline/CCS,0%,,Flake,Proximal,,,,,,,,,,,,,,,,,,,,,,Yes,Hertzian,Indeterminate,,,,,,,,,,,,,RECTANGULAR,NotPrepared,No,13.05,3.96,,,,,,,,,,,,19.56,,24.18,,4.7,2.89,,N
1573,LIK,V,M4d-021,,,Opaline/CCS,0%,,Flake,Complete,,,,,,,,,,,,,,,,,,,,,,Yes,Hertzian,Overshot,,,,,,,,,,,,,RECTANGULAR,NotPrepared,No,7.07,3.2,Main,,,,,,,,,,,11.08,11.08,9.47,9.47,3.52,0.5,,N
1574,LIK,V,M4d-021,,,Opaline/CCS,0%,,Flake,Proximal,,,,,,,,,,,,,,,,,,,,,,Yes,Hertzian,Indeterminate,,,,,,,,,,,,,TRAPEZOIDAL,NotPrepared,No,6.21,2.49,,,,,,,,,,,,6.6,,15.47,,3.55,0.49,,N
1575,LIK,V,M4d-021,,,Opaline/CCS,0%,,Flake,Mesial,,,,,,,,,,,,,,,,,,,,,,No,,Indeterminate,,,,,,,,,,,,,TRIANGULAR,,,,,,,,,,,,,,,,11.78,,14.32,,2.8,0.48,,N
1576,LIK,V,M4d-021,,,Opaline/CCS,0%,,Flake,Complete,,,,,,,,,,,,,,,,,,,,,,Yes,Hertzian,Feather,,,,,,,,,,,,,RECTANGULAR,FacetWithBulb,No,4.49,2.98,Main,,,,,,,,,,,13.57,13.57,6.62,5.78,4.54,0.35,,N
1577,LIK,V,M4d-021,,,Opaline/CCS,0%,,Flake,Complete,,,,,,,,,,,,,,,,,,,,,,Yes,Hertzian,Feather,,,,,,,,,,,,,RECTANGULAR,NotPrepared,No,7.49,5.97,Main,,,,,,,,,,,8.33,8.33,12.29,12.29,3.34,0.54,,N
1578,LIK,V,M4d-021,,,Opaline/CCS,0%,,Flake,Complete,,,,,,,,,,,,,,,,,,,,,,Yes,Hertzian,Feather,,,,,,,,,,,,,RECTANGULAR,ResidualFacetWithBulb,No,4.96,2.6,Main,,,,,,,,,,,16.24,16.24,9.73,7.46,3.76,0.53,,N
1579,LIK,V,M4d-021,,,Opaline/CCS,0%,,Flake,Distal,,,,,,,,,,,,,,,,,,,,,,No,,Feather,,,,,,,,,,,,,RECTANGULAR,,,,,,,,,,,,,,,,11.74,,12.35,,3.23,0.97,,N
1580,LIK,V,M4d-021,,,Opaline/CCS,0%,,Flake,Complete,,,,,,,,,,,,,,,,,,,,,,Yes,Hertzian,Feather,,,,,,,,,,,,,RECTANGULAR,NotPrepared,No,7.52,1.17,Main,,,,,,,,,,,18.72,18.72,11.47,11.47,7.31,1.42,,N
1581,LIK,V,M4d-021,,,Opaline/CCS,0%,,Flake,Complete,,,,,,,,,,,,,,,,,,,,,,Yes,Hertzian,Feather,,,,,,,,,,,,,OVAL,NotPrepared,No,4.38,1.48,Main,,,,,,,,,,,16.55,16.55,13.35,13.35,2.7,0.74,,N
1582,LIK,V,M4d-021,,,Opaline/CCS,0%,,Flake,Complete,,,,,,,,,,,,,,,,,,,,,,Yes,Bending,Overshot,,,,,,,,,,,,,SQUARE,NotPrepared,No,11.13,4.83,Main,,,,,,,,,,,12.55,12.58,13.02,13.02,5.77,1.54,,N
157,LIK,XVI,O5d,,,Opaline/CCS,0%,,Flake,Distal,,,,,,,,,,,,,,,,,,,,,,No,,Feather,,,,,,,,,,,,,RECTANGULAR,,,,,,,,,,,,,,,,14.29,,22.04,,3.76,1.64,,N
1583,LIK,V,M4d-021,,,Opaline/CCS,0%,,Flake,Distal,,,,,,,,,,,,,,,,,,,,,,No,,Hinge,,,,,,,,,,,,,RECTANGULAR,,,,,,,,,,,,,,,,13.92,,19.52,,4.15,1.15,,N
1584,LIK,V,M4d-021,,,Opaline/CCS,0%,,Flake,Complete,,,,,,,,,,,,,,,,,,,,,,Yes,Hertzian,Feather,,,,,,,,,,,,,RECTANGULAR,NotPrepared,No,13.14,2.54,Main,,,,,,,,,,,14.62,14.62,20.51,20.51,3.55,1.99,,N
1585,LIK,V,M4d-021,,,Opaline/CCS,10-40%,Outcrop,Flake,Complete,,,,,,,,,,,,,,,,,,,,,,Yes,Hertzian,Feather,,,,,,,,,,,,,RECTANGULAR,NotPrepared,No,20,6.27,Main,,,,,,,,,,,29.72,29.72,28.94,28.93,11.72,11.91,,N
1586,LIK,V,M4d-021,,,Opaline/CCS,0%,,Flake,Complete,,,,,,,,,,,,,,,,,,,,,,Yes,Hertzian,Feather,,,,,,,,,,,,,RECTANGULAR,NotPrepared,No,3.71,1.84,Main,,,,,,,,,,,14.12,14.12,7.01,7.01,1.71,0.19,,N
1587,LIK,V,M4d-021,,,Opaline/CCS,40-60%,Cobble,Flake,Complete,,,,,,,,,,,,,,,,,,,,,,Yes,Hertzian,Feather,,,,,,,,,,,,,OVAL,NotPrepared,No,7.24,2.25,Initial,,,,,,,,,,,14.19,11.86,18.44,12.6,2.46,0.67,,N
1588,LIK,V,M4d-021,,,Opaline/CCS,0%,,Flake,Complete,,,,,,,,,,,,,,,,,,,,,,Yes,Hertzian,Feather,,,,,,,,,,,,,RECTANGULAR,NotPrepared,No,3.63,1.1,Main,,,,,,,,,,,21.67,21.66,8.56,8.46,3.13,0.56,,N
1589,LIK,V,M4d-021,,,Opaline/CCS,0%,,Flake,Complete,,,,,,,,,,,,,,,,,,,,,,Yes,Hertzian,Hinge,,,,,,,,,,,,,RECTANGULAR,NotPrepared,No,10.06,4.85,Main,,,,,,,,,,,16.35,16.35,18.94,9.16,3.85,1.23,,N
1590,LIK,V,M4d-021,,,Hornfels,0%,,Flake,Complete,,,,,,,,,,,,,,,,,,,,,,Yes,Hertzian,Feather,,,,,,,,,,,,,RECTANGULAR,NotPrepared,No,25.96,6.87,Main,,,,,,,,,,,59.68,59.68,36.78,36.77,16.93,31.79,,N
1591,LIK,V,M4d-021,,,Hornfels,0%,,Flake,Complete,,,,,,,,,,,,,,,,,,,,,,Yes,Bending,Feather,,,,,,,,,,,,,OVAL,NotPrepared,No,13.43,3.59,Main,,,,,,,,,,,29.41,29.41,44.08,44.08,7.65,10.17,,N
1592,LIK,V,M4d-021,,,Hornfels,0%,,Flake,Complete,,,,,,,,,,,,,,,,,,,,,,Yes,Hertzian,Feather,,,,,,,,,,,,,TRIANGULAR,NotPrepared,No,6.37,1.69,Main,,,,,,,,,,,27.39,27.39,10.58,10.59,2.09,0.75,,N
158,LIK,XVI,O5d,,,Opaline/CCS,0%,,Flake,Distal,,,,,,,,,,,,,,,,,,,,,,No,,Feather,,,,,,,,,,,,,RECTANGULAR,,,,,,,,,,,,,,,,14.89,,20.97,,6.51,2.62,,N
1593,LIK,V,M4d-021,,,Opaline/CCS,0%,,Core,,Complete,,,,,,,,,,,,,,,,,,,,,,,,,,,,,,,,,,,,,,,,,,Platform,Irregular,Cubic,0%,4,3,3,4,7,15.3,23.31,23.31,16.82,16.82,17.5,7.4,,N
1594,LIK,V,M4d-021,,,Opaline/CCS,0%,,Core,,Complete,,,,,,,,,,,,,,,,,,,,,,,,,,,,,,,,,,,,,,,,,,Platform,Bladelet,Spherical,0%,3,3,3,4,8,10.54,11.74,12.07,10.1,10.1,5.34,0.99,,N
1595,LIK,V,M4d-021,,,Opaline/CCS,0%,,Core,,Complete,,,,,,,,,,,,,,,,,,,,,,,,,,,,,,,,,,,,,,,,,,Platform,Irregular,Cubic,0%,2,2,3,5,3,9.27,12.26,12.28,8.92,8.92,7.64,1.14,,N
1596,LIK,V,M4d-021,,,Opaline/CCS,0%,,Core,,Complete,,,,,,,,,,,,,,,,,,,,,,,,,,,,,,,,,,,,,,,,,,Platform,Irregular,Cubic,0%,3,3,3,4,4,6.43,9.61,9.56,7.86,7.88,5.04,0.6,,N
1597,LIK,V,M4d-021,,,Hornfels,0%,,Flake,Complete,,,,,,,,,,,,,,,,,,,,,,Yes,Hertzian,Overshot,,,,,,,,,,,,,TRAPEZOIDAL,NotPrepared,No,4.49,1.33,Main,,,,,,,,,,,8.76,9.72,12.74,8.76,2.81,0.31,,N
1598,LIK,V,M4d-021,,,Hornfels,0%,,Flake,Complete,,,,,,,,,,,,,,,,,,,,,,Yes,Hertzian,Feather,,,,,,,,,,,,,TRAPEZOIDAL,NotPrepared,No,4.14,1.57,Main,,,,,,,,,,,9.71,7.3,12.86,11.58,3.18,0.3,,N
1599,LIK,V,M4d-021,,,Hornfels,0%,,Flake,Distal,,,,,,,,,,,,,,,,,,,,,,No,,Feather,,,,,,,,,,,,,RECTANGULAR,,,,,,,,,,,,,,,,9.85,,13.42,,3.02,0.3,,N
1600,LIK,V,M4d-021,,,Hornfels,0%,,Flake,Mesial,,,,,,,,,,,,,,,,,,,,,,No,,Indeterminate,,,,,,,,,,,,,RECTANGULAR,,,,,,,,,,,,,,,,7.15,,11.76,,1.37,0.19,,N
1601,LIK,V,M4d-021,,,Hornfels,0%,,Flake,Complete,,,,,,,,,,,,,,,,,,,,,,Yes,Wedging,Feather,,,,,,,,,,,,,OVAL,Indeterminate,No,6.72,1.18,Main,,,,,,,,,,,13.63,11.94,13.1,11.15,1.56,0.37,,N
1602,LIK,V,M4d-021,,,Hornfels,0%,,Flake,Distal,,,,,,,,,,,,,,,,,,,,,,No,,Feather,,,,,,,,,,,,,TRIANGULAR,,,,,,,,,,,,,,,,10.53,,15.46,,1.92,0.26,,N
16,LIK,XVII,O4a/c,,,Opaline/CCS,0%,,Flake,Complete,,,,,,,,,,,,,,,,,,,,,,Yes,Hertzian,Feather,,,,,,,,,,,,,RECTANGULAR,NotPrepared,No,10.81,3.06,CoreMaintenance,,,,,,,,,,,3.75,3.01,13.82,13.11,2.15,0.18,,N
159,LIK,XVI,O5d,,,Opaline/CCS,0%,,Flake,Complete,,,,,,,,,,,,,,,,,,,,,,Yes,Hertzian,Step,,,,,,,,,,,,,RECTANGULAR,NotPrepared,No,3.19,1.31,Main,,,,,,,,,,,20.61,16.77,13.36,10.96,3.44,0.67,,N
1603,LIK,V,M4d-021,,,Hornfels,0%,,Flake,Complete,,,,,,,,,,,,,,,,,,,,,,Yes,Hertzian,Feather,,,,,,,,,,,,,RECTANGULAR,NotPrepared,No,18.41,3.21,Main,,,,,,,,,,,11.3,11.29,20.18,17.95,2.31,1.33,,N
1604,LIK,V,M4d-021,,,Hornfels,0%,,Flake,Complete,,,,,,,,,,,,,,,,,,,,,,Yes,Hertzian,Feather,,,,,,,,,,,,,RECTANGULAR,NotPrepared,No,8.33,1.23,Main,,,,,,,,,,,17.01,16.98,8.14,8.14,3.33,0.64,,N
1605,LIK,V,M4d-021,,,Hornfels,0%,,Flake,Complete,,,,,,,,,,,,,,,,,,,,,,Yes,Hertzian,Feather,,,,,,,,,,,,,TRAPEZOIDAL,NotPrepared,No,4.66,1.39,Main,,,,,,,,,,,11.44,11.42,18.97,11.38,2.22,0.38,,N
1606,LIK,V,M4d-021,,,Hornfels,0%,,Flake,Complete,,,,,,,,,,,,,,,,,,,,,,Yes,Bending,Feather,,,,,,,,,,,,,TRIANGULAR,NotPrepared,No,5.17,2.93,Main,,,,,,,,,,,19.81,19.81,11.56,11.56,2.06,0.56,,N
1607,LIK,V,M4d-021,,,Hornfels,0%,,Flake,Complete,,,,,,,,,,,,,,,,,,,,,,Yes,Hertzian,Feather,,,,,,,,,,,,,RECTANGULAR,NotPrepared,No,4.5,1.29,Main,,,,,,,,,,,20.77,20.76,13.13,13.13,2.29,0.64,,N
1608,LIK,V,M4d-021,,,Hornfels,0%,,Flake,Complete,,,,,,,,,,,,,,,,,,,,,,Yes,Hertzian,Feather,,,,,,,,,,,,,RECTANGULAR,FacetWithBulb,No,20.63,5.81,Main,,,,,,,,,,,14.7,14.69,24.62,24.62,4.78,1.88,,N
1609,LIK,V,M4d-021,,,Hornfels,0%,,Flake,Proximal,,,,,,,,,,,,,,,,,,,,,,Yes,Hertzian,Indeterminate,,,,,,,,,,,,,SQUARE,FacetWithBulb,No,18.72,6.03,,,,,,,,,,,,20.28,,19.82,,4.92,2.7,,N
1610,LIK,V,M4d-021,,,Hornfels,0%,,Flake,Complete,,,,,,,,,,,,,,,,,,,,,,Yes,Hertzian,Overshot,,,,,,,,,,,,,RECTANGULAR,NotPrepared,No,15.94,4.87,Main,,,,,,,,,,,15.39,12.69,23.66,23.66,8.92,4.25,,N
1611,LIK,V,M4d-021,,,Hornfels,0%,,Flake,Complete,,,,,,,,,,,,,,,,,,,,,,Yes,Bending,Overshot,,,,,,,,,,,,,TRIANGULAR,NotPrepared,No,8.74,2.24,Main,,,,,,,,,,,20.42,20.42,34.55,21.07,8.31,6.75,,N
1612,LIK,V,M4d-021,,,Hornfels,0%,,Flake,Complete,,,,,,,,,,,,,,,,,,,,,,Yes,Hertzian,Overshot,,,,,,,,,,,,,RECTANGULAR,NotPrepared,No,13.81,8.28,Main,,,,,,,,,,,35.28,35.28,31.43,31.43,7.98,9.08,,N
160,LIK,XVI,O5d,,,Opaline/CCS,0%,,Flake,Distal,,,,,,,,,,,,,,,,,,,,,,No,,Feather,,,,,,,,,,,,,TRIANGULAR,,,,,,,,,,,,,,,,10.06,,19.58,,1.63,0.37,,N
1613,LIK,V,M4d-021,,,Hornfels,0%,,Core,,Complete,,,,,,,,,,,,,,,,,,,,,,,,,,,,,,,,,,,,,,,,,,Platform,Irregular,Cubic,0%,4,3,1,6,7,11.98,26.34,26.34,17.79,17.8,9.97,5.19,,N
1614,LIK,V,M4d-021,,,Hornfels,1-10%,Outcrop,Core,,Complete,,,,,,,,,,,,,,,,,,,,,,,,,,,,,,,,,,,,,,,,,,Platform,Radial,Cubic,0%,3,2,2,6,4,6.82,12.81,12.81,9.49,9.49,6.37,0.63,,Y
1615,LIK,V,M5b-021,,,Opaline/CCS,0%,,Flake,Complete,,,,,,,,,,,,,,,,,,,,,,Yes,Hertzian,Feather,,,,,,,,,,,,,RECTANGULAR,NotPrepared,No,3.93,1.13,Main,,,,,,,,,,,12.2,12.2,6.51,5.55,0.63,0.08,,N
1616,LIK,V,M5b-021,,,Opaline/CCS,0%,,Flake,Fragment,,,,,,,,,,,,,,,,,,,,,,Yes,Hertzian,Feather,,,,,,,,,,,,,RECTANGULAR,NotPrepared,No,2.25,0.82,,,,,,,,,,,,11.04,,5.6,,2.13,0.13,,N
1617,LIK,V,M5b-021,,,Opaline/CCS,0%,,Flake,Complete,,,,,,,,,,,,,,,,,,,,,,Yes,Wedging,Feather,,,,,,,,,,,,,RECTANGULAR,Indeterminate,No,3.03,1.48,Main,,,,,,,,,,,12.55,12.55,8.21,8.21,1.73,0.21,,N
1618,LIK,V,M5b-021,,,Opaline/CCS,0%,,Flake,Complete,,,,,,,,,,,,,,,,,,,,,,Yes,Hertzian,Feather,,,,,,,,,,,,,RECTANGULAR,NotPrepared,No,4.42,1.52,Main,,,,,,,,,,,18.84,17.01,7.69,5.64,0.82,0.19,,N
1619,LIK,V,M5b-021,,,Opaline/CCS,0%,,Flake,Distal,,,,,,,,,,,,,,,,,,,,,,No,,Feather,,,,,,,,,,,,,KITE,,,,,,,,,,,,,,,,6,,12.65,,1.74,0.06,,N
1620,LIK,V,M5b-021,,,Opaline/CCS,0%,,Flake,Distal,,,,,,,,,,,,,,,,,,,,,,No,,Feather,,,,,,,,,,,,,RECTANGULAR,,,,,,,,,,,,,,,,11.46,,7.81,,1.87,0.2,,N
1621,LIK,V,M5b-021,,,Opaline/CCS,0%,,Flake,Complete,,,,,,,,,,,,,,,,,,,,,,Yes,Hertzian,Feather,,,,,,,,,,,,,RECTANGULAR,NotPrepared,No,4.22,0.59,Main,,,,,,,,,,,6.97,6.97,11.43,11.42,0.9,0.07,,N
1622,LIK,V,M5b-021,,,Opaline/CCS,0%,,Flake,Complete,,,,,,,,,,,,,,,,,,,,,,Yes,Hertzian,Feather,,,,,,,,,,,,,RECTANGULAR,NotPrepared,No,4.62,1.3,Main,,,,,,,,,,,14.96,8.75,13.67,8.54,1.61,0.18,,N
161,LIK,XVI,O5d,,,Opaline/CCS,0%,,Flake,Distal,,,,,,,,,,,,,,,,,,,,,,No,,Feather,,,,,,,,,,,,,RECTANGULAR,,,,,,,,,,,,,,,,6.59,,10.35,,1.04,0.12,,N
1623,LIK,V,M5b-021,,,Opaline/CCS,0%,,Flake,Mesial,,,,,,,,,,,,,,,,,,,,,,No,,Indeterminate,,,,,,,,,,,,,RECTANGULAR,,,,,,,,,,,,,,,,5.11,,12.88,,2.42,0.24,,N
1624,LIK,V,M5b-021,,,Opaline/CCS,0%,,Flake,Complete,,,,,,,,,,,,,,,,,,,,,,Yes,Hertzian,Feather,,,,,,,,,,,,,TRIANGULAR,NotPrepared,No,10.6,2.23,Main,,,,,,,,,,,5.97,5.97,16.31,16.31,1.82,0.21,,N
1625,LIK,V,M5b-021,,,Opaline/CCS,0%,,Flake,Proximal,,,,,,,,,,,,,,,,,,,,,,Yes,Hertzian,Indeterminate,,,,,,,,,,,,,KITE,NotPrepared,No,4.05,1.47,,,,,,,,,,,,14.48,,6.1,,1.52,0.17,,N
1626,LIK,V,M5b-021,,,Opaline/CCS,0%,,Flake,Proximal,,,,,,,,,,,,,,,,,,,,,,Yes,Hertzian,Indeterminate,,,,,,,,,,,,,RHOMBUS,NotPrepared,No,12.39,2.5,,,,,,,,,,,,9,,12.54,,1.64,0.29,,N
1627,LIK,V,M5b-021,,,Opaline/CCS,0%,,Flake,Complete,,,,,,,,,,,,,,,,,,,,,,Yes,Hertzian,Feather,,,,,,,,,,,,,OVAL,NotPrepared,No,12.52,5.42,Main,,,,,,,,,,,9.76,9.76,12.86,10.82,6.73,0.86,,N
1628,LIK,V,M5b-021,,,Opaline/CCS,0%,,Flake,Complete,,,,,,,,,,,,,,,,,,,,,,Yes,Hertzian,Feather,,,,,,,,,,,,,TRIANGULAR,NotPrepared,No,14.78,4.44,Main,,,,,,,,,,,18.43,18.43,17.27,14.54,3.78,1.25,,N
1629,LIK,V,M5b-021,,,Opaline/CCS,0%,,Flake,Complete,,,,,,,,,,,,,,,,,,,,,,Yes,Hertzian,Feather,,,,,,,,,,,,,RECTANGULAR,NotPrepared,No,11,3.48,Main,,,,,,,,,,,22.04,22.04,17.92,17.92,7.3,1.89,,N
1630,LIK,V,M5b-021,,,Opaline/CCS,0%,,Flake,Mesial,,,,,,,,,,,,,,,,,,,,,,No,,Indeterminate,,,,,,,,,,,,,RECTANGULAR,,,,,,,,,,,,,,,,14.59,,10.09,,1.94,0.36,,N
1631,LIK,V,M5b-021,,,Opaline/CCS,0%,,Flake,Complete,,,,,,,,,,,,,,,,,,,,,,Yes,Hertzian,Feather,,,,,,,,,,,,,RECTANGULAR,NotPrepared,No,9.2,1.16,Main,,,,,,,,,,,11.64,11.64,9.74,9.74,3.78,0.47,,N
1632,LIK,V,M5b-021,,,Opaline/CCS,0%,,Core,,Fragment,,,,,,,,,,,,,,,,,,,,,,,,,,,,,,,,,,,,,,,,,,Platform,Irregular,Cubic,0%,1,1,1,1,6,8.89,21.89,,14.25,,4.45,2.05,,N
162,LIK,XVI,O5d,,,Opaline/CCS,0%,,Flake,Distal,,,,,,,,,,,,,,,,,,,,,,No,,Feather,,,,,,,,,,,,,RECTANGULAR,,,,,,,,,,,,,,,,6.36,,11.92,,1.28,0.15,,N
1633,LIK,V,M5b-021,,,Opaline/CCS,0%,,Core,,Complete,,,,,,,,,,,,,,,,,,,,,,,,,,,,,,,,,,,,,,,,,,Platform,Irregular,Cubic,0%,3,3,1,8,6,6.43,16.14,16.14,9.43,9.43,7.21,0.86,,N
1634,LIK,V,M5b-021,,,Opaline/CCS,0%,,Core,,Complete,,,,,,,,,,,,,,,,,,,,,,,,,,,,,,,,,,,,,,,,,,Platform,Bladelet,Cubic,0%,3,1,1,2,5,6.31,7.19,7.19,11.09,8.08,3.71,0.29,,N
1635,LIK,V,M5b-021,,,Opaline/CCS,0%,,Flake,Complete,,,,,,,,,,,,,,,,,,,,,,Yes,Hertzian,Feather,,,,,,,,,,,,,RECTANGULAR,NotPrepared,No,6.17,1.33,Main,,,,,,,,,,,14.65,14.65,8.25,7.15,1.36,0.21,,N
1636,LIK,V,M5b-021,,,Opaline/CCS,0%,,Flake,Complete,,,,,,,,,,,,,,,,,,,,,,Yes,Hertzian,Feather,,,,,,,,,,,,,TRAPEZOIDAL,NotPrepared,No,5.33,1.8,Main,,,,,,,,,,,11.86,10.15,11.37,11.51,2.05,0.25,,N
1637,LIK,V,M5b-021,,,Opaline/CCS,0%,,Flake,Complete,,,,,,,,,,,,,,,,,,,,,,Yes,Hertzian,Overshot,,,,,,,,,,,,,SQUARE,NotPrepared,No,5.1,1.07,Main,,,,,,,,,,,15.08,15.08,15.97,15.97,5.22,1.17,,N
1638,LIK,V,M5b-021,,,Opaline/CCS,0%,,Flake,Complete,,,,,,,,,,,,,,,,,,,,,,Yes,Hertzian,Feather,,,,,,,,,,,,,TRIANGULAR,NotPrepared,No,5.74,1.42,Main,,,,,,,,,,,12.83,12.83,9.43,9.3,1.56,0.21,,N
1639,LIK,V,M5b-021,,,Opaline/CCS,0%,,Flake,Complete,,,,,,,,,,,,,,,,,,,,,,Yes,Hertzian,Feather,,,,,,,,,,,,,OVAL,NotPrepared,No,3.72,1.68,Main,,,,,,,,,,,13.7,13.7,17.88,17.88,3.14,0.71,,N
1640,LIK,V,M5b-021,,,Opaline/CCS,1-10%,Outcrop,Flake,Complete,,,,,,,,,,,,,,,,,,,,,,Yes,Hertzian,Overshot,,,,,,,,,,,,,RHOMBUS,NotPrepared,No,13.63,3.11,Main,,,,,,,,,,,16.62,16.62,24.26,16.25,5.05,1.82,,N
1641,LIK,V,M5b-021,,,Opaline/CCS,0%,,Flake,Complete,,,,,,,,,,,,,,,,,,,,,,Yes,Hertzian,Overshot,,,,,,,,,,,,,TRIANGULAR,NotPrepared,No,2.87,1.48,Main,,,,,,,,,,,23.22,16.69,17.64,13.94,5.54,1.79,,N
1642,LIK,V,M5b-021,,,Opaline/CCS,0%,,Flake,Complete,,,,,,,,,,,,,,,,,,,,,,Yes,Hertzian,Overshot,,,,,,,,,,,,,RECTANGULAR,NotPrepared,No,7.35,2.91,Main,,,,,,,,,,,29.09,29.31,14.2,14.2,10.92,5.16,,Y
163,LIK,XVI,O5d,,,Opaline/CCS,0%,,Flake,Fragment,,,,,,,,,,,,,,,,,,,,,,Yes,Hertzian,Feather,,,,,,,,,,,,,RECTANGULAR,NotPrepared,No,10.66,2.06,,,,,,,,,,,,6.33,,13.8,,2.28,0.25,,N
1643,LIK,V,M5b-021,,,Opaline/CCS,0%,,RetouchedTool,Complete,,BackedPiece,Backing,Ventral,,2345,,,,,,,,,4.9,6.71,8.41,4.36,6.51,4.23,1,,,,Indeterminate,,,,,,,,,,,,,,,,,Main,,,,,,,,,,,28.17,28.17,7.01,7,6.46,1.16,,Y
1644,LIK,V,M5b-021,,,Hornfels,0%,,Flake,Distal,,,,,,,,,,,,,,,,,,,,,,No,,Feather,,,,,,,,,,,,,RECTANGULAR,,,,,,,,,,,,,,,,16.03,,10.26,,1.85,0.29,,N
1645,LIK,V,M5b-021,,,Hornfels,0%,,Flake,Proximal,,,,,,,,,,,,,,,,,,,,,,Yes,Hertzian,Indeterminate,,,,,,,,,,,,,TRAPEZOIDAL,NotPrepared,No,6.78,1.52,,,,,,,,,,,,9.1,,13.65,,2.27,0.36,,N
1646,LIK,V,M5b-021,,,Hornfels,0%,,Flake,Mesial,,,,,,,,,,,,,,,,,,,,,,No,,Indeterminate,,,,,,,,,,,,,RHOMBUS,,,,,,,,,,,,,,,,8.52,,15.31,,2.38,0.35,,N
1647,LIK,V,M5b-021,,,Hornfels,0%,,Flake,Distal,,,,,,,,,,,,,,,,,,,,,,No,,Feather,,,,,,,,,,,,,TRIANGULAR,,,,,,,,,,,,,,,,15.68,,16.26,,4.46,1,,N
1648,LIK,V,M5b-021,,,Hornfels,0%,,Flake,Complete,,,,,,,,,,,,,,,,,,,,,,Yes,Hertzian,Feather,,,,,,,,,,,,,TRIANGULAR,NotPrepared,No,12.25,6.7,Main,,,,,,,,,,,11.42,11.47,15.88,13.68,6.82,1.04,,N
1649,LIK,V,M5b-021,,,Hornfels,0%,,Flake,Complete,,,,,,,,,,,,,,,,,,,,,,Yes,Hertzian,Feather,,,,,,,,,,,,,RECTANGULAR,NotPrepared,No,4.21,0.84,Main,,,,,,,,,,,19.41,19.41,12.82,12.82,3.45,1.14,,N
1650,LIK,V,M5b-021,,,Hornfels,0%,,Flake,Mesial,,,,,,,,,,,,,,,,,,,,,,No,,Indeterminate,,,,,,,,,,,,,TRIANGULAR,,,,,,,,,,,,,,,,14.68,,24,,5.97,1.85,,N
1651,LIK,V,M5b-021,,,Siltstone,0%,,Flake,Proximal,,,,,,,,,,,,,,,,,,,,,,Yes,Hertzian,Axial,,,,,,,,,,,,,TRIANGULAR,NotPrepared,No,20.39,4.86,,,,,,,,,,,,11,,20.29,,4.52,1.04,,N
1652,LIK,V,M5b-021,,,Siltstone,0%,,Flake,Proximal,,,,,,,,,,,,,,,,,,,,,,Yes,Hertzian,Indeterminate,,,,,,,,,,,,,TRAPEZOIDAL,NotPrepared,No,16.15,5.38,,,,,,,,,,,,8.82,,16.82,,4.94,0.47,,N
164,LIK,XVI,O5d,,,Opaline/CCS,0%,,Core,,Complete,,,,,,,,,,,,,,,,,,,,,,,,,,,,,,,,,,,,,,,,,,Platform,Irregular,Cubic,0%,5,3,3,4,7,8.89,26.24,26.59,12.89,11.67,6.81,3.11,,N
1653,LIK,V,M5b-021,,,Siltstone,0%,,Flake,Fragment,,,,,,,,,,,,,,,,,,,,,,Yes,Hertzian,Feather,,,,,,,,,,,,,TRIANGULAR,NotPrepared,No,19.18,5.52,,,,,,,,,,,,21.21,,19.8,,5.37,2.49,,N
1654,LIK,V,M5b-021,,,Siltstone,0%,,Flake,Distal,,,,,,,,,,,,,,,,,,,,,,No,,Feather,,,,,,,,,,,,,RECTANGULAR,,,,,,,,,,,,,,,,25.1,,28.74,,6.5,5.81,,N
1655,LIK,V,M5b-021,,,Siltstone,0%,,Flake,Complete,,,,,,,,,,,,,,,,,,,,,,Yes,Hertzian,Feather,,,,,,,,,,,,,TRIANGULAR,NotPrepared,No,8.18,2,Main,,,,,,,,,,,18.58,18.57,11.46,7.55,1.85,0.44,,N
1656,LIK,V,M6c-022,,,Opaline/CCS,0%,,Flake,Complete,,,,,,,,,,,,,,,,,,,,,,Yes,Hertzian,Feather,,,,,,,,,,,,,RECTANGULAR,NotPrepared,No,4.06,1.25,Main,,,,,,,,,,,14.56,14.56,10.07,10.07,1.81,0.36,,N
1657,LIK,V,M6c-022,,,Opaline/CCS,0%,,Flake,Complete,,,,,,,,,,,,,,,,,,,,,,Yes,Hertzian,Feather,,,,,,,,,,,,,OVAL,NotPrepared,No,4.61,1.7,Main,,,,,,,,,,,10.56,10.64,13.77,13.77,2.48,0.33,,N
1658,LIK,V,M6c-022,,,Opaline/CCS,0%,,Flake,Distal,,,,,,,,,,,,,,,,,,,,,,No,,Feather,,,,,,,,,,,,,TRIANGULAR,,,,,,,,,,,,,,,,10.95,,5.27,,0.81,0.04,,N
1659,LIK,V,M6c-022,,,Opaline/CCS,0%,,Flake,Complete,,,,,,,,,,,,,,,,,,,,,,Yes,Hertzian,Feather,,,,,,,,,,,,,TRIANGULAR,NotPrepared,No,7.55,2.36,Main,,,,,,,,,,,10.55,7.07,7.76,4.86,2.43,0.09,,N
1660,LIK,V,M6c-022,,,Opaline/CCS,0%,,Flake,Distal,,,,,,,,,,,,,,,,,,,,,,No,,Hinge,,,,,,,,,,,,,TRAPEZOIDAL,,,,,,,,,,,,,,,,8.84,,12.48,,2.14,0.25,,N
1661,LIK,V,M6c-022,,,Opaline/CCS,0%,,Flake,Proximal,,,,,,,,,,,,,,,,,,,,,,Yes,Hertzian,Indeterminate,,,,,,,,,,,,,RECTANGULAR,NotPrepared,No,10.62,2.27,,,,,,,,,,,,12.2,,13.11,,3.53,0.55,,N
1662,LIK,V,M6c-022,,,Opaline/CCS,0%,,Flake,Proximal,,,,,,,,,,,,,,,,,,,,,,Yes,Hertzian,Indeterminate,,,,,,,,,,,,,RHOMBUS,NotPrepared,No,6.45,1.65,,,,,,,,,,,,12.02,,14.55,,3.25,0.44,,N
165,LIK,XVI,O5d,,,Hornfels,10-40%,Cobble,Flake,Complete,,,,,,,,,,,,,,,,,,,,,,Yes,Hertzian,Feather,,,,,,,,,,,,,TRIANGULAR,NotPrepared,No,22.82,5.22,Main,,,,,,,,,,,18.47,12.31,26.03,26.06,6.04,3.31,,N
1663,LIK,V,M6c-022,,,Opaline/CCS,0%,,Flake,Complete,,,,,,,,,,,,,,,,,,,,,,Yes,Hertzian,Feather,,,,,,,,,,,,,RECTANGULAR,NotPrepared,No,4.7,1.51,Main,,,,,,,,,,,16.3,9.5,18.39,6.25,3.2,0.34,,N
1664,LIK,V,M6c-022,,,Opaline/CCS,0%,,Flake,Complete,,,,,,,,,,,,,,,,,,,,,,Yes,Hertzian,Feather,,,,,,,,,,,,,OVAL,NotPrepared,No,13.75,5.25,Main,,,,,,,,,,,9.26,9.06,13.69,11.99,4.41,0.51,,N
1665,LIK,V,M6c-022,,,Opaline/CCS,0%,,Flake,Mesial,,,,,,,,,,,,,,,,,,,,,,No,,Indeterminate,,,,,,,,,,,,,RECTANGULAR,,,,,,,,,,,,,,,,6.14,,11.73,,2.24,0.19,,N
1666,LIK,V,M6c-022,,,Opaline/CCS,0%,,Flake,Complete,,,,,,,,,,,,,,,,,,,,,,Yes,Hertzian,Feather,,,,,,,,,,,,,RECTANGULAR,NotPrepared,No,8.29,3.01,Main,,,,,,,,,,,6.31,6.3,12.93,12.93,3.91,0.29,,N
1667,LIK,V,M6c-022,,,Opaline/CCS,0%,,Flake,Complete,,,,,,,,,,,,,,,,,,,,,,Yes,Hertzian,Hinge,,,,,,,,,,,,,RECTANGULAR,NotPrepared,No,3.26,0.98,Main,,,,,,,,,,,11.4,10.98,7.04,7.03,2.65,0.21,,N
1668,LIK,V,M6c-022,,,Opaline/CCS,0%,,Flake,Distal,,,,,,,,,,,,,,,,,,,,,,No,,Feather,,,,,,,,,,,,,TRIANGULAR,,,,,,,,,,,,,,,,18.33,,11.09,,3.33,0.49,,N
1669,LIK,V,M6c-022,,,Opaline/CCS,0%,,Flake,Proximal,,,,,,,,,,,,,,,,,,,,,,Yes,Hertzian,Indeterminate,,,,,,,,,,,,,RECTANGULAR,NotPrepared,No,8.83,1.81,,,,,,,,,,,,17.4,,17.75,,2.59,0.87,,N
1670,LIK,V,M6c-022,,,Opaline/CCS,0%,,Flake,Proximal,,,,,,,,,,,,,,,,,,,,,,Yes,Hertzian,Indeterminate,,,,,,,,,,,,,RECTANGULAR,NotPrepared,No,5.16,3.37,,,,,,,,,,,,16.58,,11.47,,2.25,0.63,,N
1671,LIK,V,M6c-022,,,Opaline/CCS,0%,,Flake,Proximal,,,,,,,,,,,,,,,,,,,,,,Yes,Hertzian,Indeterminate,,,,,,,,,,,,,TRIANGULAR,Indeterminate,No,4.6,4.29,,,,,,,,,,,,6.33,,12.95,,2.47,0.28,,N
1672,LIK,V,M6c-022,,,Opaline/CCS,0%,,Flake,Distal,,,,,,,,,,,,,,,,,,,,,,No,,Feather,,,,,,,,,,,,,TRIANGULAR,,,,,,,,,,,,,,,,11.59,,9.46,,2.33,0.18,,N
166,LIK,XVI,O5d,,,Tuff,0%,,Flake,Complete,,,,,,,,,,,,,,,,,,,,,,Yes,Bending,Step,,,,,,,,,,,,,RECTANGULAR,NotPrepared,No,7.98,3.51,Main,,,,,,,,,,,14.27,11.38,9.41,9.42,2.21,0.41,,N
1673,LIK,V,M6c-022,,,Opaline/CCS,0%,,Flake,Mesial,,,,,,,,,,,,,,,,,,,,,,No,,Indeterminate,,,,,,,,,,,,,RECTANGULAR,,,,,,,,,,,,,,,,11.4,,7.71,,2.12,0.24,,N
1674,LIK,V,M6c-022,,,Opaline/CCS,0%,,Flake,Mesial,,,,,,,,,,,,,,,,,,,,,,No,,Indeterminate,,,,,,,,,,,,,RECTANGULAR,,,,,,,,,,,,,,,,8.5,,17.67,,5,0.99,,N
1675,LIK,V,M6c-022,,,Opaline/CCS,0%,,Flake,Complete,,,,,,,,,,,,,,,,,,,,,,Yes,Hertzian,Feather,,,,,,,,,,,,,RECTANGULAR,Indeterminate,No,5.37,1.39,Main,,,,,,,,,,,19.09,19.1,23.06,21.29,3.84,1.97,,N
1676,LIK,V,M6c-022,,,Opaline/CCS,0%,,Flake,Complete,,,,,,,,,,,,,,,,,,,,,,Yes,Hertzian,Feather,,,,,,,,,,,,,TRAPEZOIDAL,NotPrepared,No,7.45,2.62,Main,,,,,,,,,,,11.4,11.4,16.9,11.91,4.58,0.65,,N
1677,LIK,V,M6c-022,,,Opaline/CCS,10-40%,Outcrop,Flake,Complete,,,,,,,,,,,,,,,,,,,,,,Yes,Hertzian,Feather,,,,,,,,,,,,,TRIANGULAR,NotPrepared,No,18.73,4.31,Main,,,,,,,,,,,14.81,14.81,18.56,15.14,2.38,0.76,,N
1678,LIK,V,M6c-022,,,Opaline/CCS,0%,,Flake,Complete,,,,,,,,,,,,,,,,,,,,,,Yes,Hertzian,Feather,,,,,,,,,,,,,TRIANGULAR,Indeterminate,No,5.79,2.67,Main,,,,,,,,,,,18.27,18.27,21.52,17.16,3.58,1.19,,N
1679,LIK,V,M6c-022,,,Opaline/CCS,0%,,RetouchedTool,Complete,,MinimallyRetouched,MarginalEdgeShaping,Indeteriminate,6,123456,3.57,1,3.13,1.33,3.17,,,,,,,,,,,,,,Flake,,,,,,,,,,,,OVAL,,,,,Main,,,,,,,,,,,28.65,28.65,14.79,14.78,3.61,2.35,,Y
1680,LIK,V,M6c-022,,,Opaline/CCS,0%,,Flake,Complete,,,,,,,,,,,,,,,,,,,,,,Yes,Hertzian,Feather,,,,,,,,,,,,,RECTANGULAR,FacetWithBulb,No,10.89,4.01,Main,,,,,,,,,,,16.26,16.26,12.31,11.17,1.82,0.45,,N
1681,LIK,V,M6c-022,,,Opaline/CCS,10-40%,Outcrop,Flake,Complete,,,,,,,,,,,,,,,,,,,,,,Yes,Hertzian,Overshot,,,,,,,,,,,,,TRIANGULAR,NotPrepared,No,7.71,2.39,Main,,,,,,,,,,,57.21,49.98,24.18,21.49,10.46,14.14,,N
1682,LIK,V,M6c-022,,,Quartzite,0%,,Flake,Complete,,,,,,,,,,,,,,,,,,,,,,Yes,Hertzian,Feather,,,,,,,,,,,,,RECTANGULAR,NotPrepared,No,2.66,1.55,Main,,,,,,,,,,,13.64,13.63,7.34,7.27,1.87,0.2,,N
167,LIK,XVI,O5a,,,Opaline/CCS,0%,,Flake,Distal,,,,,,,,,,,,,,,,,,,,,,No,,Feather,,,,,,,,,,,,,RECTANGULAR,,,,,,,,,,,,,,,,10.64,,9.03,,2.34,0.42,,N
1683,LIK,V,M6c-022,,,Quartzite,0%,,Flake,Mesial,,,,,,,,,,,,,,,,,,,,,,No,,Indeterminate,,,,,,,,,,,,,RECTANGULAR,,,,,,,,,,,,,,,,7.27,,16.73,,1.53,0.26,,N
1684,LIK,V,M6c-022,,,Quartzite,0%,,Flake,Proximal,,,,,,,,,,,,,,,,,,,,,,Yes,Hertzian,Indeterminate,,,,,,,,,,,,,RHOMBUS,NotPrepared,No,10.23,3.43,,,,,,,,,,,,16.91,,13.77,,3.29,0.98,,N
1685,LIK,V,M6c-022,,,Quartzite,0%,,Flake,Complete,,,,,,,,,,,,,,,,,,,,,,Yes,Hertzian,Overshot,,,,,,,,,,,,,RECTANGULAR,Indeterminate,No,4.41,1.23,Main,,,,,,,,,,,19.51,19.51,8.92,8.92,2.8,0.81,,N
1686,LIK,V,M6c-022,,,Quartzite,0%,,Flake,Proximal,,,,,,,,,,,,,,,,,,,,,,Yes,Hertzian,Indeterminate,,,,,,,,,,,,,RECTANGULAR,ResidualFacetWithBulb,No,5.18,2.15,,,,,,,,,,,,10.86,,12.89,,2.3,0.49,,N
1687,LIK,V,M6c-022,,,Quartzite,0%,,Flake,Proximal,,,,,,,,,,,,,,,,,,,,,,Yes,Hertzian,Indeterminate,,,,,,,,,,,,,RECTANGULAR,NotPrepared,No,12.17,2.1,,,,,,,,,,,,11.45,,14.99,,3.19,0.57,,N
1688,LIK,V,M6c-022,,,Quartzite,0%,,Flake,Complete,,,,,,,,,,,,,,,,,,,,,,Yes,Hertzian,Feather,,,,,,,,,,,,,TRIANGULAR,NotPrepared,No,11.54,2.03,Main,,,,,,,,,,,22.44,20.77,18.17,13.88,2.46,1.04,,N
1689,LIK,V,M6c-022,,,Quartzite,0%,,Flake,Proximal,,,,,,,,,,,,,,,,,,,,,,Yes,Hertzian,Indeterminate,,,,,,,,,,,,,OVAL,NotPrepared,No,7.26,2.1,,,,,,,,,,,,20.79,,18.21,,4.37,2.04,,N
1690,LIK,V,M6c-022,,,Quartzite,0%,,Flake,Complete,,,,,,,,,,,,,,,,,,,,,,Yes,Hertzian,Feather,,,,,,,,,,,,,RECTANGULAR,NotPrepared,No,11.75,5.2,Main,,,,,,,,,,,39.16,36.95,26.1,20.92,3.67,5.31,,N
1691,LIK,V,M6c-022,,,Quartzite,0%,,Core,,Complete,,,,,,,,,,,,,,,,,,,,,,,,,,,,,,,,,,,,,,,,,,Platform,Bladelet,Cubic,0%,4,2,5,2,5,18.36,20.43,20.43,17.79,17.78,8.9,5.03,,Y
1692,LIK,V,M5c-021,,,Opaline/CCS,0%,,Flake,Mesial,,,,,,,,,,,,,,,,,,,,,,No,,Indeterminate,,,,,,,,,,,,,TRIANGULAR,,,,,,,,,,,,,,,,3.67,,10.4,,2.71,0.15,,N
168,LIK,XVI,O5a,,,Opaline/CCS,0%,,Flake,Complete,,,,,,,,,,,,,,,,,,,,,,Yes,Hertzian,Feather,,,,,,,,,,,,,RECTANGULAR,NotPrepared,No,5.68,1.63,Main,,,,,,,,,,,16.88,15.98,6.73,6.73,1.41,0.19,,N
1693,LIK,V,M5c-021,,,Opaline/CCS,0%,,Flake,Complete,,,,,,,,,,,,,,,,,,,,,,Yes,Hertzian,Feather,,,,,,,,,,,,,RECTANGULAR,NotPrepared,No,5.88,1.3,Main,,,,,,,,,,,5.58,5.58,9.7,9.7,1.6,0.16,,N
1694,LIK,V,M5c-021,,,Opaline/CCS,0%,,Flake,Complete,,,,,,,,,,,,,,,,,,,,,,Yes,Hertzian,Feather,,,,,,,,,,,,,TRIANGULAR,NotPrepared,No,5.94,1.96,Main,,,,,,,,,,,12.76,12.76,9.32,7.8,1.39,0.08,,N
1695,LIK,V,M5c-021,,,Opaline/CCS,0%,,Flake,Distal,,,,,,,,,,,,,,,,,,,,,,No,,Feather,,,,,,,,,,,,,TRIANGULAR,,,,,,,,,,,,,,,,10.6,,10.17,,1.27,0.17,,N
1696,LIK,V,M5c-021,,,Opaline/CCS,0%,,Flake,Distal,,,,,,,,,,,,,,,,,,,,,,No,,Feather,,,,,,,,,,,,,OVAL,,,,,,,,,,,,,,,,16.09,,12.96,,1.22,0.42,,N
1697,LIK,V,M5c-021,,,Opaline/CCS,0%,,Flake,Complete,,,,,,,,,,,,,,,,,,,,,,Yes,Hertzian,Feather,,,,,,,,,,,,,RECTANGULAR,NotPrepared,No,9.18,3,Main,,,,,,,,,,,18.15,18.15,17.27,16.14,3.71,1.24,,N
1698,LIK,V,M5c-021,,,Opaline/CCS,0%,,Flake,Complete,,,,,,,,,,,,,,,,,,,,,,Yes,Hertzian,Feather,,,,,,,,,,,,,RECTANGULAR,NotPrepared,No,8.02,2.97,Main,,,,,,,,,,,16.71,13.3,16.76,10.87,2.32,0.51,,N
1699,LIK,V,M5c-021,,,Opaline/CCS,0%,,Flake,Distal,,,,,,,,,,,,,,,,,,,,,,No,,Feather,,,,,,,,,,,,,TRAPEZOIDAL,,,,,,,,,,,,,,,,11.61,,17.52,,2.67,0.57,,N
1700,LIK,V,M5c-021,,,Opaline/CCS,1-10%,Outcrop,Flake,Complete,,,,,,,,,,,,,,,,,,,,,,Yes,Hertzian,Feather,,,,,,,,,,,,,TRIANGULAR,Indeterminate,No,5.88,0.94,Main,,,,,,,,,,,16.05,16.05,26.11,17.62,4.34,1.57,,N
1701,LIK,V,M5c-021,,,Opaline/CCS,0%,,Flake,Proximal,,,,,,,,,,,,,,,,,,,,,,Yes,Hertzian,Indeterminate,,,,,,,,,,,,,RECTANGULAR,NotPrepared,No,7.82,2.78,,,,,,,,,,,,14.17,,19.33,,5.71,1.39,,N
1702,LIK,V,M5c-021,,,Opaline/CCS,0%,,Flake,Complete,,,,,,,,,,,,,,,,,,,,,,Yes,Hertzian,Feather,,,,,,,,,,,,,TRAPEZOIDAL,NotPrepared,No,6.12,1.12,Main,,,,,,,,,,,17.91,15.07,17.42,14.39,3.05,0.92,,N
17,LIK,XVII,O4a/c,,,Opaline/CCS,0%,,Flake,Distal,,,,,,,,,,,,,,,,,,,,,,No,,Feather,,,,,,,,,,,,,TRIANGULAR,,,,,,,,,,,,,,,,7.77,,4.62,,0.49,0.07,,N
169,LIK,XVI,O5a,,,Opaline/CCS,0%,,Flake,Complete,,,,,,,,,,,,,,,,,,,,,,Yes,Hertzian,Feather,,,,,,,,,,,,,RECTANGULAR,FacetWithBulb,No,20.49,5.36,Main,,,,,,,,,,,14.35,11.49,29.42,27.14,5.76,2.46,,N
1703,LIK,V,M5c-021,,,Opaline/CCS,0%,,Flake,Complete,,,,,,,,,,,,,,,,,,,,,,Yes,Hertzian,Overshot,,,,,,,,,,,,,TRAPEZOIDAL,NotPrepared,No,5.57,3.28,Main,,,,,,,,,,,13.15,13.15,17.53,17.07,4.11,1.08,,N
1704,LIK,V,M5c-021,,,Opaline/CCS,0%,,Flake,Complete,,,,,,,,,,,,,,,,,,,,,,Yes,Hertzian,Overshot,,,,,,,,,,,,,RECTANGULAR,NotPrepared,No,17.26,4.64,Main,,,,,,,,,,,18.41,18.41,16.57,13.82,3.42,1.53,,N
1705,LIK,V,M5c-021,,,Opaline/CCS,0%,,Core,,Complete,,,,,,,,,,,,,,,,,,,,,,,,,,,,,,,,,,,,,,,,,,Platform,Irregular,Spherical,0%,2,2,2,0,6,11.55,20.56,20.56,19.43,19.43,6.49,2.19,Core-on-flake,N
1706,LIK,V,M5c-021,,,Hornfels,0%,,Flake,Complete,,,,,,,,,,,,,,,,,,,,,,Yes,Hertzian,Step,,,,,,,,,,,,,RECTANGULAR,NotPrepared,No,6.42,2.12,Main,,,,,,,,,,,10.13,10.13,7.56,7.56,3.56,0.31,,N
1707,LIK,V,M5c-021,,,Hornfels,0%,,Flake,Proximal,,,,,,,,,,,,,,,,,,,,,,Yes,Hertzian,Indeterminate,,,,,,,,,,,,,RECTANGULAR,NotPrepared,No,4.17,1.39,,,,,,,,,,,,9.09,,7.42,,1.82,0.18,1705,Y
1708,LIK,V,M5c-021,,,Hornfels,0%,,Flake,Mesial,,,,,,,,,,,,,,,,,,,,,,No,,Indeterminate,,,,,,,,,,,,,RECTANGULAR,,,,,,,,,,,,,,,,4.46,,16.8,,2.68,0.28,,N
1709,LIK,V,M5c-021,,,Hornfels,0%,,Flake,Proximal,,,,,,,,,,,,,,,,,,,,,,Yes,Hertzian,Indeterminate,,,,,,,,,,,,,TRAPEZOIDAL,NotPrepared,No,4.55,1.98,,,,,,,,,,,,6.4,,11.23,,1.66,0.15,,N
1710,LIK,V,M5c-021,,,Hornfels,0%,,Flake,Complete,,,,,,,,,,,,,,,,,,,,,,Yes,Hertzian,Feather,,,,,,,,,,,,,TRAPEZOIDAL,NotPrepared,No,8.08,4.04,Main,,,,,,,,,,,8.75,8.75,13.95,12.97,4.61,0.46,,N
1711,LIK,V,M5c-021,,,Hornfels,0%,,Flake,Complete,,,,,,,,,,,,,,,,,,,,,,Yes,Hertzian,Feather,,,,,,,,,,,,,OVAL,NotPrepared,No,6.95,1.59,Main,,,,,,,,,,,8.77,8.77,14.43,11.56,1.2,0.15,,N
1712,LIK,V,M5c-021,,,Hornfels,0%,,Flake,Mesial,,,,,,,,,,,,,,,,,,,,,,No,,Indeterminate,,,,,,,,,,,,,RECTANGULAR,,,,,,,,,,,,,,,,9.99,,13.43,,1.57,0.24,,N
170,LIK,XVI,O5a,,,Opaline/CCS,0%,,Flake,Distal,,,,,,,,,,,,,,,,,,,,,,No,,Feather,,,,,,,,,,,,,OVAL,,,,,,,,,,,,,,,,23.59,,22.33,,5.49,1.13,,N
1713,LIK,V,M5c-021,,,Hornfels,1-10%,Outcrop,Flake,Complete,,,,,,,,,,,,,,,,,,,,,,Yes,Hertzian,Feather,,,,,,,,,,,,,RECTANGULAR,NotPrepared,No,2.89,0.69,Main,,,,,,,,,,,15.54,15.54,7.7,7.7,0.92,0.17,,N
1714,LIK,V,M5c-021,,,Hornfels,0%,,Flake,Complete,,,,,,,,,,,,,,,,,,,,,,Yes,Hertzian,Feather,,,,,,,,,,,,,OVAL,NotPrepared,No,3.19,1.2,Main,,,,,,,,,,,11.81,11.82,22.31,22.31,3.38,0.88,,N
1715,LIK,V,M5c-021,,,Hornfels,0%,,Flake,Distal,,,,,,,,,,,,,,,,,,,,,,No,,Feather,,,,,,,,,,,,,OVAL,,,,,,,,,,,,,,,,14.26,,24.27,,3.16,0.76,,N
1716,LIK,V,M5c-021,,,Hornfels,0%,,Flake,Complete,,,,,,,,,,,,,,,,,,,,,,Yes,Hertzian,Feather,,,,,,,,,,,,,RECTANGULAR,NotPrepared,No,12.5,2.53,Main,,,,,,,,,,,27.75,27.75,19.54,16.26,6.84,4.17,,N
1717,LIK,V,M5c-021,,,Hornfels,0%,,Flake,Complete,,,,,,,,,,,,,,,,,,,,,,Yes,Hertzian,Feather,,,,,,,,,,,,,OVAL,Indeterminate,No,15.65,1.81,Main,,,,,,,,,,,25.33,25.33,26.18,26.18,3.98,2.64,,N
1718,LIK,V,N6b-022,,,Opaline/CCS,0%,,Flake,Complete,,,,,,,,,,,,,,,,,,,,,,Yes,Hertzian,Feather,,,,,,,,,,,,,RECTANGULAR,NotPrepared,No,3.27,1,Main,,,,,,,,,,,12.01,12.01,5.07,5.07,1.27,0.03,,N
1719,LIK,V,N6b-022,,,Opaline/CCS,0%,,Flake,Distal,,,,,,,,,,,,,,,,,,,,,,No,,Feather,,,,,,,,,,,,,RECTANGULAR,,,,,,,,,,,,,,,,9.95,,4.86,,0.75,0.04,,N
1720,LIK,V,N6b-022,,,Opaline/CCS,0%,,Flake,Complete,,,,,,,,,,,,,,,,,,,,,,Yes,Bending,Feather,,,,,,,,,,,,,RECTANGULAR,NotPrepared,No,10.97,2.09,Main,,,,,,,,,,,3.66,3.66,11.11,11.11,0.89,0.06,,N
1721,LIK,V,N6b-022,,,Opaline/CCS,0%,,Flake,Complete,,,,,,,,,,,,,,,,,,,,,,Yes,Hertzian,Overshot,,,,,,,,,,,,,RECTANGULAR,NotPrepared,No,2.13,0.61,Main,,,,,,,,,,,11.25,11.25,3.09,3.09,1.45,0.03,,1721
1722,LIK,V,N6b-022,,,Opaline/CCS,1-10%,Outcrop,Flake,Complete,,,,,,,,,,,,,,,,,,,,,,Yes,Bending,Feather,,,,,,,,,,,,,TRIANGULAR,NotPrepared,No,5.54,4.83,Main,,,,,,,,,,,8.17,8.17,4.63,4.63,1.96,0.05,,N
171,LIK,XVI,O5a,,,Opaline/CCS,0%,,Flake,Proximal,,,,,,,,,,,,,,,,,,,,,,No,,Indeterminate,,,,,,,,,,,,,RECTANGULAR,,,,,,,,,,,,,,,,21.17,,22.72,,3.53,2.46,,N
1723,LIK,V,N6b-022,,,Opaline/CCS,0%,,Flake,Mesial,,,,,,,,,,,,,,,,,,,,,,No,,Indeterminate,,,,,,,,,,,,,RECTANGULAR,,,,,,,,,,,,,,,,7.15,,13.21,,4.52,0.5,,N
1724,LIK,V,N6b-022,,,Opaline/CCS,0%,,Flake,Complete,,,,,,,,,,,,,,,,,,,,,,Yes,Hertzian,Feather,,,,,,,,,,,,,RECTANGULAR,NotPrepared,No,4.11,1.25,Main,,,,,,,,,,,11.81,11.83,7.42,7.42,1.27,0.19,1724,Y
1725,LIK,V,N6b-022,,,Opaline/CCS,0%,,Flake,Fragment,,,,,,,,,,,,,,,,,,,,,,Yes,Hertzian,Feather,,,,,,,,,,,,,TRIANGULAR,NotPrepared,No,11.21,2.15,,,,,,,,,,,,8.64,,11.21,,0.88,0.1,,N
1726,LIK,V,N6b-022,,,Opaline/CCS,0%,,Flake,Complete,,,,,,,,,,,,,,,,,,,,,,Yes,Hertzian,Feather,,,,,,,,,,,,,TRIANGULAR,NotPrepared,No,5.79,4.09,Main,,,,,,,,,,,13.47,13.47,8.15,8.15,2.46,0.37,,N
1727,LIK,V,N6b-022,,,Opaline/CCS,0%,,Flake,Complete,,,,,,,,,,,,,,,,,,,,,,Yes,Hertzian,Overshot,,,,,,,,,,,,,RECTANGULAR,NotPrepared,No,4.78,1.48,Main,,,,,,,,,,,14.24,14.25,10.1,8.59,2.26,0.32,,N
1728,LIK,V,N6b-022,,,Opaline/CCS,0%,,Flake,Complete,,,,,,,,,,,,,,,,,,,,,,Yes,Hertzian,Feather,,,,,,,,,,,,,RECTANGULAR,NotPrepared,No,5.8,1.54,Main,,,,,,,,,,,11.56,11.56,10.58,9.93,2.13,0.31,,N
1729,LIK,V,N6b-022,,,Opaline/CCS,0%,,Flake,Distal,,,,,,,,,,,,,,,,,,,,,,No,,Overshot,,,,,,,,,,,,,TRIANGULAR,,,,,,,,,,,,,,,,11.23,,16.66,,4.46,0.75,,N
1730,LIK,V,N6b-022,,,Opaline/CCS,0%,,Flake,Complete,,,,,,,,,,,,,,,,,,,,,,Yes,Hertzian,Feather,,,,,,,,,,,,,RECTANGULAR,NotPrepared,No,7.05,1.34,Main,,,,,,,,,,,16.31,16.33,9.83,9.19,1.78,0.37,,N
1731,LIK,V,N6b-022,,,Opaline/CCS,1-10%,Outcrop,Flake,Complete,,,,,,,,,,,,,,,,,,,,,,Yes,Bending,Feather,,,,,,,,,,,,,RECTANGULAR,NotPrepared,No,10.39,4.8,Main,,,,,,,,,,,15.95,16.22,9.29,9.29,2.13,0.45,,N
1732,LIK,V,N6b-022,,,Opaline/CCS,0%,,Flake,Mesial,,,,,,,,,,,,,,,,,,,,,,No,,Indeterminate,,,,,,,,,,,,,RECTANGULAR,,,,,,,,,,,,,,,,11.99,,18.77,,4.4,1.09,,N
172,LIK,XVI,O5a,,,Opaline/CCS,0%,,RetouchedTool,Complete,,MinimallyRetouched,MarginalEdgeShaping,Dorsal,3,456,1.44,1,1.53,1.53,0.48,,,,,,,,,,,,,,Flake,,,,,,,,,,,,TRAPEZOIDAL,,,,,Main,,,,,,,,,,,24.43,21.29,31.02,25.73,7.6,4.97,,Y
1733,LIK,V,N6b-022,,,Opaline/CCS,0%,,Flake,Proximal,,,,,,,,,,,,,,,,,,,,,,Yes,Hertzian,Indeterminate,,,,,,,,,,,,,RHOMBUS,NotPrepared,No,14.21,7.49,,,,,,,,,,,,19.62,,15.57,,7.76,1.99,,N
1734,LIK,V,N6b-022,,,Opaline/CCS,0%,,Flake,Complete,,,,,,,,,,,,,,,,,,,,,,Yes,Hertzian,Overshot,,,,,,,,,,,,,RECTANGULAR,NotPrepared,No,5.17,3.22,Main,,,,,,,,,,,20.47,20.47,16.33,15.08,5.94,2.17,,N
1735,LIK,V,N6b-022,,,Opaline/CCS,0%,,Flake,Complete,,,,,,,,,,,,,,,,,,,,,,Yes,Hertzian,Overshot,,,,,,,,,,,,,RHOMBUS,NotPrepared,No,14.45,4.52,Main,,,,,,,,,,,13.31,13.29,24.69,17.37,5.41,1.92,,N
1736,LIK,V,N6b-022,,,Opaline/CCS,0%,,Flake,Distal,,,,,,,,,,,,,,,,,,,,,,No,,Overshot,,,,,,,,,,,,,RECTANGULAR,,,,,,,,,,,,,,,,22.78,,23.69,,6.82,4.4,,N
1737,LIK,V,N6b-022,,,Opaline/CCS,0%,,Flake,Complete,,,,,,,,,,,,,,,,,,,,,,Yes,Hertzian,Overshot,,,,,,,,,,,,,RECTANGULAR,NotPrepared,No,5.36,3.51,Main,,,,,,,,,,,36.17,36.08,25.73,25.74,10.4,9.96,,Y
1738,LIK,V,N6b-022,,,Opaline/CCS,0%,,RetouchedTool,Complete,,MinimallyRetouched,MarginalEdgeShaping,Indeteriminate,5,12345,4.46,1,7.71,9.8,11.12,,,,,,,,,,,,,,Flake,,,,,,,,,,,,TRAPEZOIDAL,,,,,Main,,,,,,,,,,,34.63,27.04,25.42,25.42,5.09,8.96,,N
1739,LIK,V,N6b-022,,,Opaline/CCS,0%,,Flake,Complete,,,,,,,,,,,,,,,,,,,,,,Yes,Hertzian,Feather,,,,,,,,,,,,,RECTANGULAR,NotPrepared,No,4.1,2,Main,,,,,,,,,,,11.88,10.18,12.97,11.34,2.77,0.37,,N
1740,LIK,V,N6b-022,,,Opaline/CCS,0%,,Flake,Complete,,,,,,,,,,,,,,,,,,,,,,Yes,Hertzian,Overshot,,,,,,,,,,,,,TRAPEZOIDAL,NotPrepared,No,5.2,2,Main,,,,,,,,,,,11.72,11.72,19.18,14.55,4.22,0.85,,N
1741,LIK,V,N6b-022,,,Opaline/CCS,0%,,Flake,Complete,,,,,,,,,,,,,,,,,,,,,,Yes,Hertzian,Feather,,,,,,,,,,,,,RECTANGULAR,NotPrepared,No,10.22,2.9,Main,,,,,,,,,,,14.51,12.65,13.18,10.25,2.5,0.39,,N
1742,LIK,V,N6b-022,,,Opaline/CCS,0%,,Flake,Distal,,,,,,,,,,,,,,,,,,,,,,No,,Feather,,,,,,,,,,,,,RECTANGULAR,,,,,,,,,,,,,,,,10.74,,10.42,,2.42,0.53,,N
173,LIK,XVI,O5c,,,Tuff,0%,,Flake,Mesial,,,,,,,,,,,,,,,,,,,,,,No,,Indeterminate,,,,,,,,,,,,,RECTANGULAR,,,,,,,,,,,,,,,,7.38,,21.34,,1.76,0.48,,N
1743,LIK,V,N6b-022,,,Opaline/CCS,0%,,Flake,Proximal,,,,,,,,,,,,,,,,,,,,,,Yes,Hertzian,Indeterminate,,,,,,,,,,,,,RECTANGULAR,NotPrepared,No,13.08,5.02,,,,,,,,,,,,15.97,,13.46,,6.24,1.77,,N
1744,LIK,V,N6b-022,,,Opaline/CCS,0%,,Flake,Complete,,,,,,,,,,,,,,,,,,,,,,Yes,Hertzian,Overshot,,,,,,,,,,,,,OVAL,NotPrepared,Yes,9.44,3.25,Main,,,,,,,,,,,25.17,25.24,16.65,16.65,4.5,2.64,,N
1745,LIK,V,N6b-022,,,Hornfels,0%,,Flake,Distal,,,,,,,,,,,,,,,,,,,,,,No,,Feather,,,,,,,,,,,,,OVAL,,,,,,,,,,,,,,,,6.6,,9.93,,2.34,0.08,,N
1746,LIK,V,N6b-022,,,Hornfels,0%,,Flake,Complete,,,,,,,,,,,,,,,,,,,,,,Yes,Hertzian,Feather,,,,,,,,,,,,,TRIANGULAR,NotPrepared,No,8.9,2.57,Main,,,,,,,,,,,10.99,10.99,8.7,8.7,2.65,0.33,,N
1747,LIK,V,N6b-022,,,Hornfels,0%,,Flake,Complete,,,,,,,,,,,,,,,,,,,,,,Yes,Hertzian,Feather,,,,,,,,,,,,,RHOMBUS,NotPrepared,Yes,5.49,1.87,Main,,,,,,,,,,,10.99,10.99,15.48,11.35,1.99,0.44,,N
1748,LIK,V,N6b-022,,,Hornfels,0%,,Flake,Complete,,,,,,,,,,,,,,,,,,,,,,Yes,Hertzian,Feather,,,,,,,,,,,,,OVAL,NotPrepared,No,6.4,3.28,Main,,,,,,,,,,,14.26,14.26,11.87,11.87,2.79,0.54,,N
1749,LIK,V,N6b-022,,,Hornfels,1-10%,Outcrop,Flake,Complete,,,,,,,,,,,,,,,,,,,,,,Yes,Bending,Feather,,,,,,,,,,,,,RECTANGULAR,NotPrepared,No,14.65,2.37,Main,,,,,,,,,,,14.55,14.55,15.61,15.61,1.94,0.69,,N
1750,LIK,V,N6b-022,,,Hornfels,0%,,Flake,Complete,,,,,,,,,,,,,,,,,,,,,,Yes,Hertzian,Feather,,,,,,,,,,,,,TRAPEZOIDAL,NotPrepared,No,19.92,9.39,Main,,,,,,,,,,,20.24,20.23,38.64,27.61,7.22,8.63,,N
1751,LIK,V,N6b-022,,,Quartzite,0%,,Flake,Complete,,,,,,,,,,,,,,,,,,,,,,Yes,Hertzian,Feather,,,,,,,,,,,,,RECTANGULAR,NotPrepared,No,7.83,2.22,Main,,,,,,,,,,,8.86,8.86,14.5,14.5,1.52,0.29,,N
1752,LIK,V,N6b-022,,,Quartzite,0%,,Flake,Complete,,,,,,,,,,,,,,,,,,,,,,Yes,Bending,Overshot,,,,,,,,,,,,,RECTANGULAR,NotPrepared,No,8.12,2.25,Main,,,,,,,,,,,17.39,17.96,10.84,10.67,2.51,0.51,,N
174,LIK,XVI,P5d,,,Tuff,0%,,Flake,Complete,,,,,,,,,,,,,,,,,,,,,,Yes,Hertzian,Feather,,,,,,,,,,,,,TRIANGULAR,NotPrepared,No,15.86,3.61,Main,,,,,,,,,,,20.9,18.34,19.68,16.14,3.2,1.24,,N
1753,LIK,V,N6b-022,,,Siltstone,0%,,Flake,Mesial,,,,,,,,,,,,,,,,,,,,,,No,,Indeterminate,,,,,,,,,,,,,RECTANGULAR,,,,,,,,,,,,,,,,11.92,,24.14,,2.18,0.96,,N
1754,LIK,V,N6b-022,,,Siltstone,0%,,Flake,Complete,,,,,,,,,,,,,,,,,,,,,,Yes,Hertzian,Feather,,,,,,,,,,,,,RECTANGULAR,NotPrepared,No,22.13,5.04,Main,,,,,,,,,,,6.67,6.74,22.44,17.91,5.2,0.93,,N
1755,LIK,V,N6b-022,,,Siltstone,0%,,Flake,Mesial,,,,,,,,,,,,,,,,,,,,,,No,,Indeterminate,,,,,,,,,,,,,RECTANGULAR,,,,,,,,,,,,,,,,8.52,,20.82,,7.25,1.27,,N
1756,LIK,V,N6b-022,,,Opaline/CCS,0%,,Flake,Complete,,,,,,,,,,,,,,,,,,,,,,Yes,Hertzian,Feather,,,,,,,,,,,,,RECTANGULAR,NotPrepared,No,14.12,5.33,CoreMaintenance,,,,,,,,,,,26.13,26.13,29.65,29.25,8.93,9.79,,N
1757,LIK,V,N6b-022,,,Opaline/CCS,0%,,Flake,Complete,,,,,,,,,,,,,,,,,,,,,,Yes,Hertzian,Overshot,,,,,,,,,,,,,RECTANGULAR,NotPrepared,No,13.12,8.11,Main,,,,,,,,,,,66.31,66.31,37.65,37.65,20.62,45.55,,N
1758,LIK,V,N4c-021,,,Opaline/CCS,0%,,Flake,Distal,,,,,,,,,,,,,,,,,,,,,,No,,Feather,,,,,,,,,,,,,RHOMBUS,,,,,,,,,,,,,,,,9.78,,11.92,,1.89,0.3,,N
1759,LIK,V,N4c-021,,,Opaline/CCS,0%,,Flake,Mesial,,,,,,,,,,,,,,,,,,,,,,No,,Indeterminate,,,,,,,,,,,,,RECTANGULAR,,,,,,,,,,,,,,,,8.49,,19.65,,1.58,0.45,,N
1760,LIK,V,N4c-021,,,Opaline/CCS,0%,,Flake,Proximal,,,,,,,,,,,,,,,,,,,,,,Yes,Hertzian,Indeterminate,,,,,,,,,,,,,RECTANGULAR,NotPrepared,No,9,2.73,,,,,,,,,,,,7.4,,14.51,,2.84,0.45,,N
1761,LIK,V,N4c-021,,,Opaline/CCS,0%,,Flake,Complete,,,,,,,,,,,,,,,,,,,,,,Yes,Hertzian,Feather,,,,,,,,,,,,,RECTANGULAR,NotPrepared,No,3.86,3.53,Main,,,,,,,,,,,14.32,14.32,6.4,3.38,2.97,0.23,,N
1762,LIK,V,N4c-021,,,Opaline/CCS,0%,,Flake,Mesial,,,,,,,,,,,,,,,,,,,,,,No,,Indeterminate,,,,,,,,,,,,,TRIANGULAR,,,,,,,,,,,,,,,,11.01,,15.93,,4.8,0.66,,N
175,LIK,XVI,P5d,,,Opaline/CCS,0%,,Flake,Distal,,,,,,,,,,,,,,,,,,,,,,No,,Feather,,,,,,,,,,,,,OVAL,,,,,,,,,,,,,,,,9.1,,17.78,,2.58,0.42,,N
1763,LIK,V,N4c-021,,,Opaline/CCS,0%,,Flake,Mesial,,,,,,,,,,,,,,,,,,,,,,No,,Indeterminate,,,,,,,,,,,,,RECTANGULAR,,,,,,,,,,,,,,,,4.6,,19.22,,3.51,0.54,,N
1764,LIK,V,N4c-021,,,Opaline/CCS,0%,,Flake,Distal,,,,,,,,,,,,,,,,,,,,,,No,,Feather,,,,,,,,,,,,,TRIANGULAR,,,,,,,,,,,,,,,,13.12,,8.75,,3.11,0.29,,N
1765,LIK,V,N4c-021,,,Opaline/CCS,0%,,Flake,Mesial,,,,,,,,,,,,,,,,,,,,,,No,,Indeterminate,,,,,,,,,,,,,RECTANGULAR,,,,,,,,,,,,,,,,6.95,,11.08,,1.37,0.11,,N
1766,LIK,V,N4c-021,,,Opaline/CCS,0%,,Flake,Distal,,,,,,,,,,,,,,,,,,,,,,No,,Feather,,,,,,,,,,,,,RECTANGULAR,,,,,,,,,,,,,,,,7.94,,13.61,,2.67,0.33,,N
1767,LIK,V,N4c-021,,,Opaline/CCS,0%,,Flake,Proximal,,,,,,,,,,,,,,,,,,,,,,Yes,Wedging,Indeterminate,,,,,,,,,,,,,TRIANGULAR,NotPrepared,No,3.76,0.76,,,,,,,,,,,,11.38,,11.94,,1.39,0.22,,N
1768,LIK,V,N4c-021,,,Opaline/CCS,0%,,Flake,Mesial,,,,,,,,,,,,,,,,,,,,,,No,,Indeterminate,,,,,,,,,,,,,RECTANGULAR,,,,,,,,,,,,,,,,8.9,,15.43,,1.8,0.32,,N
1769,LIK,V,N4c-021,,,Opaline/CCS,0%,,Flake,Complete,,,,,,,,,,,,,,,,,,,,,,Yes,Hertzian,Feather,,,,,,,,,,,,,OVAL,NotPrepared,No,7.03,1.3,Main,,,,,,,,,,,15.63,15.63,12.07,12.07,2.02,0.39,,N
1770,LIK,V,N4c-021,,,Opaline/CCS,0%,,Flake,Complete,,,,,,,,,,,,,,,,,,,,,,Yes,Hertzian,Overshot,,,,,,,,,,,,,RECTANGULAR,NotPrepared,No,4.09,1.5,Main,,,,,,,,,,,16.03,16.03,13.75,8.95,3.52,0.61,,N
1771,LIK,V,N4c-021,,,Opaline/CCS,0%,,Flake,Complete,,,,,,,,,,,,,,,,,,,,,,Yes,Hertzian,Feather,,,,,,,,,,,,,RECTANGULAR,Indeterminate,No,4.89,1.45,Main,,,,,,,,,,,16.62,16.62,17.89,16.46,3.75,0.91,,N
1772,LIK,V,N4c-021,,,Opaline/CCS,0%,,Flake,Proximal,,,,,,,,,,,,,,,,,,,,,,Yes,Hertzian,Indeterminate,,,,,,,,,,,,,TRAPEZOIDAL,ResidualFacetWithBulb,No,8.09,3.15,,,,,,,,,,,,9.68,,16.79,,4.22,0.68,,N
176,LIK,XVI,P5,,,Quartzite,0%,,Flake,Fragment,,,,,,,,,,,,,,,,,,,,,,Yes,Hertzian,Step,,,,,,,,,,,,,RECTANGULAR,NotPrepared,Yes,19.39,6.2,,,,,,,,,,,,25.73,,21.66,,9.88,6.09,,N
1773,LIK,V,N4c-021,,,Opaline/CCS,0%,,Flake,Complete,,,,,,,,,,,,,,,,,,,,,,Yes,Hertzian,Overshot,,,,,,,,,,,,,RECTANGULAR,NotPrepared,No,5.57,1.59,Main,,,,,,,,,,,26.28,26.28,14.34,13.91,5.91,2.23,,N
1774,LIK,V,N4c-021,,,Opaline/CCS,0%,,Flake,Mesial,,,,,,,,,,,,,,,,,,,,,,No,,Indeterminate,,,,,,,,,,,,,TRAPEZOIDAL,,,,,,,,,,,,,,,,25.22,,19.36,,5.68,1.84,,N
1775,LIK,V,N4c-021,,,Opaline/CCS,0%,,Flake,Complete,,,,,,,,,,,,,,,,,,,,,,Yes,Hertzian,Feather,,,,,,,,,,,,,RECTANGULAR,NotPrepared,No,10.79,3.07,Main,,,,,,,,,,,19.83,19.82,23.16,22.72,6.16,3.23,,N
1776,LIK,V,N4c-021,,,Opaline/CCS,0%,,Flake,Complete,,,,,,,,,,,,,,,,,,,,,,Yes,Hertzian,Overshot,,,,,,,,,,,,,RECTANGULAR,NotPrepared,No,5.16,1.92,Main,,,,,,,,,,,14.68,14.68,13.99,12.37,4.76,1.02,,Y
1777,LIK,V,N4c-021,,,Opaline/CCS,0%,,Core,,Complete,,,,,,,,,,,,,,,,,,,,,,,,,,,,,,,,,,,,,,,,,,Platform,Irregular,Cubic,0%,4,2,0,1,9,5.16,20.38,20.39,6.13,6.12,2.77,0.36,Core-on-flake,N
1778,LIK,V,N4c-021,,,Hornfels,0%,,Flake,Complete,,,,,,,,,,,,,,,,,,,,,,Yes,Hertzian,Feather,,,,,,,,,,,,,RECTANGULAR,NotPrepared,No,9.95,1.94,Main,,,,,,,,,,,11.51,11.52,11.82,11.85,2.26,0.37,,N
1779,LIK,V,N4c-021,,,Hornfels,0%,,Flake,Complete,,,,,,,,,,,,,,,,,,,,,,Yes,Hertzian,Feather,,,,,,,,,,,,,TRIANGULAR,NotPrepared,No,5.12,4.5,Main,,,,,,,,,,,17.19,17.19,4.33,4.31,4.3,0.4,,N
1780,LIK,V,N4c-021,,,Hornfels,0%,,Flake,Complete,,,,,,,,,,,,,,,,,,,,,,Yes,Hertzian,Feather,,,,,,,,,,,,,RECTANGULAR,NotPrepared,No,3.81,1.97,Main,,,,,,,,,,,9.09,9.48,12.56,9.61,1.86,0.23,,N
1781,LIK,V,N4c-021,,,Hornfels,0%,,Flake,Complete,,,,,,,,,,,,,,,,,,,,,,Yes,Hertzian,Feather,,,,,,,,,,,,,OVAL,NotPrepared,No,9.92,1.5,Main,,,,,,,,,,,11.16,10.74,15.58,14.86,2.9,0.39,,N
1782,LIK,V,N4c-021,,,Opaline/CCS,1-10%,Outcrop,Flake,Complete,,,,,,,,,,,,,,,,,,,,,,Yes,Hertzian,Feather,,,,,,,,,,,,,RECTANGULAR,NotPrepared,No,6.16,1.68,Main,,,,,,,,,,,19.14,19.14,10.51,10.5,2.48,0.53,,N
177,LIK,XVI,P5,,,Quartzite,0%,,Flake,Complete,,,,,,,,,,,,,,,,,,,,,,Yes,Hertzian,Bipolar,,,,,,,,,,,,,TRIANGULAR,NotPrepared,No,14.1,7.74,Main,,,,,,,,,,,22.28,17.28,18.35,12.14,6.13,2.78,,N
1783,LIK,V,N4c-021,,,Hornfels,0%,,Flake,Complete,,,,,,,,,,,,,,,,,,,,,,Yes,Hertzian,Feather,,,,,,,,,,,,,RHOMBUS,NotPrepared,No,8.53,3.23,Main,,,,,,,,,,,17.49,13.28,16.64,16.13,2.39,0.73,,N
1784,LIK,V,N4c-021,,,Hornfels,0%,,Flake,Complete,,,,,,,,,,,,,,,,,,,,,,Yes,Hertzian,Feather,,,,,,,,,,,,,TRIANGULAR,NotPrepared,Yes,6.72,2.81,Main,,,,,,,,,,,20.07,20.07,11.72,11.72,4.73,0.92,,N
1785,LIK,V,N4c-021,,,Hornfels,0%,,Flake,Fragment,,,,,,,,,,,,,,,,,,,,,,Yes,Hertzian,Feather,,,,,,,,,,,,,TRIANGULAR,NotPrepared,No,12.7,2.77,,,,,,,,,,,,16.99,,13.98,,4.85,1.1,,N
1786,LIK,V,N4c-021,,,Hornfels,1-10%,Outcrop,Flake,Complete,,,,,,,,,,,,,,,,,,,,,,Yes,Hertzian,Feather,,,,,,,,,,,,,OVAL,NotPrepared,No,7.75,4.53,Main,,,,,,,,,,,22.41,22.41,10.53,10.53,4,1.01,,N
1787,LIK,V,N4c-021,,,Hornfels,0%,,Flake,Distal,,,,,,,,,,,,,,,,,,,,,,No,,Feather,,,,,,,,,,,,,OVAL,,,,,,,,,,,,,,,,20.35,,15.22,,7.65,2.37,,N
1788,LIK,V,N4c-021,,,Hornfels,0%,,Flake,Proximal,,,,,,,,,,,,,,,,,,,,,,Yes,Hertzian,Indeterminate,,,,,,,,,,,,,RHOMBUS,NotPrepared,No,6.25,3,,,,,,,,,,,,17.36,,15.35,,4.04,1.24,,N
1789,LIK,V,N4c-021,,,Hornfels,0%,,Flake,Distal,,,,,,,,,,,,,,,,,,,,,,No,,Feather,,,,,,,,,,,,,RECTANGULAR,,,,,,,,,,,,,,,,17.56,,12.52,,3.37,1.54,,N
1790,LIK,V,N4c-021,,,Hornfels,0%,,Flake,Fragment,,,,,,,,,,,,,,,,,,,,,,Yes,Hertzian,Feather,,,,,,,,,,,,,TRAPEZOIDAL,NotPrepared,No,12.83,3.83,,,,,,,,,,,,14.26,,27.59,,4.38,2.29,,N
1791,LIK,V,N4c-021,,,Hornfels,0%,,Flake,Proximal,,,,,,,,,,,,,,,,,,,,,,Yes,Hertzian,Indeterminate,,,,,,,,,,,,,RECTANGULAR,NotPrepared,No,13.3,5.59,,,,,,,,,,,,24.21,,16.41,,4.11,2.16,,N
1792,LIK,V,N4c-021,,,Hornfels,0%,,Flake,Complete,,,,,,,,,,,,,,,,,,,,,,Yes,Hertzian,Feather,,,,,,,,,,,,,RECTANGULAR,ResidualFacetWithBulb,No,27.01,6.73,Main,,,,,,,,,,,27.22,27.22,26.75,24.28,4.86,5.73,,N
178,LIK,XVI,P5,,,Quartzite,0%,,Flake,Complete,,,,,,,,,,,,,,,,,,,,,,Yes,Hertzian,Step,,,,,,,,,,,,,RECTANGULAR,ResidualFacetWithBulb,No,10.17,6.17,Main,,,,,,,,,,,19.99,16.19,14.3,14.46,5.74,2.03,,N
1793,LIK,V,N4c-021,,,Hornfels,0%,,Flake,Complete,,,,,,,,,,,,,,,,,,,,,,Yes,Hertzian,Feather,,,,,,,,,,,,,TRIANGULAR,NotPrepared,No,15.14,1.7,Main,,,,,,,,,,,45.52,31.06,22.83,18.06,5.78,6.38,,N
1794,LIK,V,M5d-021,,,Opaline/CCS,40-60%,Outcrop,RetouchedTool,Complete,,MinimallyRetouched,MarginalEdgeShaping,Dorsal,4,1678,5.44,1,2.94,1.78,3.19,,,,,,,,,,,,,,Flake,,,,,,,,,,,,OVAL,,,,,Main,,,,,,,,,,,35.35,35.35,20.05,20.93,13.97,10.15,,Y
1795,LIK,V,O6c-022,,,Opaline/CCS,0%,,RetouchedTool,Complete,,MinimallyRetouched,MarginalEdgeShaping,Dorsal,2,34,7.67,1,12.85,10.59,7.95,,,,,,,,,,,,,,Flake,,,,,,,,,,,,RECTANGULAR,,,,,Main,,,,,,,,,,,31.91,31.91,36.37,30.76,11.51,17.77,,Y
1796,LIK,V,N4c-021,,,Hornfels,0%,,Flake,Complete,,,,,,,,,,,,,,,,,,,,,,Yes,Hertzian,Feather,,,,,,,,,,,,,RECTANGULAR,NotPrepared,No,17.68,6.44,Main,,,,,,,,,,,64.28,64.57,39.03,39.03,13.85,40.92,,N
1797,LIK,V,M5c-021,,,Opaline/CCS,0%,,RetouchedTool,Complete,,MinimallyRetouched,MarginalEdgeShaping,Both,6,345678,2.87,1,1.82,3.9,1.42,,,,,,,,,,,,,,Blade,,,,,,,,,,,,OVAL,,,,,Main,,,,,,,,,,,21.53,21.54,10.34,10.34,2.33,0.74,,Y
1798,LIK,XV,O5c,,,Opaline/CCS,0%,,RetouchedTool,Complete,,Side-EndScraper,MarginalEdgeShaping,Dorsal,5,15678,3.01,1,2.84,2.09,2.38,0,0,0,0,0,0,0,0,0,0,,,,Flake,3.54,46.82,54.19,66.16,56.56,29.8,26.01,19.6,2.73,2.64,1.39,,,,0,0,Main,,,,,0,0,0,0,0,0,31.75,31.75,20.15,20.15,3.41,2.78,,Y
1799,LIK,XV,P5c,,,Opaline/CCS,0%,,RetouchedTool,Complete,,Side-EndScraper,MarginalEdgeShaping,Dorsal,6,345678,2.91,1,4.09,3.8,1.56,,,,,,,,,,,,,,Flake,4.68,48.83,50.73,59.04,49.59,22.44,27.71,14.79,1.62,3.08,4.46,,,,,,Main,,,,,,,,,,,21.28,21.26,17.29,16.43,4.42,2.48,,Y
1800,LIK,XV,P5,,,Opaline/CCS,0%,,RetouchedTool,Complete,,EndScraper,MarginalEdgeShaping,Dorsal,2,56,5.15,1,2.49,3.7,3.63,,,,,,,,,,,,,,Flake,4.9,12.16,62.74,50.91,52.13,28.3,26.72,26.96,1.78,2.62,3.98,,,,,,Main,,,,,,,,,,,18.3,18.3,13.37,13.37,3.42,1.18,,Y
1801,LIK,XIV,P4,,,Opaline/CCS,0%,,RetouchedTool,Complete,,EndScraper,MarginalEdgeShaping,Dorsal,2,56,3.3,1,2.92,3.68,3.25,,,,,,,,,,,,,,Flake,3.41,15.28,53.77,77.66,68.02,20.64,18.37,17.33,1.83,3.62,2.55,,,,,,Main,,,,,,,,,,,22.87,22.87,17.49,15.32,3.35,1.62,,Y
1802,LIK,XIV,P4,,,Opaline/CCS,0%,,RetouchedTool,Complete,,EndScraper,MarginalEdgeShaping,Dorsal,2,56,2.48,1,2.7,2.58,1.81,,,,,,,,,,,,,,Flake,3.41,14.39,66.55,79.21,85.91,35.41,17.99,32.27,2.28,2.13,2.14,,,,,,Main,,,,,,,,,,,16.57,16.57,14.08,14.08,2.94,0.79,,Y
18,LIK,XVII,O5a,,,Opaline/CCS,0%,,Flake,Complete,,,,,,,,,,,,,,,,,,,,,,Yes,Hertzian,Feather,,,,,,,,,,,,,RECTANGULAR,FacetWithBulb,No,3.46,0.88,Main,,,,,,,,,,,5.83,5.81,4.72,4.43,0.58,0.03,,N
179,LIK,XVI,P5,,,Quartzite,0%,,Flake,Complete,,,,,,,,,,,,,,,,,,,,,,Yes,Hertzian,Feather,,,,,,,,,,,,,RECTANGULAR,FacetWithBulb,No,15.9,5.69,Main,,,,,,,,,,,22.8,22.81,52.64,49.74,7.01,7.68,,N
1803,LIK,XIV,P4,,,Opaline/CCS,0%,,RetouchedTool,Complete,,EndScraper,MarginalEdgeShaping,Dorsal,2,56,3.72,1,2,3.32,2.75,,,,,,,,,,,,,,Flake,4.88,13.61,51.29,73.85,62.82,23.41,35.19,30.64,2.19,3.92,2.47,,,,,,Main,,,,,,,,,,,12.15,12.15,13.59,13.59,4.35,0.82,,Y
1804,LIK,XIV,P4,,,Opaline/CCS,0%,,RetouchedTool,Complete,,EndScraper,MarginalEdgeShaping,Dorsal,2,56,1.83,1,1.22,2.19,1.99,,,,,,,,,,,,,,Blade,2.31,11.96,85.24,81.55,64.08,27.59,42.25,23.24,1.06,1.93,1.66,,,,,,Main,,,,,,,,,,,24.8,24.8,12.25,12.25,2.26,0.83,,Y
1805,LIK,XIV,P4,,,Opaline/CCS,0%,,RetouchedTool,Complete,,EndScraper,MarginalEdgeShaping,Dorsal,2,56,4.04,1,1.87,4.27,4.41,,,,,,,,,,,,,,Flake,4.73,15.23,36.78,57.54,62.59,27.57,28.73,35,2.62,4.11,4.18,,,,,,Main,,,,,,,,,,,19.25,19.25,15.18,14.16,4.72,1.5,,Y
1806,LIK,XIV,P4,,,Opaline/CCS,0%,,RetouchedTool,Distal,,EndScraper,MarginalEdgeShaping,Dorsal,4,4567,2.85,1,1.22,1.25,1.94,,,,,,,,,,,,,,Flake,2.02,14.26,64.9,52.65,55.49,25.02,12.04,20.37,2.1,0.82,2.03,,,,,,,,,,,,,,,,,13.07,,14.42,,0.98,0.3,,N
1807,LIK,XIV,P4,,,Siltstone,0%,,RetouchedTool,Distal,,SideScraper,MarginalEdgeShaping,Dorsal,3,678,3.39,1,1.15,3,3.5,,,,,,,,,,,,,,Flake,4.19,32.18,51.53,32.14,51.03,9.41,14.12,17.8,1.34,2.64,2.93,,,,,,,,,,,,,,,,,27.91,,34.84,,3.75,5.14,,Y
1808,LIK,XIV,O4c,,,Opaline/CCS,0%,,RetouchedTool,Distal,,EndScraper,MarginalEdgeShaping,Dorsal,4,4567,2.34,1,1.87,2.09,2.08,,,,,,,,,,,,,,Flake,1.93,13.5,59.04,63.72,60.2,28.38,17.39,20.94,2.22,1.65,1.67,,,,,,,,,,,,,,,,,8.63,,15.44,,1.14,0.27,,Y
1809,LIK,XIV,O5c,,,Opaline/CCS,0%,,RetouchedTool,Complete,,EndScraper,MarginalEdgeShaping,Dorsal,2,56,1.77,1,1.58,1.9,2.37,0,0,0,0,0,0,0,0,0,0,,,,Flake,7.01,19.6,58.93,71.42,78.81,17.78,13.79,19.05,1.44,1.99,2.19,,,,0,0,Main,,,,,0,0,0,0,0,0,27.64,27.64,19.23,19.23,7.1,3.62,,Y
1810,LIK,XIII,P4,,,Opaline/CCS,0%,,RetouchedTool,Complete,,EndScraper,MarginalEdgeShaping,Dorsal,2,56,3.3,1,2.32,3.13,3.27,,,,,,,,,,,,,,Flake,3.76,13.18,47.53,70.16,74.82,19.31,20.64,13.27,2.52,2.52,2.11,,,,,,Main,,,,,,,,,,,21.26,21.29,14.35,12.42,3.08,1.21,,Y
1811,LIK,XIII,P4,,,Opaline/CCS,0%,,RetouchedTool,Complete,,Side-EndScraper,MarginalEdgeShaping,Dorsal,3,456,6.09,1,1.93,4.55,5.99,,,,,,,,,,,,,,Flake,5.98,16.7,71.44,81.87,63.68,33.37,18.07,11.05,1.99,2.45,5.56,,,,,,Main,,,,,,,,,,,23.14,23.14,15.27,15.27,5.86,2.47,,Y
1812,LIK,XIII,P4,,,Opaline/CCS,0%,,RetouchedTool,Fragment,,EndScraper,MarginalEdgeShaping,Dorsal,2,56,7.14,1,2.63,6.97,7.5,,,,,,,,,,,,,,Flake,8.16,15.64,71.23,79.7,76.16,48.3,42.42,28.08,1.76,5.54,6.17,,,,,,,,,,,,,,,,,24.43,,14.89,,7.52,3.37,,Y
180,LIK,XVI,P5,,,Quartzite,0%,,Flake,Complete,,,,,,,,,,,,,,,,,,,,,,Yes,Hertzian,Feather,,,,,,,,,,,,,TRAPEZOIDAL,NotPrepared,No,48.14,8.27,Main,,,,,,,,,,,15.12,14.86,48.98,40.42,7.73,6.9,,N
1813,LIK,XIII,P4,,,Opaline/CCS,0%,,RetouchedTool,Fragment,,EndScraper,MarginalEdgeShaping,Dorsal,1,6,3.15,1,1.1,2.13,3.41,,,,,,,,,,,,,,Flake,3.19,6.28,40.42,35.67,51.9,28.03,19.54,20.53,3.13,2.8,2.8,,,,,,,,,,,,,,,,,21.64,,14.2,,1.69,1.14,Distal end broke where likely retouched,Y
1814,LIK,XIII,P5,,,Opaline/CCS,0%,,RetouchedTool,Distal,,EndScraper,MarginalEdgeShaping,Dorsal,3,456,3.2,1,0.72,2.48,3.08,,,,,,,,,,,,,,Flake,3.4,11.76,65.52,56.14,71.06,28.95,29.65,39.28,2.08,2.51,3.53,,,,,,,,,,,,,,,,,8.49,,12.4,,3.44,0.47,,Y
1815,LIK,XIII,P5,,,Opaline/CCS,0%,,RetouchedTool,Distal,,EndScraper,MarginalEdgeShaping,Dorsal,2,56,3.61,1,1.62,2.19,2.3,,,,,,,,,,,,,,Flake,2.92,11.07,55.3,65.56,67.44,22.01,16,32.17,2.16,2.2,2.07,,,,,,,,,,,,,,,,,14.83,,13.34,,2.85,0.7,,Y
1816,LIK,XIII,P5,,,Opaline/CCS,0%,,RetouchedTool,Complete,,EndScraper,MarginalEdgeShaping,Dorsal,2,56,2.43,1,1.3,2.74,1.67,,,,,,,,,,,,,,Flake,2.87,13.95,56.13,47.05,53.28,20.18,26.18,26.31,1.17,2.94,1.73,,,,,,Main,,,,,,,,,,,17.49,17.49,15.86,14.78,2.63,0.92,,Y
1817,LIK,XIII,P5,,,Opaline/CCS,0%,,RetouchedTool,Fragment,,EndScraper,MarginalEdgeShaping,Dorsal,4,4567,3.04,1,3.21,3.94,3.58,,,,,,,,,,,,,,Flake,6.08,25.72,57.05,72.6,85.44,23.44,35.5,40.54,2.35,2.86,2.37,,,,,,,,,,,,,,,,,15.9,,23.81,,5.72,2.59,,Y
1818,LIK,XIII,P4,,,Opaline/CCS,0%,,RetouchedTool,Complete,,Side-EndScraper,MarginalEdgeShaping,Dorsal,4,3456,3.99,1,2.52,2.89,3.53,,,,,,,,,,,,,,Flake,3.87,26.42,34.41,83.54,81.28,18.39,34.84,41.93,3.06,2.22,3.85,,,,,,Main,,,,,,,,,,,17.34,17.33,15.65,15.65,3.01,1.29,,Y
1819,LIK,XIII,P4,,,Opaline/CCS,0%,,RetouchedTool,Complete,,Side-EndScraper,MarginalEdgeShaping,Dorsal,4,3456,5.03,1,3.32,4.45,4.91,,,,,,,,,,,,,,Flake,6.91,28.53,78.78,71.47,68.86,39.71,31.59,42.53,3.28,4.89,3.57,,,,,,Main,,,,,,,,,,,20.03,18.7,17.62,16.74,5.5,2.48,,Y
1820,LIK,XIII,P4,,,Opaline/CCS,0%,,RetouchedTool,Distal,,EndScraper,MarginalEdgeShaping,Dorsal,4,4567,2.69,1,2.62,2.85,1.95,,,,,,,,,,,,,,Flake,2.74,13.05,72.08,82.2,79.81,47.66,40.52,38.54,2.34,2.93,2.19,,,,,,,,,,,,,,,,,6.32,,11.55,,2.17,0.22,,Y
1821,LIK,XIII,P5,,,Opaline/CCS,0%,,RetouchedTool,Distal,,EndScraper,MarginalEdgeShaping,Dorsal,2,56,1.98,1,1.73,2.02,1.53,,,,,,,,,,,,,,Flake,3.02,7.9,32.8,85.91,66.06,26.73,31.4,42.59,1.8,1.64,2.3,,,,,,,,,,,,,,,,,12.34,,13.37,,2.72,0.56,,Y
1822,LIK,XII,O4d-042,,,Opaline/CCS,0%,,Flake,Mesial,,,,,,,,,,,,,,,,,,,,,,No,,Indeterminate,,,,,,,,,,,,,RECTANGULAR,,,,,,,,,,,,,,,,7.68,,14,,1.63,1.75,,N
181,LIK,XVI,P5,,,Quartzite,0%,,Flake,Proximal,,,,,,,,,,,,,,,,,,,,,,Yes,Hertzian,Indeterminate,,,,,,,,,,,,,TRAPEZOIDAL,ResidualFacetWithBulb,No,14.78,5.43,,,,,,,,,,,,32.11,,41.46,,5.4,9.07,,N
1823,LIK,XII,O4d-042,,,Opaline/CCS,0%,,Flake,Distal,,,,,,,,,,,,,,,,,,,,,,No,,Feather,,,,,,,,,,,,,RECTANGULAR,,,,,,,,,,,,,,,,5.27,,13.03,,1.18,0.3,,N
1824,LIK,XII,O4d-042,,,Opaline/CCS,0%,,Flake,Mesial,,,,,,,,,,,,,,,,,,,,,,No,,Indeterminate,,,,,,,,,,,,,TRAPEZOIDAL,,,,,,,,,,,,,,,,21.21,,17.64,,3.67,12.7,,N
1825,LIK,XII,O4d-042,,,Opaline/CCS,1-10%,Outcrop,Flake,Complete,,,,,,,,,,,,,,,,,,,,,,Yes,Hertzian,Feather,,,,,,,,,,,,,TRIANGULAR,NotPrepared,Yes,7.42,2.88,Main,,,,,,,,,,,27.88,25.55,15.73,15.43,1.29,7.6,,N
1826,LIK,XII,O4d-042,,,Opaline/CCS,0%,,Flake,Complete,,,,,,,,,,,,,,,,,,,,,,Yes,Hertzian,Feather,,,,,,,,,,,,,RECTANGULAR,NotPrepared,No,4.74,1.87,Main,,,,,,,,,,,26.23,26.33,10.04,10.04,3.23,4.4,,N
1827,LIK,XII,O4d-042,,,Opaline/CCS,0%,,Flake,Mesial,,,,,,,,,,,,,,,,,,,,,,No,,Indeterminate,,,,,,,,,,,,,TRAPEZOIDAL,,,,,,,,,,,,,,,,18.78,,21,,3.01,15.8,,N
1828,LIK,XII,O4d-042,,,Opaline/CCS,0%,,Flake,Distal,,,,,,,,,,,,,,,,,,,,,,No,,Feather,,,,,,,,,,,,,TRIANGULAR,,,,,,,,,,,,,,,,36.68,,23.09,,10.63,42.4,,N
1829,LIK,XII,O4d-042,,,Hornfels,0%,,Flake,Complete,,,,,,,,,,,,,,,,,,,,,,Yes,Hertzian,Feather,,,,,,,,,,,,,TRAPEZOIDAL,NotPrepared,No,5.5,2.14,Main,,,,,,,,,,,9.25,9.27,15.66,9.89,2.56,2,,N
1830,LIK,XII,O4d-042,,,Hornfels,0%,,Core,,Complete,,,,,,,,,,,,,,,,,,,,,,,,,,,,,,,,,,,,,,,,,,Platform,Irregular,Cubic,0%,3,3,3,4,3,15.78,68.33,68.33,30.99,31,22.01,386.65,,N
1831,LIK,XII,O4d-042,,,Opaline/CCS,0%,,Flake,Complete,,,,,,,,,,,,,,,,,,,,,,Yes,Hertzian,Feather,,,,,,,,,,,,,KITE,NotPrepared,No,4.16,1.48,Main,,,,,,,,,,,22.76,22.76,11.69,11.67,2.51,2.95,,N
1832,LIK,XIII,O5a-042,,,Opaline/CCS,0%,,Flake,Complete,,,,,,,,,,,,,,,,,,,,,,Yes,Hertzian,Feather,,,,,,,,,,,,,RECTANGULAR,NotPrepared,No,10.1,3.12,Main,,,,,,,,,,,8.22,6.19,8.98,8.98,0.65,0.6,,N
182,LIK,XVI,P5,,,Tuff,0%,,Flake,Proximal,,,,,,,,,,,,,,,,,,,,,,Yes,Hertzian,Indeterminate,,,,,,,,,,,,,TRAPEZOIDAL,NotPrepared,No,8.47,1.66,,,,,,,,,,,,18.39,,22.11,,2.42,1.18,,N
1833,LIK,XII,O5a-042,,,Opaline/CCS,0%,,Flake,Distal,,,,,,,,,,,,,,,,,,,,,,No,,Feather,,,,,,,,,,,,,RECTANGULAR,,,,,,,,,,,,,,,,15.87,,5.31,,1.32,0.11,,N
1834,LIK,XII,O5a-042,,,Opaline/CCS,0%,,Flake,Proximal,,,,,,,,,,,,,,,,,,,,,,Yes,Hertzian,Indeterminate,,,,,,,,,,,,,TRAPEZOIDAL,NotPrepared,No,2.14,0.67,,,,,,,,,,,,10.37,,12.85,,1.74,0.18,,N
1835,LIK,XII,O5a-042,,,Opaline/CCS,0%,,Flake,Mesial,,,,,,,,,,,,,,,,,,,,,,No,,Indeterminate,,,,,,,,,,,,,RECTANGULAR,,,,,,,,,,,,,,,,10.78,,9.04,,1.42,0.26,,N
1836,LIK,XII,O5a-042,,,Opaline/CCS,0%,,Flake,Complete,,,,,,,,,,,,,,,,,,,,,,Yes,Hertzian,Feather,,,,,,,,,,,,,RECTANGULAR,NotPrepared,No,4.12,0.94,Main,,,,,,,,,,,15.4,15.27,14.67,10.75,3.09,0.48,,N
1837,LIK,XII,O5a-042,,,Opaline/CCS,0%,,Flake,Proximal,,,,,,,,,,,,,,,,,,,,,,Yes,Hertzian,Indeterminate,,,,,,,,,,,,,RHOMBUS,NotPrepared,No,21.21,6.68,,,,,,,,,,,,20.75,,46.22,,11.01,11.33,,N
1838,LIK,XII,O5a-042,,,Quartzite,0%,,Flake,Proximal,,,,,,,,,,,,,,,,,,,,,,Yes,Hertzian,Indeterminate,,,,,,,,,,,,,RECTANGULAR,NotPrepared,No,13.81,4.1,,,,,,,,,,,,14.53,,19.74,,3.95,0.97,,N
1839,LIK,XII,O5a-042,,,Quartzite,0%,,Flake,Complete,,,,,,,,,,,,,,,,,,,,,,Yes,Hertzian,Feather,,,,,,,,,,,,,OVAL,NotPrepared,No,13.93,2.26,Main,,,,,,,,,,,26.87,26.87,35.99,31.12,6.14,5.11,,N
1840,LIK,XII,O5a-042,,,Quartzite,0%,,Flake,Complete,,,,,,,,,,,,,,,,,,,,,,Yes,Hertzian,Feather,,,,,,,,,,,,,RECTANGULAR,ResidualFacetWithBulb,No,26.1,6.36,Main,,,,,,,,,,,26.69,26.69,31.33,31.33,6.95,7.65,,N
1841,LIK,XII,O5a-042,,,Hornfels,0%,,Flake,Complete,,,,,,,,,,,,,,,,,,,,,,Yes,Hertzian,Feather,,,,,,,,,,,,,TRAPEZOIDAL,NotPrepared,No,8.08,2.87,Main,,,,,,,,,,,21.57,21.69,53.49,35.9,9.43,9.58,,N
1842,LIK,XII,O5a-042,,,Hornfels,0%,,Flake,Distal,,,,,,,,,,,,,,,,,,,,,,No,,Feather,,,,,,,,,,,,,TRIANGULAR,,,,,,,,,,,,,,,,13.03,,9.13,,1.22,0.08,,N
183,LIK,XVI,P5,,,Tuff,0%,,Flake,Distal,,,,,,,,,,,,,,,,,,,,,,No,,Feather,,,,,,,,,,,,,RECTANGULAR,,,,,,,,,,,,,,,,9.51,,13.67,,1.55,0.25,,N
1843,LIK,XII,O5a-042,,,Hornfels,0%,,Flake,Complete,,,,,,,,,,,,,,,,,,,,,,Yes,Hertzian,Feather,,,,,,,,,,,,,KITE,NotPrepared,No,6.39,1.57,Main,,,,,,,,,,,9.46,9.52,15.46,13.24,1.46,0.26,,N
1844,LIK,XII,O4c-042,,,Opaline/CCS,0%,,Flake,Distal,,,,,,,,,,,,,,,,,,,,,,No,,Feather,,,,,,,,,,,,,RECTANGULAR,,,,,,,,,,,,,,,,10.93,,6.53,,1.11,0.08,,N
1845,LIK,XII,O4c-042,,,Opaline/CCS,0%,,Flake,Complete,,,,,,,,,,,,,,,,,,,,,,Yes,Bending,Feather,,,,,,,,,,,,,RECTANGULAR,NotPrepared,No,7.33,5.27,Main,,,,,,,,,,,12.18,12.18,7.41,6.67,1.71,0.1,,N
1846,LIK,XII,O4c-042,,,Opaline/CCS,0%,,Flake,Complete,,,,,,,,,,,,,,,,,,,,,,Yes,Hertzian,Feather,,,,,,,,,,,,,RECTANGULAR,NotPrepared,No,3.83,1.67,Main,,,,,,,,,,,12.8,9.77,11.54,11.2,1.46,0.15,,N
1847,LIK,XII,O4c-042,,,Opaline/CCS,0%,,Flake,Distal,,,,,,,,,,,,,,,,,,,,,,No,,Feather,,,,,,,,,,,,,RECTANGULAR,,,,,,,,,,,,,,,,10.62,,9.4,,2.92,0.32,,N
1848,LIK,XII,O4c-042,,,Opaline/CCS,0%,,Flake,Complete,,,,,,,,,,,,,,,,,,,,,,Yes,Bending,Step,,,,,,,,,,,,,RECTANGULAR,NotPrepared,No,8.54,3.73,Main,,,,,,,,,,,18.86,19.19,10.54,9.16,3,0.77,,N
1849,LIK,XII,O4c-042,,,Opaline/CCS,0%,,Flake,Complete,,,,,,,,,,,,,,,,,,,,,,Yes,Hertzian,Overshot,,,,,,,,,,,,,RECTANGULAR,NotPrepared,No,6.91,2.63,Main,,,,,,,,,,,25.42,25.34,15.83,14.65,3.82,1.58,,N
1850,LIK,XII,O4c-042,,,Opaline/CCS,0%,,Flake,Distal,,,,,,,,,,,,,,,,,,,,,,No,,Feather,,,,,,,,,,,,,TRIANGULAR,,,,,,,,,,,,,,,,14.23,,18.31,,4.05,0.85,,N
1851,LIK,XII,O4c-042,,,Opaline/CCS,0%,,Flake,Proximal,,,,,,,,,,,,,,,,,,,,,,Yes,Hertzian,Indeterminate,,,,,,,,,,,,,RECTANGULAR,NotPrepared,No,4.76,0.93,,,,,,,,,,,,17.18,,19.26,,2.42,0.71,,N
1852,LIK,XII,O4c-042,,,Opaline/CCS,0%,,Flake,Distal,,,,,,,,,,,,,,,,,,,,,,No,,Feather,,,,,,,,,,,,,OVAL,,,,,,,,,,,,,,,,8.69,,12.96,,1.48,0.17,,N
184,LIK,XVI,P5,,,Tuff,0%,,Flake,Complete,,,,,,,,,,,,,,,,,,,,,,Yes,Hertzian,Feather,,,,,,,,,,,,,RECTANGULAR,NotPrepared,No,3.32,0.95,Main,,,,,,,,,,,11.78,11.79,3.39,3.39,1.23,0.08,,Y
1853,LIK,XII,O4c-042,,,Opaline/CCS,0%,,Flake,Fragment,,,,,,,,,,,,,,,,,,,,,,No,,Feather,,,,,,,,,,,,,OVAL,,,,,,,,,,,,,,,,8.56,,10.63,,1,0.18,,Y
1854,LIK,XII,O4c-042,,,Opaline/CCS,0%,,Flake,Complete,,,,,,,,,,,,,,,,,,,,,,Yes,Hertzian,Feather,,,,,,,,,,,,,TRIANGULAR,NotPrepared,No,5.75,1.26,Main,,,,,,,,,,,15.79,10.71,14.25,14.25,1.21,0.23,,N
1855,LIK,XII,O4c-042,,,Opaline/CCS,0%,,Flake,Complete,,,,,,,,,,,,,,,,,,,,,,Yes,Hertzian,Feather,,,,,,,,,,,,,OVAL,NotPrepared,No,4.13,1.87,Main,,,,,,,,,,,16.71,16.92,8.72,8.72,1.43,0.26,,N
1856,LIK,XII,O4c-042,,,Opaline/CCS,0%,,Flake,Mesial,,,,,,,,,,,,,,,,,,,,,,No,,Indeterminate,,,,,,,,,,,,,RECTANGULAR,,,,,,,,,,,,,,,,10.67,,19.84,,3.09,0.68,,N
1857,LIK,XII,O4c-042,,,Opaline/CCS,0%,,Flake,Complete,,,,,,,,,,,,,,,,,,,,,,Yes,Hertzian,Feather,,,,,,,,,,,,,RECTANGULAR,ResidualFacetWithBulb,No,5.43,2.35,Main,,,,,,,,,,,20.15,20.15,12.5,12.51,2.11,0.67,,N
1858,LIK,XII,O4c-042,,,Opaline/CCS,0%,,Flake,Proximal,,,,,,,,,,,,,,,,,,,,,,Yes,Hertzian,Indeterminate,,,,,,,,,,,,,RECTANGULAR,NotPrepared,No,12.37,4.2,,,,,,,,,,,,20.42,,16.29,,5.16,2.61,,N
1859,LIK,XII,O4c-042,,,Opaline/CCS,0%,,Flake,Complete,,,,,,,,,,,,,,,,,,,,,,Yes,Hertzian,Feather,,,,,,,,,,,,,TRIANGULAR,NotPrepared,No,19.44,9.29,Main,,,,,,,,,,,24.67,24.67,18.53,16.53,9.99,4.22,,N
1860,LIK,XII,O4c-042,,,Opaline/CCS,0%,,Flake,Complete,,,,,,,,,,,,,,,,,,,,,,Yes,Hertzian,Feather,,,,,,,,,,,,,OVAL,NotPrepared,No,6.24,4.78,Main,,,,,,,,,,,46.19,34.09,19.33,19.27,8.17,6.49,,N
1861,LIK,XII,O4c-042,,,Basalt,0%,,Flake,Proximal,,,,,,,,,,,,,,,,,,,,,,Yes,Hertzian,Indeterminate,,,,,,,,,,,,,TRAPEZOIDAL,NotPrepared,No,12.8,4.46,,,,,,,,,,,,15.79,,31.85,,6.16,3.07,,N
1862,LIK,XII,O4c-042,,,Basalt,0%,,Flake,Distal,,,,,,,,,,,,,,,,,,,,,,No,,Feather,,,,,,,,,,,,,RECTANGULAR,,,,,,,,,,,,,,,,15.73,,26.33,,3.47,1.6,,N
185,LIK,XVI,P5,,,Tuff,0%,,Flake,Distal,,,,,,,,,,,,,,,,,,,,,,No,,Feather,,,,,,,,,,,,,RECTANGULAR,,,,,,,,,,,,,,,,10.02,,9.8,,0.96,0.17,,N
1863,LIK,XII,O4c-042,,,Hornfels,0%,,Flake,Complete,,,,,,,,,,,,,,,,,,,,,,Yes,Hertzian,Feather,,,,,,,,,,,,,OVAL,NotPrepared,No,5.21,1.26,Main,,,,,,,,,,,9.16,9,9.53,9.53,1.07,0.09,,N
1864,LIK,XII,O4c-042,,,Hornfels,0%,,Flake,Complete,,,,,,,,,,,,,,,,,,,,,,Yes,Hertzian,Feather,,,,,,,,,,,,,TRIANGULAR,ResidualFacetWithBulb,No,10.69,3.33,Main,,,,,,,,,,,13.92,13.42,13.81,13.54,1.94,0.53,,N
1865,LIK,XII,O4c-042,,,Hornfels,0%,,Flake,Complete,,,,,,,,,,,,,,,,,,,,,,Yes,Hertzian,Overshot,,,,,,,,,,,,,RECTANGULAR,ResidualFacetWithBulb,No,13.74,9.13,Main,,,,,,,,,,,29.16,29.12,15.45,15.45,7.16,3.41,,N
1866,LIK,XII,O4c-042,,,Hornfels,0%,,Flake,Distal,,,,,,,,,,,,,,,,,,,,,,No,,Feather,,,,,,,,,,,,,RECTANGULAR,,,,,,,,,,,,,,,,22.09,,27.23,,4.36,3.26,,N
1867,LIK,XII,O4c-042,,,Opaline/CCS,0%,,Core,,Complete,,,,,,,,,,,,,,,,,,,,,,,,,,,,,,,,,,,,,,,,,,Platform,Irregular,Cubic,0%,4,3,3,8,7,34.65,51.25,51.35,45.03,45.03,26.5,98.58,,N
1868,LIK,XII,P5-042,,,Opaline/CCS,0%,,Flake,Mesial,,,,,,,,,,,,,,,,,,,,,,No,,Indeterminate,,,,,,,,,,,,,TRIANGULAR,,,,,,,,,,,,,,,,8.44,,11.7,,5.38,0.53,,N
1869,LIK,XII,P5-042,,,Opaline/CCS,0%,,Flake,Distal,,,,,,,,,,,,,,,,,,,,,,No,,Feather,,,,,,,,,,,,,TRIANGULAR,,,,,,,,,,,,,,,,10.02,,11.57,,2.49,0.29,,N
1870,LIK,XII,P5-042,,,Opaline/CCS,0%,,Flake,Complete,,,,,,,,,,,,,,,,,,,,,,Yes,Hertzian,Feather,,,,,,,,,,,,,TRIANGULAR,ResidualFacetWithBulb,No,11.16,4.44,Main,,,,,,,,,,,13.87,14.62,11.07,11.07,3.04,0.43,,N
1871,LIK,XII,P5-042,,,Opaline/CCS,0%,,Flake,Distal,,,,,,,,,,,,,,,,,,,,,,No,,Feather,,,,,,,,,,,,,RECTANGULAR,,,,,,,,,,,,,,,,12.09,,11.96,,1.34,0.3,,N
1872,LIK,XII,P5-042,,,Opaline/CCS,0%,,Flake,Distal,,,,,,,,,,,,,,,,,,,,,,No,,Feather,,,,,,,,,,,,,TRIANGULAR,,,,,,,,,,,,,,,,13.08,,8.48,,1.37,0.1,,N
186,LIK,XVI,P5,,,Tuff,0%,,Flake,Complete,,,,,,,,,,,,,,,,,,,,,,Yes,Hertzian,Feather,,,,,,,,,,,,,CIRCULAR,NotPrepared,No,5.99,1.29,Main,,,,,,,,,,,9.72,9.72,10.77,9.79,0.99,0.17,,Y
1873,LIK,XII,P5-042,,,Opaline/CCS,0%,,Flake,Mesial,,,,,,,,,,,,,,,,,,,,,,No,,Indeterminate,,,,,,,,,,,,,RECTANGULAR,,,,,,,,,,,,,,,,6.07,,8.82,,4.26,0.35,,N
1874,LIK,XII,P5-042,,,Opaline/CCS,0%,,Flake,Proximal,,,,,,,,,,,,,,,,,,,,,,Yes,Hertzian,Indeterminate,,,,,,,,,,,,,TRIANGULAR,NotPrepared,No,23.7,2.12,,,,,,,,,,,,6.86,,23.7,,1.75,0.36,,N
1875,LIK,XII,P5-042,,,Opaline/CCS,0%,,Flake,Complete,,,,,,,,,,,,,,,,,,,,,,Yes,Hertzian,Feather,,,,,,,,,,,,,RECTANGULAR,Indeterminate,No,5.11,2.25,Main,,,,,,,,,,,19.08,18.46,20.27,20.27,3.11,1.53,,N
1876,LIK,XII,P5-042,,,Opaline/CCS,0%,,Flake,Complete,,,,,,,,,,,,,,,,,,,,,,Yes,Hertzian,Step,,,,,,,,,,,,,RECTANGULAR,NotPrepared,No,14.4,2.88,Main,,,,,,,,,,,12.98,12.98,17.87,16.56,3.73,1.03,,N
1877,LIK,XII,P5-042,,,Opaline/CCS,0%,,Flake,Proximal,,,,,,,,,,,,,,,,,,,,,,Yes,Bending,Indeterminate,,,,,,,,,,,,,RECTANGULAR,NotPrepared,No,11.86,2.19,,,,,,,,,,,,10.79,,16,,1.66,0.39,,N
1878,LIK,XII,P5-042,,,Opaline/CCS,0%,,Flake,Complete,,,,,,,,,,,,,,,,,,,,,,Yes,Hertzian,Feather,,,,,,,,,,,,,RECTANGULAR,Indeterminate,No,2.75,1.68,Main,,,,,,,,,,,20.36,20.36,8.16,8.16,2.07,0.25,,N
1879,LIK,XII,P5-042,,,Opaline/CCS,0%,,Flake,Proximal,,,,,,,,,,,,,,,,,,,,,,Yes,Hertzian,Indeterminate,,,,,,,,,,,,,RECTANGULAR,Indeterminate,No,4.48,1.87,,,,,,,,,,,,14.79,,10.74,,1.91,0.28,,N
1880,LIK,XII,P5-042,,,Opaline/CCS,0%,,Flake,Proximal,,,,,,,,,,,,,,,,,,,,,,Yes,Hertzian,Indeterminate,,,,,,,,,,,,,TRIANGULAR,NotPrepared,No,13.41,4.69,,,,,,,,,,,,7.97,,13.17,,6.44,0.77,,N
1881,LIK,XII,P5-042,,,Opaline/CCS,0%,,Flake,Complete,,,,,,,,,,,,,,,,,,,,,,Yes,Hertzian,Feather,,,,,,,,,,,,,RECTANGULAR,NotPrepared,No,2.85,1.57,Main,,,,,,,,,,,11.59,10,12.14,12.14,0.63,0.19,,N
1882,LIK,XII,P5-042,,,Opaline/CCS,0%,,Flake,Complete,,,,,,,,,,,,,,,,,,,,,,Yes,Hertzian,Feather,,,,,,,,,,,,,RECTANGULAR,NotPrepared,No,5.86,2.37,Main,,,,,,,,,,,24.51,24.51,15.71,13.44,2.71,1.15,,N
187,LIK,XVI,P5,,,Tuff,0%,,Flake,Distal,,,,,,,,,,,,,,,,,,,,,,No,,Feather,,,,,,,,,,,,,CIRCULAR,,,,,,,,,,,,,,,,12.33,,11.35,,0.89,0.11,,N
1883,LIK,XII,P5-042,,,Opaline/CCS,0%,,Flake,Complete,,,,,,,,,,,,,,,,,,,,,,Yes,Hertzian,Feather,,,,,,,,,,,,,TRIANGULAR,NotPrepared,No,6.17,2.29,Main,,,,,,,,,,,16.1,16.1,20.19,20.19,2.67,0.85,,N
1884,LIK,XII,P5-042,,,Opaline/CCS,0%,,Flake,Complete,,,,,,,,,,,,,,,,,,,,,,Yes,Hertzian,Overshot,,,,,,,,,,,,,RECTANGULAR,NotPrepared,No,5.31,2.66,CoreMaintenance,,,,,,,,,,,21.12,21.17,11.76,11.76,4.8,1.66,,N
1885,LIK,XII,P5-042,,,Opaline/CCS,0%,,Flake,Complete,,,,,,,,,,,,,,,,,,,,,,Yes,Hertzian,Feather,,,,,,,,,,,,,RECTANGULAR,NotPrepared,No,4.86,1.34,Main,,,,,,,,,,,21.02,21.02,7.94,7.94,1.97,0.37,,N
1886,LIK,XII,P5-042,,,Opaline/CCS,0%,,Flake,Complete,,,,,,,,,,,,,,,,,,,,,,Yes,Hertzian,Feather,,,,,,,,,,,,,RECTANGULAR,NotPrepared,No,4.47,1.69,CoreMaintenance,,,,,,,,,,,18.08,18.31,8.33,8.33,1.77,0.31,,N
1887,LIK,XII,P5-042,,,Opaline/CCS,0%,,Flake,Complete,,,,,,,,,,,,,,,,,,,,,,Yes,Hertzian,Feather,,,,,,,,,,,,,RECTANGULAR,ResidualFacetWithBulb,No,8.9,7.12,Main,,,,,,,,,,,28.84,28.84,7.51,7.51,6.39,1.65,,N
1888,LIK,XII,P5-042,,,Opaline/CCS,0%,,Flake,Mesial,,,,,,,,,,,,,,,,,,,,,,No,,Indeterminate,,,,,,,,,,,,,RECTANGULAR,,,,,,,,,,,,,,,,9.21,,13.23,,5.73,0.65,,N
1889,LIK,XII,P5-042,,,Opaline/CCS,0%,,Flake,Distal,,,,,,,,,,,,,,,,,,,,,,No,,Feather,,,,,,,,,,,,,RECTANGULAR,,,,,,,,,,,,,,,,9.93,,11.76,,2.76,0.34,,N
1890,LIK,XII,P5-042,,,Opaline/CCS,0%,,Flake,Complete,,,,,,,,,,,,,,,,,,,,,,Yes,Hertzian,Hinge,,,,,,,,,,,,,TRAPEZOIDAL,NotPrepared,No,10.33,2.1,Main,,,,,,,,,,,12.19,12.19,19.65,19.65,2.76,0.81,,N
1891,LIK,XII,P5-042,,,Opaline/CCS,0%,,Flake,Fragment,,,,,,,,,,,,,,,,,,,,,,No,,Hinge,,,,,,,,,,,,,TRAPEZOIDAL,,,,,,,,,,,,,,,,9.81,,16.21,,3.57,0.62,,N
1892,LIK,XII,P5-042,,,Opaline/CCS,0%,,Flake,Complete,,,,,,,,,,,,,,,,,,,,,,Yes,Bending,Feather,,,,,,,,,,,,,RECTANGULAR,Indeterminate,No,2.55,1.49,Main,,,,,,,,,,,5.46,5.46,14.4,14.39,2.01,0.19,,N
188,LIK,XVI,P5,,,Tuff,0%,,Flake,Distal,,,,,,,,,,,,,,,,,,,,,,No,,Feather,,,,,,,,,,,,,RECTANGULAR,,,,,,,,,,,,,,,,8.16,,15.09,,1.91,0.27,,N
1893,LIK,XII,P5-042,,,Opaline/CCS,0%,,Flake,Complete,,,,,,,,,,,,,,,,,,,,,,Yes,Hertzian,Hinge,,,,,,,,,,,,,RECTANGULAR,Indeterminate,No,3.73,1.1,Main,,,,,,,,,,,11.25,11.25,8.13,6.93,1.35,0.15,,N
1894,LIK,XII,P5-042,,,Opaline/CCS,0%,,Flake,Complete,,,,,,,,,,,,,,,,,,,,,,Yes,Hertzian,Feather,,,,,,,,,,,,,KITE,Indeterminate,No,6.12,1.91,Main,,,,,,,,,,,14.17,14.17,10.47,10.47,4.02,0.61,,N
1895,LIK,XII,P5-042,,,Opaline/CCS,40-60%,Cobble,Flake,Mesial,,,,,,,,,,,,,,,,,,,,,,No,,Feather,,,,,,,,,,,,,OVAL,,,,,,,,,,,,,,,,8.88,,12.25,,2.29,0.23,,N
1896,LIK,XII,P5-042,,,Opaline/CCS,0%,,Flake,Complete,,,,,,,,,,,,,,,,,,,,,,Yes,Hertzian,Feather,,,,,,,,,,,,,RECTANGULAR,NotPrepared,No,4.84,1.45,Main,,,,,,,,,,,19.43,19.43,10.57,9.61,4.19,0.54,,N
1897,LIK,XII,P5-042,,,Opaline/CCS,0%,,Flake,Complete,,,,,,,,,,,,,,,,,,,,,,Yes,Hertzian,Feather,,,,,,,,,,,,,RECTANGULAR,FacetWithBulb,No,8.88,4.94,Main,,,,,,,,,,,31.02,31.02,12.91,12.91,5.01,2.13,,N
1898,LIK,XII,P5-042,,,Opaline/CCS,0%,,Flake,Complete,,,,,,,,,,,,,,,,,,,,,,Yes,Hertzian,Feather,,,,,,,,,,,,,RECTANGULAR,NotPrepared,No,4.1,1.71,Main,,,,,,,,,,,35.5,35.5,12.11,9.74,3.25,1.63,,N
1899,LIK,XII,P5-042,,,Opaline/CCS,0%,,Flake,Complete,,,,,,,,,,,,,,,,,,,,,,Yes,Hertzian,Feather,,,,,,,,,,,,,RECTANGULAR,NotPrepared,No,11.98,2.21,Main,,,,,,,,,,,9.7,9.7,12.81,12.81,2.02,0.27,,N
1900,LIK,XII,P5-042,,,Opaline/CCS,0%,,Flake,Distal,,,,,,,,,,,,,,,,,,,,,,No,,Feather,,,,,,,,,,,,,RECTANGULAR,,,,,,,,,,,,,,,,18.72,,7.09,,1.68,0.27,,N
1901,LIK,XII,P5-042,,,Opaline/CCS,0%,,Flake,Complete,,,,,,,,,,,,,,,,,,,,,,Yes,Hertzian,Feather,,,,,,,,,,,,,RECTANGULAR,Indeterminate,No,2.84,1.21,Main,,,,,,,,,,,12.27,12.27,7.39,5.46,1.66,0.15,,N
1902,LIK,XII,P5-042,,,Opaline/CCS,0%,,Flake,Distal,,,,,,,,,,,,,,,,,,,,,,No,,Feather,,,,,,,,,,,,,TRAPEZOIDAL,,,,,,,,,,,,,,,,7.2,,15.91,,0.79,0.07,,N
19,LIK,XVII,O5a,,,Opaline/CCS,0%,,Flake,Complete,,,,,,,,,,,,,,,,,,,,,,Yes,Bending,Feather,,,,,,,,,,,,,TRIANGULAR,FacetWithBulb,No,3.49,3.66,Main,,,,,,,,,,,8.24,8.29,7.6,5.27,1.45,0.16,,N
189,LIK,XVI,P5,,,Tuff,0%,,Flake,Proximal,,,,,,,,,,,,,,,,,,,,,,Yes,Hertzian,Indeterminate,,,,,,,,,,,,,RECTANGULAR,NotPrepared,No,6.37,2.26,,,,,,,,,,,,14.29,,13,,1.28,0.39,,N
1903,LIK,XII,P5-042,,,Opaline/CCS,0%,,Flake,Complete,,,,,,,,,,,,,,,,,,,,,,Yes,Hertzian,Hinge,,,,,,,,,,,,,RECTANGULAR,NotPrepared,Yes,12.48,2.99,Main,,,,,,,,,,,18.98,18.98,22.71,14.96,4.17,1.8,,N
1904,LIK,XII,P5-042,,,Opaline/CCS,0%,,Flake,Fragment,,,,,,,,,,,,,,,,,,,,,,Yes,Hertzian,Feather,,,,,,,,,,,,,RECTANGULAR,NotPrepared,No,5.46,3.07,,,,,,,,,,,,14.05,,6.58,,3.23,0.31,,N
1905,LIK,XII,P5-042,,,Opaline/CCS,0%,,Flake,Complete,,,,,,,,,,,,,,,,,,,,,,Yes,Hertzian,Feather,,,,,,,,,,,,,RECTANGULAR,NotPrepared,No,6.32,2.17,Main,,,,,,,,,,,11.46,11.46,9.56,9.23,1,0.29,,N
1906,LIK,XII,P5-042,,,Opaline/CCS,0%,,Flake,Mesial,,,,,,,,,,,,,,,,,,,,,,No,,Indeterminate,,,,,,,,,,,,,TRIANGULAR,,,,,,,,,,,,,,,,8.47,,14.58,,1.92,0.33,,N
1907,LIK,XII,P5-042,,,Opaline/CCS,0%,,Flake,Proximal,,,,,,,,,,,,,,,,,,,,,,Yes,Hertzian,Indeterminate,,,,,,,,,,,,,RECTANGULAR,NotPrepared,No,2.34,1,,,,,,,,,,,,18.8,,8.36,,2.85,0.53,,N
1908,LIK,XII,P5-042,,,Opaline/CCS,0%,,Flake,Complete,,,,,,,,,,,,,,,,,,,,,,Yes,Hertzian,Feather,,,,,,,,,,,,,RECTANGULAR,NotPrepared,No,4.79,1.72,Main,,,,,,,,,,,47.59,47.52,10.58,10.58,4.75,2.41,,N
1909,LIK,XII,P5-042,,,Opaline/CCS,0%,,Flake,Distal,,,,,,,,,,,,,,,,,,,,,,No,,Feather,,,,,,,,,,,,,RECTANGULAR,,,,,,,,,,,,,,,,21.33,,18.42,,8.43,4.13,,N
1910,LIK,XII,P5-042,,,Opaline/CCS,0%,,Flake,Proximal,,,,,,,,,,,,,,,,,,,,,,Yes,Hertzian,Indeterminate,,,,,,,,,,,,,RECTANGULAR,NotPrepared,No,11.68,3.49,,,,,,,,,,,,20.92,,17.35,,5.31,4,,N
1911,LIK,XII,P5-042,,,Opaline/CCS,0%,,Flake,Fragment,,,,,,,,,,,,,,,,,,,,,,No,,Indeterminate,,,,,,,,,,,,,OVAL,,,,,,,,,,,,,,,,15.62,,11.6,,3.87,0.84,,N
1912,LIK,XII,P5-042,,,Opaline/CCS,0%,,Core,,Complete,,,,,,,,,,,,,,,,,,,,,,,,,,,,,,,,,,,,,,,,,,Platform,Irregular,Cubic,0%,3,2,5,4,6,9.35,27.54,27.54,16.02,16.02,12.67,5.75,,N
190,LIK,XVI,P5,,,Tuff,0%,,Flake,Distal,,,,,,,,,,,,,,,,,,,,,,No,,Feather,,,,,,,,,,,,,RECTANGULAR,,,,,,,,,,,,,,,,5.61,,11.16,,0.71,0.07,,N
1913,LIK,XII,P5-042,,,Opaline/CCS,0%,,Flake,Complete,,,,,,,,,,,,,,,,,,,,,,Yes,Bending,Overshot,,,,,,,,,,,,,RECTANGULAR,NotPrepared,No,8.69,1.95,Main,,,,,,,,,,,20.47,20.47,20.06,15.76,4.38,2.08,,N
1914,LIK,XII,P5-042,,,Opaline/CCS,0%,,RetouchedTool,Complete,,BackedPiece,Backing,Dorsal,,456,,,,,,,,,10.97,13.17,12.93,6.28,7.2,5.42,0,,,,Indeterminate,,,,,,,,,,,,,,,,,Main,,,,,,,,,,,27.39,23.68,15.43,12.35,5.06,2.51,,Y
1915,LIK,XII,P5-042,,,Quartzite,0%,,Flake,Proximal,,,,,,,,,,,,,,,,,,,,,,Yes,Hertzian,Indeterminate,,,,,,,,,,,,,RECTANGULAR,NotPrepared,No,12.82,2.03,,,,,,,,,,,,16.23,,19.27,,2.88,0.91,,N
1916,LIK,XII,P5-042,,,Quartzite,0%,,Flake,Mesial,,,,,,,,,,,,,,,,,,,,,,No,,Indeterminate,,,,,,,,,,,,,RECTANGULAR,,,,,,,,,,,,,,,,8.5,,14.36,,2.49,0.44,,N
1917,LIK,XII,P5-042,,,Quartzite,0%,,Flake,Complete,,,,,,,,,,,,,,,,,,,,,,Yes,Hertzian,Feather,,,,,,,,,,,,,RECTANGULAR,NotPrepared,No,15.14,1.48,Main,,,,,,,,,,,7.53,7.48,17.56,17.56,1.45,0.18,,N
1918,LIK,XII,P5-042,,,Quartzite,0%,,Flake,Proximal,,,,,,,,,,,,,,,,,,,,,,Yes,Hertzian,Indeterminate,,,,,,,,,,,,,TRAPEZOIDAL,NotPrepared,No,3.9,1.88,,,,,,,,,,,,6.44,,12.73,,2.74,0.28,,N
1919,LIK,XII,P5-042,,,Quartzite,0%,,Flake,Fragment,,,,,,,,,,,,,,,,,,,,,,No,,Feather,,,,,,,,,,,,,RECTANGULAR,,,,,,,,,,,,,,,,7.38,,15.4,,4.22,0.43,,N
1920,LIK,XII,P5-042,,,Quartzite,0%,,Flake,Complete,,,,,,,,,,,,,,,,,,,,,,Yes,Hertzian,Feather,,,,,,,,,,,,,SQUARE,NotPrepared,No,11.49,5.13,Main,,,,,,,,,,,8.03,8.03,15.95,13.7,5.58,1.13,,N
1921,LIK,XII,P5-042,,,Quartzite,0%,,Flake,Mesial,,,,,,,,,,,,,,,,,,,,,,No,,Indeterminate,,,,,,,,,,,,,RECTANGULAR,,,,,,,,,,,,,,,,14.47,,6.61,,2.26,0.26,,N
1922,LIK,XII,P5-042,,,Quartzite,0%,,Flake,Proximal,,,,,,,,,,,,,,,,,,,,,,Yes,Hertzian,Indeterminate,,,,,,,,,,,,,RECTANGULAR,NotPrepared,Yes,14.91,3.24,,,,,,,,,,,,12.9,,18.78,,3.38,0.84,,N
191,LIK,XVI,P5,,,Tuff,0%,,Flake,Distal,,,,,,,,,,,,,,,,,,,,,,No,,Feather,,,,,,,,,,,,,RECTANGULAR,,,,,,,,,,,,,,,,12.81,,9.87,,0.98,0.08,,N
1923,LIK,XII,P5-042,,,Quartzite,0%,,Flake,Complete,,,,,,,,,,,,,,,,,,,,,,Yes,Hertzian,Feather,,,,,,,,,,,,,RECTANGULAR,NotPrepared,No,4.63,4.83,Main,,,,,,,,,,,33.78,33.78,14.59,14.59,3.93,2.32,,N
1924,LIK,XII,P5-042,,,Quartzite,0%,,Flake,Proximal,,,,,,,,,,,,,,,,,,,,,,Yes,Hertzian,Indeterminate,,,,,,,,,,,,,RECTANGULAR,NotPrepared,No,6.96,0.84,,,,,,,,,,,,11.47,,8.13,,2.4,0.22,,N
1925,LIK,XII,P5-042,,,Quartzite,0%,,Flake,Mesial,,,,,,,,,,,,,,,,,,,,,,No,,Indeterminate,,,,,,,,,,,,,RECTANGULAR,,,,,,,,,,,,,,,,8.58,,13.67,,3.04,0.39,,N
1926,LIK,XII,P5-042,,,Quartzite,0%,,Flake,Distal,,,,,,,,,,,,,,,,,,,,,,No,,Feather,,,,,,,,,,,,,TRIANGULAR,,,,,,,,,,,,,,,,11.97,,15.71,,2.87,0.42,,N
1927,LIK,XII,P5-042,,,Opaline/CCS,0%,,Flake,Complete,,,,,,,,,,,,,,,,,,,,,,Yes,Hertzian,Feather,,,,,,,,,,,,,RECTANGULAR,FacetWithBulb,No,10.77,3.52,Main,,,,,,,,,,,27.97,27.96,10.26,10.26,3.98,1.78,,N
1928,LIK,XII,P5-042,,,Quartzite,0%,,Flake,Complete,,,,,,,,,,,,,,,,,,,,,,Yes,Hertzian,Feather,,,,,,,,,,,,,RECTANGULAR,NotPrepared,No,44.49,15.68,Main,,,,,,,,,,,33.34,33.2,46.83,46.83,10.03,28.74,,N
1929,LIK,XII,P5-042,,,Tuff,0%,,Flake,Complete,,,,,,,,,,,,,,,,,,,,,,Yes,Hertzian,Overshot,,,,,,,,,,,,,TRIANGULAR,NotPrepared,No,7.74,5.91,Main,,,,,,,,,,,28.25,29.33,28.28,24.06,9.34,7.96,,N
1930,LIK,XII,P5-042,,,Quartzite,0%,,Flake,Complete,,,,,,,,,,,,,,,,,,,,,,Yes,Hertzian,Feather,,,,,,,,,,,,,RECTANGULAR,NotPrepared,No,27.98,10.56,Main,,,,,,,,,,,40.44,40.93,28.44,21.14,10.48,13.75,,N
1931,LIK,XII,P5-042,,,Hornfels,0%,,Flake,Complete,,,,,,,,,,,,,,,,,,,,,,Yes,Hertzian,Feather,,,,,,,,,,,,,TRAPEZOIDAL,NotPrepared,No,7.08,2.49,Main,,,,,,,,,,,11.58,10.91,18.48,14.91,2.12,0.54,,N
1932,LIK,XII,P5-042,,,Hornfels,0%,,Flake,Complete,,,,,,,,,,,,,,,,,,,,,,Yes,Hertzian,Feather,,,,,,,,,,,,,RECTANGULAR,NotPrepared,No,10.81,3.57,Main,,,,,,,,,,,38.59,25.72,16.83,12.17,7.17,4.11,,N
192,LIK,XVI,P5,,,Tuff,0%,,Flake,Complete,,,,,,,,,,,,,,,,,,,,,,Yes,Hertzian,Step,,,,,,,,,,,,,TRAPEZOIDAL,NotPrepared,No,4.92,1.79,Main,,,,,,,,,,,8.89,8.9,13.12,11.72,2,0.35,,N
1933,LIK,XII,P5-042,,,Opaline/CCS,0%,,Flake,Complete,,,,,,,,,,,,,,,,,,,,,,Yes,Hertzian,Feather,,,,,,,,,,,,,RECTANGULAR,Indeterminate,No,3.52,0.55,Main,,,,,,,,,,,11.61,11.6,7.31,7.31,1.21,0.04,,N
1934,LIK,XII,P5-042,,,Opaline/CCS,0%,,Flake,Complete,,,,,,,,,,,,,,,,,,,,,,Yes,Hertzian,Feather,,,,,,,,,,,,,RECTANGULAR,Indeterminate,No,4.01,0.62,Main,,,,,,,,,,,9.41,9.02,6.94,6.76,0.74,0.05,,N
1935,LIK,XII,P5-042,,,Opaline/CCS,0%,,Flake,Complete,,,,,,,,,,,,,,,,,,,,,,Yes,Hertzian,Feather,,,,,,,,,,,,,OVAL,NotPrepared,No,4.18,1.07,Main,,,,,,,,,,,16.48,16.51,10.51,10.51,0.94,0.27,,N
1936,LIK,XII,P5-042,,,Opaline/CCS,10-40%,Outcrop,Flake,Distal,,,,,,,,,,,,,,,,,,,,,,No,,Feather,,,,,,,,,,,,,RECTANGULAR,,,,,,,,,,,,,,,,26.81,,8.55,,2.4,0.52,,N
1937,LIK,XII,P5-042,,,Opaline/CCS,0%,,Flake,Complete,,,,,,,,,,,,,,,,,,,,,,Yes,Hertzian,Feather,,,,,,,,,,,,,TRIANGULAR,FacetWithBulb,No,8.76,2.62,Main,,,,,,,,,,,28.39,28.39,17.22,15.88,2.74,1.5,,N
1938,LIK,XII,P5-042,,,Opaline/CCS,0%,,Flake,Complete,,,,,,,,,,,,,,,,,,,,,,Yes,Hertzian,Overshot,,,,,,,,,,,,,RHOMBUS,NotPrepared,No,7.53,2.58,Main,,,,,,,,,,,19.56,17.11,11.86,11.86,4.53,1.21,,N
1939,LIK,XII,P5-042,,,Opaline/CCS,0%,,Flake,Complete,,,,,,,,,,,,,,,,,,,,,,Yes,Hertzian,Feather,,,,,,,,,,,,,RECTANGULAR,Indeterminate,No,2.48,0.76,Main,,,,,,,,,,,21.84,21.83,13.73,13.72,3.25,1.05,,N
1940,LIK,XII,P5-042,,,Hornfels,0%,,Flake,Complete,,,,,,,,,,,,,,,,,,,,,,Yes,Hertzian,Feather,,,,,,,,,,,,,RECTANGULAR,NotPrepared,No,13.42,3.46,CoreMaintenance,,,,,,,,,,,3.69,3.91,13.42,13.42,2.24,0.16,,N
1941,LIK,XII,P5-042,,,Hornfels,0%,,Flake,Complete,,,,,,,,,,,,,,,,,,,,,,Yes,Hertzian,Feather,,,,,,,,,,,,,OVAL,NotPrepared,No,10.88,3.18,Main,,,,,,,,,,,9.62,9.62,13.29,13.26,2.95,0.45,,N
1942,LIK,XII,P5-042,,,Hornfels,0%,,Flake,Complete,,,,,,,,,,,,,,,,,,,,,,Yes,Hertzian,Feather,,,,,,,,,,,,,RECTANGULAR,NotPrepared,No,8.52,2.83,Main,,,,,,,,,,,7.36,7.34,11.4,11.4,1.88,0.18,,N
193,LIK,XVI,P5,,,Tuff,0%,,Flake,Distal,,,,,,,,,,,,,,,,,,,,,,No,,Feather,,,,,,,,,,,,,RECTANGULAR,,,,,,,,,,,,,,,,7.93,,20.67,,1.56,0.45,,N
1943,LIK,XII,P5-042,,,Hornfels,0%,,Flake,Mesial,,,,,,,,,,,,,,,,,,,,,,No,,Indeterminate,,,,,,,,,,,,,RECTANGULAR,,,,,,,,,,,,,,,,6.45,,12.2,,1.19,0.06,,N
1944,LIK,XII,P5-042,,,Hornfels,0%,,Flake,Mesial,,,,,,,,,,,,,,,,,,,,,,No,,Indeterminate,,,,,,,,,,,,,RECTANGULAR,,,,,,,,,,,,,,,,22.76,,5.21,,2.09,0.32,,N
1945,LIK,XII,P5-042,,,Hornfels,0%,,Flake,Mesial,,,,,,,,,,,,,,,,,,,,,,No,,Indeterminate,,,,,,,,,,,,,RHOMBUS,,,,,,,,,,,,,,,,9.55,,15.51,,1.91,0.35,,N
1946,LIK,XII,P5-042,,,Hornfels,10-40%,Outcrop,Flake,Proximal,,,,,,,,,,,,,,,,,,,,,,Yes,Hertzian,Indeterminate,,,,,,,,,,,,,RECTANGULAR,Indeterminate,No,4.88,0.9,,,,,,,,,,,,27.61,,10.45,,1.85,0.75,,N
1947,LIK,XII,P5-042,,,Hornfels,0%,,Flake,Complete,,,,,,,,,,,,,,,,,,,,,,Yes,Hertzian,Feather,,,,,,,,,,,,,RECTANGULAR,ResidualFacetWithBulb,No,7.91,3.14,Main,,,,,,,,,,,12.3,12.3,10.47,10.47,2.29,0.52,,N
1948,LIK,XII,P5-042,,,Hornfels,0%,,Flake,Complete,,,,,,,,,,,,,,,,,,,,,,Yes,Hertzian,Feather,,,,,,,,,,,,,TRAPEZOIDAL,NotPrepared,No,13.28,1.72,Main,,,,,,,,,,,20.7,16.98,29.31,24.94,1.37,1.14,,N
1949,LIK,XII,P5-042,,,Hornfels,0%,,Flake,Complete,,,,,,,,,,,,,,,,,,,,,,Yes,Hertzian,Feather,,,,,,,,,,,,,TRAPEZOIDAL,NotPrepared,No,8.4,1.14,Main,,,,,,,,,,,16.32,16.32,18.16,16.13,1.77,0.71,,N
1950,LIK,XII,P5-042,,,Hornfels,0%,,Flake,Proximal,,,,,,,,,,,,,,,,,,,,,,Yes,Hertzian,Indeterminate,,,,,,,,,,,,,RECTANGULAR,NotPrepared,No,4.85,1.66,,,,,,,,,,,,17.66,,14.89,,1.55,0.52,,N
1951,LIK,XII,P5-042,,,Hornfels,0%,,Flake,Complete,,,,,,,,,,,,,,,,,,,,,,Yes,Hertzian,Feather,,,,,,,,,,,,,SQUARE,Indeterminate,No,10.01,1.16,Main,,,,,,,,,,,18.66,17.45,19.28,19.17,4.13,1.44,,N
1952,LIK,XII,P5-042,,,Hornfels,0%,,Flake,Mesial,,,,,,,,,,,,,,,,,,,,,,No,,Indeterminate,,,,,,,,,,,,,TRIANGULAR,,,,,,,,,,,,,,,,17.19,,17.32,,5.09,2.41,,N
194,LIK,XVI,P5,,,Tuff,0%,,Flake,Complete,,,,,,,,,,,,,,,,,,,,,,Yes,Bending,Feather,,,,,,,,,,,,,RECTANGULAR,ResidualFacetWithBulb,No,11.3,5.5,Main,,,,,,,,,,,16.84,17.18,12.66,11.33,3.4,1.04,,N
1953,LIK,XII,P5-042,,,Hornfels,0%,,Flake,Complete,,,,,,,,,,,,,,,,,,,,,,Yes,Hertzian,Overshot,,,,,,,,,,,,,RHOMBUS,NotPrepared,No,18.31,6.12,Main,,,,,,,,,,,16.94,16.94,27.64,24.29,7.89,5.14,,N
1954,LIK,XII,P5-042,,,Hornfels,0%,,Flake,Distal,,,,,,,,,,,,,,,,,,,,,,No,,Feather,,,,,,,,,,,,,RECTANGULAR,,,,,,,,,,,,,,,,18.68,,21.16,,7.78,3.31,,N
1955,LIK,XII,P5-042,,,Opaline/CCS,0%,,Core,,Complete,,,,,,,,,,,,,,,,,,,,,,,,,,,,,,,,,,,,,,,,,,Platform,Irregular,Cubic,0%,3,3,6,6,5,10.01,21.78,21.78,18.88,18.47,13.13,5.42,,N
1956,LIK,XII,P4-042,,,Opaline/CCS,0%,,Flake,Distal,,,,,,,,,,,,,,,,,,,,,,No,,Feather,,,,,,,,,,,,,TRIANGULAR,,,,,,,,,,,,,,,,9.47,,12.1,,1.82,0.27,,N
1957,LIK,XII,P4-042,,,Opaline/CCS,0%,,Flake,Distal,,,,,,,,,,,,,,,,,,,,,,No,,Feather,,,,,,,,,,,,,TRIANGULAR,,,,,,,,,,,,,,,,11.87,,11.35,,1.5,0.24,,N
1958,LIK,XII,P4-042,,,Opaline/CCS,0%,,Flake,Mesial,,,,,,,,,,,,,,,,,,,,,,No,,Indeterminate,,,,,,,,,,,,,RECTANGULAR,,,,,,,,,,,,,,,,7.38,,13.4,,3.26,0.45,,N
1959,LIK,XII,P4-042,,,Opaline/CCS,0%,,Flake,Complete,,,,,,,,,,,,,,,,,,,,,,Yes,Hertzian,Feather,,,,,,,,,,,,,TRIANGULAR,Indeterminate,No,7.42,5.06,Main,,,,,,,,,,,11.09,11.09,6.96,6.48,5.12,0.25,,N
1960,LIK,XII,P4-042,,,Opaline/CCS,0%,,Flake,Distal,,,,,,,,,,,,,,,,,,,,,,No,,Feather,,,,,,,,,,,,,RECTANGULAR,,,,,,,,,,,,,,,,9.9,,11.61,,1.59,0.19,,N
1961,LIK,XII,P4-042,,,Opaline/CCS,0%,,Flake,Distal,,,,,,,,,,,,,,,,,,,,,,No,,Feather,,,,,,,,,,,,,RECTANGULAR,,,,,,,,,,,,,,,,13.17,,3.72,,1.68,0.06,,N
1962,LIK,XII,P4-042,,,Opaline/CCS,0%,,Flake,Complete,,,,,,,,,,,,,,,,,,,,,,Yes,Hertzian,Feather,,,,,,,,,,,,,TRIANGULAR,NotPrepared,No,1.56,0.86,CoreMaintenance,,,,,,,,,,,7.98,7.43,11.05,8.43,1.62,0.13,,N
195,LIK,XVI,P5,,,Tuff,0%,,Flake,Fragment,,,,,,,,,,,,,,,,,,,,,,Yes,Hertzian,Feather,,,,,,,,,,,,,RECTANGULAR,Indeterminate,No,10.13,1.26,,,,,,,,,,,,25.43,,19.74,,2.94,1.48,,N
1963,LIK,XII,P4-042,,,Opaline/CCS,0%,,Flake,Complete,,,,,,,,,,,,,,,,,,,,,,Yes,Hertzian,Feather,,,,,,,,,,,,,RECTANGULAR,NotPrepared,No,3.76,1.31,Main,,,,,,,,,,,10.57,10.61,17.05,17.05,2.02,0.28,,N
1964,LIK,XII,P4-042,,,Opaline/CCS,1-10%,Outcrop,Flake,Proximal,,,,,,,,,,,,,,,,,,,,,,Yes,Hertzian,Indeterminate,,,,,,,,,,,,,TRAPEZOIDAL,NotPrepared,No,6.66,1.01,,,,,,,,,,,,12.32,,15.56,,3.25,0.63,,N
1965,LIK,XII,P4-042,,,Opaline/CCS,0%,,Flake,Complete,,,,,,,,,,,,,,,,,,,,,,Yes,Hertzian,Feather,,,,,,,,,,,,,RECTANGULAR,ResidualFacetWithBulb,No,13.45,4.25,CoreMaintenance,,,,,,,,,,,11.35,11.4,15.26,15.26,3.95,0.97,,N
1966,LIK,XII,P4-042,,,Opaline/CCS,0%,,Flake,Distal,,,,,,,,,,,,,,,,,,,,,,No,,Feather,,,,,,,,,,,,,RECTANGULAR,,,,,,,,,,,,,,,,6.58,,11.1,,0.85,0.08,,N
1967,LIK,XII,P4-042,,,Opaline/CCS,0%,,Flake,Mesial,,,,,,,,,,,,,,,,,,,,,,No,,Indeterminate,,,,,,,,,,,,,RECTANGULAR,,,,,,,,,,,,,,,,13.66,,8.91,,3.34,0.52,,N
1968,LIK,XII,P4-042,,,Opaline/CCS,0%,,Flake,Distal,,,,,,,,,,,,,,,,,,,,,,No,,Feather,,,,,,,,,,,,,OVAL,,,,,,,,,,,,,,,,13.27,,15.92,,3.54,0.62,,N
1969,LIK,XII,P4-042,,,Opaline/CCS,0%,,Flake,Proximal,,,,,,,,,,,,,,,,,,,,,,Yes,Hertzian,Indeterminate,,,,,,,,,,,,,RECTANGULAR,NotPrepared,No,4.77,1.14,,,,,,,,,,,,16.62,,9.96,,1.84,0.36,,N
1970,LIK,XII,P4-042,,,Opaline/CCS,0%,,Flake,Complete,,,,,,,,,,,,,,,,,,,,,,Yes,Hertzian,Feather,,,,,,,,,,,,,RECTANGULAR,NotPrepared,No,2.64,1.46,Main,,,,,,,,,,,13.95,13.95,7.22,7.22,2.02,0.29,,N
1971,LIK,XII,P4-042,,,Opaline/CCS,0%,,Flake,Complete,,,,,,,,,,,,,,,,,,,,,,Yes,Hertzian,Feather,,,,,,,,,,,,,RECTANGULAR,NotPrepared,Yes,5.05,1.49,Main,,,,,,,,,,,18.52,18.28,9.13,8.72,3.39,0.57,,N
1972,LIK,XII,P4-042,,,Opaline/CCS,0%,,Flake,Mesial,,,,,,,,,,,,,,,,,,,,,,No,,Indeterminate,,,,,,,,,,,,,RECTANGULAR,,,,,,,,,,,,,,,,16.22,,6.97,,1.96,0.27,,N
196,LIK,XVI,P5,,,Tuff,0%,,Flake,Complete,,,,,,,,,,,,,,,,,,,,,,Yes,Hertzian,Feather,,,,,,,,,,,,,TRIANGULAR,NotPrepared,No,23.4,8.03,Main,,,,,,,,,,,22.57,22.57,26.02,19.03,6.39,3.44,,Y
1973,LIK,XII,P4-042,,,Opaline/CCS,0%,,Flake,Complete,,,,,,,,,,,,,,,,,,,,,,Yes,Hertzian,Feather,,,,,,,,,,,,,TRIANGULAR,NotPrepared,No,5.37,2.12,Main,,,,,,,,,,,22.59,18.75,11.05,7.56,3.27,0.55,,N
1974,LIK,XII,P4-042,,,Opaline/CCS,0%,,Flake,Proximal,,,,,,,,,,,,,,,,,,,,,,Yes,Hertzian,Indeterminate,,,,,,,,,,,,,TRAPEZOIDAL,NotPrepared,No,5.58,1.08,,,,,,,,,,,,10.39,,17.49,,1.57,0.27,,N
1975,LIK,XII,P4-042,,,Opaline/CCS,0%,,Flake,Complete,,,,,,,,,,,,,,,,,,,,,,Yes,Hertzian,Feather,,,,,,,,,,,,,TRIANGULAR,NotPrepared,No,7.22,1.75,Main,,,,,,,,,,,11.8,7.72,9.13,6.29,1.6,0.19,,N
1976,LIK,XII,P4-042,,,Opaline/CCS,0%,,Flake,Complete,,,,,,,,,,,,,,,,,,,,,,Yes,Hertzian,Feather,,,,,,,,,,,,,TRIANGULAR,Indeterminate,No,2.52,1.07,Main,,,,,,,,,,,11.88,11.82,4.87,3.3,2.25,0.06,,N
1977,LIK,XII,P4-042,,,Opaline/CCS,0%,,Flake,Distal,,,,,,,,,,,,,,,,,,,,,,No,,Feather,,,,,,,,,,,,,RECTANGULAR,,,,,,,,,,,,,,,,14.44,,8.42,,4.56,0.51,,N
1978,LIK,XII,P4-042,,,Opaline/CCS,0%,,Flake,Mesial,,,,,,,,,,,,,,,,,,,,,,No,,Indeterminate,,,,,,,,,,,,,RECTANGULAR,,,,,,,,,,,,,,,,4.11,,15.17,,2.01,0.18,,N
1979,LIK,XII,P4-042,,,Opaline/CCS,0%,,Flake,Complete,,,,,,,,,,,,,,,,,,,,,,Yes,Hertzian,Feather,,,,,,,,,,,,,RECTANGULAR,Indeterminate,No,3.48,0.57,Main,,,,,,,,,,,13.48,13.48,6.02,6.02,0.52,0.06,,N
1980,LIK,XII,P4-042,,,Opaline/CCS,0%,,Flake,Fragment,,,,,,,,,,,,,,,,,,,,,,Yes,Hertzian,Feather,,,,,,,,,,,,,RECTANGULAR,NotPrepared,No,2.58,1.33,,,,,,,,,,,,10.99,,6.03,,1.81,0.11,,N
1981,LIK,XII,P4-042,,,Opaline/CCS,0%,,Flake,Complete,,,,,,,,,,,,,,,,,,,,,,Yes,Hertzian,Feather,,,,,,,,,,,,,TRIANGULAR,NotPrepared,No,7.95,1.36,Main,,,,,,,,,,,18.59,18.59,14.72,13.72,2.24,0.54,,N
1982,LIK,XII,P4-042,,,Opaline/CCS,0%,,Flake,Mesial,,,,,,,,,,,,,,,,,,,,,,No,,Indeterminate,,,,,,,,,,,,,RHOMBUS,,,,,,,,,,,,,,,,6.98,,9.4,,2.23,0.35,,N
197,LIK,XVI,P5,,,Tuff,0%,,Flake,Distal,,,,,,,,,,,,,,,,,,,,,,No,,Feather,,,,,,,,,,,,,RECTANGULAR,,,,,,,,,,,,,,,,36.67,,18,,5.04,3.74,,N
1983,LIK,XII,P4-042,,,Opaline/CCS,0%,,Flake,Distal,,,,,,,,,,,,,,,,,,,,,,No,,Feather,,,,,,,,,,,,,TRAPEZOIDAL,,,,,,,,,,,,,,,,8.7,,22.89,,2.54,0.44,,N
1984,LIK,XII,P4-042,,,Opaline/CCS,0%,,Flake,Distal,,,,,,,,,,,,,,,,,,,,,,No,,Feather,,,,,,,,,,,,,RHOMBUS,,,,,,,,,,,,,,,,8.35,,13.96,,2.82,0.28,,N
1985,LIK,XII,P4-042,,,Opaline/CCS,0%,,Flake,Proximal,,,,,,,,,,,,,,,,,,,,,,Yes,Hertzian,Indeterminate,,,,,,,,,,,,,TRAPEZOIDAL,NotPrepared,No,14.28,6.02,,,,,,,,,,,,25.4,,17.63,,5.44,2.26,,N
1986,LIK,XII,P4-042,,,Opaline/CCS,0%,,Flake,Complete,,,,,,,,,,,,,,,,,,,,,,Yes,Hertzian,Feather,,,,,,,,,,,,,RECTANGULAR,NotPrepared,No,5.32,1.89,Main,,,,,,,,,,,16.05,16.05,16.12,16.12,3.3,1.12,,N
1987,LIK,XII,P4-042,,,Opaline/CCS,0%,,Flake,Complete,,,,,,,,,,,,,,,,,,,,,,Yes,Hertzian,Feather,,,,,,,,,,,,,RECTANGULAR,NotPrepared,No,6.83,1.99,Main,,,,,,,,,,,11.94,11.94,6.57,6.56,1.92,0.2,,N
1988,LIK,XII,P4-042,,,Opaline/CCS,0%,,Flake,Complete,,,,,,,,,,,,,,,,,,,,,,Yes,Hertzian,Feather,,,,,,,,,,,,,TRIANGULAR,Indeterminate,No,4.94,1.84,Main,,,,,,,,,,,15.15,15.15,13.25,8.29,1.95,0.38,,N
1989,LIK,XII,P4-042,,,Opaline/CCS,0%,,Flake,Proximal,,,,,,,,,,,,,,,,,,,,,,Yes,Hertzian,Indeterminate,,,,,,,,,,,,,RHOMBUS,NotPrepared,No,9.77,3.33,,,,,,,,,,,,6.83,,10.5,,2.96,0.27,,N
1990,LIK,XII,P4-042,,,Opaline/CCS,10-40%,Cobble,Flake,Proximal,,,,,,,,,,,,,,,,,,,,,,Yes,Hertzian,Indeterminate,,,,,,,,,,,,,RHOMBUS,NotPrepared,No,17.47,6.67,,,,,,,,,,,,22.23,,24.66,,3.1,2.2,,N
1991,LIK,XII,P4-042,,,Opaline/CCS,1-10%,Outcrop,Flake,Mesial,,,,,,,,,,,,,,,,,,,,,,No,,Indeterminate,,,,,,,,,,,,,CIRCULAR,,,,,,,,,,,,,,,,19.11,,14.59,,3.41,0.85,,N
1992,LIK,XII,P4-042,,,Opaline/CCS,0%,,Flake,Complete,,,,,,,,,,,,,,,,,,,,,,Yes,Hertzian,Overshot,,,,,,,,,,,,,OVAL,Indeterminate,No,6.02,1.54,Main,,,,,,,,,,,12.77,12.53,19.83,19.82,3.56,1.12,,N
198,LIK,XVI,P5,,,Opaline/CCS,0%,,Flake,Distal,,,,,,,,,,,,,,,,,,,,,,No,,Feather,,,,,,,,,,,,,RECTANGULAR,,,,,,,,,,,,,,,,12.82,,3.35,,0.8,0.04,,N
1993,LIK,XII,P4-042,,,Opaline/CCS,0%,,Flake,Complete,,,,,,,,,,,,,,,,,,,,,,Yes,Bending,Feather,,,,,,,,,,,,,OVAL,NotPrepared,No,12.76,2.32,Main,,,,,,,,,,,17.25,12.67,12.24,11.33,2.06,0.77,,N
1994,LIK,XII,P4-042,,,Opaline/CCS,0%,,Flake,Distal,,,,,,,,,,,,,,,,,,,,,,No,,Hinge,,,,,,,,,,,,,RECTANGULAR,,,,,,,,,,,,,,,,17.26,,21.01,,5.84,1.97,,N
1995,LIK,XII,P4-042,,,Opaline/CCS,0%,,Flake,Complete,,,,,,,,,,,,,,,,,,,,,,Yes,Hertzian,Feather,,,,,,,,,,,,,TRIANGULAR,NotPrepared,No,6.2,0.92,Main,,,,,,,,,,,15.93,15.93,24.96,11.94,2.42,0.78,,N
1996,LIK,XII,P4-042,,,Opaline/CCS,0%,,Flake,Proximal,,,,,,,,,,,,,,,,,,,,,,Yes,Hertzian,Indeterminate,,,,,,,,,,,,,RECTANGULAR,NotPrepared,No,16.56,8.48,,,,,,,,,,,,27.05,,24.92,,7.65,7.19,,N
1997,LIK,XII,P4-042,,,Opaline/CCS,0%,,Flake,Complete,,,,,,,,,,,,,,,,,,,,,,Yes,Hertzian,Feather,,,,,,,,,,,,,RECTANGULAR,ResidualFacetWithBulb,No,15.67,2.78,Main,,,,,,,,,,,26.23,23.01,27.85,22.64,3.88,3.05,,N
1998,LIK,XII,P4-042,,,Opaline/CCS,0%,,Flake,Fragment,,,,,,,,,,,,,,,,,,,,,,Yes,Hertzian,Feather,,,,,,,,,,,,,TRIANGULAR,NotPrepared,No,23.01,4.87,,,,,,,,,,,,31.98,,32.85,,4.76,5.12,,N
1999,LIK,XII,P4-042,,,Opaline/CCS,0%,,Flake,Complete,,,,,,,,,,,,,,,,,,,,,,Yes,Hertzian,Overshot,,,,,,,,,,,,,RHOMBUS,NotPrepared,No,26.37,3.94,Main,,,,,,,,,,,28.03,27.27,49.86,27.57,5.73,9.23,,N
2000,LIK,XII,P4-042,,,Opaline/CCS,0%,,Flake,Mesial,,,,,,,,,,,,,,,,,,,,,,No,,Indeterminate,,,,,,,,,,,,,RECTANGULAR,,,,,,,,,,,,,,,,12.51,,25.79,,13.75,7.65,,N
2001,LIK,XII,P4-042,,,Opaline/CCS,0%,,Core,,Complete,,,,,,,,,,,,,,,,,,,,,,,,,,,,,,,,,,,,,,,,,,Platform,Bladelet,Cubic,0%,4,2,1,8,4,22.67,26.66,26.66,16.74,16.75,14.5,8.2,,Y
2002,LIK,XII,P4-042,,,Opaline/CCS,0%,,Core,,Fragment,,,,,,,,,,,,,,,,,,,,,,,,,,,,,,,,,,,,,,,,,,Platform,Bladelet,Cubic,0%,2,1,1,1,5,6.94,15.21,,6.48,,4.76,0.5,,N
2,LIK,XVII,P5,,,Opaline/CCS,0%,,Flake,Fragment,,,,,,,,,,,,,,,,,,,,,,No,,Indeterminate,,,,,,,,,,,,,TRAPEZOIDAL,,,,,,,,,,,,,,,,3.85,,6.04,,0.52,0.03,,N
20,LIK,XVII,O5a,,,Opaline/CCS,0%,,Flake,Complete,,,,,,,,,,,,,,,,,,,,,,Yes,Hertzian,Hinge,,,,,,,,,,,,,CIRCULAR,NotPrepared,No,3.53,1.49,Main,,,,,,,,,,,3.52,3.29,5.54,5.03,0.86,0.05,,N
199,LIK,XVI,P5,,,Opaline/CCS,10-40%,Outcrop,Flake,Complete,,,,,,,,,,,,,,,,,,,,,,Yes,Bending,Feather,,,,,,,,,,,,,TRIANGULAR,NotPrepared,No,4.65,1.23,Main,,,,,,,,,,,12.87,12.98,10.13,7.87,3.4,0.32,,Y
2003,LIK,XII,P4-042,,,Opaline/CCS,0%,,Core,,Complete,,,,,,,,,,,,,,,,,,,,,,,,,,,,,,,,,,,,,,,,,,Platform,Irregular,Spherical,0%,4,3,4,5,3,10.56,23.2,23.21,10.88,10.88,7.76,2.3,,N
2004,LIK,XII,P4-042,,,Opaline/CCS,0%,,Flake,Mesial,,,,,,,,,,,,,,,,,,,,,,No,,Indeterminate,,,,,,,,,,,,,TRIANGULAR,,,,,,,,,,,,,,,,9.71,,21.54,,12.13,2.64,,N
2005,LIK,XII,P4-042,,,Opaline/CCS,0%,,Flake,Mesial,,,,,,,,,,,,,,,,,,,,,,No,,Indeterminate,,,,,,,,,,,,,RECTANGULAR,,,,,,,,,,,,,,,,27.59,,16.08,,1.72,1.28,,N
2006,LIK,XII,P4-042,,,Opaline/CCS,0%,,Flake,Mesial,,,,,,,,,,,,,,,,,,,,,,No,,Indeterminate,,,,,,,,,,,,,SQUARE,,,,,,,,,,,,,,,,17.98,,18.88,,5.47,3.54,,N
2007,LIK,XII,P4-042,,,Opaline/CCS,0%,,Flake,Complete,,,,,,,,,,,,,,,,,,,,,,Yes,Hertzian,Feather,,,,,,,,,,,,,OVAL,NotPrepared,No,6.5,3.94,Main,,,,,,,,,,,18.84,18.83,21.84,21.84,5.65,2.89,,N
2008,LIK,XII,P4-042,,,Opaline/CCS,0%,,Flake,Distal,,,,,,,,,,,,,,,,,,,,,,No,,Feather,,,,,,,,,,,,,RECTANGULAR,,,,,,,,,,,,,,,,7.38,,16.5,,3.54,0.86,,N
2009,LIK,XII,P4-042,,,Opaline/CCS,0%,,RetouchedTool,Complete,,MinimallyRetouched,MarginalEdgeShaping,Dorsal,5,23456,2.21,1,1.58,3.57,8.32,,,,,,,,,,,,,,Flake,,,,,,,,,,,,RECTANGULAR,,,,,Main,,,,,,,,,,,38.72,38.72,20.01,20.01,8.11,8.04,2010,N
2010,LIK,XII,P4-042,,,Opaline/CCS,0%,,Flake,Complete,,,,,,,,,,,,,,,,,,,,,,Yes,Hertzian,Feather,,,,,,,,,,,,,OVAL,NotPrepared,No,6.67,3.08,Main,,,,,,,,,,,32.75,32.75,18.52,17.22,4.21,2.41,,N
2011,LIK,XII,P4-042,,,Hornfels,0%,,Flake,Distal,,,,,,,,,,,,,,,,,,,,,,No,,Feather,,,,,,,,,,,,,RECTANGULAR,,,,,,,,,,,,,,,,4.74,,15.42,,1.7,0.18,,N
2012,LIK,XII,P4-042,,,Hornfels,0%,,Flake,Proximal,,,,,,,,,,,,,,,,,,,,,,Yes,Hertzian,Indeterminate,,,,,,,,,,,,,TRIANGULAR,Indeterminate,No,3.48,1.69,,,,,,,,,,,,8.58,,11.21,,2.61,0.24,,N
200,LIK,XVI,P5,,,Opaline/CCS,0%,,Flake,Proximal,,,,,,,,,,,,,,,,,,,,,,Yes,Hertzian,Indeterminate,,,,,,,,,,,,,RECTANGULAR,NotPrepared,No,8.86,2.66,,,,,,,,,,,,8.53,,17.57,,3.86,0.45,,N
2013,LIK,XII,P4-042,,,Hornfels,0%,,Flake,Complete,,,,,,,,,,,,,,,,,,,,,,Yes,Hertzian,Overshot,,,,,,,,,,,,,TRIANGULAR,NotPrepared,No,4.84,0.73,Main,,,,,,,,,,,16.4,16.4,11.57,11.57,1.6,0.51,,N
2014,LIK,XII,P4-042,,,Hornfels,0%,,Flake,Complete,,,,,,,,,,,,,,,,,,,,,,Yes,Hertzian,Feather,,,,,,,,,,,,,OVAL,NotPrepared,No,5.03,1.17,Main,,,,,,,,,,,8.44,8.45,14.97,14.96,1.48,0.21,,N
2015,LIK,XII,P4-042,,,Hornfels,0%,,Flake,Mesial,,,,,,,,,,,,,,,,,,,,,,No,,Indeterminate,,,,,,,,,,,,,RECTANGULAR,,,,,,,,,,,,,,,,12.72,,6.39,,1.77,0.19,,N
2016,LIK,XII,P4-042,,,Hornfels,0%,,Flake,Mesial,,,,,,,,,,,,,,,,,,,,,,No,,Indeterminate,,,,,,,,,,,,,RECTANGULAR,,,,,,,,,,,,,,,,9.28,,9.91,,2.59,0.35,,N
2017,LIK,XII,P4-042,,,Hornfels,0%,,Flake,Complete,,,,,,,,,,,,,,,,,,,,,,Yes,Hertzian,Feather,,,,,,,,,,,,,RECTANGULAR,NotPrepared,No,12.99,1.37,Main,,,,,,,,,,,5.43,5.43,14.96,14.96,1.03,0.08,,N
2018,LIK,XII,P4-042,,,Hornfels,0%,,Flake,Complete,,,,,,,,,,,,,,,,,,,,,,Yes,Hertzian,Feather,,,,,,,,,,,,,RHOMBUS,NotPrepared,No,10.6,3.66,CoreMaintenance,,,,,,,,,,,13.99,12.52,17.74,14.23,3.21,0.74,,N
2019,LIK,XII,P4-042,,,Hornfels,0%,,Flake,Complete,,,,,,,,,,,,,,,,,,,,,,Yes,Hertzian,Feather,,,,,,,,,,,,,RECTANGULAR,NotPrepared,No,8.01,4.69,Main,,,,,,,,,,,16.74,16.74,13.34,13.33,2.51,0.76,,N
2020,LIK,XII,P4-042,,,Hornfels,0%,,Flake,Proximal,,,,,,,,,,,,,,,,,,,,,,Yes,Hertzian,Indeterminate,,,,,,,,,,,,,RECTANGULAR,NotPrepared,No,7.07,2.06,,,,,,,,,,,,12.1,,7.37,,2.65,0.25,,N
2021,LIK,XII,P4-042,,,Hornfels,0%,,Flake,Mesial,,,,,,,,,,,,,,,,,,,,,,No,,Indeterminate,,,,,,,,,,,,,RECTANGULAR,,,,,,,,,,,,,,,,8.03,,10.51,,3.33,0.35,,N
2022,LIK,XII,P4-042,,,Hornfels,0%,,Flake,Complete,,,,,,,,,,,,,,,,,,,,,,Yes,Hertzian,Feather,,,,,,,,,,,,,RECTANGULAR,Indeterminate,No,6.98,1.18,Main,,,,,,,,,,,12.95,11.86,10.18,10.18,2.44,0.38,,N
201,LIK,XVI,P5,,,Opaline/CCS,0%,,Flake,Complete,,,,,,,,,,,,,,,,,,,,,,Yes,Hertzian,Feather,,,,,,,,,,,,,RECTANGULAR,Indeterminate,No,3.99,0.56,Main,,,,,,,,,,,10.62,10.43,9.22,6.67,1.18,0.1,,N
2023,LIK,XII,P4-042,,,Hornfels,0%,,Flake,Distal,,,,,,,,,,,,,,,,,,,,,,No,,Feather,,,,,,,,,,,,,TRIANGULAR,,,,,,,,,,,,,,,,14.2,,13.46,,1.53,0.39,,N
2024,LIK,XII,P4-042,,,Hornfels,0%,,Flake,Proximal,,,,,,,,,,,,,,,,,,,,,,Yes,Hertzian,Indeterminate,,,,,,,,,,,,,RECTANGULAR,NotPrepared,No,13.72,2.63,,,,,,,,,,,,12.47,,17.55,,3.23,1.31,,N
2025,LIK,XII,P4-042,,,Hornfels,0%,,Flake,Complete,,,,,,,,,,,,,,,,,,,,,,Yes,Hertzian,Feather,,,,,,,,,,,,,TRAPEZOIDAL,NotPrepared,No,15.1,5.42,Main,,,,,,,,,,,9.36,9.36,14.84,13.25,4.44,1.08,,N
2026,LIK,XII,P4-042,,,Hornfels,0%,,Flake,Complete,,,,,,,,,,,,,,,,,,,,,,Yes,Hertzian,Feather,,,,,,,,,,,,,RECTANGULAR,NotPrepared,No,6.77,3.08,Main,,,,,,,,,,,12.12,12.12,7.84,7.84,2.03,0.28,,N
2027,LIK,XII,P4-042,,,Hornfels,0%,,Flake,Distal,,,,,,,,,,,,,,,,,,,,,,No,,Feather,,,,,,,,,,,,,RECTANGULAR,,,,,,,,,,,,,,,,31.89,,9.66,,4.58,1.51,,N
2028,LIK,XII,P4-042,,,Hornfels,0%,,Flake,Mesial,,,,,,,,,,,,,,,,,,,,,,No,,Indeterminate,,,,,,,,,,,,,TRIANGULAR,,,,,,,,,,,,,,,,21.69,,20.08,,5.43,2.86,,N
2029,LIK,XII,P4-042,,,Hornfels,0%,,Flake,Complete,,,,,,,,,,,,,,,,,,,,,,Yes,Hertzian,Overshot,,,,,,,,,,,,,TRAPEZOIDAL,NotPrepared,No,23.92,6.22,Main,,,,,,,,,,,18.21,18.24,41.07,29.25,9.02,10.21,,N
2030,LIK,XII,P4-042,,,Hornfels,0%,,Flake,Distal,,,,,,,,,,,,,,,,,,,,,,No,,Feather,,,,,,,,,,,,,RECTANGULAR,,,,,,,,,,,,,,,,32.9,,24.01,,5.91,7.22,,N
2031,LIK,XII,P4-042,,,Hornfels,0%,,Flake,Complete,,,,,,,,,,,,,,,,,,,,,,Yes,Hertzian,Feather,,,,,,,,,,,,,RECTANGULAR,NotPrepared,No,18.38,4.53,Main,,,,,,,,,,,33.63,23.28,35.91,33.93,6.37,7.97,,N
2032,LIK,XII,P4-042,,,Hornfels,0%,,Flake,Mesial,,,,,,,,,,,,,,,,,,,,,,No,,Indeterminate,,,,,,,,,,,,,RECTANGULAR,,,,,,,,,,,,,,,,14.98,,26.04,,7.09,3.21,,N
202,LIK,XVI,P5,,,Opaline/CCS,0%,,Flake,Complete,,,,,,,,,,,,,,,,,,,,,,Yes,Hertzian,Feather,,,,,,,,,,,,,RECTANGULAR,NotPrepared,No,2.36,0.36,Main,,,,,,,,,,,12.06,11.53,5.42,5,1.07,0.07,,Y
2033,LIK,XII,P4-042,,,Quartzite,0%,,Core,,Complete,,,,,,,,,,,,,,,,,,,,,,,,,,,,,,,,,,,,,,,,,,Platform,Irregular,Cubic,0%,8,4,8,8,5,17.97,73.86,73.87,64.41,64.46,23.97,118.74,,N
2034,LIK,VI,P5d-029,,,Opaline/CCS,0%,,Flake,Complete,,,,,,,,,,,,,,,,,,,,,,Yes,Hertzian,Feather,,,,,,,,,,,,,RECTANGULAR,NotPrepared,No,11.4,2.76,Main,,,,,,,,,,,9.76,7.85,12.83,12.28,1.76,0.3,,N
2035,LIK,VI,P5d-029,,,Opaline/CCS,0%,,Flake,Proximal,,,,,,,,,,,,,,,,,,,,,,Yes,Hertzian,Indeterminate,,,,,,,,,,,,,TRIANGULAR,NotPrepared,No,4.45,1.72,,,,,,,,,,,,13.19,,10.35,,2.32,0.34,,N
2036,LIK,VI,P5d-029,,,Opaline/CCS,0%,,Flake,Proximal,,,,,,,,,,,,,,,,,,,,,,Yes,Hertzian,Indeterminate,,,,,,,,,,,,,TRAPEZOIDAL,Indeterminate,No,6,0.93,,,,,,,,,,,,10.51,,12.41,,2.41,0.24,,N
2037,LIK,VI,P5d-029,,,Opaline/CCS,0%,,Core,,Complete,,,,,,,,,,,,,,,,,,,,,,,,,,,,,,,,,,,,,,,,,,Platform,Irregular,Spherical,10-40%,7,3,4,8,10,12.9,33.48,33.52,24.27,24.27,18.9,18.54,,N
2038,LIK,VI,K4c-092,,,Opaline/CCS,0%,,Flake,Complete,,,,,,,,,,,,,,,,,,,,,,Yes,Hertzian,Feather,,,,,,,,,,,,,TRAPEZOIDAL,NotPrepared,No,4.99,1.1,Main,,,,,,,,,,,5.95,5.95,10.77,8.11,1.19,0.06,,N
2039,LIK,VI,K4c-092,,,Opaline/CCS,0%,,Flake,Complete,,,,,,,,,,,,,,,,,,,,,,Yes,Hertzian,Overshot,,,,,,,,,,,,,RECTANGULAR,Indeterminate,No,6.67,1.6,Main,,,,,,,,,,,10.43,10.44,11.57,7.37,2.31,0.32,,N
2040,LIK,VI,K4c-092,,,Opaline/CCS,0%,,Flake,Complete,,,,,,,,,,,,,,,,,,,,,,Yes,Hertzian,Feather,,,,,,,,,,,,,RECTANGULAR,NotPrepared,No,4.99,2.33,Main,,,,,,,,,,,12.13,12.97,7.26,7.26,1.79,0.25,,N
2041,LIK,VI,K4c-092,,,Opaline/CCS,0%,,Flake,Mesial,,,,,,,,,,,,,,,,,,,,,,No,,Indeterminate,,,,,,,,,,,,,SQUARE,,,,,,,,,,,,,,,,8.07,,9.92,,1.24,0.15,,N
2042,LIK,VI,K4c-092,,,Opaline/CCS,0%,,Flake,Mesial,,,,,,,,,,,,,,,,,,,,,,No,,Indeterminate,,,,,,,,,,,,,RECTANGULAR,,,,,,,,,,,,,,,,15.88,,9.89,,2.39,0.32,,N
203,LIK,XVI,P5,,,Opaline/CCS,0%,,Flake,Distal,,,,,,,,,,,,,,,,,,,,,,No,,Feather,,,,,,,,,,,,,TRAPEZOIDAL,,,,,,,,,,,,,,,,8.37,,11.7,,0.74,0.09,,N
2043,LIK,VI,K4c-092,,,Opaline/CCS,0%,,Flake,Complete,,,,,,,,,,,,,,,,,,,,,,Yes,Bending,Feather,,,,,,,,,,,,,TRIANGULAR,NotPrepared,No,14.15,3.44,Main,,,,,,,,,,,11.62,11.62,14.13,12.08,3.96,0.86,,N
2044,LIK,VI,K4c-092,,,Hornfels,10-40%,Cobble,Flake,Complete,,,,,,,,,,,,,,,,,,,,,,Yes,Hertzian,Feather,,,,,,,,,,,,,OVAL,NotPrepared,No,14.53,10.32,Initial,,,,,,,,,,,23.28,19.86,30.91,23.94,5.16,4.95,,N
2045,LIK,VI,K4c-092,,,Hornfels,0%,,Flake,Complete,,,,,,,,,,,,,,,,,,,,,,Yes,Hertzian,Feather,,,,,,,,,,,,,RECTANGULAR,NotPrepared,No,5.67,2.43,Main,,,,,,,,,,,16.86,16.86,5.27,5.27,1.4,0.21,,N
2046,LIK,VI,K4d-092,,,Hornfels,0%,,Flake,Complete,,,,,,,,,,,,,,,,,,,,,,Yes,Hertzian,Feather,,,,,,,,,,,,,RECTANGULAR,NotPrepared,No,37.16,7.94,Main,,,,,,,,,,,35.49,35.49,41.48,41.48,9.15,17.37,,N
2047,LIK,VI,K5c-092,,,Opaline/CCS,0%,,Flake,Complete,,,,,,,,,,,,,,,,,,,,,,Yes,Hertzian,Feather,,,,,,,,,,,,,RECTANGULAR,NotPrepared,No,3.54,0.95,Main,,,,,,,,,,,11.81,11.83,5.92,5.92,1.97,0.15,,N
2048,LIK,VI,K5c-092,,,Opaline/CCS,1-10%,Outcrop,Flake,Complete,,,,,,,,,,,,,,,,,,,,,,Yes,Hertzian,Overshot,,,,,,,,,,,,,TRIANGULAR,Indeterminate,No,1.56,1.2,Main,,,,,,,,,,,9.74,9.74,9.82,7.12,1.81,0.22,,N
2049,LIK,VI,K5c-092,,,Opaline/CCS,0%,,Flake,Proximal,,,,,,,,,,,,,,,,,,,,,,Yes,Hertzian,Indeterminate,,,,,,,,,,,,,RECTANGULAR,NotPrepared,No,6.01,2.15,,,,,,,,,,,,13.95,,11.96,,3.38,0.77,,N
2050,LIK,VI,K5c-092,,,Opaline/CCS,0%,,Core,,Complete,,,,,,,,,,,,,,,,,,,,,,,,,,,,,,,,,,,,,,,,,,Platform,Irregular,Cubic,0%,4,4,6,7,4,12.56,52.52,50.6,39.54,34.51,16.73,54.64,,N
2051,LIK,VI,L4c-092,,,Opaline/CCS,0%,,Flake,Complete,,,,,,,,,,,,,,,,,,,,,,Yes,Hertzian,Feather,,,,,,,,,,,,,RECTANGULAR,NotPrepared,No,6.26,1.66,Main,,,,,,,,,,,13.38,13.38,5.34,5.34,1.27,0.17,,N
2052,LIK,VI,L4c-092,,,Opaline/CCS,0%,,Flake,Proximal,,,,,,,,,,,,,,,,,,,,,,Yes,Hertzian,Indeterminate,,,,,,,,,,,,,OVAL,NotPrepared,No,4.33,2.1,,,,,,,,,,,,11.14,,6.58,,3.16,0.23,,N
204,LIK,XVI,P5,,,Opaline/CCS,0%,,Flake,Distal,,,,,,,,,,,,,,,,,,,,,,No,,Feather,,,,,,,,,,,,,TRAPEZOIDAL,,,,,,,,,,,,,,,,10.42,,12.21,,1.13,0.17,,N
2053,LIK,VI,L4c-092,,,Opaline/CCS,0%,,Flake,Proximal,,,,,,,,,,,,,,,,,,,,,,Yes,Hertzian,Indeterminate,,,,,,,,,,,,,OVAL,NotPrepared,No,5.31,2.15,,,,,,,,,,,,18.21,,12.87,,3.4,0.82,,N
2054,LIK,VI,L4c-092,,,Hornfels,0%,,Flake,Complete,,,,,,,,,,,,,,,,,,,,,,Yes,Hertzian,Feather,,,,,,,,,,,,,RECTANGULAR,NotPrepared,No,8.03,2,Main,,,,,,,,,,,12.81,12.81,10.39,8.68,1.02,0.2,,N
2055,LIK,VI,L4c-092,,,Hornfels,0%,,Flake,Complete,,,,,,,,,,,,,,,,,,,,,,Yes,Hertzian,Feather,,,,,,,,,,,,,TRAPEZOIDAL,NotPrepared,No,10.06,6.52,Main,,,,,,,,,,,22.3,22.3,15.19,15.2,7.56,2.05,,N
2056,LIK,VI,K4b-092,,,Opaline/CCS,0%,,Flake,Complete,,,,,,,,,,,,,,,,,,,,,,Yes,Hertzian,Overshot,,,,,,,,,,,,,RECTANGULAR,FacetWithBulb,No,8.09,2.78,Main,,,,,,,,,,,19.94,19.94,17.5,16.09,5.61,1.88,,N
2057,LIK,VI,K4b-092,,,Opaline/CCS,1-10%,Outcrop,Flake,Complete,,,,,,,,,,,,,,,,,,,,,,Yes,Hertzian,Feather,,,,,,,,,,,,,RECTANGULAR,Indeterminate,No,6.55,1.66,Main,,,,,,,,,,,14.48,14.48,10.74,10.74,2.52,0.45,,N
2058,LIK,VI,K4b-092,,,Opaline/CCS,0%,,Flake,Complete,,,,,,,,,,,,,,,,,,,,,,Yes,Hertzian,Feather,,,,,,,,,,,,,RECTANGULAR,NotPrepared,No,4.26,1.87,Main,,,,,,,,,,,17.19,17.98,5.73,5.73,1.55,0.2,,N
2059,LIK,VI,K4b-092,,,Hornfels,1-10%,Cobble,Flake,Complete,,,,,,,,,,,,,,,,,,,,,,Yes,Hertzian,Feather,,,,,,,,,,,,,RECTANGULAR,NotPrepared,No,16.72,6.1,Main,,,,,,,,,,,33.15,33.15,29.59,29.59,5.77,7.42,,Y
2060,LIK,VI,K4b-092,,,Hornfels,0%,,Flake,Mesial,,,,,,,,,,,,,,,,,,,,,,No,,Indeterminate,,,,,,,,,,,,,RECTANGULAR,,,,,,,,,,,,,,,,14.42,,22.9,,3.92,1.76,,N
2061,LIK,VI,K5d-092,,,Opaline/CCS,0%,,Flake,Distal,,,,,,,,,,,,,,,,,,,,,,No,,Feather,,,,,,,,,,,,,RECTANGULAR,,,,,,,,,,,,,,,,7.6,,13.33,,1.6,0.15,,N
2062,LIK,VI,K5d-092,,,Opaline/CCS,0%,,Flake,Complete,,,,,,,,,,,,,,,,,,,,,,Yes,Hertzian,Feather,,,,,,,,,,,,,TRIANGULAR,NotPrepared,No,3.27,1.5,Main,,,,,,,,,,,12.3,12.3,7.9,7.9,1.42,0.09,,N
205,LIK,XVI,P5,,,Opaline/CCS,0%,,Flake,Distal,,,,,,,,,,,,,,,,,,,,,,No,,Feather,,,,,,,,,,,,,RECTANGULAR,,,,,,,,,,,,,,,,6.96,,14.71,,1.42,0.22,,N
2063,LIK,VI,K5d-092,,,Hornfels,0%,,Flake,Distal,,,,,,,,,,,,,,,,,,,,,,No,,Feather,,,,,,,,,,,,,RECTANGULAR,,,,,,,,,,,,,,,,10.02,,12.08,,1.49,0.23,,N
2064,LIK,VI,K5d-092,,,Hornfels,0%,,Flake,Complete,,,,,,,,,,,,,,,,,,,,,,Yes,Hertzian,Feather,,,,,,,,,,,,,RHOMBUS,ResidualFacetWithBulb,No,14.9,4.52,Main,,,,,,,,,,,19.55,19.55,18.12,18.12,2.44,1.1,,N
2065,LIK,VI,J6a-090,,,Opaline/CCS,0%,,Flake,Complete,,,,,,,,,,,,,,,,,,,,,,Yes,Hertzian,Feather,,,,,,,,,,,,,RECTANGULAR,NotPrepared,No,7.21,2.15,Main,,,,,,,,,,,12.64,10.32,12.81,11.1,1.42,0.24,,N
2066,LIK,VI,J6a-090,,,Opaline/CCS,0%,,Flake,Complete,,,,,,,,,,,,,,,,,,,,,,Yes,Hertzian,Feather,,,,,,,,,,,,,TRIANGULAR,Indeterminate,No,6.2,1.87,Main,,,,,,,,,,,11.43,11.43,9.27,9.21,2.98,0.25,,N
2067,LIK,VI,J6a-090,,,Opaline/CCS,0%,,Flake,Distal,,,,,,,,,,,,,,,,,,,,,,No,,Feather,,,,,,,,,,,,,TRIANGULAR,,,,,,,,,,,,,,,,6.23,,9.54,,2.09,0.15,,N
2068,LIK,VI,J6a-090,,,Opaline/CCS,0%,,Flake,Distal,,,,,,,,,,,,,,,,,,,,,,No,,Feather,,,,,,,,,,,,,TRAPEZOIDAL,,,,,,,,,,,,,,,,7,,11.85,,1.3,0.08,,N
2069,LIK,VI,J6a-090,,,Opaline/CCS,0%,,Flake,Mesial,,,,,,,,,,,,,,,,,,,,,,No,,Indeterminate,,,,,,,,,,,,,RECTANGULAR,,,,,,,,,,,,,,,,14.6,,9.52,,2.87,0.83,,N
2070,LIK,VI,J6a-090,,,Opaline/CCS,0%,,Flake,Mesial,,,,,,,,,,,,,,,,,,,,,,No,,Indeterminate,,,,,,,,,,,,,SQUARE,,,,,,,,,,,,,,,,9.39,,21.37,,5.04,1.74,,N
2071,LIK,VI,J6a-090,,,Opaline/CCS,0%,,Flake,Complete,,,,,,,,,,,,,,,,,,,,,,Yes,Hertzian,Feather,,,,,,,,,,,,,RECTANGULAR,Indeterminate,No,4.41,0.82,Main,,,,,,,,,,,18.27,15.27,9.82,7.87,1.89,0.3,,N
2072,LIK,VI,J6a-090,,,Opaline/CCS,0%,,Flake,Complete,,,,,,,,,,,,,,,,,,,,,,Yes,Hertzian,Feather,,,,,,,,,,,,,TRAPEZOIDAL,NotPrepared,No,5.41,2.4,Main,,,,,,,,,,,10.05,10.05,12.91,11.31,1.95,0.29,,N
206,LIK,XVI,P5,,,Opaline/CCS,0%,,Flake,Proximal,,,,,,,,,,,,,,,,,,,,,,Yes,Bending,Indeterminate,,,,,,,,,,,,,RECTANGULAR,ResidualFacetWithBulb,No,13.35,3.62,,,,,,,,,,,,14.63,,16.07,,1.86,0.52,,N
2073,LIK,VI,J6a-090,,,Opaline/CCS,0%,,Flake,Complete,,,,,,,,,,,,,,,,,,,,,,Yes,Hertzian,Feather,,,,,,,,,,,,,TRIANGULAR,Indeterminate,No,5.58,1.28,Main,,,,,,,,,,,15.81,15.81,11.1,11.1,0.61,0.18,,N
2074,LIK,VI,J6a-090,,,Hornfels,0%,,Flake,Mesial,,,,,,,,,,,,,,,,,,,,,,No,,Indeterminate,,,,,,,,,,,,,TRIANGULAR,,,,,,,,,,,,,,,,10.78,,12.35,,1.72,0.21,,N
2075,LIK,VI,I5c-092,,,Opaline/CCS,0%,,Flake,Complete,,,,,,,,,,,,,,,,,,,,,,Yes,Bending,Feather,,,,,,,,,,,,,RECTANGULAR,NotPrepared,No,4.69,1.57,Main,,,,,,,,,,,10.44,10.44,8.78,8.78,0.9,0.09,,N
2076,LIK,VI,I5c-092,,,Opaline/CCS,0%,,Flake,Complete,,,,,,,,,,,,,,,,,,,,,,Yes,Hertzian,Feather,,,,,,,,,,,,,RECTANGULAR,NotPrepared,No,3.03,1.06,Main,,,,,,,,,,,14.51,14.51,7.07,6.36,3.09,0.27,,N
2077,LIK,VI,I5c-092,,,Opaline/CCS,0%,,Flake,Complete,,,,,,,,,,,,,,,,,,,,,,Yes,Hertzian,Feather,,,,,,,,,,,,,RECTANGULAR,Indeterminate,No,6.32,2.11,Main,,,,,,,,,,,16.51,16.51,6.01,6.02,1.43,0.25,,N
2078,LIK,VI,I5c-092,,,Opaline/CCS,0%,,Flake,Complete,,,,,,,,,,,,,,,,,,,,,,Yes,Hertzian,Feather,,,,,,,,,,,,,OVAL,Indeterminate,No,6.28,1.51,CoreMaintenance,,,,,,,,,,,9.04,9.05,10.76,10.75,2.61,0.29,,N
2079,LIK,VI,I5c-092,,,Opaline/CCS,0%,,Flake,Complete,,,,,,,,,,,,,,,,,,,,,,Yes,Hertzian,Feather,,,,,,,,,,,,,RECTANGULAR,NotPrepared,No,12.88,1.65,Main,,,,,,,,,,,11.39,9.61,13.03,12.96,1.45,0.32,,N
2080,LIK,VI,I5c-092,,,Opaline/CCS,0%,,Flake,Distal,,,,,,,,,,,,,,,,,,,,,,No,,Feather,,,,,,,,,,,,,TRAPEZOIDAL,,,,,,,,,,,,,,,,13.35,,19.58,,2.5,0.57,,N
2081,LIK,VI,I5c-092,,,Opaline/CCS,0%,,Flake,Complete,,,,,,,,,,,,,,,,,,,,,,Yes,Hertzian,Feather,,,,,,,,,,,,,TRAPEZOIDAL,ResidualFacetWithBulb,No,4.74,1.68,Main,,,,,,,,,,,12.83,12.83,18.35,15.72,2.56,0.53,,N
2082,LIK,VI,I5c-092,,,Opaline/CCS,0%,,RetouchedTool,Complete,,MinimallyRetouched,MarginalEdgeShaping,Dorsal,2,67,3.67,1,3.52,1.96,1.62,,,,,,,,,,,,,,Flake,,,,,,,,,,,,RECTANGULAR,,,,,Main,,,,,,,,,,,23.95,23.95,19.8,19.8,6.69,3.56,,Y
207,LIK,XVI,P5,,,Opaline/CCS,0%,,Flake,Proximal,,,,,,,,,,,,,,,,,,,,,,Yes,Hertzian,Indeterminate,,,,,,,,,,,,,RECTANGULAR,NotPrepared,No,5.9,2.51,,,,,,,,,,,,12.04,,9.94,,2.63,0.33,,N
2083,LIK,VI,I5c-092,,,Hornfels,0%,,RetouchedTool,Complete,,MinimallyRetouched,MarginalEdgeShaping,Dorsal,3,678,4.41,1,5.16,5.66,5.08,,,,,,,,,,,,,,Flake,,,,,,,,,,,,TRIANGULAR,,,,,Main,,,,,,,,,,,39.48,31.97,32.84,32.78,10.97,13.44,,Y
2084,LIK,VI,J5a-084,,,Opaline/CCS,0%,,Flake,Distal,,,,,,,,,,,,,,,,,,,,,,No,,Feather,,,,,,,,,,,,,RECTANGULAR,,,,,,,,,,,,,,,,6.94,,11.21,,0.98,0.09,,N
2085,LIK,VI,J5a-084,,,Opaline/CCS,0%,,Flake,Complete,,,,,,,,,,,,,,,,,,,,,,Yes,Hertzian,Overshot,,,,,,,,,,,,,KITE,NotPrepared,No,11.1,7.83,Main,,,,,,,,,,,11.92,11.92,17.71,17.77,6.5,1.72,,N
2086,LIK,VI,J5a-084,,,Hornfels,0%,,Flake,Complete,,,,,,,,,,,,,,,,,,,,,,Yes,Hertzian,Feather,,,,,,,,,,,,,SQUARE,NotPrepared,No,5.15,1.1,Main,,,,,,,,,,,11.4,11.4,12.54,12.54,1.85,0.28,,N
2087,LIK,VI,J5a-084,,,Hornfels,0%,,Flake,Complete,,,,,,,,,,,,,,,,,,,,,,Yes,Hertzian,Feather,,,,,,,,,,,,,TRAPEZOIDAL,NotPrepared,No,6.03,1.96,CoreMaintenance,,,,,,,,,,,11.92,11.92,23.74,18.67,3.85,1.17,,N
2088,LIK,VI,J5a-084,,,Opaline/CCS,0%,,Flake,Complete,,,,,,,,,,,,,,,,,,,,,,Yes,Hertzian,Overshot,,,,,,,,,,,,,RECTANGULAR,NotPrepared,No,6.09,1.25,Main,,,,,,,,,,,18.72,18.72,10.74,10.74,2.36,0.64,,N
2089,LIK,VI,J5a-084,,,Hornfels,0%,,Flake,Complete,,,,,,,,,,,,,,,,,,,,,,Yes,Hertzian,Feather,,,,,,,,,,,,,RECTANGULAR,Indeterminate,No,5.77,1.11,CoreMaintenance,,,,,,,,,,,11.65,11.65,18.94,18.94,2.13,0.74,,N
2090,LIK,VI,J6d-084,,,Opaline/CCS,0%,,Flake,Complete,,,,,,,,,,,,,,,,,,,,,,Yes,Hertzian,Feather,,,,,,,,,,,,,RECTANGULAR,NotPrepared,No,4.91,1.11,Main,,,,,,,,,,,8.52,8.52,13.64,13.38,0.76,0.18,,N
2091,LIK,VI,J6d-084,,,Opaline/CCS,0%,,Flake,Mesial,,,,,,,,,,,,,,,,,,,,,,No,,Indeterminate,,,,,,,,,,,,,RHOMBUS,,,,,,,,,,,,,,,,4.99,,11.77,,1.53,0.1,,N
2092,LIK,VI,J6d-084,,,Opaline/CCS,0%,,Flake,Complete,,,,,,,,,,,,,,,,,,,,,,Yes,Hertzian,Overshot,,,,,,,,,,,,,TRIANGULAR,Indeterminate,No,4.7,1.18,Main,,,,,,,,,,,12.37,12.37,11.81,9.03,2.35,0.51,,N
208,LIK,XVI,P5,,,Opaline/CCS,0%,,Flake,Proximal,,,,,,,,,,,,,,,,,,,,,,Yes,Bending,Indeterminate,,,,,,,,,,,,,RECTANGULAR,NotPrepared,No,11.33,4.98,,,,,,,,,,,,6.46,,17.21,,3.65,0.53,,N
2093,LIK,VI,J6d-084,,,Opaline/CCS,0%,,Flake,Complete,,,,,,,,,,,,,,,,,,,,,,Yes,Hertzian,Feather,,,,,,,,,,,,,RECTANGULAR,ResidualFacetWithBulb,No,8.51,3.41,Main,,,,,,,,,,,21.5,21.5,25.12,19,3.64,1.98,,N
2094,LIK,VI,J6d-084,,,Tuff,0%,,Flake,Complete,,,,,,,,,,,,,,,,,,,,,,Yes,Hertzian,Feather,,,,,,,,,,,,,OVAL,NotPrepared,No,5.13,1.55,Main,,,,,,,,,,,11.92,9.89,12.26,10.24,1.57,0.18,,N
2095,LIK,VI,J6a-084,,,Opaline/CCS,0%,,Core,,Complete,,,,,,,,,,,,,,,,,,,,,,,,,,,,,,,,,,,,,,,,,,Platform,Irregular,Cubic,0%,4,3,9,7,3,25.52,41.86,41.85,30.32,30.32,24.41,35.72,,Y
2096,LIK,VI,J5c-084,,,Opaline/CCS,0%,,Flake,Complete,,,,,,,,,,,,,,,,,,,,,,Yes,Hertzian,Feather,,,,,,,,,,,,,RECTANGULAR,NotPrepared,No,18.99,7.04,Main,,,,,,,,,,,19.74,18.8,19.3,19.15,3.44,2.54,,N
2097,LIK,VI,K6a-084,,,Opaline/CCS,0%,,Flake,Distal,,,,,,,,,,,,,,,,,,,,,,No,,Feather,,,,,,,,,,,,,TRIANGULAR,,,,,,,,,,,,,,,,10.83,,13.93,,1.1,0.19,,N
2098,LIK,VI,K6a-084,,,Opaline/CCS,0%,,Core,,Complete,,,,,,,,,,,,,,,,,,,,,,,,,,,,,,,,,,,,,,,,,,Platform,Bladelet,Cubic,0%,3,3,1,3,3,6.21,11.49,11.49,6.95,6.95,4.86,0.46,,Y
2099,LIK,VI,K6a-084,,,Opaline/CCS,60-90%,Outcrop,RetouchedTool,Complete,,MinimallyRetouched,MarginalEdgeShaping,Dorsal,3,456,4.9,1,2.24,1.91,9.71,,,,,,,,,,,,,,Flake,,,,,,,,,,,,RECTANGULAR,,,,,Initial,,,,,,,,,,,24.05,24.06,25.88,25.88,9.28,9.98,,N
2100,LIK,VI,I6c-085,,,Opaline/CCS,0%,,Flake,Distal,,,,,,,,,,,,,,,,,,,,,,No,,Feather,,,,,,,,,,,,,RECTANGULAR,,,,,,,,,,,,,,,,10.93,,10.14,,1.82,0.22,,N
2101,LIK,VI,I6c-085,,,Opaline/CCS,0%,,Flake,Complete,,,,,,,,,,,,,,,,,,,,,,Yes,Hertzian,Feather,,,,,,,,,,,,,RECTANGULAR,Indeterminate,No,3.64,1.29,Main,,,,,,,,,,,17.41,17.41,16.59,10.33,1.67,0.42,,N
2102,LIK,VI,I6c-085,,,Opaline/CCS,0%,,Flake,Complete,,,,,,,,,,,,,,,,,,,,,,Yes,Bending,Feather,,,,,,,,,,,,,TRIANGULAR,NotPrepared,No,11.49,3.52,Main,,,,,,,,,,,17.37,17.36,10.56,10.56,4.03,0.6,,N
21,LIK,XVII,O5a,,,Opaline/CCS,0%,,Flake,Distal,,,,,,,,,,,,,,,,,,,,,,No,,Feather,,,,,,,,,,,,,RECTANGULAR,,,,,,,,,,,,,,,,2.41,,9.94,,0.86,0.05,,N
209,LIK,XVI,P5,,,Opaline/CCS,0%,,Flake,Proximal,,,,,,,,,,,,,,,,,,,,,,Yes,Hertzian,Indeterminate,,,,,,,,,,,,,RECTANGULAR,NotPrepared,No,4.3,2.22,,,,,,,,,,,,12.96,,9.17,,2.25,0.31,,N
2103,LIK,VI,I6c-085,,,Opaline/CCS,1-10%,Outcrop,Flake,Complete,,,,,,,,,,,,,,,,,,,,,,Yes,Hertzian,Feather,,,,,,,,,,,,,RECTANGULAR,NotPrepared,No,6.55,1.63,Main,,,,,,,,,,,22.25,22.25,17.69,17.69,4.13,2.02,,N
2104,LIK,VI,I6c-085,,,Opaline/CCS,0%,,Flake,Proximal,,,,,,,,,,,,,,,,,,,,,,Yes,Hertzian,Indeterminate,,,,,,,,,,,,,RECTANGULAR,NotPrepared,No,5.03,2.07,,,,,,,,,,,,23.09,,12.85,,3.7,1.16,,N
2105,LIK,VI,L5a-089,,,Opaline/CCS,0%,,Flake,Complete,,,,,,,,,,,,,,,,,,,,,,Yes,Hertzian,Feather,,,,,,,,,,,,,TRAPEZOIDAL,Indeterminate,No,3.58,0.96,Main,,,,,,,,,,,6.97,6.97,9.63,7.62,0.77,0.04,,N
2106,LIK,VI,L5a-089,,,Opaline/CCS,0%,,Flake,Complete,,,,,,,,,,,,,,,,,,,,,,Yes,Hertzian,Feather,,,,,,,,,,,,,RECTANGULAR,NotPrepared,No,2.65,1.11,Main,,,,,,,,,,,12.78,12.78,7.61,7.61,1.32,0.07,,N
2107,LIK,VI,L5a-089,,,Opaline/CCS,0%,,Flake,Fragment,,,,,,,,,,,,,,,,,,,,,,Yes,Hertzian,Feather,,,,,,,,,,,,,OVAL,NotPrepared,No,4.37,2.13,,,,,,,,,,,,13.3,,6.78,,2.23,0.16,,N
2108,LIK,VI,L5a-089,,,Opaline/CCS,0%,,Flake,Mesial,,,,,,,,,,,,,,,,,,,,,,No,,Indeterminate,,,,,,,,,,,,,RECTANGULAR,,,,,,,,,,,,,,,,6.65,,13.58,,1.81,0.17,,N
2109,LIK,VI,L5a-089,,,Hornfels,0%,,Flake,Complete,,,,,,,,,,,,,,,,,,,,,,Yes,Hertzian,Feather,,,,,,,,,,,,,TRIANGULAR,NotPrepared,No,6.29,4.27,Main,,,,,,,,,,,17.02,17.02,12.74,12.81,3.07,0.75,,N
2110,LIK,VI,L5a-089,,,Opaline/CCS,0%,,Flake,Mesial,,,,,,,,,,,,,,,,,,,,,,No,,Indeterminate,,,,,,,,,,,,,RECTANGULAR,,,,,,,,,,,,,,,,8.9,,38.03,,4.46,3.08,,N
2111,LIK,VI,L4c-089,,,Opaline/CCS,0%,,Flake,Distal,,,,,,,,,,,,,,,,,,,,,,No,,Feather,,,,,,,,,,,,,TRIANGULAR,,,,,,,,,,,,,,,,9.13,,7.44,,1.09,0.03,,N
2112,LIK,VI,L4c-089,,,Opaline/CCS,0%,,Flake,Complete,,,,,,,,,,,,,,,,,,,,,,Yes,Hertzian,Feather,,,,,,,,,,,,,RECTANGULAR,NotPrepared,No,8.51,2.43,Main,,,,,,,,,,,7.48,7.42,8.04,8.04,1.52,0.14,,N
210,LIK,XVI,P5,,,Opaline/CCS,0%,,Flake,Complete,,,,,,,,,,,,,,,,,,,,,,Yes,Hertzian,Feather,,,,,,,,,,,,,RECTANGULAR,ResidualFacetWithBulb,No,9.73,2.18,Main,,,,,,,,,,,12.78,12.78,13.25,13.25,1.2,0.32,,N
2113,LIK,VI,L4c-089,,,Opaline/CCS,0%,,Flake,Distal,,,,,,,,,,,,,,,,,,,,,,No,,Overshot,,,,,,,,,,,,,RECTANGULAR,,,,,,,,,,,,,,,,11.72,,8.46,,2.81,0.25,,N
2114,LIK,VI,L4c-089,,,Opaline/CCS,0%,,Flake,Complete,,,,,,,,,,,,,,,,,,,,,,Yes,Hertzian,Feather,,,,,,,,,,,,,RECTANGULAR,NotPrepared,No,5.01,1.83,Main,,,,,,,,,,,9.95,9.95,8.28,8.28,1.95,0.2,,N
2115,LIK,VI,L4c-089,,,Opaline/CCS,0%,,Flake,Distal,,,,,,,,,,,,,,,,,,,,,,No,,Feather,,,,,,,,,,,,,RECTANGULAR,,,,,,,,,,,,,,,,11.72,,16.08,,3.7,0.98,,N
2116,LIK,VI,L4c-089,,,Opaline/CCS,0%,,Flake,Complete,,,,,,,,,,,,,,,,,,,,,,Yes,Hertzian,Feather,,,,,,,,,,,,,OVAL,ResidualFacetWithBulb,No,4.69,2.38,Main,,,,,,,,,,,19.41,19.39,16.63,16.63,9.5,3.72,,N
2117,LIK,VI,L4c-089,,,Hornfels,0%,,Flake,Distal,,,,,,,,,,,,,,,,,,,,,,No,,Feather,,,,,,,,,,,,,OVAL,,,,,,,,,,,,,,,,9.23,,7.6,,2.28,0.22,,N
2118,LIK,VI,L4c-089,,,Hornfels,0%,,Flake,Complete,,,,,,,,,,,,,,,,,,,,,,Yes,Hertzian,Feather,,,,,,,,,,,,,RECTANGULAR,Indeterminate,No,5.88,1.5,CoreMaintenance,,,,,,,,,,,6.38,6.38,8.68,8.68,2.14,0.18,,N
2119,LIK,VI,L4c-089,,,Hornfels,0%,,Flake,Complete,,,,,,,,,,,,,,,,,,,,,,Yes,Hertzian,Overshot,,,,,,,,,,,,,RECTANGULAR,NotPrepared,No,3.59,1.48,Main,,,,,,,,,,,12.03,12.03,5.77,5.77,2.04,0.25,,N
2120,LIK,VI,L4c-089,,,Hornfels,0%,,Flake,Distal,,,,,,,,,,,,,,,,,,,,,,No,,Feather,,,,,,,,,,,,,RECTANGULAR,,,,,,,,,,,,,,,,14.75,,13.28,,1.65,0.22,,N
2121,LIK,VI,K6a-085,,,Opaline/CCS,0%,,Core,,Complete,,,,,,,,,,,,,,,,,,,,,,,,,,,,,,,,,,,,,,,,,,Platform,Bladelet,Cubic,0%,3,2,5,3,4,14.26,16.38,16.22,9.61,9.61,5.57,1.76,,N
2122,LIK,VI,K6a-085,,,Opaline/CCS,0%,,RetouchedTool,Complete,,MinimallyRetouched,MarginalEdgeShaping,Dorsal,3,347,3.71,1,1.47,1.81,3.4,,,,,,,,,,,,,,Flake,,,,,,,,,,,,RECTANGULAR,,,,,Main,,,,,,,,,,,19.94,19.94,16.59,16.74,4.75,2.12,,Y
211,LIK,XVI,P5,,,Opaline/CCS,0%,,Flake,Complete,,,,,,,,,,,,,,,,,,,,,,Yes,Hertzian,Feather,,,,,,,,,,,,,RECTANGULAR,Indeterminate,No,8.79,3.08,Main,,,,,,,,,,,29.35,29.29,16.26,14.99,6.16,2.74,,Y
2123,LIK,VI,K6a-092,,,Opaline/CCS,0%,,Flake,Distal,,,,,,,,,,,,,,,,,,,,,,No,,Feather,,,,,,,,,,,,,TRIANGULAR,,,,,,,,,,,,,,,,12.9,,6.34,,2.02,0.18,,N
2124,LIK,VI,K6a-092,,,Opaline/CCS,0%,,Flake,Complete,,,,,,,,,,,,,,,,,,,,,,Yes,Hertzian,Feather,,,,,,,,,,,,,RHOMBUS,NotPrepared,No,5.32,1.44,Main,,,,,,,,,,,8.05,8.05,10.13,7.87,2.62,0.22,,N
2125,LIK,VI,K6a-092,,,Hornfels,0%,,Flake,Complete,,,,,,,,,,,,,,,,,,,,,,Yes,Hertzian,Feather,,,,,,,,,,,,,RECTANGULAR,NotPrepared,No,6.27,1.82,Main,,,,,,,,,,,18.42,12.18,14.59,8.62,1.92,0.38,,N
2126,LIK,VI,L6d-084,,,Opaline/CCS,0%,,Flake,Complete,,,,,,,,,,,,,,,,,,,,,,Yes,Hertzian,Feather,,,,,,,,,,,,,TRIANGULAR,Indeterminate,No,2.6,0.88,Main,,,,,,,,,,,12.31,12.31,5.47,3.96,1.04,0.07,,N
2127,LIK,VI,L6d-084,,,Hornfels,0%,,Flake,Proximal,,,,,,,,,,,,,,,,,,,,,,Yes,Hertzian,Indeterminate,,,,,,,,,,,,,TRIANGULAR,Indeterminate,No,3.53,1.18,,,,,,,,,,,,8.24,,14.06,,2.34,0.22,,N
2128,LIK,VI,L6d-084,,,Hornfels,0%,,Flake,Fragment,,,,,,,,,,,,,,,,,,,,,,Yes,Hertzian,Feather,,,,,,,,,,,,,RECTANGULAR,NotPrepared,No,6.39,3.82,,,,,,,,,,,,30.25,,15.13,,3.3,1.68,,N
2129,LIK,VI,K4b-089,,,Opaline/CCS,0%,,Flake,Mesial,,,,,,,,,,,,,,,,,,,,,,No,,Indeterminate,,,,,,,,,,,,,TRAPEZOIDAL,,,,,,,,,,,,,,,,5.99,,11.79,,2.95,0.26,,N
2130,LIK,VI,K4b-089,,,Opaline/CCS,0%,,Flake,Proximal,,,,,,,,,,,,,,,,,,,,,,Yes,Hertzian,Indeterminate,,,,,,,,,,,,,TRAPEZOIDAL,NotPrepared,No,5.72,2.09,,,,,,,,,,,,14.47,,17.41,,4.25,1.17,,N
2131,LIK,VI,K4b-089,,,Hornfels,1-10%,Outcrop,Flake,Complete,,,,,,,,,,,,,,,,,,,,,,Yes,Hertzian,Feather,,,,,,,,,,,,,RECTANGULAR,NotPrepared,No,4.73,1.6,Main,,,,,,,,,,,9.84,9.84,10.85,9.42,2.14,0.24,,N
2132,LIK,VI,K5a-089,,,Opaline/CCS,0%,,Flake,Proximal,,,,,,,,,,,,,,,,,,,,,,Yes,Hertzian,Indeterminate,,,,,,,,,,,,,RECTANGULAR,NotPrepared,No,3.37,1.37,,,,,,,,,,,,11.48,,8.55,,2.61,0.43,,N
212,LIK,XVI,P5,,,Opaline/CCS,0%,,RetouchedTool,Complete,,MinimallyRetouched,MarginalEdgeShaping,Dorsal,2,18,5.8,1,1.94,1.99,1.99,,,,,,,,,,,,,,Blade,,,,,,,,,,,,RECTANGULAR,,,,,Main,,,,,,,,,,,24.63,24.62,10.11,10.11,4.41,1.22,Backed tool segment?,Y
2133,LIK,VI,K5a-089,,,Opaline/CCS,0%,,Flake,Complete,,,,,,,,,,,,,,,,,,,,,,Yes,Hertzian,Feather,,,,,,,,,,,,,TRIANGULAR,NotPrepared,No,10.54,2.37,Main,,,,,,,,,,,15.06,15.32,10.47,9.65,1.65,0.37,,N
2134,LIK,VI,L4a-089,,,Opaline/CCS,0%,,Flake,Complete,,,,,,,,,,,,,,,,,,,,,,Yes,Hertzian,Feather,,,,,,,,,,,,,OVAL,NotPrepared,No,3.54,3.08,Main,,,,,,,,,,,8.05,8.25,6.42,6.42,2.54,0.1,,N
2135,LIK,VI,L4a-089,,,Opaline/CCS,0%,,Flake,Complete,,,,,,,,,,,,,,,,,,,,,,Yes,Hertzian,Feather,,,,,,,,,,,,,SQUARE,NotPrepared,No,2.92,1.78,Main,,,,,,,,,,,12.53,10.59,9.43,9.43,1.74,0.2,,N
2136,LIK,VI,L4a-089,,,Hornfels,0%,,Flake,Complete,,,,,,,,,,,,,,,,,,,,,,Yes,Hertzian,Feather,,,,,,,,,,,,,RECTANGULAR,ResidualFacetWithBulb,No,10.11,3.45,Main,,,,,,,,,,,24.4,24.4,11.5,11.5,4.64,1.54,,N
2137,LIK,VI,L5c-089,,,Opaline/CCS,0%,,Flake,Complete,,,,,,,,,,,,,,,,,,,,,,Yes,Hertzian,Feather,,,,,,,,,,,,,OVAL,NotPrepared,No,9.11,2.58,Main,,,,,,,,,,,16.52,16.52,22.15,16.3,2.29,1,,N
2138,LIK,VI,L5c-089,,,Opaline/CCS,0%,,Core,,Complete,,,,,,,,,,,,,,,,,,,,,,,,,,,,,,,,,,,,,,,,,,Platform,Irregular,Cubic,1-10%,3,3,5,2,6,10.38,17.79,17.8,10.07,10.07,7.38,1.28,,N
2139,LIK,VI,K6b-092,,,Opaline/CCS,0%,,Flake,Complete,,,,,,,,,,,,,,,,,,,,,,Yes,Hertzian,Feather,,,,,,,,,,,,,RECTANGULAR,ResidualFacetWithBulb,No,4.15,2,Main,,,,,,,,,,,11.3,11.29,3.38,3.38,1.99,0.09,,N
2140,LIK,VI,K6b-092,,,Opaline/CCS,0%,,Flake,Complete,,,,,,,,,,,,,,,,,,,,,,Yes,Hertzian,Feather,,,,,,,,,,,,,OVAL,NotPrepared,No,8.66,2.18,Main,,,,,,,,,,,7.2,7.18,10.46,8.81,2.21,0.18,,N
2141,LIK,VI,K6b-092,,,Opaline/CCS,0%,,Flake,Complete,,,,,,,,,,,,,,,,,,,,,,Yes,Hertzian,Feather,,,,,,,,,,,,,RECTANGULAR,NotPrepared,No,4.1,1.23,Main,,,,,,,,,,,7.36,7.36,10.66,10.66,1.01,0.07,,N
2142,LIK,VI,K6b-092,,,Opaline/CCS,0%,,Flake,Mesial,,,,,,,,,,,,,,,,,,,,,,No,,Indeterminate,,,,,,,,,,,,,RECTANGULAR,,,,,,,,,,,,,,,,10.2,,23.97,,7.34,2.63,,N
213,LIK,XVI,P5,,,Opaline/CCS,0%,,RetouchedTool,Complete,,BackedPiece,Backing,Dorsal,,178,,,,,,2.4,2.41,2.28,5.89,8.42,7.21,4.93,4.68,3.33,1,,,,Blade,,,,,,,,,,,,,,,,,Main,,,,,,,,,,,19.08,19.07,8.78,8.75,4.42,0.61,,Y
2143,LIK,VI,L6b-090,,,Tuff,0%,,Flake,Complete,,,,,,,,,,,,,,,,,,,,,,Yes,Hertzian,Feather,,,,,,,,,,,,,TRIANGULAR,NotPrepared,No,3.19,1.94,Main,,,,,,,,,,,13.58,13.58,5.42,5.42,2.09,0.19,,N
2144,LIK,VI,L6b-090,,,Tuff,0%,,Flake,Complete,,,,,,,,,,,,,,,,,,,,,,Yes,Hertzian,Feather,,,,,,,,,,,,,TRAPEZOIDAL,NotPrepared,No,6.5,1.17,Main,,,,,,,,,,,12.94,12.94,17.12,11.88,1.32,0.29,,N
2146,LIK,VI,L6b-090,,,Opaline/CCS,0%,,Flake,Complete,,,,,,,,,,,,,,,,,,,,,,Yes,Hertzian,Overshot,,,,,,,,,,,,,TRAPEZOIDAL,NotPrepared,No,6.95,1.84,Main,,,,,,,,,,,13.99,13.99,20.88,18.01,6.68,1.83,,N
2145,LIK,VI,I6d-092,,,Opaline/CCS,0%,,Flake,Complete,,,,,,,,,,,,,,,,,,,,,,Yes,Hertzian,Feather,,,,,,,,,,,,,RECTANGULAR,NotPrepared,No,19.49,4.67,Main,,,,,,,,,,,32.6,31.29,37.02,37.02,7.53,11.25,,N
2147,LIK,VI,J5a-092,,,Opaline/CCS,0%,,Flake,Complete,,,,,,,,,,,,,,,,,,,,,,Yes,Hertzian,Overshot,,,,,,,,,,,,,RECTANGULAR,NotPrepared,No,5.02,2.27,Main,,,,,,,,,,,17.52,17.52,11.91,11.91,4.55,1.25,,N
2148,LIK,VI,J5a-092,,,Opaline/CCS,0%,,RetouchedTool,Complete,,MinimallyRetouched,MarginalEdgeShaping,Both,8,12345678,8.46,1,3.14,4.94,10.19,,,,,,,,,,,,,,Flake,,,,,,,,,,,,RECTANGULAR,,,,,Main,,,,,,,,,,,33.46,33.46,16.54,15.59,7.47,7.44,,N
2149,LIK,VI,I6b-092,,,Opaline/CCS,0%,,Flake,Proximal,,,,,,,,,,,,,,,,,,,,,,Yes,Hertzian,Indeterminate,,,,,,,,,,,,,TRIANGULAR,NotPrepared,No,4.07,1.29,,,,,,,,,,,,7.85,,7.79,,1.04,0.09,,N
2150,LIK,VI,I6b-092,,,Opaline/CCS,0%,,Flake,Complete,,,,,,,,,,,,,,,,,,,,,,Yes,Hertzian,Feather,,,,,,,,,,,,,RECTANGULAR,NotPrepared,No,2.39,1.2,Main,,,,,,,,,,,13.33,13.33,4.54,4.54,1.7,0.09,,N
2151,LIK,VI,I6b-092,,,Opaline/CCS,0%,,Flake,Complete,,,,,,,,,,,,,,,,,,,,,,Yes,Hertzian,Feather,,,,,,,,,,,,,OVAL,Indeterminate,No,2.51,1.1,Main,,,,,,,,,,,13.95,12.55,9.75,9.75,2.04,0.36,,N
2152,LIK,VI,I6b-092,,,Opaline/CCS,0%,,RetouchedTool,Complete,,BackedPiece,Backing,Indeteriminate,,1678,,,,,,,,,2.81,3.66,3.2,2.39,3.23,3.07,0,,,,Indeterminate,,,,,,,,,,,,,,,,,Main,,,,,,,,,,,13.97,13.97,3.55,3.55,2.3,0.12,,Y
214,LIK,XVI,P5,,,Hornfels,0%,,Flake,Mesial,,,,,,,,,,,,,,,,,,,,,,No,,Indeterminate,,,,,,,,,,,,,RECTANGULAR,,,,,,,,,,,,,,,,13.45,,22.69,,3.53,1.55,,N
2153,LIK,VI,I6b-092,,,Opaline/CCS,0%,,Flake,Complete,,,,,,,,,,,,,,,,,,,,,,Yes,Hertzian,Feather,,,,,,,,,,,,,RECTANGULAR,NotPrepared,No,5.78,1.63,Main,,,,,,,,,,,14.89,14.88,15.79,15.79,2.84,0.96,,N
2154,LIK,VI,I6b-092,,,Hornfels,0%,,Flake,Complete,,,,,,,,,,,,,,,,,,,,,,Yes,Hertzian,Hinge,,,,,,,,,,,,,RECTANGULAR,NotPrepared,No,7.87,5.04,Main,,,,,,,,,,,13.37,13.37,10.33,7.59,3.83,0.58,,N
2155,LIK,VI,I6b-092,,,Opaline/CCS,0%,,Flake,Complete,,,,,,,,,,,,,,,,,,,,,,Yes,Hertzian,Feather,,,,,,,,,,,,,RECTANGULAR,NotPrepared,No,6.65,2.04,Main,,,,,,,,,,,26.82,26.82,8.04,8.04,2.1,0.77,,N
2156,LIK,VI,I6a-092,,,Opaline/CCS,0%,,Flake,Complete,,,,,,,,,,,,,,,,,,,,,,Yes,Hertzian,Feather,,,,,,,,,,,,,RECTANGULAR,NotPrepared,No,6.09,1.54,Main,,,,,,,,,,,14.28,14.28,17.37,17.37,3.13,0.97,,N
2157,LIK,VI,K6a-090,,,Opaline/CCS,0%,,Flake,Complete,,,,,,,,,,,,,,,,,,,,,,Yes,Hertzian,Feather,,,,,,,,,,,,,OVAL,Indeterminate,No,4.08,0.75,Main,,,,,,,,,,,12.06,12.06,9.02,7.94,1.28,0.12,,N
2158,LIK,VI,K6a-090,,,Opaline/CCS,0%,,Flake,Distal,,,,,,,,,,,,,,,,,,,,,,No,,Feather,,,,,,,,,,,,,RECTANGULAR,,,,,,,,,,,,,,,,12.61,,10.98,,3.5,0.51,,N
2159,LIK,VI,J6b-090,,,Opaline/CCS,0%,,Flake,Proximal,,,,,,,,,,,,,,,,,,,,,,Yes,Hertzian,Indeterminate,,,,,,,,,,,,,TRAPEZOIDAL,NotPrepared,No,10.43,2.92,,,,,,,,,,,,15.11,,29.42,,4.79,2.76,,N
2160,LIK,VI,K5c-090,,,Opaline/CCS,0%,,Flake,Proximal,,,,,,,,,,,,,,,,,,,,,,Yes,Hertzian,Indeterminate,,,,,,,,,,,,,RECTANGULAR,NotPrepared,No,8.69,2.3,,,,,,,,,,,,7.17,,17.73,,4.25,0.53,,N
2161,LIK,VI,K5c-090,,,Opaline/CCS,0%,,Flake,Complete,,,,,,,,,,,,,,,,,,,,,,Yes,Hertzian,Feather,,,,,,,,,,,,,OVAL,NotPrepared,No,12.74,3.98,Main,,,,,,,,,,,12.09,12.09,13.51,13.62,3.65,0.48,,N
2162,LIK,VI,K5c-090,,,Hornfels,0%,,Flake,Complete,,,,,,,,,,,,,,,,,,,,,,Yes,Hertzian,Feather,,,,,,,,,,,,,RECTANGULAR,NotPrepared,No,4.67,2.1,Main,,,,,,,,,,,21.81,21.81,6.03,6.03,4.25,0.7,,N
215,LIK,XVI,P5,,,Hornfels,0%,,Flake,Complete,,,,,,,,,,,,,,,,,,,,,,Yes,Bending,Feather,,,,,,,,,,,,,OVAL,ResidualFacetWithBulb,No,21.18,4.8,Main,,,,,,,,,,,14.61,14.61,31.21,27.29,2.95,1.88,,N
2163,LIK,VI,I6b-084,,,Opaline/CCS,0%,,Flake,Complete,,,,,,,,,,,,,,,,,,,,,,Yes,Hertzian,Feather,,,,,,,,,,,,,TRIANGULAR,NotPrepared,No,5.62,0.86,Main,,,,,,,,,,,12.14,8.36,9.72,8.29,0.98,0.15,,N
2164,LIK,VI,I6b-084,,,Hornfels,0%,,Flake,Distal,,,,,,,,,,,,,,,,,,,,,,No,,Feather,,,,,,,,,,,,,RECTANGULAR,,,,,,,,,,,,,,,,17.58,,4.17,,4.19,0.48,,N
2165,LIK,VI,J7b-092,,,Opaline/CCS,0%,,Flake,Proximal,,,,,,,,,,,,,,,,,,,,,,Yes,Hertzian,Indeterminate,,,,,,,,,,,,,RECTANGULAR,NotPrepared,No,4.47,1.53,,,,,,,,,,,,9.29,,23.8,,4.61,0.96,,N
2166,LIK,VI,I5b-092,,,Opaline/CCS,0%,,Flake,Complete,,,,,,,,,,,,,,,,,,,,,,Yes,Bending,Overshot,,,,,,,,,,,,,OVAL,NotPrepared,No,3.78,1.61,Main,,,,,,,,,,,14.15,14.15,11.68,11.68,2.18,0.53,,N
2167,LIK,VI,J5b-084,,,Opaline/CCS,0%,,Flake,Complete,,,,,,,,,,,,,,,,,,,,,,Yes,Hertzian,Feather,,,,,,,,,,,,,OVAL,NotPrepared,No,6.99,2.56,Main,,,,,,,,,,,14.63,14.63,14.42,14.42,2.52,0.75,,N
2168,LIK,VI,L6b-084,,,Opaline/CCS,0%,,Flake,Proximal,,,,,,,,,,,,,,,,,,,,,,Yes,Hertzian,Indeterminate,,,,,,,,,,,,,RECTANGULAR,NotPrepared,No,3.86,1.54,,,,,,,,,,,,10.72,,8.49,,2.42,0.15,,N
2169,LIK,VI,L6b-084,,,Hornfels,0%,,Flake,Complete,,,,,,,,,,,,,,,,,,,,,,Yes,Hertzian,Feather,,,,,,,,,,,,,RECTANGULAR,NotPrepared,No,14.9,5,Main,,,,,,,,,,,19.81,19.81,29.11,29.03,3.83,3.34,,N
2170,LIK,XIII,P5-049,,,Opaline/CCS,0%,,RetouchedTool,Distal,,EndScraper,MarginalEdgeShaping,Dorsal,4,4567,2.85,1,1.56,2.58,1.54,,,,,,,,,,,,,,Flake,2.55,17.64,58.2,88.9,51.53,33.53,32.86,30.11,1.78,2.49,1.41,,,,,,,,,,,,,,,,,8.45,,14.04,,1.65,0.36,,Y
2171,LIK,XIII,P5-049,,,Opaline/CCS,0%,,RetouchedTool,Complete,,Side-EndScraper,MarginalEdgeShaping,Dorsal,4,3456,2.24,1,1.13,1.51,2.64,,,,,,,,,,,,,,Flake,2.97,18.32,82.5,83.56,80.54,17.53,25.72,42.18,1.05,1.67,2.37,,,,,,Main,,,,,,,,,,,14.29,14.28,8.99,8.99,2.02,0.34,,Y
2172,LIK,XIII,P5-049,,,Opaline/CCS,0%,,RetouchedTool,Complete,,Side-EndScraper,MarginalEdgeShaping,Dorsal,6,345678,2.4,1,2.79,2.49,1.75,,,,,,,,,,,,,,Blade,3.53,47.12,82.13,80.72,61.95,37.87,35.42,25.1,1.96,1.38,1.79,,,,,,Main,,,,,,,,,,,30.07,30.07,13.48,13.48,3.44,2.02,,Y
216,LIK,XVI,P5,,,Hornfels,0%,,Flake,Proximal,,,,,,,,,,,,,,,,,,,,,,Yes,Hertzian,Indeterminate,,,,,,,,,,,,,RECTANGULAR,ResidualFacetWithBulb,No,26.31,19.07,,,,,,,,,,,,40.25,,42.31,,16.94,30,,N
2173,LIK,XIII,P5-049,,,Opaline/CCS,0%,,RetouchedTool,Complete,,EndScraper,MarginalEdgeShaping,Dorsal,2,56,3.43,1,2.65,3.05,3.34,,,,,,,,,,,,,,Flake,3.39,18.9,63.59,84.45,67.47,23.33,48.29,32.84,1.11,4.17,2.84,,,,,,Main,,,,,,,,,,,21.23,21.05,13.06,13.06,3.37,1.36,,Y
2174,LIK,XIII,P5-049,,,Opaline/CCS,0%,,RetouchedTool,Complete,,EndScraper,MarginalEdgeShaping,Dorsal,2,56,2.63,1,1.02,0.99,1.07,,,,,,,,,,,,,,Flake,2.85,10.82,33.93,56.31,46.65,12.94,13.72,14.17,1.02,2.3,2.4,,,,,,Main,,,,,,,,,,,21.89,21.89,12.72,12.72,1.85,0.78,,Y
2175,LIK,XIII,P4-049,,,Opaline/CCS,0%,,RetouchedTool,Complete,,EndScraper,MarginalEdgeShaping,Dorsal,2,56,3.04,1,1.4,3.08,3.38,,,,,,,,,,,,,,Flake,3.82,12.5,61.79,59.35,68.72,16.64,23.08,33.86,1.78,2.75,2,,,,,,Main,,,,,,,,,,,22.97,22.97,14.76,14.76,3.23,1.18,,Y
2176,LIK,XIII,P4-049,,,Opaline/CCS,0%,,RetouchedTool,Complete,,EndScraper,MarginalEdgeShaping,Dorsal,2,56,3.52,1,1.82,2.41,3.35,,,,,,,,,,,,,,Flake,3.61,16.62,71.28,70.06,83.91,26.6,13,12.81,1.9,2.64,4.19,,,,,,Main,,,,,,,,,,,21.41,21.41,15.43,15.43,3,1.43,,Y
2177,LIK,XIII,P4-045,,,Opaline/CCS,0%,,RetouchedTool,Distal,,Side-EndScraper,MarginalEdgeShaping,Dorsal,4,3456,2.43,1,2.02,3,1.91,,,,,,,,,,,,,,Flake,3.09,24.89,71.02,77.61,67.73,28.38,32.5,31.42,1.63,2.71,2.02,,,,,,,,,,,,,,,,,14.91,,12.69,,2.67,0.82,,Y
2178,LIK,XII,O4b-042,,,Opaline/CCS,0%,,RetouchedTool,Complete,,Side-EndScraper,MarginalEdgeShaping,Dorsal,3,456,3.56,1,3.28,4.16,2.73,,,,,,,,,,,,,,Flake,4.44,28.55,73.41,66.91,62.85,30.36,42.17,32.17,2.64,2.87,1.93,,,,,,Main,,,,,,,,,,,24.65,24.65,21.89,17.85,3.65,2.34,,Y
2179,LIK,XI,P4-041,,,Opaline/CCS,0%,,RetouchedTool,Complete,,Side-EndScraper,MarginalEdgeShaping,Dorsal,8,12345678,4.33,1,3.13,3.52,2.97,,,,,,,,,,,,,,Flake,7.38,63.51,57.53,68.64,54.64,28.36,27.83,30.55,3.55,1.57,2.15,,,,,,Main,,,,,,,,,,,26.24,26.24,19.07,19.07,5.38,3.43,,Y
2180,LIK,XI,O5a-039,,,Opaline/CCS,0%,,RetouchedTool,Complete,,EndScraper,MarginalEdgeShaping,Dorsal,2,56,2.77,1,2.24,2.59,2.67,,,,,,,,,,,,,,Blade,3.44,13.11,55.49,55.53,55.36,27.33,20.29,32.3,2.58,2.95,2.95,,,,,,Main,,,,,,,,,,,25.95,25.95,12.62,12.62,3.28,1.34,,Y
2181,LIK,XI,N4b-039,,,Opaline/CCS,0%,,RetouchedTool,Complete,,EndScraper,MarginalEdgeShaping,Dorsal,2,56,1.13,1,1.72,2.91,3.29,,,,,,,,,,,,,,Flake,3.1,13.48,63.01,42.7,55.02,21.19,21.55,38.56,1.44,2.64,3.17,,,,,,Main,,,,,,,,,,,16.81,16.81,14.2,14.2,2.98,1.04,,Y
2182,LIK,XI,O5b-039,,,Opaline/CCS,0%,,RetouchedTool,Complete,,EndScraper,MarginalEdgeShaping,Dorsal,2,56,2.18,1,2.28,1.75,2.28,,,,,,,,,,,,,,Flake,4.95,15.09,57.13,60.01,52.19,10.64,9.69,12.71,1.57,2.35,2.35,,,,,,Main,,,,,,,,,,,23.07,23.07,19.68,19.68,2.85,2.38,,Y
217,LIK,XVI,P5,,,Hornfels,0%,,Core,,Complete,,,,,,,,,,,,,,,,,,,,,,,,,,,,,,,,,,,,,,,,,,Platform,Radial,Cubic,10-40%,4,4,3,5,4,33.63,48.88,48.88,36.96,23.87,30.16,36.85,,N
2183,LIK,XI,O5b-039,,,Opaline/CCS,0%,,RetouchedTool,Complete,,EndScraper,MarginalEdgeShaping,Dorsal,4,4567,3.34,1,2.78,3.62,1.79,,,,,,,,,,,,,,Flake,4.09,21.72,63.76,83.59,59.01,12.67,32.86,21.59,2.15,3.78,1.98,,,,,,Main,,,,,,,,,,,21.2,20.67,19.39,16.29,3.59,1.88,,Y
2184,LIK,XI,O5d-039,,,Opaline/CCS,0%,,RetouchedTool,Complete,,Side-EndScraper,MarginalEdgeShaping,Dorsal,4,3456,2.71,1,1.9,3.17,2.44,,,,,,,,,,,,,,Flake,3.25,30.32,79.2,49.75,43.13,29.61,25.53,21.78,1.88,3.74,1.5,,,,,,Main,,,,,,,,,,,23.59,23.59,19.41,19.41,3.25,2.04,,Y
2185,LIK,XI,O5d-039,,,Opaline/CCS,0%,,RetouchedTool,Complete,,Side-EndScraper,MarginalEdgeShaping,Dorsal,6,345678,3.1,1,4.42,2.31,2.3,,,,,,,,,,,,,,Flake,5.65,46.68,60.08,71.44,71.18,24.28,43.88,37.69,2.25,2.88,0.92,,,,,,Main,,,,,,,,,,,24.81,24.81,19.58,17.48,3.38,2.43,,Y
2186,LIK,XI,O5d-039,,,Opaline/CCS,0%,,RetouchedTool,Complete,,EndScraper,MarginalEdgeShaping,Dorsal,1,6,3.01,1,1.68,2.45,2.4,,,,,,,,,,,,,,Flake,3.16,17.16,71.18,54.12,53.07,13.74,19.64,25.47,2.07,3.01,1.86,,,,,,Main,,,,,,,,,,,23.31,23.31,18.66,18.66,2.33,1.32,,Y
2187,LIK,XI,O5b-039,,,Opaline/CCS,0%,,RetouchedTool,Distal,,EndScraper,MarginalEdgeShaping,Dorsal,2,56,3.63,1,3.84,6.12,3.09,,,,,,,,,,,,,,Flake,5.97,12.6,77.77,85.87,63.78,35.61,26.07,27.61,3.1,2,4.58,,,,,,,,,,,,,,,,,25.68,,13.36,,4.69,1.76,,Y
2188,LIK,XI,O5b-039,,,Opaline/CCS,0%,,RetouchedTool,Complete,,SideScraper,MarginalEdgeShaping,Dorsal,4,1678,5.74,1,5.63,5.08,5.99,,,,,,,,,,,,,,Flake,8.21,29.87,58.19,76.07,73.33,38.18,49.52,38.66,4.44,2.16,5.91,,,,,,Main,,,,,,,,,,,29.14,29.14,15.08,15.08,7.09,5.08,,Y
2189,LIK,XI,O5c-039,,,Opaline/CCS,0%,,RetouchedTool,Complete,,EndScraper,MarginalEdgeShaping,Dorsal,2,56,2.55,1,1.57,2.05,2.54,,,,,,,,,,,,,,Flake,4.59,13.84,60.63,65.52,45,12.29,11.91,20.75,1.34,2.17,2.17,,,,,,Main,,,,,,,,,,,25.79,25.79,14.68,14.44,2.45,1.58,,Y
2190,LIK,XI,O5a-039,,,Opaline/CCS,0%,,RetouchedTool,Complete,,EndScraper,MarginalEdgeShaping,Dorsal,2,56,3.6,1,3.98,3.41,2.19,,,,,,,,,,,,,,Flake,4.34,17.95,70.35,57.59,57.52,13.45,12.29,16.26,3.12,2.63,1.25,,,,,,Main,,,,,,,,,,,22,22,19.85,16.95,3.87,1.74,,Y
2191,LIK,XI,O4a-039,,,Opaline/CCS,0%,,RetouchedTool,Complete,,EndScraper,MarginalEdgeShaping,Dorsal,2,56,2.92,1,2.21,2.3,3.75,,,,,,,,,,,,,,Flake,6.2,14.67,60.09,61.72,70.18,18.88,16.52,15.89,2.37,2.25,2.99,,,,,,Main,,,,,,,,,,,26.75,26.76,19.46,19.46,3.55,3.24,,Y
2192,LIK,XI,O4c-039,,,Opaline/CCS,0%,,RetouchedTool,Complete,,EndScraper,MarginalEdgeShaping,Dorsal,2,56,2.74,1,1.65,2.97,2.22,,,,,,,,,,,,,,Flake,5.83,14.08,42.34,64.54,41.36,22.95,27.31,15.16,1.82,3.09,3.12,,,,,,Main,,,,,,,,,,,21.61,21.61,17.08,13.59,3.74,1.95,,Y
218,LIK,XVI,P5,,,Opaline/CCS,0%,,Flake,Complete,,,,,,,,,,,,,,,,,,,,,,Yes,Hertzian,Feather,,,,,,,,,,,,,RECTANGULAR,NotPrepared,No,2.15,0.96,Main,,,,,,,,,,,23.19,18.96,8.35,8.39,2.35,0.45,,N
2193,LIK,XI,N4c-039,,,Opaline/CCS,0%,,RetouchedTool,Complete,,EndScraper,MarginalEdgeShaping,Dorsal,2,56,2.09,1,2.13,3.36,2.47,,,,,,,,,,,,,,Flake,3.76,11.74,60.68,68.2,47.83,25.08,34.65,23.79,2.17,2.94,1.88,,,,,,Main,,,,,,,,,,,24.02,21.06,15.46,12.69,2.77,1.34,,Y
2194,LIK,XI,O4d-039,,,Opaline/CCS,0%,,RetouchedTool,Complete,,EndScraper,MarginalEdgeShaping,Dorsal,2,56,2.43,1,2.09,2.32,1.39,,,,,,,,,,,,,,Flake,3.29,12.09,61.17,57.62,51.32,28.54,22.1,39.43,2.55,2.55,0.81,,,,,,Main,,,,,,,,,,,19.94,19.94,18.74,18.74,3.53,1.67,,N
2195,LIK,XI,O4d-039,,,Opaline/CCS,0%,,RetouchedTool,Complete,,EndScraper,MarginalEdgeShaping,Dorsal,2,56,2.14,1,1.27,1.67,1.55,,,,,,,,,,,,,,Blade,2.05,6.61,58.36,53.19,48.33,36.42,32.28,20.18,1.49,1.49,1.26,,,,,,Main,,,,,,,,,,,16.51,16.51,7.94,7.94,1.87,0.37,,Y
2196,LIK,XI,O4a-38,,,Opaline/CCS,0%,,RetouchedTool,Complete,,Side-EndScraper,MarginalEdgeShaping,Dorsal,3,567,4.63,1,3.27,3.66,2.13,,,,,,,,,,,,,,Flake,4.03,21.99,64.09,71.58,27.47,20.59,21.64,23.21,3.5,4.82,1.57,,,,,,Main,,,,,,,,,,,14.82,14.82,17.72,14.02,3.71,1.32,,Y
2197,LIK,X,O4d-035,,,Opaline/CCS,0%,,RetouchedTool,Complete,,EndScraper,MarginalEdgeShaping,Dorsal,4,4567,3.35,1,2.86,3.08,1.66,,,,,,,,,,,,,,Flake,3.24,17.38,50.72,57.67,49.07,27.67,23.59,25.66,2.84,3.66,2.23,,,,,,Main,,,,,,,,,,,12.98,12.98,16.34,12.27,3.07,0.7,,Y
2198,LIK,IX,O5b-032,,,Opaline/CCS,0%,,RetouchedTool,Complete,,EndScraper,MarginalEdgeShaping,Dorsal,2,56,3.09,1,2.03,3.48,2.05,,,,,,,,,,,,,,Flake,4.07,11.76,69.38,71.15,62.43,35.14,35.46,31.12,2.23,3.56,2.13,,,,,,Main,,,,,,,,,,,18.21,18.21,11.76,11.46,2.68,0.77,,Y
2199,LIK,IX,O5b-032,,,Opaline/CCS,0%,,RetouchedTool,Complete,,EndScraper,MarginalEdgeShaping,Dorsal,2,56,1.82,1,1.96,2.37,1.87,,,,,,,,,,,,,,Flake,2.51,10.9,45.35,56.08,60.26,23.81,17.54,22.44,1.55,2.64,1.99,,,,,,Main,,,,,,,,,,,17.36,17.36,13.86,13.86,2.35,0.9,,Y
2200,LIK,IX,O5b-032,,,Opaline/CCS,0%,,RetouchedTool,Complete,,EndScraper,MarginalEdgeShaping,Dorsal,2,56,3.23,1,2.84,4.15,3.02,,,,,,,,,,,,,,Flake,4.73,14.02,69.99,68.88,81.56,29.46,28.95,27.95,2.59,4.69,2.36,,,,,,Main,,,,,,,,,,,16.42,16.42,14.25,12.96,3.59,1.01,,Y
2201,LIK,IX,N5a-032,,,Opaline/CCS,0%,,RetouchedTool,Complete,,EndScraper,MarginalEdgeShaping,Dorsal,2,56,1.8,1,1.72,1.52,1.9,,,,,,,,,,,,,,Blade,2.42,14.19,44.93,49.83,54.83,19.06,17.29,17.89,2.12,1.59,2.9,,,,,,Main,,,,,,,,,,,19.51,19.51,12.21,11.69,2.58,1.07,,Y
2202,LIK,IX,N5a-032,,,Opaline/CCS,0%,,RetouchedTool,Complete,,EndScraper,MarginalEdgeShaping,Dorsal,2,56,2.49,1,1.68,2.33,2.47,,,,,,,,,,,,,,Flake,2.78,16.88,57.99,68.28,38.17,26.77,26.55,24,1.33,3.07,3.73,,,,,,Main,,,,,,,,,,,15.2,15.2,16.83,16.63,2.51,0.79,,Y
22,LIK,XVII,O5a,,,Opaline/CCS,0%,,Flake,Complete,,,,,,,,,,,,,,,,,,,,,,Yes,Wedging,Feather,,,,,,,,,,,,,CIRCULAR,Indeterminate,No,2.4,0.3,Main,,,,,,,,,,,3.36,3.31,3.69,3.7,0.16,0.01,,N
219,LIK,XVI,P5,,,Opaline/CCS,0%,,Flake,Complete,,,,,,,,,,,,,,,,,,,,,,Yes,Hertzian,Feather,,,,,,,,,,,,,RECTANGULAR,ResidualFacetWithBulb,No,5.53,1.63,Main,,,,,,,,,,,15.54,15.24,8.81,8.08,2.56,0.46,,N
2203,LIK,IX,N5a-032,,,Opaline/CCS,0%,,RetouchedTool,Complete,,Side-EndScraper,MarginalEdgeShaping,Dorsal,6,345678,3.44,1,2.47,3.61,1.81,,,,,,,,,,,,,,Blade,3.91,41.27,57.73,52.66,71.61,24.37,22.45,35.81,2.08,3.61,1.28,,,,,,Main,,,,,,,,,,,16.92,16.91,15.73,14.26,3.43,1.12,,Y
2204,LIK,IX,N5a-032,,,Opaline/CCS,0%,,RetouchedTool,Complete,,EndScraper,InvasiveEdgeShaping,Dorsal,2,56,4.68,1,3.58,5.17,3.31,,,,,,,,,,,,,,Flake,5.64,16.03,59.87,73.01,72.29,33.9,35.57,34.62,5,4.49,4.49,,,,,,Main,,,,,,,,,,,16.11,16.11,15,15,5.74,1.51,,Y
2205,LIK,IX,N5b-032,,,Opaline/CCS,0%,,RetouchedTool,Complete,,EndScraper,MarginalEdgeShaping,Dorsal,2,56,3.38,1,1.77,2.27,1.56,,,,,,,,,,,,,,Flake,2.52,16.02,55.38,75.35,64.86,25.88,20.54,20.84,1.22,0.92,4.63,,,,,,Main,,,,,,,,,,,16.04,16.04,12.01,12.01,2.12,0.54,,Y
2206,LIK,IX,O4c-032,,,Opaline/CCS,0%,,RetouchedTool,Complete,,EndScraper,MarginalEdgeShaping,Dorsal,2,56,4.54,1,3.28,4.9,3.14,,,,,,,,,,,,,,Blade,5.57,14.24,86.05,55.9,84.13,42.1,29.33,27.98,2.23,5.56,3.21,,,,,,Main,,,,,,,,,,,21.43,21.43,12.39,12.38,3.9,1.51,,Y
2207,LIK,IX,O4c-032,,,Opaline/CCS,0%,,RetouchedTool,Complete,,EndScraper,MarginalEdgeShaping,Dorsal,2,56,4.68,1,4.42,4.15,3.49,,,,,,,,,,,,,,Flake,6.88,19.48,50.3,62.74,51.17,30.84,24.22,31.08,6.26,2.35,5.17,,,,,,Main,,,,,,,,,,,21.12,21.12,17.75,17.75,6.92,2.27,,Y
2208,LIK,IX,P5d-032,,,Opaline/CCS,0%,,RetouchedTool,Complete,,EndScraper,MarginalEdgeShaping,Dorsal,2,56,2.93,1,2.89,2.5,2.36,,,,,,,,,,,,,,Flake,3.55,13.96,45.31,72.89,61.26,28.61,20.07,25.47,1.56,2.93,1.97,,,,,,Main,,,,,,,,,,,18.52,18.52,16.52,15.74,2.51,0.99,,Y
2209,LIK,VI,K6a-083,,,Opaline/CCS,0%,,RetouchedTool,Complete,,EndScraper,MarginalEdgeShaping,Dorsal,2,56,2.57,1,4.32,3.66,1.72,,,,,,,,,,,,,,Flake,3.76,18.23,67.01,59.84,83.91,20.22,38.23,28.23,3.15,2.54,1.9,,,,,,Main,,,,,,,,,,,28.16,28.16,18.99,18.99,3.02,2.21,,Y
2210,LIK,VI,K6d-084,,,Opaline/CCS,0%,,RetouchedTool,Complete,,Side-EndScraper,MarginalEdgeShaping,Dorsal,4,3456,3.68,1,5.65,3.53,4.4,,,,,,,,,,,,,,Flake,7.36,26.66,76.7,83.91,81.36,29.2,24.59,27.9,3.84,2.71,2.71,,,,,,Main,,,,,,,,,,,20.34,20.34,18.12,18.12,5.94,3.01,,Y
2211,LIK,VI,K4a-084,,,Opaline/CCS,0%,,RetouchedTool,Complete,,Side-EndScraper,MarginalEdgeShaping,Dorsal,4,3456,3.93,1,6.12,2.2,6.53,,,,,,,,,,,,,,Flake,6.76,35.72,80.49,67.99,73.04,20.69,21.59,28.37,2.44,3.56,5.54,,,,,,Main,,,,,,,,,,,21.77,22.21,22.05,22.05,6.73,3.96,,Y
2212,LIK,VI,I6d-085,,,Opaline/CCS,0%,,RetouchedTool,Complete,,EndScraper,MarginalEdgeShaping,Dorsal,2,56,2.24,1,3.21,3.6,2.37,,,,,,,,,,,,,,Blade,3.82,11.28,80.24,72.51,59.04,28.22,21.6,27.5,2.67,2.67,1.18,,,,,,Main,,,,,,,,,,,18.02,18.02,12.95,12.95,3.31,0.81,,Y
220,LIK,XVI,P5,,,Opaline/CCS,0%,,Flake,Complete,,,,,,,,,,,,,,,,,,,,,,Yes,Hertzian,Feather,,,,,,,,,,,,,TRIANGULAR,ResidualFacetWithBulb,No,5.41,1.96,Main,,,,,,,,,,,9.79,9.79,7.77,7.14,1.33,0.12,,N
2213,LIK,VI,I6b-085,,,Opaline/CCS,0%,,RetouchedTool,Complete,,EndScraper,MarginalEdgeShaping,Dorsal,2,56,2.97,1,1.85,4.12,2.53,,,,,,,,,,,,,,Flake,5.03,17.06,61.59,78.59,72.35,32.22,25.11,29.41,1.24,2.9,2.16,,,,,,Main,,,,,,,,,,,15.66,15.66,14.67,14.67,4.98,1.31,,Y
2214,LIK,VI,J6d-092,,,Opaline/CCS,0%,,RetouchedTool,Complete,,EndScraper,MarginalEdgeShaping,Dorsal,2,56,5.7,1,5.6,6.74,5.1,,,,,,,,,,,,,,Flake,7.02,14.83,87.27,80.64,78.87,26.3,20.5,31.08,4.71,3.93,4.93,,,,,,Main,,,,,,,,,,,18.46,18.46,21.19,19.81,7.52,3.78,,Y
2215,LIK,VI,J6d-092,,,Opaline/CCS,0%,,RetouchedTool,Complete,,EndScraper,MarginalEdgeShaping,Dorsal,2,56,2.1,1,2.06,2.78,1.99,,,,,,,,,,,,,,Flake,2.9,12.9,68.62,57.04,59.31,29.81,30.71,37.12,1.8,2.44,2.3,,,,,,Main,,,,,,,,,,,15.35,15.35,14.15,14.15,2.48,0.66,,Y
2216,LIK,VI,K4c-092,,,Opaline/CCS,0%,,RetouchedTool,Complete,,EndScraper,MarginalEdgeShaping,Dorsal,3,456,2.18,1,1.94,1.9,1.03,,,,,,,,,,,,,,Flake,2.81,15.06,49.07,62.55,47.61,25.31,34.34,29.02,1.96,2.59,1.35,,,,,,Main,,,,,,,,,,,16.89,16.5,17.69,16.2,2.44,0.93,,Y
2217,LIK,V,M4e-020,,,Opaline/CCS,0%,,RetouchedTool,Complete,,EndScraper,MarginalEdgeShaping,Dorsal,4,4567,4.35,1,2.88,5.37,3.41,,,,,,,,,,,,,,Flake,5.49,22.03,53.59,86.38,65.89,34.6,43.28,42.12,2.75,4.64,3.58,,,,,,Main,,,,,,,,,,,15.99,15.99,19.43,16.35,4.41,1.55,,Y
2218,LIK,V,M4d-021,,,Opaline/CCS,0%,,RetouchedTool,Complete,,EndScraper,MarginalEdgeShaping,Dorsal,4,4567,2.37,1,2.68,3,2.87,,,,,,,,,,,,,,Flake,3.41,16.41,58.87,58.49,79.32,23.48,26.1,37.66,2.43,2.77,1.81,,,,,,Main,,,,,,,,,,,10.32,10.32,16.35,13.1,2.94,0.7,,Y
2219,LIK,V,M4c-025,,,Opaline/CCS,0%,,RetouchedTool,Complete,,Side-EndScraper,MarginalEdgeShaping,Dorsal,4,3456,3.61,1,1.01,2.4,2.69,,,,,,,,,,,,,,Flake,4.03,22.52,75.84,73.17,72.47,37.37,40.6,30.24,0.94,3.12,2.37,,,,,,Main,,,,,,,,,,,16.45,16.45,14.44,14.44,3.57,0.93,,Y
2220,LIK,V,M4b-021,,,Opaline/CCS,0%,,RetouchedTool,Complete,,EndScraper,MarginalEdgeShaping,Dorsal,2,56,4.97,1,2.27,4.49,4.56,,,,,,,,,,,,,,Blade,5.81,12.04,76.91,72.25,73.41,21.08,29.16,29.22,3.19,1.65,4.29,,,,,,Main,,,,,,,,,,,24.58,24.58,12.01,12.01,5.18,1.76,,N
2221,LIK,V,M5e-021,,,Opaline/CCS,0%,,RetouchedTool,Complete,,Side-EndScraper,MarginalEdgeShaping,Dorsal,8,12345678,2.98,1,2.16,5.72,3.41,,,,,,,,,,,,,,Flake,5.96,46.55,70.99,84.75,78.37,18.5,33.74,37.35,2,4.19,2.55,,,,,,Main,,,,,,,,,,,19.08,19.08,15.27,15.27,2.38,1.39,,Y
2222,LIK,V,M5b-021,,,Opaline/CCS,0%,,RetouchedTool,Complete,,EndScraper,MarginalEdgeShaping,Dorsal,4,4567,3.91,1,3.02,5.25,3.57,,,,,,,,,,,,,,Flake,5.91,19.02,53.35,69.12,74.83,31.54,22.3,26.93,2.98,2.72,4.02,,,,,,Main,,,,,,,,,,,13.82,13.82,18.76,16.02,5.17,1.65,,Y
221,LIK,XVI,P5,,,Opaline/CCS,0%,,Flake,Distal,,,,,,,,,,,,,,,,,,,,,,No,,Feather,,,,,,,,,,,,,RECTANGULAR,,,,,,,,,,,,,,,,13.8,,8.71,,1.74,0.28,,N
2223,LIK,V,M5c-021,,,Opaline/CCS,0%,,RetouchedTool,Complete,,EndScraper,MarginalEdgeShaping,Dorsal,2,56,3.37,1,2.24,2.58,1.88,,,,,,,,,,,,,,Flake,3.4,12.56,51.63,56.18,74.74,17.02,25.31,30.37,1.06,2.49,2.64,,,,,,Main,,,,,,,,,,,14.41,14.41,12.56,9.27,3.34,0.58,,Y
2224,LIK,V,M5c-021,,,Opaline/CCS,0%,,RetouchedTool,Complete,,Side-EndScraper,MarginalEdgeShaping,Dorsal,5,45678,2.52,1,3.59,3.84,3.49,,,,,,,,,,,,,,Flake,5.74,34.67,67.59,79.67,67.12,32.1,25.16,39.46,3.83,2.87,2.94,,,,,,Main,,,,,,,,,,,18.44,18.44,18.65,18.65,5.67,2.31,,Y
2225,LIK,V,M5c-021,,,Opaline/CCS,0%,,RetouchedTool,Complete,,EndScraper,MarginalEdgeShaping,Dorsal,2,56,2.83,1,1.91,2.33,2.34,,,,,,,,,,,,,,Blade,2.28,11.89,71.2,60.2,62.94,23.71,38.14,31.81,2.62,2.73,3.2,,,,,,Main,,,,,,,,,,,17.29,17.28,11.42,8.47,1.95,0.5,,Y
2226,LIK,V,N4c-021,,,Opaline/CCS,0%,,RetouchedTool,Complete,,Side-EndScraper,MarginalEdgeShaping,Dorsal,4,3456,3.84,1,5.66,2.04,2.84,,,,,,,,,,,,,,Flake,8.68,31.48,75.19,73.34,68.65,19.35,20.39,38.58,4.32,1.82,2.58,,,,,,Main,,,,,,,,,,,23.39,23.39,18.96,18.96,4.2,3.21,,Y
2227,LIK,V,N5b-021,,,Opaline/CCS,0%,,RetouchedTool,Complete,,EndScraper,MarginalEdgeShaping,Dorsal,2,56,2.76,1,2.27,2.25,3.29,,,,,,,,,,,,,,Flake,6.22,17.43,69.12,70.82,52.74,16.79,24.12,39.27,2.07,2.49,3.42,,,,,,Main,,,,,,,,,,,21.75,21.75,18.26,14.08,4.13,1.54,,Y
2228,LIK,V,N5c-021,,,Opaline/CCS,0%,,RetouchedTool,Complete,,EndScraper,MarginalEdgeShaping,Dorsal,2,56,2.84,1,2.26,2.9,2.34,,,,,,,,,,,,,,Flake,3.3,14.99,70.59,77.6,72.39,36.46,25.25,29.05,1.84,2.36,2.59,,,,,,Main,,,,,,,,,,,16.98,16.98,14.2,12.32,2.74,0.82,,Y
2229,LIK,XVI,P4-058,,,Opaline/CCS,0%,,RetouchedTool,Complete,,BackedPiece,Backing,Indeteriminate,,1678,,,,,,,,,3.05,3.77,2.97,1.59,1.63,1.67,0,,,,Flake,,,,,,,,,,,,,,,,,Main,,,,,,,,,,,12.72,12.72,3.61,3.61,1.42,0.06,,Y
2230,LIK,XV,O5a-057,,,Opaline/CCS,0%,,RetouchedTool,Complete,,BackedPiece,Backing,Indeteriminate,,15678,,,,,,,,,6.38,5.46,4.21,3.28,2.72,2.55,0,,,,Flake,,,,,,,,,,,,,,,,,Main,,,,,,,,,,,13.69,13.69,6.4,6.4,2.82,0.27,,Y
2231,LIK,XV,O5b-057,,,Opaline/CCS,0%,,RetouchedTool,Complete,,BackedPiece,Backing,Indeteriminate,,15678,,,,,,,,,5.67,5.35,4.93,3.28,2.55,2.12,0,,,,Flake,,,,,,,,,,,,,,,,,Main,,,,,,,,,,,12.43,12.43,5.61,5.7,1.68,0.22,,Y
2232,LIK,XV,O5a-057,,,Opaline/CCS,0%,,RetouchedTool,Complete,,BackedPiece,Backing,Dorsal,,345,,,,,,,,,10.85,6.97,5.76,5.07,4.6,3.36,1,,,,Flake,,,,,,,,,,,,,,,,,Main,,,,,,,,,,,30.33,30.33,12.97,12.97,4.98,1.74,,Y
222,LIK,XVI,P5,,,Opaline/CCS,0%,,Flake,Complete,,,,,,,,,,,,,,,,,,,,,,Yes,Hertzian,Feather,,,,,,,,,,,,,RECTANGULAR,NotPrepared,No,5.09,2.84,Main,,,,,,,,,,,13.08,13.04,8.59,8.2,1.59,0.2,,N
2233,LIK,XIV,P4-056,,,Opaline/CCS,0%,,RetouchedTool,Complete,,BackedPiece,Backing,Indeteriminate,,2345,,,,,,,,,4.15,4.23,4.12,2.92,2.06,1.89,1,,,,Flake,,,,,,,,,,,,,,,,,Main,,,,,,,,,,,15.43,15.5,3.35,3.35,2.09,0.19,,Y
2234,LIK,XIV,O5c-056,,,Opaline/CCS,0%,,RetouchedTool,Complete,,BackedPiece,Backing,Indeteriminate,,1678,,,,,,,,,6.48,5.67,6.24,2.26,2.69,2.49,2,,,,Flake,,,,,,,,,,,,,,,,,Main,,,,,,,,,,,13.72,13.72,6.78,6.78,2.47,0.32,,Y
2235,LIK,XIV,O5c-056,,,Opaline/CCS,0%,,RetouchedTool,Complete,,BackedPiece,Backing,Indeteriminate,,1678,,,,,,,,,6.7,7.31,6.81,2.07,1.97,1.51,1,,,,Flake,,,,,,,,,,,,,,,,,Main,,,,,,,,,,,17.23,17.23,7.55,7.55,1.51,0.24,,Y
2236,LIK,XIII,P5c-049,,,Opaline/CCS,0%,,RetouchedTool,Complete,,BackedPiece,Backing,Indeteriminate,,1678,,,,,,,,,5.29,6.88,5.56,2.94,3.54,2.98,1,,,,Blade,,,,,,,,,,,,,,,,,Main,,,,,,,,,,,33.86,33.87,6.69,6.68,3.44,0.96,,Y
2237,LIK,XIII,P5c-054,,,Opaline/CCS,0%,,RetouchedTool,Complete,,BackedPiece,Backing,Indeteriminate,,1678,,,,,,,,,1.84,3.08,3.1,1.09,1.47,1.52,0,,,,Blade,,,,,,,,,,,,,,,,,Main,,,,,,,,,,,14.34,14.34,3.43,3.43,1.57,0.05,,Y
2238,LIK,XIII,P5c-053,,,Opaline/CCS,0%,,RetouchedTool,Complete,,BackedPiece,Backing,Dorsal,,1678,,,,,,,,,6.76,6,5.41,2.03,2.62,2.14,2,,,,Blade,,,,,,,,,,,,,,,,,Main,,,,,,,,,,,15.54,15.54,7.55,6.53,2.52,0.3,,Y
2239,LIK,XIII,O5c-054,,,Opaline/CCS,0%,,RetouchedTool,Complete,,BackedPiece,Backing,Indeteriminate,,1678,,,,,,,,,3.78,5.52,5.87,1.51,1.6,1.75,0,,,,Flake,,,,,,,,,,,,,,,,,Main,,,,,,,,,,,14.38,14.37,5.97,5.99,1.41,0.17,,Y
2240,LIK,XIII,O5c-053,,,Opaline/CCS,0%,,RetouchedTool,Complete,,RetouchedPoint,Backing,Dorsal,8,12345678,2.35,1,2.79,3.1,4.28,,,,,,,,,,,,,,Blade,,,,,,,,,,,,,,,,,Main,,,,,,,,,,,32.78,32.78,5.23,5.23,3.36,0.85,,Y
2241,LIK,XIII,P5d-053,,,Opaline/CCS,0%,,RetouchedTool,Complete,,BackedPiece,Backing,Indeteriminate,,1678,,,,,,,,,4.58,5.42,5.47,3.15,2.94,2.51,0,,,,Blade,,,,,,,,,,,,,,,,,Main,,,,,,,,,,,20.32,20.32,5.1,5.1,2.8,0.42,,Y
2242,LIK,XIII,O5b-053,,,Opaline/CCS,0%,,RetouchedTool,Complete,,BackedPiece,Backing,Indeteriminate,,1678,,,,,,,,,4.03,4.52,4.94,1.59,1.88,1.88,0,,,,Blade,,,,,,,,,,,,,,,,,Main,,,,,,,,,,,12.66,12.66,4.62,4.62,1.12,0.06,,Y
223,LIK,XVI,P5,,,Siltstone,0%,,Flake,Complete,,,,,,,,,,,,,,,,,,,,,,Yes,Hertzian,Step,,,,,,,,,,,,,RECTANGULAR,NotPrepared,No,3.47,1.48,Main,,,,,,,,,,,21.36,21.11,6.96,6.96,1.95,0.5,,N
2243,LIK,XIII,O5a-054,,,Opaline/CCS,0%,,RetouchedTool,Complete,,BackedPiece,Backing,Indeteriminate,,1678,,,,,,,,,3.49,3.81,3.6,1.13,1.4,1.67,1,,,,Blade,,,,,,,,,,,,,,,,,Main,,,,,,,,,,,13.31,13.31,4.31,4.32,1.76,0.09,,Y
2244,LIK,XIII,O5d-049,,,Opaline/CCS,0%,,RetouchedTool,Complete,,BackedPiece,Backing,Dorsal,,1678,,,,,,,,,7.5,10.51,9.37,2.42,2.61,2.1,1,,,,Flake,,,,,,,,,,,,,,,,,Main,,,,,,,,,,,20.64,20.64,11.01,11,2.35,0.6,,Y
2245,LIK,XIII,O5d-053,,,Siltstone,0%,,RetouchedTool,Complete,,BackedPiece,Backing,Dorsal,,23467,,,,,,,,,11.95,14.36,16.06,5.27,5.48,6.21,2,,,,Flake,,,,,,,,,,,,,,,,,Main,,,,,,,,,,,37.04,37.04,15.02,15.02,5.48,4.69,Point?,Y
2246,LIK,XIII,O4d-046,,,Opaline/CCS,0%,,RetouchedTool,Complete,,BackedPiece,Backing,Indeteriminate,,1678,,,,,,,,,2.77,3.59,2.84,1.43,2.13,1.83,1,,,,Blade,,,,,,,,,,,,,,,,,Main,,,,,,,,,,,21.17,21.17,3.94,3.94,0.92,0.18,,Y
2247,LIK,XIII,O5b-046,,,Opaline/CCS,0%,,RetouchedTool,Complete,,BackedPiece,Backing,Indeteriminate,,1678,,,,,,,,,5.27,3.91,5.88,1.48,1.73,2.35,1,,,,Blade,,,,,,,,,,,,,,,,,Main,,,,,,,,,,,23.8,23.8,4.27,4.22,1.78,0.32,,Y
2248,LIK,XII,P5c-042,,,Opaline/CCS,0%,,RetouchedTool,Complete,,BackedPiece,Backing,Indeteriminate,,1678,,,,,,,,,3.12,4.21,6.15,1.97,3.13,3.63,1,,,,Blade,,,,,,,,,,,,,,,,,Main,,,,,,,,,,,24.82,24.82,7.58,7.28,1.15,0.57,,Y
2249,LIK,XII,N4-083,,,Opaline/CCS,0%,,RetouchedTool,Complete,,BackedPiece,Backing,Indeteriminate,,234678,,,,,,,,,3.44,3.67,3.55,1.63,2.04,2.05,1,,,,Blade,,,,,,,,,,,,,,,,,Main,,,,,,,,,,,13.7,13.7,3.9,3.9,2.1,0.13,,Y
2250,LIK,XI,O5b-039,,,Opaline/CCS,0%,,RetouchedTool,Complete,,BackedPiece,Backing,Indeteriminate,,1678,,,,,,,,,2.33,3.2,2.47,1.76,1.85,1.76,0,,,,Blade,,,,,,,,,,,,,,,,,Main,,,,,,,,,,,25.09,25.09,3.23,3.23,1.96,0.16,,Y
2251,LIK,XI,O5b-039,,,Opaline/CCS,0%,,RetouchedTool,Complete,,BackedPiece,Backing,Indeteriminate,,234678,,,,,,,,,3.18,2.38,2.44,1.5,1.36,1.07,0,,,,Blade,,,,,,,,,,,,,,,,,Main,,,,,,,,,,,17.61,17.63,3.06,3.11,1.3,0.06,,Y
2252,LIK,XI,O5a-039,,,Opaline/CCS,0%,,RetouchedTool,Complete,,BackedPiece,Backing,Indeteriminate,,1678,,,,,,,,,3.74,3.87,3.43,1.7,2.24,2.38,0,,,,Blade,,,,,,,,,,,,,,,,,Main,,,,,,,,,,,27.52,27.52,4.13,4.1,1.24,0.25,,Y
224,LIK,XVI,P5,,,Siltstone,0%,,Flake,Proximal,,,,,,,,,,,,,,,,,,,,,,Yes,Hertzian,Indeterminate,,,,,,,,,,,,,RECTANGULAR,ResidualFacetWithBulb,No,5.38,1.57,,,,,,,,,,,,13.67,,10.69,,2.15,0.43,,N
2253,LIK,XI,N5c-039,,,Opaline/CCS,0%,,RetouchedTool,Complete,,BackedPiece,Backing,Indeteriminate,,1678,,,,,,,,,5.49,5.08,4.43,2.47,1.93,2.03,2,,,,Blade,,,,,,,,,,,,,,,,,Main,,,,,,,,,,,25.39,25.39,5.71,5.67,1.12,0.39,,Y
2254,LIK,XI,N5c-039,,,Opaline/CCS,0%,,RetouchedTool,Complete,,BackedPiece,Backing,Indeteriminate,,1678,,,,,,,,,5.47,5.25,4.81,2.06,1.97,1.86,0,,,,Blade,,,,,,,,,,,,,,,,,Main,,,,,,,,,,,20.85,20.86,5.54,5.54,0.88,0.27,,Y
2255,LIK,XI,O4c-039,,,Opaline/CCS,0%,,RetouchedTool,Complete,,BackedPiece,Backing,Indeteriminate,,1678,,,,,,,,,2.86,3.64,2.58,1.96,2.04,1.85,0,,,,Blade,,,,,,,,,,,,,,,,,Main,,,,,,,,,,,27.54,27.52,3.5,3.5,0.84,0.26,,Y
2256,LIK,XI,O4a-039,,,Opaline/CCS,0%,,RetouchedTool,Complete,,BackedPiece,Backing,Indeteriminate,,234678,,,,,,,,,5.03,6.26,6.87,3.64,4.23,3.96,1,,,,Blade,,,,,,,,,,,,,,,,,Main,,,,,,,,,,,25.18,25.18,7.09,7.09,4.2,1,Point?,Y
2257,LIK,XI,O4a-039,,,Opaline/CCS,0%,,RetouchedTool,Complete,,BackedPiece,Backing,Indeteriminate,,1678,,,,,,,,,4.04,3.82,3.92,1.66,1.87,1.73,1,,,,Blade,,,,,,,,,,,,,,,,,Main,,,,,,,,,,,13.5,13.99,4.14,4.15,1.71,0.13,,Y
2258,LIK,XI,P4-044,,,Opaline/CCS,0%,,RetouchedTool,Complete,,BackedPiece,Backing,Indeteriminate,,1678,,,,,,,,,3.73,3.98,2.83,1.9,1.71,1.42,0,,,,Blade,,,,,,,,,,,,,,,,,Main,,,,,,,,,,,20.18,20.18,3.85,5.39,1.28,0.19,,Y
2259,LIK,IX,N5c-032,,,Opaline/CCS,0%,,RetouchedTool,Complete,,BackedPiece,Backing,Indeteriminate,,12345678,,,,,,,,,7.91,7.18,5.58,3.3,4.3,3.06,1,,,,Blade,,,,,,,,,,,,,,,,,Main,,,,,,,,,,,44.82,44.82,7.56,7.56,4.98,1.79,POINT,Y
2260,LIK,IX,O4a-032,,,Opaline/CCS,0%,,RetouchedTool,Complete,,BackedPiece,Backing,Indeteriminate,,12345678,,,,,,,,,4.76,5.7,5.47,2.07,2.82,2.58,1,,,,Blade,,,,,,,,,,,,,,,,,Main,,,,,,,,,,,35.2,35.2,6.36,6.36,2.91,0.85,,Y
2261,LIK,IX,N4b-032,,,Opaline/CCS,0%,,RetouchedTool,Complete,,BackedPiece,Backing,Indeteriminate,,1678,,,,,,,,,8.39,10.74,9.22,4.81,4.85,3.42,2,,,,Blade,,,,,,,,,,,,,,,,,Main,,,,,,,,,,,44.75,44.75,11.49,11.49,4.93,2.81,,Y
2262,LIK,IX,N4b-032,,,Opaline/CCS,0%,,RetouchedTool,Complete,,BackedPiece,Backing,Indeteriminate,,1678,,,,,,,,,2.65,3.18,3.22,1.66,1.62,1.59,1,,,,Blade,,,,,,,,,,,,,,,,,Main,,,,,,,,,,,12.93,13.36,3.4,3.53,0.96,0.07,,Y
225,LIK,XVI,P5,,,Siltstone,0%,,Flake,Proximal,,,,,,,,,,,,,,,,,,,,,,Yes,Hertzian,Indeterminate,,,,,,,,,,,,,TRIANGULAR,NotPrepared,No,3.7,1.34,,,,,,,,,,,,13.49,,16.13,,1.74,0.47,,N
226,LIK,XVI,P4,,,Opaline/CCS,0%,,Flake,Complete,,,,,,,,,,,,,,,,,,,,,,Yes,Hertzian,Feather,,,,,,,,,,,,,RECTANGULAR,Indeterminate,No,3.82,2.05,Main,,,,,,,,,,,11.58,8.75,6.12,6.04,3.2,0.18,,N
227,LIK,XVI,P4,,,Opaline/CCS,0%,,Flake,Distal,,,,,,,,,,,,,,,,,,,,,,No,,Feather,,,,,,,,,,,,,OVAL,,,,,,,,,,,,,,,,10.82,,19.14,,2.56,0.49,,N
228,LIK,XVI,P4,,,Opaline/CCS,1-10%,Outcrop,Flake,Proximal,,,,,,,,,,,,,,,,,,,,,,Yes,Hertzian,Indeterminate,,,,,,,,,,,,,RECTANGULAR,ResidualFacetWithBulb,No,7.92,1.7,,,,,,,,,,,,11,,14.64,,1.45,0.32,,N
23,LIK,XVII,O5a,,,Siltstone,0%,,Flake,Complete,,,,,,,,,,,,,,,,,,,,,,Yes,Hertzian,Overshot,,,,,,,,,,,,,RECTANGULAR,ResidualFacetWithBulb,No,35.8,18.23,Main,,,,,,,,,,,13.81,13.77,38.4,37.03,12.1,14.42,,N
229,LIK,XVI,P4,,,Opaline/CCS,0%,,Flake,Mesial,,,,,,,,,,,,,,,,,,,,,,No,,Indeterminate,,,,,,,,,,,,,RECTANGULAR,,,,,,,,,,,,,,,,11.18,,15.75,,1.6,0.36,,N
230,LIK,XVI,P4,,,Opaline/CCS,0%,,Flake,Distal,,,,,,,,,,,,,,,,,,,,,,No,,Feather,,,,,,,,,,,,,RECTANGULAR,,,,,,,,,,,,,,,,14.97,,15.29,,0.88,0.28,,N
232,LIK,XVI,P4,,,Opaline/CCS,10-40%,Outcrop,Flake,Complete,,,,,,,,,,,,,,,,,,,,,,Yes,Hertzian,Feather,,,,,,,,,,,,,RECTANGULAR,NotPrepared,No,8.54,6.88,Main,,,,,,,,,,,11.81,9.92,8.92,8.92,4.25,0.63,,N
233,LIK,XVI,P4,,,Opaline/CCS,1-10%,Outcrop,Flake,Complete,,,,,,,,,,,,,,,,,,,,,,Yes,Hertzian,Feather,,,,,,,,,,,,,OVAL,ResidualFacetWithBulb,No,7.68,1.04,Main,,,,,,,,,,,17.53,14.38,10.38,10.39,1.12,0.34,,N
235,LIK,XVI,P4,,,Opaline/CCS,0%,,Flake,Proximal,,,,,,,,,,,,,,,,,,,,,,Yes,Hertzian,Indeterminate,,,,,,,,,,,,,RECTANGULAR,Indeterminate,No,6.16,1.44,,,,,,,,,,,,12.34,,13.4,,2,0.45,,N
236,LIK,XVI,P4,,,Opaline/CCS,40-60%,Outcrop,Flake,Complete,,,,,,,,,,,,,,,,,,,,,,Yes,Hertzian,Feather,,,,,,,,,,,,,TRIANGULAR,Indeterminate,No,3.78,0.53,Main,,,,,,,,,,,29.79,29.79,6.78,5.08,3.11,0.39,,N
237,LIK,XVI,P4,,,Opaline/CCS,0%,,Flake,Distal,,,,,,,,,,,,,,,,,,,,,,No,,Feather,,,,,,,,,,,,,TRIANGULAR,,,,,,,,,,,,,,,,13.28,,17.12,,1.6,0.44,,N
238,LIK,XVI,P4,,,Opaline/CCS,0%,,Flake,Proximal,,,,,,,,,,,,,,,,,,,,,,Yes,Hertzian,Indeterminate,,,,,,,,,,,,,RECTANGULAR,NotPrepared,No,5.68,1.52,,,,,,,,,,,,6.59,,12.15,,2.26,0.17,,N
239,LIK,XVI,P4,,,Opaline/CCS,0%,,Flake,Distal,,,,,,,,,,,,,,,,,,,,,,No,,Feather,,,,,,,,,,,,,RECTANGULAR,,,,,,,,,,,,,,,,14.23,,12.53,,1.61,0.47,,N
240,LIK,XVI,P4,,,Opaline/CCS,0%,,Flake,Mesial,,,,,,,,,,,,,,,,,,,,,,No,,Indeterminate,,,,,,,,,,,,,RECTANGULAR,,,,,,,,,,,,,,,,9.11,,15.32,,1.86,0.34,,N
24,LIK,XVII,O5c,,,Siltstone,0%,,Flake,Complete,,,,,,,,,,,,,,,,,,,,,,Yes,Hertzian,Feather,,,,,,,,,,,,,TRAPEZOIDAL,NotPrepared,No,3.58,0.87,Main,,,,,,,,,,,5.1,4.79,13.03,9.45,0.67,0.08,,N
241,LIK,XVI,P4,,,Opaline/CCS,0%,,Flake,Proximal,,,,,,,,,,,,,,,,,,,,,,Yes,Hertzian,Indeterminate,,,,,,,,,,,,,TRIANGULAR,NotPrepared,No,9.73,3.99,,,,,,,,,,,,21.28,,17.12,,4.56,1.32,,N
242,LIK,XVI,P4,,,Opaline/CCS,0%,,Flake,Complete,,,,,,,,,,,,,,,,,,,,,,Yes,Hertzian,Feather,,,,,,,,,,,,,RECTANGULAR,Indeterminate,No,2.09,0.77,Main,,,,,,,,,,,14.2,13.67,4.73,4.73,1.04,0.08,,Y
243,LIK,XVI,P4,,,Opaline/CCS,0%,,Flake,Complete,,,,,,,,,,,,,,,,,,,,,,Yes,Hertzian,Feather,,,,,,,,,,,,,RECTANGULAR,NotPrepared,No,5.85,2.27,Main,,,,,,,,,,,16.38,14.22,12.12,10.08,2.74,0.52,,N
244,LIK,XVI,P4,,,Opaline/CCS,0%,,Flake,Proximal,,,,,,,,,,,,,,,,,,,,,,Yes,Hertzian,Indeterminate,,,,,,,,,,,,,RECTANGULAR,Indeterminate,No,2.76,0.86,,,,,,,,,,,,15.22,,8.86,,1.9,0.27,,N
245,LIK,XVI,P4,,,Opaline/CCS,10-40%,Outcrop,Flake,Distal,,,,,,,,,,,,,,,,,,,,,,No,,Feather,,,,,,,,,,,,,RECTANGULAR,,,,,,,,,,,,,,,,12.29,,8.83,,0.91,0.08,,N
246,LIK,XVI,P4,,,Opaline/CCS,0%,,Flake,Mesial,,,,,,,,,,,,,,,,,,,,,,No,,Indeterminate,,,,,,,,,,,,,RECTANGULAR,,,,,,,,,,,,,,,,15,,7.41,,1.4,0.16,,N
247,LIK,XVI,P4,,,Opaline/CCS,1-10%,Outcrop,Flake,Complete,,,,,,,,,,,,,,,,,,,,,,Yes,Hertzian,Feather,,,,,,,,,,,,,TRAPEZOIDAL,FacetWithBulb,No,11.57,1.36,Main,,,,,,,,,,,18.8,12.9,21.91,18.27,1.47,0.72,,N
248,LIK,XVI,P4,,,Opaline/CCS,0%,,Flake,Complete,,,,,,,,,,,,,,,,,,,,,,Yes,Hertzian,Feather,,,,,,,,,,,,,TRAPEZOIDAL,NotPrepared,No,3.59,1.37,Main,,,,,,,,,,,21.9,19.03,20.78,14.78,6.44,1.47,,N
249,LIK,XVI,P4,,,Opaline/CCS,40-60%,Outcrop,Flake,Complete,,,,,,,,,,,,,,,,,,,,,,Yes,Hertzian,Hinge,,,,,,,,,,,,,RECTANGULAR,NotPrepared,No,5.83,1.64,Main,,,,,,,,,,,23.22,20,23.41,21.06,4.79,2.29,,N
250,LIK,XVI,P4,,,Opaline/CCS,0%,,Flake,Mesial,,,,,,,,,,,,,,,,,,,,,,No,,Indeterminate,,,,,,,,,,,,,RECTANGULAR,,,,,,,,,,,,,,,,16.19,,15.6,,4.18,0.72,,N
25,LIK,XVII,O5c,,,Siltstone,0%,,Flake,Mesial,,,,,,,,,,,,,,,,,,,,,,No,,Indeterminate,,,,,,,,,,,,,SQUARE,,,,,,,,,,,,,,,,12.27,,12.33,,0.84,0.24,,N
251,LIK,XVI,P4,,,Opaline/CCS,10-40%,Outcrop,Flake,Proximal,,,,,,,,,,,,,,,,,,,,,,Yes,Hertzian,Indeterminate,,,,,,,,,,,,,TRIANGULAR,Indeterminate,No,9.92,2.63,,,,,,,,,,,,40.54,,21.22,,4.14,6,,N
252,LIK,XVI,P4,,,Opaline/CCS,0%,,Flake,Complete,,,,,,,,,,,,,,,,,,,,,,Yes,Hertzian,Feather,,,,,,,,,,,,,CIRCULAR,ResidualFacetWithBulb,No,12.06,2.95,Main,,,,,,,,,,,35.03,30.2,34.91,34.49,5.96,7.66,,N
253,LIK,XVI,P4,,,Opaline/CCS,0%,,Flake,Mesial,,,,,,,,,,,,,,,,,,,,,,No,,Indeterminate,,,,,,,,,,,,,RECTANGULAR,,,,,,,,,,,,,,,,47.7,,19.15,,4.89,4.67,,N
254,LIK,XVI,P4,,,Opaline/CCS,0%,,Core,,Complete,,,,,,,,,,,,,,,,,,,,,,,,,,,,,,,,,,,,,,,,,,Platform,Irregular,Spherical,0%,4,2,2,3,6,13.45,24.51,21.04,18.61,18.61,9.43,3.52,,N
255,LIK,XVI,P4,,,Opaline/CCS,10-40%,Outcrop,Core,,Complete,,,,,,,,,,,,,,,,,,,,,,,,,,,,,,,,,,,,,,,,,,Platform,Irregular,Cubic,0%,4,2,2,5,5,18.57,36.51,36.51,20.58,16.91,12.9,7.14,,N
256,LIK,XVI,P4,,,Opaline/CCS,0%,,Core,,Complete,,,,,,,,,,,,,,,,,,,,,,,,,,,,,,,,,,,,,,,,,,Platform,Irregular,Spherical,0%,4,2,5,3,7,11.54,33.45,26.05,27.21,22.5,10.86,9.18,,N
257,LIK,XVI,P4,,,Opaline/CCS,10-40%,Outcrop,Core,,Complete,,,,,,,,,,,,,,,,,,,,,,,,,,,,,,,,,,,,,,,,,,Platform,Irregular,Cubic,0%,5,2,4,4,9,31.31,43.41,35.49,38.92,29.5,8.75,17.71,,Y
258,LIK,XVI,P4,,,Opaline/CCS,60-90%,Outcrop,Core,,Complete,,,,,,,,,,,,,,,,,,,,,,,,,,,,,,,,,,,,,,,,,,Platform,Radial,Cubic,0%,3,3,3,8,3,24.2,43.39,43.39,33.87,33.87,12.01,12.67,,Y
259,LIK,XVI,P4,,,Opaline/CCS,0%,,Core,,Complete,,,,,,,,,,,,,,,,,,,,,,,,,,,,,,,,,,,,,,,,,,Platform,Bladelet,Cubic,1-10%,8,3,2,4,11,21.11,25.31,21.79,17.79,17.79,10.02,8.85,,Y
260,LIK,XVI,P4,,,Quartzite,0%,,Flake,Complete,,,,,,,,,,,,,,,,,,,,,,Yes,Hertzian,Feather,,,,,,,,,,,,,RECTANGULAR,NotPrepared,No,5.32,1,Main,,,,,,,,,,,9.96,8.38,12.64,12.03,1.33,0.16,,N
26,LIK,XVII,O5c,,,Siltstone,0%,,Flake,Proximal,,,,,,,,,,,,,,,,,,,,,,Yes,Hertzian,Indeterminate,,,,,,,,,,,,,RECTANGULAR,NotPrepared,No,6.21,1.68,,,,,,,,,,,,17.68,,14.96,,1.6,0.56,,N
261,LIK,XVI,P4,,,Quartzite,0%,,Flake,Distal,,,,,,,,,,,,,,,,,,,,,,No,,Feather,,,,,,,,,,,,,TRIANGULAR,,,,,,,,,,,,,,,,14.48,,9.74,,1.81,0.31,,N
262,LIK,XVI,P4,,,Quartzite,0%,,Flake,Mesial,,,,,,,,,,,,,,,,,,,,,,No,,Indeterminate,,,,,,,,,,,,,RECTANGULAR,,,,,,,,,,,,,,,,13.18,,13.86,,1.42,0.48,,N
263,LIK,XVI,P4,,,Quartzite,0%,,Flake,Mesial,,,,,,,,,,,,,,,,,,,,,,No,,Indeterminate,,,,,,,,,,,,,RECTANGULAR,,,,,,,,,,,,,,,,20.3,,17.66,,1.48,0.76,,N
264,LIK,XVI,P4,,,Quartzite,0%,,Flake,Complete,,,,,,,,,,,,,,,,,,,,,,Yes,Hertzian,Step,,,,,,,,,,,,,RECTANGULAR,FacetWithBulb,No,7.41,2.84,Main,,,,,,,,,,,18.47,18.35,18.51,18.64,2.18,1.37,,N
265,LIK,XVI,P4,,,Quartzite,1-10%,Cobble,Flake,Fragment,,,,,,,,,,,,,,,,,,,,,,No,,Indeterminate,,,,,,,,,,,,,RECTANGULAR,,,,,,,,,,,,,,,,49.84,,19.5,,8.77,10.95,,N
266,LIK,XVI,P4,,,Quartzite,0%,,Flake,Proximal,,,,,,,,,,,,,,,,,,,,,,Yes,Hertzian,Indeterminate,,,,,,,,,,,,,RECTANGULAR,FacetWithBulb,No,35.09,6.21,,,,,,,,,,,,32.67,,49.37,,7.53,12.95,,N
267,LIK,XVI,P4,,,Opaline/CCS,10-40%,Outcrop,Flake,Distal,,,,,,,,,,,,,,,,,,,,,,No,,Feather,,,,,,,,,,,,,RECTANGULAR,,,,,,,,,,,,,,,,25.98,,5.5,,3.79,0.53,,N
268,LIK,XVI,P4,,,Opaline/CCS,1-10%,Outcrop,Flake,Complete,,,,,,,,,,,,,,,,,,,,,,Yes,Hertzian,Feather,,,,,,,,,,,,,RECTANGULAR,NotPrepared,No,6.53,0.75,Main,,,,,,,,,,,12.73,12.73,5.69,4.68,0.81,0.06,,N
269,LIK,XVI,P4,,,Opaline/CCS,1-10%,Outcrop,Flake,Complete,,,,,,,,,,,,,,,,,,,,,,Yes,Hertzian,Feather,,,,,,,,,,,,,RECTANGULAR,FacetWithBulb,No,9.22,2.91,Main,,,,,,,,,,,15.91,15.84,9.34,8.86,2.11,0.48,,N
270,LIK,XVI,P4,,,Opaline/CCS,0%,,Flake,Complete,,,,,,,,,,,,,,,,,,,,,,Yes,Hertzian,Feather,,,,,,,,,,,,,RECTANGULAR,NotPrepared,No,3.74,1.65,Main,,,,,,,,,,,17.21,14.11,13.11,13.1,1,0.28,,N
27,LIK,XVII,O5c,,,Quartzite,40-60%,Outcrop,Flake,Complete,,,,,,,,,,,,,,,,,,,,,,Yes,Bending,Feather,,,,,,,,,,,,,RECTANGULAR,ResidualFacetWithBulb,No,27.28,4.19,Main,,,,,,,,,,,5.82,5.76,27.23,26.39,2.46,0.72,Two pieces refit,N
271,LIK,XVI,P4,,,Opaline/CCS,1-10%,Outcrop,Flake,Complete,,,,,,,,,,,,,,,,,,,,,,Yes,Hertzian,Feather,,,,,,,,,,,,,RECTANGULAR,ResidualFacetWithBulb,No,12.58,1.5,Main,,,,,,,,,,,20.34,18.65,15.02,15.03,1.8,0.87,,N
272,LIK,XVI,P4,,,Opaline/CCS,0%,,Flake,Complete,,,,,,,,,,,,,,,,,,,,,,Yes,Hertzian,Feather,,,,,,,,,,,,,RECTANGULAR,Indeterminate,No,12.26,6.75,Main,,,,,,,,,,,24.2,21.2,19.72,19.72,3.12,2.68,,N
273,LIK,XVI,P4,,,Opaline/CCS,0%,,Flake,Complete,,,,,,,,,,,,,,,,,,,,,,Yes,Hertzian,Feather,,,,,,,,,,,,,RECTANGULAR,Indeterminate,No,7.65,1.89,Main,,,,,,,,,,,27.56,27.56,17.75,14.4,6.58,3.41,,N
274,LIK,XVI,P4,,,Opaline/CCS,0%,,Flake,Complete,,,,,,,,,,,,,,,,,,,,,,Yes,Hertzian,Feather,,,,,,,,,,,,,TRAPEZOIDAL,ResidualFacetWithBulb,No,9.66,3.25,Main,,,,,,,,,,,25.98,26.08,19.26,17.42,2.99,1.79,,N
275,LIK,XVI,P4,,,Opaline/CCS,0%,,Core,,Complete,,,,,,,,,,,,,,,,,,,,,,,,,,,,,,,,,,,,,,,,,,Platform,Irregular,Cubic,0%,3,3,2,3,4,11.54,19.82,19.71,18.89,18.89,12.26,7.84,,N
276,LIK,XVI,P4,,,Opaline/CCS,1-10%,Outcrop,Core,,Complete,,,,,,,,,,,,,,,,,,,,,,,,,,,,,,,,,,,,,,,,,,Platform,Irregular,Cubic,0%,3,3,6,7,5,20.74,40.76,40.98,32.99,27.59,18.9,26.25,,N
277,LIK,XVI,P4,,,Opaline/CCS,10-40%,Outcrop,Core,,Complete,,,,,,,,,,,,,,,,,,,,,,,,,,,,,,,,,,,,,,,,,,Platform,Irregular,Cubic,0%,2,1,3,1,3,16.89,36.36,36.37,28.74,28.74,18.58,38.86,,N
278,LIK,XVI,P4,,,Quartzite,0%,,Flake,Fragment,,,,,,,,,,,,,,,,,,,,,,Yes,Hertzian,Step,,,,,,,,,,,,,RECTANGULAR,NotPrepared,No,50.02,30.81,,,,,,,,,,,,77.81,,61.65,,39.45,167.89,,N
279,LIK,XVI,P4,,,Siltstone,0%,,Flake,Complete,,,,,,,,,,,,,,,,,,,,,,Yes,Hertzian,Feather,,,,,,,,,,,,,RECTANGULAR,NotPrepared,Yes,5.67,1.42,Main,,,,,,,,,,,7.71,7.14,12.28,10.7,1.33,0.15,,N
280,LIK,XVI,P4,,,Tuff,0%,,Flake,Complete,,,,,,,,,,,,,,,,,,,,,,Yes,Hertzian,Feather,,,,,,,,,,,,,RECTANGULAR,ResidualFacetWithBulb,No,6.02,1.88,Main,,,,,,,,,,,9.75,8.61,10.02,10.35,1.98,0.25,,N
28,LIK,XVII,O5c,,,Quartzite,0%,,Flake,Fragment,,,,,,,,,,,,,,,,,,,,,,No,,Indeterminate,,,,,,,,,,,,,SQUARE,,,,,,,,,,,,,,,,12.3,,14.41,,2.69,0.5,,N
281,LIK,XVI,P4,,,Tuff,0%,,Flake,Fragment,,,,,,,,,,,,,,,,,,,,,,Yes,Bending,Feather,,,,,,,,,,,,,RECTANGULAR,Indeterminate,No,9.49,2.44,,,,,,,,,,,,16.39,,14.19,,1.79,0.74,,N
282,LIK,XV,P5d,,,Opaline/CCS,0%,,Flake,Distal,,,,,,,,,,,,,,,,,,,,,,No,,Feather,,,,,,,,,,,,,RECTANGULAR,,,,,,,,,,,,,,,,15.41,,17.37,,2.56,0.58,,N
283,LIK,XV,P5d,,,Opaline/CCS,0%,,Flake,Distal,,,,,,,,,,,,,,,,,,,,,,No,,Feather,,,,,,,,,,,,,RECTANGULAR,,,,,,,,,,,,,,,,5.01,,12.68,,0.88,0.06,,N
284,LIK,XV,P5d,,,Opaline/CCS,0%,,Flake,Fragment,,,,,,,,,,,,,,,,,,,,,,Yes,Hertzian,Feather,,,,,,,,,,,,,RECTANGULAR,NotPrepared,No,6.9,2.08,,,,,,,,,,,,15.93,,13.02,,2.66,0.51,,N
285,LIK,XV,P5d,,,Opaline/CCS,0%,,Flake,Proximal,,,,,,,,,,,,,,,,,,,,,,Yes,Hertzian,Indeterminate,,,,,,,,,,,,,RECTANGULAR,NotPrepared,No,10.36,2.12,,,,,,,,,,,,8.97,,12.02,,1.44,0.29,,N
286,LIK,XV,P5d,,,Opaline/CCS,0%,,Flake,Complete,,,,,,,,,,,,,,,,,,,,,,Yes,Hertzian,Feather,,,,,,,,,,,,,RECTANGULAR,ResidualFacetWithBulb,No,5.31,0.68,Main,,,,,,,,,,,13.65,11.97,8.82,8.84,1.19,0.26,,N
287,LIK,XV,P5d,,,Opaline/CCS,0%,,Flake,Distal,,,,,,,,,,,,,,,,,,,,,,No,,Feather,,,,,,,,,,,,,RECTANGULAR,,,,,,,,,,,,,,,,5.03,,15.85,,1.06,0.13,,N
288,LIK,XV,P5d,,,Opaline/CCS,0%,,Flake,Mesial,,,,,,,,,,,,,,,,,,,,,,No,,Indeterminate,,,,,,,,,,,,,RECTANGULAR,,,,,,,,,,,,,,,,6.65,,12.17,,1.95,0.17,,N
289,LIK,XV,P5d,,,Opaline/CCS,0%,,Flake,Fragment,,,,,,,,,,,,,,,,,,,,,,No,,Feather,,,,,,,,,,,,,TRIANGULAR,,,,,,,,,,,,,,,,12.43,,6.25,,1.78,0.31,,N
290,LIK,XV,P5d,,,Opaline/CCS,0%,,Flake,Complete,,,,,,,,,,,,,,,,,,,,,,Yes,Hertzian,Feather,,,,,,,,,,,,,TRIANGULAR,NotPrepared,No,4.08,1.5,Main,,,,,,,,,,,11.95,11.83,5.49,5.49,1.11,0.08,,N
29,LIK,XVII,O5c,,,Quartzite,0%,,Flake,Complete,,,,,,,,,,,,,,,,,,,,,,Yes,Hertzian,Feather,,,,,,,,,,,,,TRIANGULAR,ResidualFacetWithBulb,No,9.39,3.82,Main,,,,,,,,,,,17.63,14.95,10.51,7.65,3.71,0.67,,N
291,LIK,XV,P5d,,,Opaline/CCS,0%,,Flake,Proximal,,,,,,,,,,,,,,,,,,,,,,Yes,Hertzian,Indeterminate,,,,,,,,,,,,,RECTANGULAR,ResidualFacetWithBulb,No,5.61,1.12,,,,,,,,,,,,12.66,,6.83,,2.01,0.18,,N
292,LIK,XV,P5d,,,Opaline/CCS,0%,,Flake,Complete,,,,,,,,,,,,,,,,,,,,,,Yes,Hertzian,Feather,,,,,,,,,,,,,TRIANGULAR,NotPrepared,No,3.78,1.03,Main,,,,,,,,,,,12.16,12.04,4.84,4.83,1.49,0.08,,N
293,LIK,XV,P5d,,,Opaline/CCS,0%,,Flake,Complete,,,,,,,,,,,,,,,,,,,,,,Yes,Hertzian,Feather,,,,,,,,,,,,,OVAL,NotPrepared,No,12.2,1.48,Main,,,,,,,,,,,26.4,26.42,23.6,20.11,3.55,1.87,,N
294,LIK,XV,P5d,,,Opaline/CCS,10-40%,Outcrop,Flake,Complete,,,,,,,,,,,,,,,,,,,,,,Yes,Bending,Feather,,,,,,,,,,,,,TRIANGULAR,NotPrepared,No,3.89,1.87,Main,,,,,,,,,,,12.65,12.65,5.13,5.13,1.86,0.15,,N
295,LIK,XV,P5d,,,Opaline/CCS,1-10%,Outcrop,Flake,Mesial,,,,,,,,,,,,,,,,,,,,,,No,,Indeterminate,,,,,,,,,,,,,RECTANGULAR,,,,,,,,,,,,,,,,5.13,,17.29,,5.33,0.73,,N
296,LIK,XV,O5d,,,Opaline/CCS,0%,,Flake,Proximal,,,,,,,,,,,,,,,,,,,,,,Yes,Hertzian,Indeterminate,,,,,,,,,,,,,RECTANGULAR,NotPrepared,No,7.98,2.71,,,,,,,,,,,,19.09,,10.99,,4.78,1.22,,N
297,LIK,XV,P5d,,,Opaline/CCS,1-10%,Outcrop,Flake,Proximal,,,,,,,,,,,,,,,,,,,,,,Yes,Hertzian,Indeterminate,,,,,,,,,,,,,TRAPEZOIDAL,NotPrepared,No,4.58,2.38,,,,,,,,,,,,18.01,,16.9,,1.54,0.71,,N
298,LIK,XV,P5d,,,Opaline/CCS,0%,,Flake,Distal,,,,,,,,,,,,,,,,,,,,,,No,,Feather,,,,,,,,,,,,,RECTANGULAR,,,,,,,,,,,,,,,,25.8,,22.57,,3.47,3.79,,N
299,LIK,XV,P5d,,,Opaline/CCS,0%,,Flake,Proximal,,,,,,,,,,,,,,,,,,,,,,Yes,Bending,Indeterminate,,,,,,,,,,,,,RECTANGULAR,ResidualFacetWithBulb,No,11.49,1.99,,,,,,,,,,,,22.34,,17.81,,4.98,1.82,,N
300,LIK,XV,P5d,,,Opaline/CCS,0%,,Flake,Complete,,,,,,,,,,,,,,,,,,,,,,Yes,Hertzian,Feather,,,,,,,,,,,,,OVAL,NotPrepared,No,14.79,9.68,Main,,,,,,,,,,,18.32,18.32,16.51,15.88,6.3,1.61,,N
3,LIK,XVII,P5,,,Opaline/CCS,0%,,Flake,Complete,,,,,,,,,,,,,,,,,,,,,,Yes,Hertzian,Feather,,,,,,,,,,,,,RECTANGULAR,ResidualFacetWithBulb,No,4.75,1.09,Main,,,,,,,,,,,5.43,4.88,5.95,5.58,0.75,0.05,,N
30,LIK,XVII,O5c,,,Quartzite,0%,,Flake,Proximal,,,,,,,,,,,,,,,,,,,,,,Yes,Hertzian,Indeterminate,,,,,,,,,,,,,TRIANGULAR,NotPrepared,No,4.25,2.63,,,,,,,,,,,,11.64,,6.17,,1.47,0.18,,N
301,LIK,XV,P5d,,,Opaline/CCS,0%,,Flake,Distal,,,,,,,,,,,,,,,,,,,,,,No,,Feather,,,,,,,,,,,,,OVAL,,,,,,,,,,,,,,,,12.41,,35.28,,3.65,2.35,,N
302,LIK,XV,P5d,,,Opaline/CCS,0%,,Flake,Fragment,,,,,,,,,,,,,,,,,,,,,,No,,Indeterminate,,,,,,,,,,,,,TRIANGULAR,,,,,,,,,,,,,,,,41.43,,31.26,,14.24,22.95,,N
303,LIK,XV,P5d,,,Opaline/CCS,0%,,Flake,Fragment,,,,,,,,,,,,,,,,,,,,,,No,,Indeterminate,,,,,,,,,,,,,RECTANGULAR,,,,,,,,,,,,,,,,47.4,,16.38,,9.69,11.66,,N
304,LIK,XV,P5d,,,Opaline/CCS,0%,,Core,,Complete,,,,,,,,,,,,,,,,,,,,,,,,,,,,,,,,,,,,,,,,,,Platform,Irregular,Cubic,0%,3,2,1,3,6,12.35,21.28,16.41,21.67,21.4,10.22,4.9,,N
305,LIK,XV,P5d,,,Quartzite,0%,,Flake,Mesial,,,,,,,,,,,,,,,,,,,,,,No,,Indeterminate,,,,,,,,,,,,,RECTANGULAR,,,,,,,,,,,,,,,,4.39,,13.11,,1.52,0.05,,N
306,LIK,XV,P5d,,,Quartzite,0%,,Flake,Proximal,,,,,,,,,,,,,,,,,,,,,,Yes,Bending,Indeterminate,,,,,,,,,,,,,RECTANGULAR,NotPrepared,No,4.88,2.86,,,,,,,,,,,,12.85,,8.15,,3.91,0.36,,N
307,LIK,XV,P5d,,,Quartzite,0%,,Flake,Mesial,,,,,,,,,,,,,,,,,,,,,,No,,Indeterminate,,,,,,,,,,,,,TRIANGULAR,,,,,,,,,,,,,,,,6.38,,11.63,,1.84,0.25,,N
308,LIK,XV,P5d,,,Quartzite,0%,,Flake,Fragment,,,,,,,,,,,,,,,,,,,,,,No,,Indeterminate,,,,,,,,,,,,,RECTANGULAR,,,,,,,,,,,,,,,,12.15,,6.63,,4.39,0.35,,N
309,LIK,XV,P5d,,,Quartzite,0%,,Flake,Complete,,,,,,,,,,,,,,,,,,,,,,Yes,Bending,Feather,,,,,,,,,,,,,RECTANGULAR,ResidualFacetWithBulb,No,7.01,2.57,Main,,,,,,,,,,,9.3,9.34,12.11,11.45,1.11,0.23,,N
310,LIK,XV,P5d,,,Quartzite,0%,,Flake,Distal,,,,,,,,,,,,,,,,,,,,,,No,,Feather,,,,,,,,,,,,,TRIANGULAR,,,,,,,,,,,,,,,,10.36,,13.33,,1.79,0.2,,N
31,LIK,XVII,O5c,,,Quartzite,0%,,Flake,Distal,,,,,,,,,,,,,,,,,,,,,,No,,Overshot,,,,,,,,,,,,,TRIANGULAR,,,,,,,,,,,,,,,,18.03,,10.39,,4.36,0.81,,N
311,LIK,XV,P5d,,,Quartzite,0%,,Flake,Mesial,,,,,,,,,,,,,,,,,,,,,,No,,Indeterminate,,,,,,,,,,,,,SQUARE,,,,,,,,,,,,,,,,10.18,,10.67,,2.15,0.41,,N
312,LIK,XV,P5d,,,Quartzite,0%,,Flake,Fragment,,,,,,,,,,,,,,,,,,,,,,No,,Indeterminate,,,,,,,,,,,,,RECTANGULAR,,,,,,,,,,,,,,,,13.76,,9.63,,3.01,0.44,,Y
313,LIK,XV,P5d,,,Quartzite,0%,,Flake,Proximal,,,,,,,,,,,,,,,,,,,,,,Yes,Hertzian,Indeterminate,,,,,,,,,,,,,RECTANGULAR,NotPrepared,No,17.2,4.04,,,,,,,,,,,,7.47,,19.7,,3.67,0.53,,N
314,LIK,XV,P5d,,,Quartzite,0%,,Flake,Complete,,,,,,,,,,,,,,,,,,,,,,Yes,Hertzian,Feather,,,,,,,,,,,,,TRIANGULAR,ResidualFacetWithBulb,No,8.78,2,Main,,,,,,,,,,,9.08,9.08,11.21,9.53,1.52,0.26,,N
315,LIK,XV,P5d,,,Quartzite,0%,,Flake,Complete,,,,,,,,,,,,,,,,,,,,,,Yes,Hertzian,Feather,,,,,,,,,,,,,TRIANGULAR,FacetWithBulb,No,7.41,2.87,Main,,,,,,,,,,,14.13,8.82,8.73,7.33,2.74,0.32,,N
316,LIK,XV,P5d,,,Quartzite,0%,,Flake,Distal,,,,,,,,,,,,,,,,,,,,,,No,,Feather,,,,,,,,,,,,,RECTANGULAR,,,,,,,,,,,,,,,,9.57,,22.21,,2.15,0.68,,N
317,LIK,XV,P5d,,,Quartzite,0%,,Flake,Distal,,,,,,,,,,,,,,,,,,,,,,No,,Indeterminate,,,,,,,,,,,,,RECTANGULAR,,,,,,,,,,,,,,,,5.67,,14.01,,2.44,0.27,,N
318,LIK,XV,P5d,,,Quartzite,0%,,Flake,Distal,,,,,,,,,,,,,,,,,,,,,,No,,Feather,,,,,,,,,,,,,RECTANGULAR,,,,,,,,,,,,,,,,7.81,,16.31,,1.85,0.3,,N
319,LIK,XV,P5d,,,Quartzite,0%,,Flake,Fragment,,,,,,,,,,,,,,,,,,,,,,No,,Indeterminate,,,,,,,,,,,,,RECTANGULAR,,,,,,,,,,,,,,,,7.18,,12.02,,3.24,0.29,,N
320,LIK,XV,P5d,,,Quartzite,0%,,Flake,Fragment,,,,,,,,,,,,,,,,,,,,,,No,,Feather,,,,,,,,,,,,,RECTANGULAR,,,,,,,,,,,,,,,,7.38,,14.06,,2.22,0.23,,N
32,LIK,XVII,O5c,,,Quartzite,0%,,Flake,Distal,,,,,,,,,,,,,,,,,,,,,,No,,Feather,,,,,,,,,,,,,CIRCULAR,,,,,,,,,,,,,,,,21.02,,21.39,,1.68,1.02,,N
321,LIK,XV,P5d,,,Quartzite,0%,,Flake,Complete,,,,,,,,,,,,,,,,,,,,,,Yes,Hertzian,Feather,,,,,,,,,,,,,TRAPEZOIDAL,NotPrepared,No,9.29,1.98,Main,,,,,,,,,,,12.9,12.9,30.61,21.89,4.79,1.62,,N
322,LIK,XV,P5d,,,Quartzite,0%,,Flake,Complete,,,,,,,,,,,,,,,,,,,,,,Yes,Hertzian,Feather,,,,,,,,,,,,,OVAL,NotPrepared,No,8.4,2.41,Main,,,,,,,,,,,11.68,11.4,16.1,14.14,1.73,0.53,,N
323,LIK,XV,P5d,,,Quartzite,0%,,Flake,Proximal,,,,,,,,,,,,,,,,,,,,,,Yes,Hertzian,Indeterminate,,,,,,,,,,,,,TRAPEZOIDAL,NotPrepared,Yes,19.06,9.05,,,,,,,,,,,,13.82,,22.47,,7.13,2.57,,N
324,LIK,XV,P5d,,,Quartzite,0%,,Flake,Proximal,,,,,,,,,,,,,,,,,,,,,,Yes,Hertzian,Indeterminate,,,,,,,,,,,,,RHOMBUS,ResidualFacetWithBulb,No,19.59,3.54,,,,,,,,,,,,18.4,,26.33,,3.45,1.34,,N
325,LIK,XV,P5d,,,Quartzite,0%,,Flake,Mesial,,,,,,,,,,,,,,,,,,,,,,No,,Indeterminate,,,,,,,,,,,,,TRIANGULAR,,,,,,,,,,,,,,,,19.55,,11.07,,3.41,1.28,,N
326,LIK,XV,P5d,,,Quartzite,0%,,Flake,Proximal,,,,,,,,,,,,,,,,,,,,,,Yes,Hertzian,Indeterminate,,,,,,,,,,,,,RECTANGULAR,NotPrepared,No,13.75,2.02,,,,,,,,,,,,12.24,,14.28,,1.97,0.56,,N
327,LIK,XV,P5d,,,Quartzite,0%,,Flake,Complete,,,,,,,,,,,,,,,,,,,,,,Yes,Hertzian,Feather,,,,,,,,,,,,,OVAL,NotPrepared,Yes,15.64,3,Main,,,,,,,,,,,18.02,18.03,23.39,23.37,4.19,1.8,,N
328,LIK,XV,P5d,,,Quartzite,0%,,Flake,Distal,,,,,,,,,,,,,,,,,,,,,,No,,Feather,,,,,,,,,,,,,OVAL,,,,,,,,,,,,,,,,13.2,,13.55,,2.8,0.51,,N
329,LIK,XV,P5d,,,Quartzite,0%,,Flake,Complete,,,,,,,,,,,,,,,,,,,,,,Yes,Hertzian,Feather,,,,,,,,,,,,,RECTANGULAR,NotPrepared,No,6.9,2.74,Main,,,,,,,,,,,15.71,15.73,8.34,8.32,1.78,0.32,,N
330,LIK,XV,P5d,,,Quartzite,0%,,Flake,Fragment,,,,,,,,,,,,,,,,,,,,,,Yes,Bending,Indeterminate,,,,,,,,,,,,,RECTANGULAR,NotPrepared,No,16.93,3.18,,,,,,,,,,,,22.39,,14.29,,4.28,1.83,,N
33,LIK,XVII,O5c,,,Quartzite,0%,,Core,,Complete,,,,,,,,,,,,,,,,,,,,,,,,,,,,,,,,,,,,,,,,,,Inclined,Irregular,Cubic,0%,3,3,1,3,6,31.96,47.64,41.23,35.9,31.69,11.61,17.45,Br. Flake to core,N
331,LIK,XV,P5d,,,Quartzite,0%,,Flake,Mesial,,,,,,,,,,,,,,,,,,,,,,No,,Indeterminate,,,,,,,,,,,,,TRAPEZOIDAL,,,,,,,,,,,,,,,,8.1,,14.96,,1.21,0.19,,N
332,LIK,XV,P5d,,,Quartzite,0%,,Flake,Mesial,,,,,,,,,,,,,,,,,,,,,,No,,Indeterminate,,,,,,,,,,,,,TRIANGULAR,,,,,,,,,,,,,,,,12.76,,19.08,,3.17,0.69,,N
333,LIK,XV,P5d,,,Quartzite,0%,,Flake,Mesial,,,,,,,,,,,,,,,,,,,,,,No,,Indeterminate,,,,,,,,,,,,,RECTANGULAR,,,,,,,,,,,,,,,,20.99,,12.53,,1.67,0.81,,N
334,LIK,XV,P5d,,,Quartzite,0%,,Flake,Complete,,,,,,,,,,,,,,,,,,,,,,Yes,Bending,Step,,,,,,,,,,,,,OVAL,NotPrepared,No,10.58,1.41,Main,,,,,,,,,,,19,19.01,15.69,15.67,2.11,0.78,,N
335,LIK,XV,P5d,,,Quartzite,0%,,Flake,Distal,,,,,,,,,,,,,,,,,,,,,,No,,Feather,,,,,,,,,,,,,TRAPEZOIDAL,,,,,,,,,,,,,,,,11.07,,23.61,,5.27,1.02,,N
336,LIK,XV,P5d,,,Quartzite,0%,,Flake,Distal,,,,,,,,,,,,,,,,,,,,,,No,,Feather,,,,,,,,,,,,,RECTANGULAR,,,,,,,,,,,,,,,,27.8,,15.86,,4.56,2.01,,N
337,LIK,XV,P5d,,,Quartzite,0%,,Flake,Fragment,,,,,,,,,,,,,,,,,,,,,,Yes,Bending,Feather,,,,,,,,,,,,,RECTANGULAR,NotPrepared,No,16.31,5.66,,,,,,,,,,,,14.77,,16.73,,5.79,1.53,,N
338,LIK,XV,P5d,,,Quartzite,0%,,Flake,Proximal,,,,,,,,,,,,,,,,,,,,,,Yes,Hertzian,Indeterminate,,,,,,,,,,,,,TRIANGULAR,NotPrepared,No,9.75,4.08,,,,,,,,,,,,16.59,,34.05,,9.77,5.09,,N
339,LIK,XV,P5d,,,Quartzite,0%,,Flake,Proximal,,,,,,,,,,,,,,,,,,,,,,Yes,Hertzian,Indeterminate,,,,,,,,,,,,,RECTANGULAR,NotPrepared,No,13.51,3.48,,,,,,,,,,,,19.9,,32.68,,8.36,5.08,,N
340,LIK,XV,P5d,,,Quartzite,0%,,Flake,Fragment,,,,,,,,,,,,,,,,,,,,,,No,,Indeterminate,,,,,,,,,,,,,TRIANGULAR,,,,,,,,,,,,,,,,21.83,,21.13,,10.1,4.43,,N
34,LIK,XVII,O5c,,,Opaline/CCS,0%,,Flake,Complete,,,,,,,,,,,,,,,,,,,,,,Yes,Hertzian,Feather,,,,,,,,,,,,,RECTANGULAR,NotPrepared,No,4.52,1.81,Main,,,,,,,,,,,8.87,7.69,13.72,11.79,1.88,0.18,,N
341,LIK,XV,P5d,,,Quartzite,0%,,Flake,Complete,,,,,,,,,,,,,,,,,,,,,,Yes,Hertzian,Step,,,,,,,,,,,,,KITE,NotPrepared,Yes,9.18,3.02,Main,,,,,,,,,,,45.53,45.53,22.81,22.82,7.76,10.09,,N
342,LIK,XV,P5d,,,Quartzite,0%,,Flake,Mesial,,,,,,,,,,,,,,,,,,,,,,No,,Indeterminate,,,,,,,,,,,,,RECTANGULAR,,,,,,,,,,,,,,,,48.3,,28.52,,7.32,10.8,,N
343,LIK,XV,P5d,,,Quartzite,0%,,RetouchedTool,Complete,,BackedPiece,Backing,Indeteriminate,,2345,,,,,,,,,5.11,6.76,6.14,3.39,3.14,2.92,0,,,,Indeterminate,,,,,,,,,,,,,,,,,Main,,,,,,,,,,,20.32,20.33,6.92,6.92,2.94,0.43,,N
344,LIK,XV,P5d,,,Quartzite,0%,,RetouchedTool,Complete,,BackedPiece,Backing,Indeteriminate,,12678,,,,,,,,,8.2,13.3,12.36,5.55,7.93,7.93,0,,,,Indeterminate,,,,,,,,,,,,,,,,,Main,,,,,,,,,,,35.02,35.24,13.71,13.71,7.11,3.38,,Y
345,LIK,XV,P5d,,,Hornfels,0%,,Flake,Mesial,,,,,,,,,,,,,,,,,,,,,,No,,Indeterminate,,,,,,,,,,,,,TRIANGULAR,,,,,,,,,,,,,,,,10.69,,10.69,,1.84,0.17,,N
346,LIK,XV,P5d,,,Hornfels,0%,,Flake,Complete,,,,,,,,,,,,,,,,,,,,,,Yes,Bending,Feather,,,,,,,,,,,,,OVAL,NotPrepared,No,5.98,1.08,Main,,,,,,,,,,,10.62,8.25,18.38,18.38,1.7,0.34,,N
347,LIK,XV,P5d,,,Hornfels,0%,,Flake,Mesial,,,,,,,,,,,,,,,,,,,,,,No,,Indeterminate,,,,,,,,,,,,,RECTANGULAR,,,,,,,,,,,,,,,,22.15,,15.41,,4.33,2.13,,N
348,LIK,XV,P5d,,,Hornfels,0%,,Flake,Complete,,,,,,,,,,,,,,,,,,,,,,Yes,Bending,Feather,,,,,,,,,,,,,KITE,NotPrepared,No,5.27,1.46,Main,,,,,,,,,,,9.96,9.96,17.92,13.62,1.31,0.33,,N
349,LIK,XV,P5d,,,Hornfels,0%,,Flake,Complete,,,,,,,,,,,,,,,,,,,,,,Yes,Hertzian,Feather,,,,,,,,,,,,,OVAL,Indeterminate,No,2.83,1.07,Main,,,,,,,,,,,13.48,12.96,9.77,9.77,1.94,0.33,,N
350,LIK,XV,P5d,,,Hornfels,0%,,Flake,Mesial,,,,,,,,,,,,,,,,,,,,,,No,,Indeterminate,,,,,,,,,,,,,RECTANGULAR,,,,,,,,,,,,,,,,18,,8.02,,1.52,0.26,,N
35,LIK,XVII,O5c,,,Opaline/CCS,0%,,Flake,Complete,,,,,,,,,,,,,,,,,,,,,,Yes,Hertzian,Feather,,,,,,,,,,,,,TRAPEZOIDAL,NotPrepared,No,4.21,0.94,Main,,,,,,,,,,,5.72,5.5,11.02,9.55,0.81,0.08,,N
351,LIK,XV,P5d,,,Hornfels,0%,,Flake,Mesial,,,,,,,,,,,,,,,,,,,,,,No,,Indeterminate,,,,,,,,,,,,,RECTANGULAR,,,,,,,,,,,,,,,,7.85,,21.01,,6.44,1.45,,N
352,LIK,XV,P5d,,,Hornfels,0%,,Flake,Complete,,,,,,,,,,,,,,,,,,,,,,Yes,Bending,Feather,,,,,,,,,,,,,TRIANGULAR,NotPrepared,No,4.62,2.09,Main,,,,,,,,,,,19.98,16.25,12.58,11.26,3.29,0.6,,N
353,LIK,XV,P5d,,,Hornfels,0%,,Flake,Complete,,,,,,,,,,,,,,,,,,,,,,Yes,Bending,Overshot,,,,,,,,,,,,,RECTANGULAR,NotPrepared,No,6.47,5.82,Main,,,,,,,,,,,14.78,14.77,13.91,13.91,7.35,1.35,,N
354,LIK,XV,P5d,,,Hornfels,10-40%,Outcrop,Flake,Complete,,,,,,,,,,,,,,,,,,,,,,Yes,Bending,Feather,,,,,,,,,,,,,TRAPEZOIDAL,NotPrepared,No,14.37,2.63,Main,,,,,,,,,,,18.53,16.73,23.1,17.88,5.55,1.75,,N
355,LIK,XV,P5d,,,Hornfels,0%,,Flake,Complete,,,,,,,,,,,,,,,,,,,,,,Yes,Bending,Feather,,,,,,,,,,,,,OVAL,ResidualFacetWithBulb,No,7.78,3.07,Main,,,,,,,,,,,18.26,18.02,20.34,18,2.91,1.42,,N
356,LIK,XV,P5d,,,Hornfels,0%,,Flake,Complete,,,,,,,,,,,,,,,,,,,,,,Yes,Hertzian,Feather,,,,,,,,,,,,,OVAL,NotPrepared,No,13.88,3.22,Main,,,,,,,,,,,12.68,12.68,18.01,14.48,3.1,1.13,,N
357,LIK,XV,P5d,,,Hornfels,0%,,Flake,Complete,,,,,,,,,,,,,,,,,,,,,,Yes,Hertzian,Overshot,,,,,,,,,,,,,RECTANGULAR,Indeterminate,No,7.95,1.56,Main,,,,,,,,,,,21.01,20.63,28.3,23.69,5.72,3.61,,N
358,LIK,XV,P5d,,,Hornfels,0%,,Flake,Distal,,,,,,,,,,,,,,,,,,,,,,No,,Feather,,,,,,,,,,,,,RECTANGULAR,,,,,,,,,,,,,,,,12.84,,6.23,,1.19,0.13,,N
359,LIK,XV,P5d,,,Hornfels,10-40%,Cobble,Flake,Complete,,,,,,,,,,,,,,,,,,,,,,Yes,Hertzian,Feather,,,,,,,,,,,,,RECTANGULAR,NotPrepared,No,33.94,16.23,Initial,,,,,,,,,,,28.42,26.31,49,49,11.01,11.89,,N
360,LIK,XV,P5d,,,Siltstone,0%,,Flake,Mesial,,,,,,,,,,,,,,,,,,,,,,No,,Indeterminate,,,,,,,,,,,,,RECTANGULAR,,,,,,,,,,,,,,,,10.43,,18.96,,1.86,0.51,,N
36,LIK,XVII,O5c,,,Opaline/CCS,0%,,Flake,Fragment,,,,,,,,,,,,,,,,,,,,,,Yes,Hertzian,Feather,,,,,,,,,,,,,TRIANGULAR,NotPrepared,No,2.38,0.48,,,,,,,,,,,,6.5,,8.25,,0.69,0.07,,N
361,LIK,XV,P5d,,,Siltstone,0%,,Flake,Proximal,,,,,,,,,,,,,,,,,,,,,,Yes,Hertzian,Indeterminate,,,,,,,,,,,,,RECTANGULAR,FacetWithBulb,No,8.51,2,,,,,,,,,,,,11.5,,18.68,,2.89,0.72,,N
362,LIK,XV,P5d,,,Siltstone,0%,,Flake,Mesial,,,,,,,,,,,,,,,,,,,,,,No,,Indeterminate,,,,,,,,,,,,,RECTANGULAR,,,,,,,,,,,,,,,,15.51,,26.64,,3.59,1.81,,N
363,LIK,XV,P5d,,,Siltstone,0%,,Flake,Complete,,,,,,,,,,,,,,,,,,,,,,Yes,Hertzian,Overshot,,,,,,,,,,,,,RECTANGULAR,Indeterminate,No,10.06,1.59,Main,,,,,,,,,,,32.58,30.24,19.3,19.31,12.09,9,,N
364,LIK,XV,P5d,,,Siltstone,0%,,RetouchedTool,Complete,,MinimallyRetouched,MarginalEdgeShaping,Both,4,3456,5.84,1,2.26,5.98,3.2,,,,,,,,,,,,,,Flake,,,,,,,,,,,,RECTANGULAR,,,,,Main,,,,,,,,,,,50.95,49.34,43.84,35.67,7.04,23.11,,Y
365,LIK,XV,P5d,,,Tuff,0%,,Flake,Complete,,,,,,,,,,,,,,,,,,,,,,Yes,Bending,Feather,,,,,,,,,,,,,OVAL,NotPrepared,No,2.91,0.75,Main,,,,,,,,,,,9.65,8.94,7.21,7.21,0.8,0.06,,N
366,LIK,XV,P5d,,,Tuff,0%,,Flake,Distal,,,,,,,,,,,,,,,,,,,,,,No,,Feather,,,,,,,,,,,,,TRAPEZOIDAL,,,,,,,,,,,,,,,,9.57,,15.14,,1.47,0.19,,N
367,LIK,XV,P5d,,,Tuff,0%,,Flake,Proximal,,,,,,,,,,,,,,,,,,,,,,Yes,Bending,Indeterminate,,,,,,,,,,,,,TRAPEZOIDAL,NotPrepared,No,4.74,1.33,,,,,,,,,,,,11.23,,10.58,,2.36,0.24,,N
368,LIK,XV,P5d,,,Tuff,0%,,Flake,Distal,,,,,,,,,,,,,,,,,,,,,,No,,Feather,,,,,,,,,,,,,TRAPEZOIDAL,,,,,,,,,,,,,,,,9.57,,16.64,,0.57,0.14,,N
369,LIK,XV,P5d,,,Tuff,0%,,Flake,Complete,,,,,,,,,,,,,,,,,,,,,,Yes,Hertzian,Feather,,,,,,,,,,,,,KITE,NotPrepared,No,6.96,3.02,Main,,,,,,,,,,,20.48,20.48,19.49,19.5,3.42,1.25,,N
370,LIK,XV,P5d,,,Tuff,0%,,Flake,Distal,,,,,,,,,,,,,,,,,,,,,,No,,Feather,,,,,,,,,,,,,RECTANGULAR,,,,,,,,,,,,,,,,24.17,,15.21,,4.69,2.75,,N
37,LIK,XVII,O5c,,,Opaline/CCS,0%,,Flake,Complete,,,,,,,,,,,,,,,,,,,,,,Yes,Hertzian,Feather,,,,,,,,,,,,,RHOMBUS,ResidualFacetWithBulb,No,12.05,3.13,Main,,,,,,,,,,,14.67,14.68,25.16,19.09,2.15,0.84,,N
371,LIK,XV,P5d,,,Opaline/CCS,0%,,Flake,Complete,,,,,,,,,,,,,,,,,,,,,,Yes,Hertzian,Feather,,,,,,,,,,,,,RECTANGULAR,NotPrepared,No,6.35,3.35,Main,,,,,,,,,,,18.76,18.76,13.58,13.58,2.79,1.07,,N
372,LIK,XV,P5d,,,Opaline/CCS,0%,,Flake,Complete,,,,,,,,,,,,,,,,,,,,,,Yes,Hertzian,Feather,,,,,,,,,,,,,RECTANGULAR,FacetWithBulb,No,15.95,5.66,Main,,,,,,,,,,,20.44,19.85,25.81,21.52,2.59,2.03,,N
373,LIK,XV,P5d,,,Opaline/CCS,0%,,Flake,Complete,,,,,,,,,,,,,,,,,,,,,,Yes,Hertzian,Feather,,,,,,,,,,,,,RECTANGULAR,NotPrepared,No,9.78,5.89,Main,,,,,,,,,,,19.87,20.27,14.72,13.31,5.3,1.86,,N
374,LIK,XV,P5d,,,Opaline/CCS,0%,,Flake,Complete,,,,,,,,,,,,,,,,,,,,,,Yes,Hertzian,Overshot,,,,,,,,,,,,,RECTANGULAR,NotPrepared,No,5.07,1.72,Main,,,,,,,,,,,19.05,19.05,11.2,11.21,1.85,0.56,,N
375,LIK,XV,P5d,,,Opaline/CCS,0%,,RetouchedTool,Complete,,RetouchedPoint,MarginalEdgeShaping,Dorsal,8,12345678,2.75,1,1.72,1.39,1.7,,,,,,,,,,,,,,Indeterminate,,,,,,,,,,,,,,,,,Main,,,,,,,,,,,25.55,25.55,14.13,11.6,2.54,1.16,,Y
376,LIK,XV,P5d,,,Hornfels,0%,,Flake,Complete,,,,,,,,,,,,,,,,,,,,,,Yes,Hertzian,Feather,,,,,,,,,,,,,RECTANGULAR,NotPrepared,No,11.97,3.04,Main,,,,,,,,,,,16.32,16.36,13.2,13.2,2.12,0.78,,N
377,LIK,XV,P5d,,,Hornfels,1-10%,Outcrop,Flake,Complete,,,,,,,,,,,,,,,,,,,,,,Yes,Hertzian,Overshot,,,,,,,,,,,,,OVAL,ResidualFacetWithBulb,No,15.86,5.86,Main,,,,,,,,,,,21.65,21.65,20.61,20.56,4.65,3.05,,N
378,LIK,XV,P5d,,,Hornfels,0%,,Flake,Complete,,,,,,,,,,,,,,,,,,,,,,Yes,Hertzian,Feather,,,,,,,,,,,,,RECTANGULAR,NotPrepared,No,24.1,6.76,Main,,,,,,,,,,,44.09,36.91,41.23,38.74,7.07,13.9,,N
379,LIK,XV,P5d,,,Opaline/CCS,0%,,Core,,Complete,,,,,,,,,,,,,,,,,,,,,,,,,,,,,,,,,,,,,,,,,,Platform,Irregular,Cubic,0%,3,2,2,4,5,18.47,39.81,31.85,45.24,32.94,19.2,34.71,,N
380,LIK,XV,P5d,,,Opaline/CCS,0%,,Core,,Complete,,,,,,,,,,,,,,,,,,,,,,,,,,,,,,,,,,,,,,,,,,Platform,Irregular,Cubic,0%,5,4,3,6,5,21.4,45.87,39.72,28.59,28.61,22.09,40.36,,N
38,LIK,XVII,O5c,,,Opaline/CCS,0%,,Flake,Complete,,,,,,,,,,,,,,,,,,,,,,Yes,Hertzian,Overshot,,,,,,,,,,,,,SQUARE,NotPrepared,No,10.96,3.09,Main,,,,,,,,,,,12.64,12.06,18.08,15.61,2.86,1.85,,N
381,LIK,XV,O5d,,,Hornfels,0%,,Flake,Distal,,,,,,,,,,,,,,,,,,,,,,No,,Feather,,,,,,,,,,,,,RECTANGULAR,,,,,,,,,,,,,,,,9.84,,12.81,,1.53,0.31,,N
382,LIK,XV,O5d,,,Hornfels,0%,,Flake,Complete,,,,,,,,,,,,,,,,,,,,,,Yes,Bending,Feather,,,,,,,,,,,,,TRAPEZOIDAL,NotPrepared,No,5.77,1.55,Main,,,,,,,,,,,9.74,8.77,12.34,10.91,0.93,0.12,,N
383,LIK,XV,O5d,,,Hornfels,0%,,Flake,Complete,,,,,,,,,,,,,,,,,,,,,,Yes,Hertzian,Feather,,,,,,,,,,,,,RECTANGULAR,Indeterminate,No,9.21,1.87,Main,,,,,,,,,,,6.71,6.71,12.88,12.88,1.3,0.19,,N
385,LIK,XV,O5d,,,Hornfels,0%,,Flake,Mesial,,,,,,,,,,,,,,,,,,,,,,No,,Indeterminate,,,,,,,,,,,,,RECTANGULAR,,,,,,,,,,,,,,,,10.32,,13.47,,4.98,0.49,,N
386,LIK,XV,O5d,,,Hornfels,10-40%,Outcrop,Flake,Distal,,,,,,,,,,,,,,,,,,,,,,No,,Feather,,,,,,,,,,,,,RECTANGULAR,,,,,,,,,,,,,,,,13.34,,8.43,,1.57,0.21,,N
387,LIK,XV,O5d,,,Hornfels,0%,,Flake,Mesial,,,,,,,,,,,,,,,,,,,,,,No,,Indeterminate,,,,,,,,,,,,,RECTANGULAR,,,,,,,,,,,,,,,,11.77,,5.78,,1.16,0.15,,N
388,LIK,XV,O5d,,,Hornfels,0%,,Flake,Complete,,,,,,,,,,,,,,,,,,,,,,Yes,Bending,Feather,,,,,,,,,,,,,OVAL,FacetWithBulb,No,8.58,1.95,Main,,,,,,,,,,,14.61,11.65,14.04,10.79,1.9,0.4,,N
389,LIK,XV,O5d,,,Hornfels,0%,,Flake,Mesial,,,,,,,,,,,,,,,,,,,,,,No,,Indeterminate,,,,,,,,,,,,,RECTANGULAR,,,,,,,,,,,,,,,,15.34,,7.82,,1.38,0.18,,N
390,LIK,XV,O5d,,,Hornfels,0%,,Flake,Mesial,,,,,,,,,,,,,,,,,,,,,,No,,Indeterminate,,,,,,,,,,,,,RECTANGULAR,,,,,,,,,,,,,,,,19.53,,9.15,,1.74,0.43,,N
391,LIK,XV,O5d,,,Hornfels,0%,,Flake,Distal,,,,,,,,,,,,,,,,,,,,,,No,,Feather,,,,,,,,,,,,,TRIANGULAR,,,,,,,,,,,,,,,,11.12,,16.61,,1.5,0.37,,N
39,LIK,XVII,O5c,,,Opaline/CCS,0%,,Core,,Complete,,,,,,,,,,,,,,,,,,,,,,,,,,,,,,,,,,,,,,,,,,Platform,Irregular,Cubic,0%,6,4,2,3,6,21.94,24.77,24.79,24.27,15.18,11.63,6.76,,N
392,LIK,XV,O5d,,,Hornfels,0%,,Flake,Fragment,,,,,,,,,,,,,,,,,,,,,,Yes,Bending,Feather,,,,,,,,,,,,,RECTANGULAR,NotPrepared,Yes,10.63,4.14,,,,,,,,,,,,11.85,,16.43,,2.23,0.59,,N
393,LIK,XV,O5d,,,Hornfels,0%,,Flake,Complete,,,,,,,,,,,,,,,,,,,,,,Yes,Hertzian,Feather,,,,,,,,,,,,,TRIANGULAR,NotPrepared,No,5.58,2.22,Main,,,,,,,,,,,17.67,17.67,7.05,6.33,3.54,0.47,,N
394,LIK,XV,O5d,,,Hornfels,0%,,Flake,Distal,,,,,,,,,,,,,,,,,,,,,,No,,Feather,,,,,,,,,,,,,RECTANGULAR,,,,,,,,,,,,,,,,10.41,,17.98,,3.13,0.78,,N
395,LIK,XV,O5d,,,Hornfels,0%,,Flake,Distal,,,,,,,,,,,,,,,,,,,,,,No,,Feather,,,,,,,,,,,,,OVAL,,,,,,,,,,,,,,,,21.44,,24.85,,1.54,0.85,,N
396,LIK,XV,O5d,,,Hornfels,0%,,Flake,Complete,,,,,,,,,,,,,,,,,,,,,,Yes,Hertzian,Feather,,,,,,,,,,,,,OVAL,ResidualFacetWithBulb,No,7.36,2.2,Main,,,,,,,,,,,17.74,15.35,20.31,20.59,2.84,0.92,,N
397,LIK,XV,O5d,,,Hornfels,0%,,Flake,Proximal,,,,,,,,,,,,,,,,,,,,,,Yes,Hertzian,Indeterminate,,,,,,,,,,,,,TRAPEZOIDAL,NotPrepared,No,4.97,2.52,,,,,,,,,,,,9.11,,13.71,,1.88,0.32,,N
398,LIK,XV,O5d,,,Hornfels,0%,,Flake,Complete,,,,,,,,,,,,,,,,,,,,,,Yes,Hertzian,Feather,,,,,,,,,,,,,RECTANGULAR,Indeterminate,No,5.01,0.91,Main,,,,,,,,,,,12.56,12.56,9.92,9.83,2.66,0.29,,N
399,LIK,XV,O5d,,,Hornfels,0%,,Flake,Proximal,,,,,,,,,,,,,,,,,,,,,,Yes,Hertzian,Indeterminate,,,,,,,,,,,,,TRAPEZOIDAL,Indeterminate,No,5.7,1.27,,,,,,,,,,,,15.91,,16.11,,3,0.86,,N
400,O5d,XV,O5d,,,Hornfels,0%,,Flake,Distal,,,,,,,,,,,,,,,,,,,,,,No,,Feather,,,,,,,,,,,,,SQUARE,,,,,,,,,,,,,,,,18.51,,17.62,,3.38,1.2,,N
401,LIK,XV,O5d,,,Hornfels,0%,,Flake,Proximal,,,,,,,,,,,,,,,,,,,,,,Yes,Hertzian,Indeterminate,,,,,,,,,,,,,RECTANGULAR,NotPrepared,No,9.65,1.92,,,,,,,,,,,,15.74,,25.24,,2.8,1.37,,N
4,LIK,XVII,P5,,,Opaline/CCS,10-40%,Outcrop,Core,,Complete,,,,,,,,,,,,,,,,,,,,,,,,,,,,,,,,,,,,,,,,,,Platform,Radial,Cubic,10-40%,5,2,1,6,0,17.96,50.15,46.42,40.21,33.37,16.76,51.73,,N
40,LIK,XVII,O5c,,,Opaline/CCS,0%,,Core,,Complete,,,,,,,,,,,,,,,,,,,,,,,,,,,,,,,,,,,,,,,,,,Platform,Irregular,Spherical,60-90%,2,2,1,4,3,16.37,36.84,34.6,12.43,11.16,11.4,6.53,,N
402,LIK,XV,O5d,,,Hornfels,10-40%,Outcrop,Flake,Complete,,,,,,,,,,,,,,,,,,,,,,Yes,Hertzian,Overshot,,,,,,,,,,,,,RECTANGULAR,Indeterminate,No,9.08,1.34,Main,,,,,,,,,,,18.99,18.99,16.68,16.68,3.4,1.32,,N
403,LIK,XV,O5d,,,Hornfels,0%,,Flake,Fragment,,,,,,,,,,,,,,,,,,,,,,No,,Feather,,,,,,,,,,,,,RECTANGULAR,,,,,,,,,,,,,,,,18.26,,17.84,,2.34,1.14,,N
404,LIK,XV,O5d,,,Hornfels,0%,,Flake,Complete,,,,,,,,,,,,,,,,,,,,,,Yes,Hertzian,Feather,,,,,,,,,,,,,RHOMBUS,ResidualFacetWithBulb,No,16.36,4.07,Main,,,,,,,,,,,21.11,14.85,25.5,25.5,4.03,3.08,,N
405,LIK,XV,O5d,,,Hornfels,0%,,Flake,Complete,,,,,,,,,,,,,,,,,,,,,,Yes,Hertzian,Feather,,,,,,,,,,,,,TRIANGULAR,ResidualFacetWithBulb,No,10.91,2.96,Main,,,,,,,,,,,18.61,18.07,24.07,19.08,2.05,1.22,,N
406,LIK,XV,O5d,,,Hornfels,0%,,Flake,Fragment,,,,,,,,,,,,,,,,,,,,,,Yes,Hertzian,Feather,,,,,,,,,,,,,RECTANGULAR,ResidualFacetWithBulb,No,14.58,2.9,,,,,,,,,,,,17.37,,24.72,,3.6,2,,N
407,LIK,XV,O5d,,,Hornfels,0%,,Flake,Complete,,,,,,,,,,,,,,,,,,,,,,Yes,Hertzian,Feather,,,,,,,,,,,,,RHOMBUS,FacetWithBulb,No,18.41,5.63,Main,,,,,,,,,,,22.73,22.73,36.68,32.75,7.22,9.61,,N
408,LIK,XV,O5d,,,Hornfels,0%,,Flake,Complete,,,,,,,,,,,,,,,,,,,,,,Yes,Hertzian,Feather,,,,,,,,,,,,,RECTANGULAR,NotPrepared,No,11.89,3.9,Main,,,,,,,,,,,39.95,39.95,20.74,19.87,4.04,3.83,,N
409,LIK,XV,O5d,,,Hornfels,0%,,Flake,Complete,,,,,,,,,,,,,,,,,,,,,,Yes,Hertzian,Step,,,,,,,,,,,,,TRAPEZOIDAL,NotPrepared,No,14.36,5.17,Main,,,,,,,,,,,29.3,29.29,34.39,27.8,6.25,6.51,,N
410,LIK,XV,O5d,,,Hornfels,10-40%,Outcrop,Flake,Complete,,,,,,,,,,,,,,,,,,,,,,Yes,Hertzian,Feather,,,,,,,,,,,,,RECTANGULAR,NotPrepared,No,68.56,7.15,Main,,,,,,,,,,,31.04,31.04,75.78,69.13,11.32,26.17,,N
411,LIK,XV,O5d,,,Hornfels,0%,,RetouchedTool,Complete,,MinimallyRetouched,MarginalEdgeShaping,Dorsal,3,456,1.18,1,2.08,1.47,1.98,,,,,,,,,,,,,,Flake,,,,,,,,,,,,SQUARE,,,,,Main,,,,,,,,,,,20.85,21.3,19.83,19.83,3.87,2.08,,Y
41,LIK,XVII,O5c,,,Ochre,10-40%,Cobble,Core,,Complete,,,,,,,,,,,,,,,,,,,,,,,,,,,,,,,,,,,,,,,,,,Platform,Bladelet,Cubic,0%,5,4,0,2,3,8.45,9.93,9.96,6.33,4.59,4.83,0.61,Ochre core,Y
412,LIK,XV,O5d,,,Hornfels,0%,,RetouchedTool,Complete,,MinimallyRetouched,MarginalEdgeShaping,Dorsal,3,567,1.63,1,1.32,2.25,1.7,,,,,,,,,,,,,,Flake,,,,,,,,,,,,RECTANGULAR,,,,,Main,,,,,,,,,,,8.55,8.9,27.78,24.57,8.36,20.59,2.88,Y
413,LIK,XV,O5d,,,Opaline/CCS,0%,,Flake,Mesial,,,,,,,,,,,,,,,,,,,,,,No,,Indeterminate,,,,,,,,,,,,,RECTANGULAR,,,,,,,,,,,,,,,,17.94,,18.24,,3.13,0.88,,N
414,LIK,XV,O5d,,,Opaline/CCS,0%,,Flake,Complete,,,,,,,,,,,,,,,,,,,,,,Yes,Bending,Feather,,,,,,,,,,,,,RECTANGULAR,NotPrepared,No,3.29,0.76,Main,,,,,,,,,,,13.67,13.67,10.32,8.61,2.16,0.28,,N
415,LIK,XV,O5d,,,Opaline/CCS,0%,,Flake,Distal,,,,,,,,,,,,,,,,,,,,,,No,,Feather,,,,,,,,,,,,,RECTANGULAR,,,,,,,,,,,,,,,,9.93,,11.11,,0.59,0.06,,N
416,LIK,XV,O5d,,,Opaline/CCS,0%,,Flake,Distal,,,,,,,,,,,,,,,,,,,,,,No,,Feather,,,,,,,,,,,,,RECTANGULAR,,,,,,,,,,,,,,,,7.76,,14.9,,5.4,0.6,,N
417,LIK,XV,O5d,,,Opaline/CCS,0%,,Flake,Distal,,,,,,,,,,,,,,,,,,,,,,No,,Feather,,,,,,,,,,,,,RECTANGULAR,,,,,,,,,,,,,,,,15.07,,1.48,,2.51,0.05,,N
418,LIK,XV,O5d,,,Opaline/CCS,0%,,Flake,Mesial,,,,,,,,,,,,,,,,,,,,,,No,,Indeterminate,,,,,,,,,,,,,RECTANGULAR,,,,,,,,,,,,,,,,12.19,,5.56,,1.61,0.08,,N
419,LIK,XV,O5d,,,Opaline/CCS,0%,,Flake,Mesial,,,,,,,,,,,,,,,,,,,,,,No,,Indeterminate,,,,,,,,,,,,,RECTANGULAR,,,,,,,,,,,,,,,,23.41,,15.39,,7.98,4.36,,N
420,LIK,XV,O5d,,,Opaline/CCS,0%,,Flake,Complete,,,,,,,,,,,,,,,,,,,,,,Yes,Hertzian,Feather,,,,,,,,,,,,,RECTANGULAR,ResidualFacetWithBulb,No,4,1.35,Main,,,,,,,,,,,13.16,13.16,15.59,14.47,1.44,0.42,,N
421,LIK,XV,O5d,,,Opaline/CCS,0%,,Flake,Proximal,,,,,,,,,,,,,,,,,,,,,,Yes,Bending,Indeterminate,,,,,,,,,,,,,RECTANGULAR,NotPrepared,No,4.74,1.07,,,,,,,,,,,,6.61,,11.65,,0.94,0.07,,N
42,LIK,XVII,P5d,,,Quartzite,0%,,Flake,Complete,,,,,,,,,,,,,,,,,,,,,,Yes,Hertzian,Feather,,,,,,,,,,,,,RECTANGULAR,NotPrepared,No,4.36,1.32,Main,,,,,,,,,,,6.52,6.52,5.46,4.6,0.97,0.09,,N
422,LIK,XV,O5d,,,Opaline/CCS,0%,,Flake,Complete,,,,,,,,,,,,,,,,,,,,,,Yes,Hertzian,Feather,,,,,,,,,,,,,TRAPEZOIDAL,NotPrepared,No,4.02,1.43,Main,,,,,,,,,,,15.33,11.12,15,10.53,1.16,0.3,,N
423,LIK,XV,O5d,,,Opaline/CCS,0%,,Flake,Complete,,,,,,,,,,,,,,,,,,,,,,Yes,Hertzian,Feather,,,,,,,,,,,,,RECTANGULAR,NotPrepared,No,3.03,0.72,Main,,,,,,,,,,,14.19,13.22,6.73,6.73,1.43,0.16,,N
424,LIK,XV,O5d,,,Opaline/CCS,0%,,Flake,Mesial,,,,,,,,,,,,,,,,,,,,,,No,,Indeterminate,,,,,,,,,,,,,RECTANGULAR,,,,,,,,,,,,,,,,19.2,,10.65,,9.62,1.56,,N
425,LIK,XV,O5d,,,Opaline/CCS,0%,,Flake,Fragment,,,,,,,,,,,,,,,,,,,,,,No,,Feather,,,,,,,,,,,,,OVAL,,,,,,,,,,,,,,,,15.94,,10.2,,7.08,1,,N
426,LIK,XV,O5d,,,Opaline/CCS,0%,,Flake,Mesial,,,,,,,,,,,,,,,,,,,,,,No,,Indeterminate,,,,,,,,,,,,,TRIANGULAR,,,,,,,,,,,,,,,,12.64,,17.79,,4.26,1.01,,N
427,LIK,XV,O5d,,,Opaline/CCS,0%,,Flake,Complete,,,,,,,,,,,,,,,,,,,,,,Yes,Hertzian,Feather,,,,,,,,,,,,,RECTANGULAR,Indeterminate,No,11.68,1.96,Main,,,,,,,,,,,9.49,9.49,17.58,15.78,1.83,0.38,,N
428,LIK,XV,O5d,,,Opaline/CCS,0%,,Flake,Distal,,,,,,,,,,,,,,,,,,,,,,No,,Feather,,,,,,,,,,,,,TRIANGULAR,,,,,,,,,,,,,,,,5.68,,13.34,,2.57,0.19,,N
429,LIK,XV,O5d,,,Opaline/CCS,0%,,Flake,Proximal,,,,,,,,,,,,,,,,,,,,,,Yes,Bending,Indeterminate,,,,,,,,,,,,,TRIANGULAR,NotPrepared,No,3.67,1.15,,,,,,,,,,,,11.33,,10.84,,1.25,0.12,,N
430,LIK,XV,O5d,,,Opaline/CCS,0%,,Flake,Distal,,,,,,,,,,,,,,,,,,,,,,No,,Feather,,,,,,,,,,,,,RECTANGULAR,,,,,,,,,,,,,,,,16.3,,5.08,,1.91,0.18,,N
431,LIK,XV,O5d,,,Opaline/CCS,0%,,Flake,Mesial,,,,,,,,,,,,,,,,,,,,,,No,,Indeterminate,,,,,,,,,,,,,RECTANGULAR,,,,,,,,,,,,,,,,14.11,,5.89,,3.83,0.33,,N
43,LIK,XVII,P5d,,,Quartzite,0%,,Flake,Mesial,,,,,,,,,,,,,,,,,,,,,,No,,Indeterminate,,,,,,,,,,,,,RHOMBUS,,,,,,,,,,,,,,,,7.71,,6.53,,1.69,0.05,,N
432,LIK,XV,O5d,,,Opaline/CCS,0%,,Flake,Mesial,,,,,,,,,,,,,,,,,,,,,,No,,Indeterminate,,,,,,,,,,,,,RECTANGULAR,,,,,,,,,,,,,,,,21.23,,27.37,,7.01,6.36,,N
433,LIK,XV,O5d,,,Opaline/CCS,0%,,Flake,Complete,,,,,,,,,,,,,,,,,,,,,,Yes,Hertzian,Feather,,,,,,,,,,,,,TRIANGULAR,Indeterminate,No,2.66,0.91,Main,,,,,,,,,,,7.74,7.33,12.4,12.39,0.87,0.09,,N
434,LIK,XV,O5d,,,Opaline/CCS,0%,,Flake,Complete,,,,,,,,,,,,,,,,,,,,,,Yes,Hertzian,Feather,,,,,,,,,,,,,RECTANGULAR,NotPrepared,No,6.48,3.55,Main,,,,,,,,,,,13.61,13.61,14.68,12.01,3.18,0.62,,N
435,LIK,XV,O5d,,,Opaline/CCS,0%,,Flake,Distal,,,,,,,,,,,,,,,,,,,,,,No,,Feather,,,,,,,,,,,,,RECTANGULAR,,,,,,,,,,,,,,,,11.95,,14.15,,1.94,0.28,,N
436,LIK,XV,O5d,,,Opaline/CCS,0%,,Flake,Mesial,,,,,,,,,,,,,,,,,,,,,,No,,Indeterminate,,,,,,,,,,,,,RECTANGULAR,,,,,,,,,,,,,,,,15.01,,5.92,,3.53,0.28,,N
437,LIK,XV,O5d,,,Opaline/CCS,0%,,Flake,Distal,,,,,,,,,,,,,,,,,,,,,,No,,Feather,,,,,,,,,,,,,RECTANGULAR,,,,,,,,,,,,,,,,8.67,,20.19,,3.43,1,,N
438,LIK,XV,O5d,,,Opaline/CCS,0%,,Flake,Distal,,,,,,,,,,,,,,,,,,,,,,No,,Feather,,,,,,,,,,,,,RECTANGULAR,,,,,,,,,,,,,,,,12.51,,9.02,,2.53,0.22,,N
439,LIK,XV,O5d,,,Opaline/CCS,1-10%,Outcrop,Flake,Proximal,,,,,,,,,,,,,,,,,,,,,,Yes,Hertzian,Indeterminate,,,,,,,,,,,,,TRIANGULAR,NotPrepared,No,14.77,4.31,,,,,,,,,,,,7.93,,14.14,,2.29,0.37,,N
440,LIK,XV,O5d,,,Opaline/CCS,0%,,Flake,Distal,,,,,,,,,,,,,,,,,,,,,,No,,Feather,,,,,,,,,,,,,RECTANGULAR,,,,,,,,,,,,,,,,11.08,,16.54,,2.28,0.52,,N
441,LIK,XV,O5d,,,Opaline/CCS,0%,,Flake,Distal,,,,,,,,,,,,,,,,,,,,,,No,,Feather,,,,,,,,,,,,,RECTANGULAR,,,,,,,,,,,,,,,,15.31,,15.7,,5.8,1.56,,N
44,LIK,XVII,P5d,,,Quartzite,0%,,Flake,Complete,,,,,,,,,,,,,,,,,,,,,,Yes,Bending,Feather,,,,,,,,,,,,,TRIANGULAR,NotPrepared,No,3.52,1.22,Main,,,,,,,,,,,13.87,12.59,9.79,8.12,1.06,0.19,,N
442,LIK,XV,O5d,,,Opaline/CCS,0%,,Flake,Distal,,,,,,,,,,,,,,,,,,,,,,No,,Feather,,,,,,,,,,,,,RECTANGULAR,,,,,,,,,,,,,,,,11.39,,17.08,,1.71,0.51,,N
443,LIK,XV,O5d,,,Opaline/CCS,0%,,Flake,Proximal,,,,,,,,,,,,,,,,,,,,,,Yes,Hertzian,Indeterminate,,,,,,,,,,,,,RECTANGULAR,NotPrepared,No,6.5,2.59,,,,,,,,,,,,15.05,,13.16,,4.63,0.87,,N
444,LIK,XV,O5d,,,Opaline/CCS,0%,,Flake,Fragment,,,,,,,,,,,,,,,,,,,,,,Yes,Hertzian,Feather,,,,,,,,,,,,,TRIANGULAR,NotPrepared,No,8.14,2.34,,,,,,,,,,,,16.39,,20.66,,2.8,1.17,,N
445,LIK,XV,O5d,,,Opaline/CCS,0%,,Flake,Distal,,,,,,,,,,,,,,,,,,,,,,No,,Feather,,,,,,,,,,,,,TRAPEZOIDAL,,,,,,,,,,,,,,,,28.02,,25,,3.17,2.56,,N
446,LIK,XV,O5d,,,Opaline/CCS,0%,,Flake,Complete,,,,,,,,,,,,,,,,,,,,,,Yes,Hertzian,Feather,,,,,,,,,,,,,RECTANGULAR,NotPrepared,No,10.87,1.99,Main,,,,,,,,,,,36.59,36.59,17.29,15.57,5.04,2.53,,N
447,LIK,XV,O5d,,,Quartzite,0%,,Flake,Proximal,,,,,,,,,,,,,,,,,,,,,,Yes,Hertzian,Indeterminate,,,,,,,,,,,,,RECTANGULAR,ResidualFacetWithBulb,No,13.26,4.65,,,,,,,,,,,,37.71,,21.84,,5.13,5.98,,N
448,LIK,XV,O5d,,,Quartzite,0%,,Flake,Mesial,,,,,,,,,,,,,,,,,,,,,,No,,Indeterminate,,,,,,,,,,,,,RECTANGULAR,,,,,,,,,,,,,,,,13.09,,14.37,,4.83,0.75,,N
449,LIK,XV,O5d,,,Quartzite,0%,,Flake,Distal,,,,,,,,,,,,,,,,,,,,,,No,,Feather,,,,,,,,,,,,,RECTANGULAR,,,,,,,,,,,,,,,,17.4,,11.18,,1.39,0.31,,N
450,LIK,XV,O5d,,,Quartzite,0%,,Flake,Fragment,,,,,,,,,,,,,,,,,,,,,,Yes,Hertzian,Feather,,,,,,,,,,,,,TRIANGULAR,NotPrepared,No,5.19,1.73,,,,,,,,,,,,20.28,,19.21,,3.63,1.25,,N
451,LIK,XV,O5d,,,Quartzite,0%,,Flake,Proximal,,,,,,,,,,,,,,,,,,,,,,Yes,Hertzian,Indeterminate,,,,,,,,,,,,,RECTANGULAR,NotPrepared,No,6.58,2.79,,,,,,,,,,,,9.93,,11.39,,2.68,0.31,,N
45,LIK,XVII,P5d,,,Quartzite,0%,,Flake,Proximal,,,,,,,,,,,,,,,,,,,,,,Yes,Hertzian,Indeterminate,,,,,,,,,,,,,TRAPEZOIDAL,NotPrepared,No,6.18,1.73,,,,,,,,,,,,13.83,,16.38,,1.52,0.49,,N
452,LIK,XV,O5d,,,Quartzite,0%,,Flake,Complete,,,,,,,,,,,,,,,,,,,,,,Yes,Hertzian,Feather,,,,,,,,,,,,,TRIANGULAR,NotPrepared,No,9.05,1.38,Main,,,,,,,,,,,19.2,18.2,16.15,12.81,2.37,0.57,,N
453,LIK,XV,O5d,,,Quartzite,0%,,Flake,Mesial,,,,,,,,,,,,,,,,,,,,,,No,,Indeterminate,,,,,,,,,,,,,RECTANGULAR,,,,,,,,,,,,,,,,10.54,,12.48,,3.67,0.45,,N
454,LIK,XV,O5d,,,Quartzite,0%,,Flake,Complete,,,,,,,,,,,,,,,,,,,,,,Yes,Hertzian,Feather,,,,,,,,,,,,,RECTANGULAR,ResidualFacetWithBulb,No,15,1.98,Main,,,,,,,,,,,11.8,9.84,19.76,17.85,1.1,0.4,,N
455,LIK,XV,O5d,,,Quartzite,1-10%,Outcrop,Flake,Fragment,,,,,,,,,,,,,,,,,,,,,,Yes,Hertzian,Feather,,,,,,,,,,,,,TRAPEZOIDAL,NotPrepared,No,8.08,3.61,,,,,,,,,,,,8.72,,10.66,,3.72,0.33,,N
456,LIK,XV,O5d,,,Quartzite,0%,,Flake,Complete,,,,,,,,,,,,,,,,,,,,,,Yes,Hertzian,Feather,,,,,,,,,,,,,RECTANGULAR,NotPrepared,Yes,10.45,4.33,Main,,,,,,,,,,,10.89,11.45,18.89,15.5,1.61,0.66,,N
457,LIK,XV,O5d,,,Quartzite,0%,,Flake,Complete,,,,,,,,,,,,,,,,,,,,,,Yes,Hertzian,Feather,,,,,,,,,,,,,RECTANGULAR,ResidualFacetWithBulb,No,5.34,2.42,Main,,,,,,,,,,,11.04,11.04,7.99,7.33,2.24,0.2,,N
458,LIK,XV,O5d,,,Quartzite,0%,,Flake,Complete,,,,,,,,,,,,,,,,,,,,,,Yes,Hertzian,Feather,,,,,,,,,,,,,OVAL,ResidualFacetWithBulb,No,9.76,2.49,Main,,,,,,,,,,,27.99,23.75,17.27,17.67,4.32,1.99,,N
459,LIK,XV,O5d,,,Quartzite,0%,,Flake,Complete,,,,,,,,,,,,,,,,,,,,,,Yes,Bending,Hinge,,,,,,,,,,,,,RECTANGULAR,ResidualFacetWithBulb,No,10.6,1.82,Main,,,,,,,,,,,14.97,14.2,16.02,13.57,3.18,0.88,,N
460,LIK,XV,O5d,,,Tuff,0%,,Flake,Complete,,,,,,,,,,,,,,,,,,,,,,Yes,Hertzian,Feather,,,,,,,,,,,,,RECTANGULAR,NotPrepared,No,4.39,2.06,Main,,,,,,,,,,,8.77,8.77,16.17,15.59,1.32,0.3,,N
461,LIK,XV,O5d,,,Tuff,0%,,Flake,Complete,,,,,,,,,,,,,,,,,,,,,,Yes,Hertzian,Feather,,,,,,,,,,,,,RECTANGULAR,NotPrepared,No,13.41,2.18,Main,,,,,,,,,,,4,4,14.55,14.3,2.21,0.13,,N
46,LIK,XVII,P5d,,,Quartzite,0%,,Flake,Fragment,,,,,,,,,,,,,,,,,,,,,,No,,Indeterminate,,,,,,,,,,,,,RECTANGULAR,,,,,,,,,,,,,,,,20.22,,17.48,,2.25,0.4,,N
462,LIK,XV,O5d,,,Tuff,0%,,Flake,Distal,,,,,,,,,,,,,,,,,,,,,,No,,Feather,,,,,,,,,,,,,RECTANGULAR,,,,,,,,,,,,,,,,8.41,,14.12,,0.81,0.1,,N
463,LIK,XV,O5d,,,Tuff,0%,,Flake,Complete,,,,,,,,,,,,,,,,,,,,,,Yes,Hertzian,Feather,,,,,,,,,,,,,OVAL,Indeterminate,No,6.34,1.92,Main,,,,,,,,,,,12.91,12.91,12.26,11.08,1.12,0.23,,N
464,LIK,XV,O5d,,,Tuff,0%,,Flake,Proximal,,,,,,,,,,,,,,,,,,,,,,Yes,Hertzian,Indeterminate,,,,,,,,,,,,,RECTANGULAR,NotPrepared,No,7.36,1.56,,,,,,,,,,,,9.24,,11.64,,1.87,0.3,,N
465,LIK,XV,O5d,,,Tuff,0%,,Flake,Complete,,,,,,,,,,,,,,,,,,,,,,Yes,Hertzian,Feather,,,,,,,,,,,,,TRAPEZOIDAL,ResidualFacetWithBulb,No,12.43,3.12,Main,,,,,,,,,,,11.92,11.28,12.46,8.31,2.54,0.46,,N
466,LIK,XV,O5d,,,Tuff,0%,,Flake,Distal,,,,,,,,,,,,,,,,,,,,,,No,,Feather,,,,,,,,,,,,,RECTANGULAR,,,,,,,,,,,,,,,,8.95,,14.03,,2.18,0.25,,N
467,LIK,XV,O5d,,,Tuff,0%,,Flake,Distal,,,,,,,,,,,,,,,,,,,,,,No,,Feather,,,,,,,,,,,,,RECTANGULAR,,,,,,,,,,,,,,,,9.41,,16.56,,2.9,0.48,,N
468,LIK,XV,O5d,,,Tuff,0%,,Flake,Complete,,,,,,,,,,,,,,,,,,,,,,Yes,Hertzian,Feather,,,,,,,,,,,,,RECTANGULAR,ResidualFacetWithBulb,No,3.73,2.27,Main,,,,,,,,,,,25.88,25.88,11.88,11.88,3.75,1.39,,N
469,LIK,XV,O5d,,,Siltstone,0%,,Flake,Complete,,,,,,,,,,,,,,,,,,,,,,Yes,Hertzian,Feather,,,,,,,,,,,,,RECTANGULAR,NotPrepared,No,12.04,2.91,Main,,,,,,,,,,,5.74,5.74,11.98,10.88,1.22,0.15,,N
470,LIK,XV,O5d,,,Siltstone,0%,,Flake,Mesial,,,,,,,,,,,,,,,,,,,,,,No,,Indeterminate,,,,,,,,,,,,,RECTANGULAR,,,,,,,,,,,,,,,,9.85,,7.24,,1.81,0.13,,N
471,LIK,XV,O5d,,,Siltstone,0%,,Flake,Mesial,,,,,,,,,,,,,,,,,,,,,,No,,Indeterminate,,,,,,,,,,,,,RECTANGULAR,,,,,,,,,,,,,,,,8.22,,13.66,,2.68,0.26,,N
47,LIK,XVII,P5d,,,Quartzite,0%,,Flake,Distal,,,,,,,,,,,,,,,,,,,,,,No,,Feather,,,,,,,,,,,,,RECTANGULAR,,,,,,,,,,,,,,,,6.98,,16.17,,0.78,0.23,,N
472,LIK,XV,O5d,,,Siltstone,0%,,Flake,Distal,,,,,,,,,,,,,,,,,,,,,,No,,Feather,,,,,,,,,,,,,OVAL,,,,,,,,,,,,,,,,11.1,,14.22,,1.93,0.42,,N
473,LIK,XV,O5d,,,Siltstone,0%,,Flake,Proximal,,,,,,,,,,,,,,,,,,,,,,Yes,Hertzian,Indeterminate,,,,,,,,,,,,,RECTANGULAR,ResidualFacetWithBulb,No,17.06,4.4,,,,,,,,,,,,12.75,,20.14,,3.65,1.2,,N
474,LIK,XV,O5d,,,Opaline/CCS,0%,,Flake,Complete,,,,,,,,,,,,,,,,,,,,,,Yes,Hertzian,Bipolar,,,,,,,,,,,,,RECTANGULAR,NotPrepared,No,9.47,1.64,Main,,,,,,,,,,,18.12,18.12,11.53,10.73,2.51,0.62,,N
475,LIK,XV,O5d,,,Opaline/CCS,0%,,Flake,Complete,,,,,,,,,,,,,,,,,,,,,,Yes,Hertzian,Feather,,,,,,,,,,,,,RECTANGULAR,NotPrepared,No,4.33,2.61,Main,,,,,,,,,,,22.73,15.49,23.35,23.22,5.8,2.22,,N
476,LIK,XV,O5d,,,Opaline/CCS,0%,,Flake,Complete,,,,,,,,,,,,,,,,,,,,,,Yes,Hertzian,Feather,,,,,,,,,,,,,RECTANGULAR,NotPrepared,No,5.53,1.9,Main,,,,,,,,,,,25.62,25.66,26.6,25.06,7.88,5.18,,N
477,LIK,XV,O5d,,,Tuff,0%,,Flake,Complete,,,,,,,,,,,,,,,,,,,,,,Yes,Hertzian,Feather,,,,,,,,,,,,,TRIANGULAR,ResidualFacetWithBulb,No,13.05,3.06,Main,,,,,,,,,,,36.36,24.85,17.57,17.61,5.74,3.3,,N
478,LIK,XV,O5d,,,Hornfels,0%,,Flake,Complete,,,,,,,,,,,,,,,,,,,,,,Yes,Hertzian,Feather,,,,,,,,,,,,,RECTANGULAR,NotPrepared,No,10.59,3.59,Main,,,,,,,,,,,42.1,37.51,15.68,15.62,7.47,5.56,,N
479,LIK,XV,O5d,,,Opaline/CCS,0%,,Flake,Complete,,,,,,,,,,,,,,,,,,,,,,Yes,Hertzian,Feather,,,,,,,,,,,,,RECTANGULAR,NotPrepared,No,7.31,2.34,Main,,,,,,,,,,,44.41,39.51,19.27,15.37,3.04,2.67,,N
480,LIK,XV,O5d,,,Opaline/CCS,0%,,Core,,Complete,,,,,,,,,,,,,,,,,,,,,,,,,,,,,,,,,,,,,,,,,,Platform,Irregular,Cubic,10-40%,4,3,3,2,7,20.35,32.82,32.82,44.78,30.47,14.17,23.77,,Y
481,LIK,XV,O5d,,,Hornfels,0%,,RetouchedTool,Complete,,MinimallyRetouched,MarginalEdgeShaping,Dorsal,4,5678,4.46,1,4.56,3.26,5.96,,,,,,,,,,,,,,Flake,,,,,,,,,,,,RECTANGULAR,,,,,Main,,,,,,,,,,,51.47,51.47,44.88,44.88,11.35,39.42,,Y
48,LIK,XVII,P5d,,,Quartzite,0%,,Flake,Distal,,,,,,,,,,,,,,,,,,,,,,No,,Feather,,,,,,,,,,,,,TRAPEZOIDAL,,,,,,,,,,,,,,,,10.66,,14.15,,0.92,0.18,,N
482,LIK,XIV,O5c,,,Opaline/CCS,0%,,Flake,Distal,,,,,,,,,,,,,,,,,,,,,,No,,Hinge,,,,,,,,,,,,,RECTANGULAR,,,,,,,,,,,,,,,,12.5,,14.23,,3.91,1.04,,N
483,LIK,XIV,O5c,,,Opaline/CCS,0%,,Flake,Complete,,,,,,,,,,,,,,,,,,,,,,Yes,Hertzian,Feather,,,,,,,,,,,,,TRIANGULAR,Indeterminate,No,4.3,0.84,Main,,,,,,,,,,,10.22,10.22,8.66,7.06,1.48,0.08,,N
484,LIK,XIV,O5c,,,Opaline/CCS,0%,,Flake,Mesial,,,,,,,,,,,,,,,,,,,,,,No,,Indeterminate,,,,,,,,,,,,,RECTANGULAR,,,,,,,,,,,,,,,,9.94,,10.91,,1.1,0.05,,N
485,LIK,XIV,O5c,,,Opaline/CCS,0%,,Flake,Mesial,,,,,,,,,,,,,,,,,,,,,,No,,Indeterminate,,,,,,,,,,,,,RECTANGULAR,,,,,,,,,,,,,,,,4.99,,11.01,,1.24,0.08,,N
486,LIK,XIV,O5c,,,Opaline/CCS,0%,,Flake,Proximal,,,,,,,,,,,,,,,,,,,,,,Yes,Hertzian,Indeterminate,,,,,,,,,,,,,RECTANGULAR,NotPrepared,No,5.91,2.98,,,,,,,,,,,,5.46,,14.6,,2.96,0.41,,N
487,LIK,XIV,O5c,,,Opaline/CCS,0%,,Flake,Distal,,,,,,,,,,,,,,,,,,,,,,No,,Feather,,,,,,,,,,,,,CIRCULAR,,,,,,,,,,,,,,,,13.56,,13.37,,2.47,0.53,,N
488,LIK,XIV,O5c,,,Opaline/CCS,0%,,Flake,Distal,,,,,,,,,,,,,,,,,,,,,,No,,Feather,,,,,,,,,,,,,TRIANGULAR,,,,,,,,,,,,,,,,7.07,,15.14,,3.17,0.27,,N
489,LIK,XIV,O5c,,,Opaline/CCS,0%,,Flake,Distal,,,,,,,,,,,,,,,,,,,,,,No,,Feather,,,,,,,,,,,,,TRIANGULAR,,,,,,,,,,,,,,,,6.32,,13.36,,0.84,0.09,,N
490,LIK,XIV,O5c,,,Opaline/CCS,0%,,Flake,Complete,,,,,,,,,,,,,,,,,,,,,,Yes,Hertzian,Feather,,,,,,,,,,,,,RECTANGULAR,NotPrepared,No,11.77,3.26,Main,,,,,,,,,,,5.55,5.56,11.74,11.45,2.74,0.27,,N
491,LIK,XIV,O5c,,,Opaline/CCS,0%,,Flake,Proximal,,,,,,,,,,,,,,,,,,,,,,Yes,Hertzian,Indeterminate,,,,,,,,,,,,,TRAPEZOIDAL,NotPrepared,No,2.81,1.39,,,,,,,,,,,,10.62,,10.96,,0.97,0.07,,N
49,LIK,XVII,P5d,,,Quartzite,0%,,Flake,Complete,,,,,,,,,,,,,,,,,,,,,,Yes,Hertzian,Feather,,,,,,,,,,,,,RECTANGULAR,NotPrepared,No,6.38,1.03,Main,,,,,,,,,,,5.84,5.84,13.73,12.64,1.43,0.16,,N
492,LIK,XIV,O5c,,,Opaline/CCS,0%,,Flake,Distal,,,,,,,,,,,,,,,,,,,,,,No,,Hinge,,,,,,,,,,,,,RECTANGULAR,,,,,,,,,,,,,,,,20.9,,12.56,,3.21,1.01,,N
493,LIK,XV,O5c,,,Opaline/CCS,0%,,Flake,Mesial,,,,,,,,,,,,,,,,,,,,,,No,,Indeterminate,,,,,,,,,,,,,RECTANGULAR,,,,,,,,,,,,,,,,8.96,,19.78,,1.6,0.58,,N
494,LIK,XIV,O5c,,,Opaline/CCS,0%,,Flake,Distal,,,,,,,,,,,,,,,,,,,,,,No,,Feather,,,,,,,,,,,,,RECTANGULAR,,,,,,,,,,,,,,,,11.38,,8.87,,1.54,0.23,,N
495,LIK,XIV,O5c,,,Opaline/CCS,0%,,Flake,Complete,,,,,,,,,,,,,,,,,,,,,,Yes,Bending,Step,,,,,,,,,,,,,RECTANGULAR,NotPrepared,No,8.1,4.63,Main,,,,,,,,,,,18.39,18.36,8.33,8.33,2.69,0.73,,N
496,LIK,XIV,O5c,,,Opaline/CCS,0%,,Flake,Distal,,,,,,,,,,,,,,,,,,,,,,No,,Feather,,,,,,,,,,,,,RECTANGULAR,,,,,,,,,,,,,,,,13.39,,5.59,,1.1,0.05,,N
497,LIK,XIV,O5c,,,Opaline/CCS,0%,,Flake,Complete,,,,,,,,,,,,,,,,,,,,,,Yes,Hertzian,Feather,,,,,,,,,,,,,OVAL,ResidualFacetWithBulb,No,5.16,1.98,Main,,,,,,,,,,,13.98,11.03,11.98,11.98,2.89,0.51,,N
498,LIK,XIV,O5c,,,Opaline/CCS,0%,,Flake,Proximal,,,,,,,,,,,,,,,,,,,,,,Yes,Hertzian,Indeterminate,,,,,,,,,,,,,RECTANGULAR,NotPrepared,No,13.31,3.01,,,,,,,,,,,,13.45,,16.64,,2.8,0.87,,N
499,LIK,XIV,O5c,,,Opaline/CCS,0%,,Flake,Complete,,,,,,,,,,,,,,,,,,,,,,Yes,Hertzian,Feather,,,,,,,,,,,,,TRAPEZOIDAL,NotPrepared,No,3.5,0.66,Main,,,,,,,,,,,11.04,11.01,11.94,11.94,1.39,0.19,,N
500,LIK,XIV,O5c,,,Opaline/CCS,0%,,Flake,Complete,,,,,,,,,,,,,,,,,,,,,,Yes,Bending,Feather,,,,,,,,,,,,,TRAPEZOIDAL,NotPrepared,No,6.52,2.08,Main,,,,,,,,,,,9.56,9.58,11.75,9.18,1.51,0.2,,N
501,LIK,XIV,O5c,,,Opaline/CCS,0%,,Flake,Complete,,,,,,,,,,,,,,,,,,,,,,Yes,Hertzian,Feather,,,,,,,,,,,,,RECTANGULAR,NotPrepared,No,2.62,1.34,Main,,,,,,,,,,,14.58,14.51,8.87,7.31,1.9,0.26,,N
5,LIK,XVII,P4,,,Opaline/CCS,1-10%,Outcrop,Flake,Complete,,,,,,,,,,,,,,,,,,,,,,Yes,Hertzian,Feather,,,,,,,,,,,,,TRIANGULAR,NotPrepared,No,2.36,1.55,Main,,,,,,,,,,,33.99,33.98,17.09,17.05,2.31,1.7,,N
50,LIK,XVII,P5d,,,Quartzite,0%,,RetouchedTool,Complete,,MinimallyRetouched,MarginalEdgeShaping,Dorsal,4,3456,3.5,1,2.49,4.03,4.19,,,,,,,,,,,,,,Flake,,,,,,,,,,,,TRIANGULAR,,,,,Main,,,,,,,,,,,20.4,16.41,28.86,18.61,5.4,3.31,,Y
502,LIK,XIV,O5c,,,Opaline/CCS,0%,,Flake,Distal,,,,,,,,,,,,,,,,,,,,,,No,,Feather,,,,,,,,,,,,,OVAL,,,,,,,,,,,,,,,,9.73,,19.98,,2.69,0.7,,N
503,LIK,XIV,O5c,,,Opaline/CCS,0%,,Flake,Mesial,,,,,,,,,,,,,,,,,,,,,,No,,Indeterminate,,,,,,,,,,,,,RECTANGULAR,,,,,,,,,,,,,,,,12.77,,15.45,,2.58,0.64,,N
504,LIK,XIV,O5c,,,Opaline/CCS,0%,,Flake,Distal,,,,,,,,,,,,,,,,,,,,,,No,,Feather,,,,,,,,,,,,,RECTANGULAR,,,,,,,,,,,,,,,,5.89,,22.4,,4.52,0.49,,N
505,LIK,XIV,O5c,,,Opaline/CCS,0%,,Flake,Complete,,,,,,,,,,,,,,,,,,,,,,Yes,Hertzian,Feather,,,,,,,,,,,,,RECTANGULAR,NotPrepared,No,16.57,6.17,Main,,,,,,,,,,,17.15,14.25,16.88,15.28,5.84,2.08,,N
506,LIK,XIV,O5c,,,Opaline/CCS,0%,,Flake,Distal,,,,,,,,,,,,,,,,,,,,,,No,,Feather,,,,,,,,,,,,,RECTANGULAR,,,,,,,,,,,,,,,,8.52,,16.87,,1.95,0.32,,N
507,LIK,XIV,O5c,,,Opaline/CCS,0%,,Flake,Mesial,,,,,,,,,,,,,,,,,,,,,,No,,Indeterminate,,,,,,,,,,,,,TRIANGULAR,,,,,,,,,,,,,,,,8.96,,12.97,,8.59,0.66,,N
508,LIK,XIV,O5c,,,Opaline/CCS,0%,,Flake,Complete,,,,,,,,,,,,,,,,,,,,,,Yes,Hertzian,Feather,,,,,,,,,,,,,RECTANGULAR,Indeterminate,No,5.82,1.57,Main,,,,,,,,,,,12.59,12.59,12.35,11.24,1.65,0.31,,N
509,LIK,XIV,O5c,,,Opaline/CCS,0%,,Flake,Complete,,,,,,,,,,,,,,,,,,,,,,Yes,Hertzian,Feather,,,,,,,,,,,,,TRIANGULAR,ResidualFacetWithBulb,No,11.57,2.37,Main,,,,,,,,,,,19.9,19.91,18.66,18.66,8.38,3.52,,N
510,LIK,XIV,O5c,,,Opaline/CCS,0%,,Flake,Complete,,,,,,,,,,,,,,,,,,,,,,Yes,Hertzian,Feather,,,,,,,,,,,,,RECTANGULAR,NotPrepared,No,4.75,1.86,Main,,,,,,,,,,,12.8,12.8,5.47,5.47,2.18,0.25,,N
511,LIK,XIV,O5c,,,Hornfels,0%,,Flake,Proximal,,,,,,,,,,,,,,,,,,,,,,Yes,Bending,Indeterminate,,,,,,,,,,,,,RECTANGULAR,NotPrepared,No,5.17,1.09,,,,,,,,,,,,14.85,,14.4,,2.69,0.54,,N
51,LIK,XVII,P5d,,,Opaline/CCS,0%,,Flake,Fragment,,,,,,,,,,,,,,,,,,,,,,No,,Feather,,,,,,,,,,,,,TRIANGULAR,,,,,,,,,,,,,,,,28.29,,9.93,,6.88,3,,N
512,LIK,XIV,O5c,,,Hornfels,0%,,Flake,Complete,,,,,,,,,,,,,,,,,,,,,,Yes,Bending,Feather,,,,,,,,,,,,,RECTANGULAR,NotPrepared,No,9.27,4.81,Main,,,,,,,,,,,7.64,6.52,12.65,10.91,1.72,0.22,,N
513,LIK,XIV,O5c,,,Hornfels,0%,,Flake,Distal,,,,,,,,,,,,,,,,,,,,,,No,,Feather,,,,,,,,,,,,,TRAPEZOIDAL,,,,,,,,,,,,,,,,9.82,,14.51,,1.8,0.29,,N
514,LIK,XIV,O5c,,,Hornfels,0%,,Flake,Proximal,,,,,,,,,,,,,,,,,,,,,,Yes,Hertzian,Indeterminate,,,,,,,,,,,,,TRAPEZOIDAL,NotPrepared,No,4.16,1.84,,,,,,,,,,,,12.56,,16.97,,2.1,0.56,,N
515,LIK,XIV,O5c,,,Hornfels,0%,,Flake,Fragment,,,,,,,,,,,,,,,,,,,,,,Yes,Hertzian,Feather,,,,,,,,,,,,,RECTANGULAR,NotPrepared,No,11.75,2.89,,,,,,,,,,,,20.8,,17.54,,2.6,1.29,,N
516,LIK,XIV,O5c,,,Hornfels,0%,,Flake,Mesial,,,,,,,,,,,,,,,,,,,,,,No,,Indeterminate,,,,,,,,,,,,,RECTANGULAR,,,,,,,,,,,,,,,,13.29,,10.89,,1.75,0.45,,N
517,LIK,XIV,O5c,,,Hornfels,0%,,Flake,Complete,,,,,,,,,,,,,,,,,,,,,,Yes,Hertzian,Feather,,,,,,,,,,,,,RECTANGULAR,ResidualFacetWithBulb,No,3.97,1.6,Main,,,,,,,,,,,12.84,10.73,8.75,8.75,1.54,0.19,,N
518,LIK,XIV,O5c,,,Hornfels,0%,,Flake,Proximal,,,,,,,,,,,,,,,,,,,,,,Yes,Hertzian,Indeterminate,,,,,,,,,,,,,TRAPEZOIDAL,NotPrepared,No,6.64,2.72,,,,,,,,,,,,17.77,,22.85,,3.49,2,,N
519,LIK,XIV,O5c,,,Hornfels,0%,,Flake,Distal,,,,,,,,,,,,,,,,,,,,,,No,,Feather,,,,,,,,,,,,,RECTANGULAR,,,,,,,,,,,,,,,,13.29,,17.51,,1.55,0.43,,N
520,LIK,XIV,O5c,,,Hornfels,0%,,Flake,Complete,,,,,,,,,,,,,,,,,,,,,,Yes,Hertzian,Feather,,,,,,,,,,,,,RECTANGULAR,Indeterminate,No,4.22,0.81,Main,,,,,,,,,,,10.92,9.12,10.85,9.62,0.95,0.07,,N
521,LIK,XIV,O5c,,,Hornfels,0%,,Flake,Mesial,,,,,,,,,,,,,,,,,,,,,,No,,Indeterminate,,,,,,,,,,,,,RECTANGULAR,,,,,,,,,,,,,,,,10.88,,13.73,,1.82,0.37,,N
52,LIK,XVII,P5d,,,Opaline/CCS,0%,,Flake,Complete,,,,,,,,,,,,,,,,,,,,,,Yes,Hertzian,Feather,,,,,,,,,,,,,RHOMBUS,NotPrepared,No,1.8,1.22,Main,,,,,,,,,,,22.03,22.03,10.01,8.76,2.75,0.46,,N
522,LIK,XIV,O5c,,,Hornfels,40-60%,Cobble,Flake,Fragment,,,,,,,,,,,,,,,,,,,,,,No,,Feather,,,,,,,,,,,,,KITE,,,,,,,,,,,,,,,,34.38,,15.97,,5.37,2.99,,N
523,LIK,XIV,O5c,,,Quartzite,0%,,Flake,Mesial,,,,,,,,,,,,,,,,,,,,,,No,,Indeterminate,,,,,,,,,,,,,TRIANGULAR,,,,,,,,,,,,,,,,6.97,,12.67,,1.83,0.19,,N
524,LIK,XIV,O5c,,,Quartzite,0%,,Flake,Complete,,,,,,,,,,,,,,,,,,,,,,Yes,Hertzian,Hinge,,,,,,,,,,,,,RECTANGULAR,NotPrepared,No,4.44,1.97,Main,,,,,,,,,,,33.57,33.57,16.22,14.4,3.4,2.5,,N
525,LIK,XIV,O5c,,,Quartzite,0%,,Flake,Proximal,,,,,,,,,,,,,,,,,,,,,,Yes,Hertzian,Indeterminate,,,,,,,,,,,,,TRAPEZOIDAL,NotPrepared,Yes,8.38,2.03,,,,,,,,,,,,21.92,,25.25,,2.36,0.75,,N
526,LIK,XIV,O5c,,,Quartzite,0%,,Flake,Fragment,,,,,,,,,,,,,,,,,,,,,,Yes,Hertzian,Feather,,,,,,,,,,,,,RECTANGULAR,NotPrepared,No,17.06,5.3,,,,,,,,,,,,24.81,,29.52,,5.22,5.28,,N
527,LIK,XIV,O5c,,,Opaline/CCS,0%,,Flake,Complete,,,,,,,,,,,,,,,,,,,,,,Yes,Hertzian,Feather,,,,,,,,,,,,,OVAL,Indeterminate,No,7,1.88,Main,,,,,,,,,,,10.56,9.47,14.6,10.22,1.46,0.2,,N
528,LIK,XIV,O5c,,,Opaline/CCS,0%,,Flake,Complete,,,,,,,,,,,,,,,,,,,,,,Yes,Hertzian,Feather,,,,,,,,,,,,,TRIANGULAR,NotPrepared,No,2.7,0.76,Main,,,,,,,,,,,7.49,7.49,9.54,8.21,1.03,0.06,,N
529,LIK,XIV,O5c,,,Opaline/CCS,0%,,Flake,Complete,,,,,,,,,,,,,,,,,,,,,,Yes,Hertzian,Feather,,,,,,,,,,,,,RECTANGULAR,NotPrepared,No,4.64,1.61,Main,,,,,,,,,,,15.36,15.33,8.27,8.27,0.97,0.24,,N
530,LIK,XIV,O5c,,,Opaline/CCS,10-40%,Outcrop,Flake,Complete,,,,,,,,,,,,,,,,,,,,,,Yes,Hertzian,Overshot,,,,,,,,,,,,,RECTANGULAR,ResidualFacetWithBulb,No,7.98,4.1,Main,,,,,,,,,,,11.85,10.45,9.87,9.92,2.18,0.37,,N
531,LIK,XIV,O5c,,,Opaline/CCS,0%,,Flake,Distal,,,,,,,,,,,,,,,,,,,,,,No,,Feather,,,,,,,,,,,,,RECTANGULAR,,,,,,,,,,,,,,,,21.68,,7.64,,3.63,0.51,,N
53,LIK,XVII,P5d,,,Opaline/CCS,0%,,Flake,Complete,,,,,,,,,,,,,,,,,,,,,,Yes,Hertzian,Feather,,,,,,,,,,,,,TRAPEZOIDAL,NotPrepared,No,5.96,4.18,Main,,,,,,,,,,,17.2,13.84,16.91,13.77,2.83,0.95,,N
532,LIK,XIV,O5c,,,Opaline/CCS,0%,,Flake,Complete,,,,,,,,,,,,,,,,,,,,,,Yes,Hertzian,Overshot,,,,,,,,,,,,,RECTANGULAR,ResidualFacetWithBulb,No,3.28,1.41,Main,,,,,,,,,,,17.82,13.35,8.02,7.09,2.57,0.38,,N
533,LIK,XIV,O5c,,,Opaline/CCS,1-10%,Outcrop,Flake,Complete,,,,,,,,,,,,,,,,,,,,,,Yes,Hertzian,Feather,,,,,,,,,,,,,RECTANGULAR,NotPrepared,No,4.7,1.21,CoreMaintenance,,,,,,,,,,,13.58,13.46,15.78,15.1,3.07,0.9,,N
534,LIK,XIV,O5c,,,Opaline/CCS,0%,,Flake,Complete,,,,,,,,,,,,,,,,,,,,,,Yes,Hertzian,Feather,,,,,,,,,,,,,RECTANGULAR,Indeterminate,No,2.97,2.55,Main,,,,,,,,,,,28.63,28.24,15.91,13.38,2.71,1.35,,N
535,LIK,XIV,O5c,,,Tuff,0%,,Flake,Distal,,,,,,,,,,,,,,,,,,,,,,No,,Feather,,,,,,,,,,,,,SQUARE,,,,,,,,,,,,,,,,16.59,,16.07,,2.55,0.68,,N
536,LIK,XIV,O5c,,,Tuff,0%,,Flake,Complete,,,,,,,,,,,,,,,,,,,,,,Yes,Hertzian,Feather,,,,,,,,,,,,,RECTANGULAR,NotPrepared,No,2.97,1.55,Main,,,,,,,,,,,17.87,17.86,9.65,8.38,1.97,0.37,,N
537,LIK,XIV,O5c,,,Tuff,0%,,Flake,Distal,,,,,,,,,,,,,,,,,,,,,,No,,Feather,,,,,,,,,,,,,RECTANGULAR,,,,,,,,,,,,,,,,9.94,,13.1,,0.98,0.15,,N
538,LIK,XIV,O5c,,,Tuff,0%,,Flake,Complete,,,,,,,,,,,,,,,,,,,,,,Yes,Bending,Hinge,,,,,,,,,,,,,OVAL,NotPrepared,No,7.32,1.58,Main,,,,,,,,,,,14.17,11.85,17.51,17.51,1.5,0.39,,N
539,LIK,XIV,O5c,,,Tuff,0%,,Flake,Distal,,,,,,,,,,,,,,,,,,,,,,No,,Feather,,,,,,,,,,,,,RECTANGULAR,,,,,,,,,,,,,,,,22.77,,18.32,,1.36,0.56,,N
540,LIK,XIV,O5c,,,Tuff,0%,,Flake,Complete,,,,,,,,,,,,,,,,,,,,,,Yes,Hertzian,Feather,,,,,,,,,,,,,RECTANGULAR,NotPrepared,Yes,5.96,1.59,Main,,,,,,,,,,,9.81,9.27,16.4,15.24,2.31,0.37,,N
541,LIK,XIV,O5c,,,Tuff,0%,,Flake,Distal,,,,,,,,,,,,,,,,,,,,,,No,,Feather,,,,,,,,,,,,,TRIANGULAR,,,,,,,,,,,,,,,,8.69,,12.79,,1.12,0.23,,N
54,LIK,XVII,P5d,,,Opaline/CCS,0%,,Flake,Complete,,,,,,,,,,,,,,,,,,,,,,Yes,Hertzian,Overshot,,,,,,,,,,,,,RECTANGULAR,NotPrepared,No,5.25,2.81,Main,,,,,,,,,,,25.34,25.34,14.92,14.91,7,2.99,,N
542,LIK,XIV,O5c,,,Tuff,0%,,Flake,Complete,,,,,,,,,,,,,,,,,,,,,,Yes,Hertzian,Feather,,,,,,,,,,,,,RECTANGULAR,NotPrepared,No,5.08,0.66,Main,,,,,,,,,,,13.7,13.7,10.4,8.47,1.3,0.13,,N
543,LIK,XIV,O5c,,,Tuff,0%,,Flake,Distal,,,,,,,,,,,,,,,,,,,,,,No,,Feather,,,,,,,,,,,,,OVAL,,,,,,,,,,,,,,,,7.37,,14.71,,0.86,0.07,,N
544,LIK,XIV,O5c,,,Tuff,0%,,Flake,Fragment,,,,,,,,,,,,,,,,,,,,,,Yes,Hertzian,Feather,,,,,,,,,,,,,RECTANGULAR,NotPrepared,No,3.44,2.75,,,,,,,,,,,,11.49,,5.99,,1.58,0.06,,N
545,LIK,XIV,O5c,,,Tuff,0%,,Flake,Complete,,,,,,,,,,,,,,,,,,,,,,Yes,Hertzian,Feather,,,,,,,,,,,,,KITE,Indeterminate,No,4.84,1.5,Main,,,,,,,,,,,6.87,6.88,14.29,11.28,2.24,0.2,,N
546,LIK,XIV,O5c,,,Siltstone,0%,,Flake,Distal,,,,,,,,,,,,,,,,,,,,,,No,,Feather,,,,,,,,,,,,,RECTANGULAR,,,,,,,,,,,,,,,,9.9,,15.17,,1.54,0.37,,N
547,LIK,XIV,O5c,,,Siltstone,0%,,Flake,Proximal,,,,,,,,,,,,,,,,,,,,,,Yes,Hertzian,Indeterminate,,,,,,,,,,,,,KITE,NotPrepared,No,3.99,1.71,,,,,,,,,,,,10.51,,14.45,,1.84,0.3,,N
548,LIK,XIV,O5c,,,Siltstone,0%,,Flake,Fragment,,,,,,,,,,,,,,,,,,,,,,Yes,Hertzian,Feather,,,,,,,,,,,,,RECTANGULAR,NotPrepared,No,7.81,2.01,,,,,,,,,,,,20.95,,19.92,,3.8,1.62,,N
549,LIK,XIV,O5c,,,Siltstone,0%,,Flake,Proximal,,,,,,,,,,,,,,,,,,,,,,Yes,Hertzian,Indeterminate,,,,,,,,,,,,,RECTANGULAR,ResidualFacetWithBulb,No,18.1,5,,,,,,,,,,,,23.99,,25.29,,4.44,3.77,,N
550,LIK,XIV,O5c,,,Tuff,0%,,Flake,Complete,,,,,,,,,,,,,,,,,,,,,,Yes,Hertzian,Feather,,,,,,,,,,,,,TRIANGULAR,NotPrepared,No,10.93,2.48,Main,,,,,,,,,,,12.14,8.89,11.12,8.22,1.74,0.26,,N
551,LIK,XIV,O5c,,,Tuff,0%,,Flake,Complete,,,,,,,,,,,,,,,,,,,,,,Yes,Hertzian,Feather,,,,,,,,,,,,,RECTANGULAR,NotPrepared,No,9.79,2.65,Main,,,,,,,,,,,15.79,15.79,11.86,11.86,2.77,0.54,,N
55,LIK,XVII,P5d,,,Opaline/CCS,0%,,Flake,Fragment,,,,,,,,,,,,,,,,,,,,,,Yes,Hertzian,Feather,,,,,,,,,,,,,TRIANGULAR,NotPrepared,No,3.41,0.8,,,,,,,,,,,,11.58,,13.85,,0.83,0.11,,N
552,LIK,XIV,O5c,,,Quartzite,0%,,Core,,Complete,,,,,,,,,,,,,,,,,,,,,,,,,,,,,,,,,,,,,,,,,,Platform,Irregular,Cubic,0%,4,2,2,3,5,17.77,35.43,35.43,32.78,32.78,22.17,30.89,,N
553,LIK,XIV,O5c,,,Opaline/CCS,0%,,RetouchedTool,Complete,,MinimallyRetouched,MarginalEdgeShaping,Dorsal,4,2345,1.56,1,0.95,0.91,1.89,,,,,,,,,,,,,,Flake,,,,,,,,,,,,RECTANGULAR,,,,,Main,,,,,,,,,,,20.99,20.99,17.06,17.06,2.32,1.17,,Y
554,LIK,XIV,O5c,,,Hornfels,0%,,RetouchedTool,Complete,,MinimallyRetouched,MarginalEdgeShaping,Dorsal,8,12345678,6.98,1,6.02,4.21,4.32,,,,,,,,,,,,,,Flake,,,,,,,,,,,,RECTANGULAR,,,,,Main,,,,,,,,,,,95.96,88.99,55.65,44.71,14.63,92.77,,Y
555,LIK,XIV,O5c,,,Opaline/CCS,10-40%,Outcrop,Core,,Fragment,,,,,,,,,,,,,,,,,,,,,,,,,,,,,,,,,,,,,,,,,,Platform,Irregular,Cubic,0%,2,2,2,3,3,12.69,22.75,,15.11,,9.58,3.79,,N
556,LIK,XIV,P5d,,,Opaline/CCS,10-40%,Outcrop,Flake,Distal,,,,,,,,,,,,,,,,,,,,,,No,,Feather,,,,,,,,,,,,,RECTANGULAR,,,,,,,,,,,,,,,,12.12,,7.42,,2.91,0.25,,N
557,LIK,XIV,P5d,,,Opaline/CCS,0%,,Flake,Complete,,,,,,,,,,,,,,,,,,,,,,Yes,Hertzian,Feather,,,,,,,,,,,,,TRIANGULAR,NotPrepared,No,8.49,2.26,Main,,,,,,,,,,,13.85,12.65,23.14,19.98,1.79,0.7,,N
558,LIK,XIV,P5d,,,Opaline/CCS,0%,,Flake,Distal,,,,,,,,,,,,,,,,,,,,,,No,,Feather,,,,,,,,,,,,,RECTANGULAR,,,,,,,,,,,,,,,,11.71,,14.55,,3.32,0.8,,N
559,LIK,XIV,P5d,,,Opaline/CCS,0%,,Flake,Complete,,,,,,,,,,,,,,,,,,,,,,Yes,Hertzian,Feather,,,,,,,,,,,,,RECTANGULAR,Indeterminate,No,3.89,0.83,Main,,,,,,,,,,,11.2,9.99,8.5,6.21,1.27,0.08,,N
560,LIK,XIV,P5d,,,Opaline/CCS,0%,,Flake,Distal,,,,,,,,,,,,,,,,,,,,,,No,,Feather,,,,,,,,,,,,,RHOMBUS,,,,,,,,,,,,,,,,16.01,,17.57,,2.55,0.57,,N
561,LIK,XIV,P5d,,,Opaline/CCS,0%,,Flake,Complete,,,,,,,,,,,,,,,,,,,,,,Yes,Hertzian,Feather,,,,,,,,,,,,,OVAL,ResidualFacetWithBulb,No,6.16,1.29,Main,,,,,,,,,,,13.74,13.69,11.17,11.17,2.92,0.51,,N
56,LIK,XVII,P5d,,,Opaline/CCS,0%,,Flake,Complete,,,,,,,,,,,,,,,,,,,,,,Yes,Bending,Overshot,,,,,,,,,,,,,RECTANGULAR,NotPrepared,No,5.94,1.7,Main,,,,,,,,,,,13.18,11.75,9.75,9.75,1.51,0.25,,N
562,LIK,XIV,P5d,,,Opaline/CCS,0%,,Core,,Complete,,,,,,,,,,,,,,,,,,,,,,,,,,,,,,,,,,,,,,,,,,Platform,Irregular,Cubic,0%,1,1,3,2,7,18.75,22.13,17.57,16.12,16.12,7.21,2.55,,N
563,LIK,XIV,P5d,,,Opaline/CCS,0%,,Flake,Complete,,,,,,,,,,,,,,,,,,,,,,Yes,Hertzian,Feather,,,,,,,,,,,,,RECTANGULAR,NotPrepared,No,28.68,5.78,Main,,,,,,,,,,,32.96,32.96,30.38,26.58,6.12,5.92,,N
564,LIK,XIV,P5d,,,Opaline/CCS,0%,,Flake,Complete,,,,,,,,,,,,,,,,,,,,,,Yes,Hertzian,Feather,,,,,,,,,,,,,TRIANGULAR,Indeterminate,No,26.07,3.14,Main,,,,,,,,,,,29.88,29.88,25.46,20.03,3.78,3.69,,N
565,LIK,XIV,P5d,,,Opaline/CCS,0%,,Flake,Complete,,,,,,,,,,,,,,,,,,,,,,Yes,Wedging,Feather,,,,,,,,,,,,,RECTANGULAR,Indeterminate,No,3.69,1.3,Main,,,,,,,,,,,11.24,11.23,7.11,6.41,1.42,0.11,,N
566,LIK,XIV,P5d,,,Opaline/CCS,0%,,Flake,Complete,,,,,,,,,,,,,,,,,,,,,,Yes,Bending,Feather,,,,,,,,,,,,,OVAL,ResidualFacetWithBulb,No,12.85,3.74,Main,,,,,,,,,,,20.29,16.81,14.34,12.59,2.92,1,,N
567,LIK,XIV,P5d,,,Quartzite,0%,,Flake,Proximal,,,,,,,,,,,,,,,,,,,,,,Yes,Hertzian,Indeterminate,,,,,,,,,,,,,TRAPEZOIDAL,NotPrepared,No,10.28,4.12,,,,,,,,,,,,16.4,,14.95,,3.05,0.85,,N
568,LIK,XIV,P5d,,,Quartzite,0%,,Flake,Complete,,,,,,,,,,,,,,,,,,,,,,Yes,Hertzian,Feather,,,,,,,,,,,,,RECTANGULAR,NotPrepared,No,9.37,7.65,Main,,,,,,,,,,,37.23,32.91,22.83,22.83,11.39,9.73,,N
569,LIK,XIV,P5d,,,Hornfels,0%,,Flake,Distal,,,,,,,,,,,,,,,,,,,,,,No,,Feather,,,,,,,,,,,,,OVAL,,,,,,,,,,,,,,,,8.99,,12.31,,1.18,0.18,,N
570,LIK,XIV,P5d,,,Hornfels,0%,,Flake,Fragment,,,,,,,,,,,,,,,,,,,,,,Yes,Bending,Feather,,,,,,,,,,,,,OVAL,ResidualFacetWithBulb,No,8.65,3.2,,,,,,,,,,,,13,,14.26,,2.92,0.69,,N
571,LIK,XIV,P5d,,,Hornfels,0%,,Flake,Complete,,,,,,,,,,,,,,,,,,,,,,Yes,Hertzian,Feather,,,,,,,,,,,,,RECTANGULAR,NotPrepared,No,14.74,1.53,Main,,,,,,,,,,,19.25,19.25,19.58,16.82,2.8,1.37,,N
57,LIK,XVII,P5d,,,Opaline/CCS,0%,,Flake,Fragment,,,,,,,,,,,,,,,,,,,,,,No,,Feather,,,,,,,,,,,,,TRIANGULAR,,,,,,,,,,,,,,,,11.18,,7.4,,0.49,0.04,,N
572,LIK,XIV,P5d,,,Hornfels,0%,,Flake,Complete,,,,,,,,,,,,,,,,,,,,,,Yes,Hertzian,Feather,,,,,,,,,,,,,OVAL,NotPrepared,No,7.96,1.09,Main,,,,,,,,,,,13.35,11,13.97,14.05,1.8,0.34,,N
573,LIK,XIV,P5d,,,Hornfels,0%,,Flake,Complete,,,,,,,,,,,,,,,,,,,,,,Yes,Hertzian,Feather,,,,,,,,,,,,,RECTANGULAR,Indeterminate,No,4.21,1.56,Main,,,,,,,,,,,20.48,20.48,8.54,8.54,2.37,0.42,,N
574,LIK,XIV,P5d,,,Hornfels,0%,,Flake,Distal,,,,,,,,,,,,,,,,,,,,,,No,,Feather,,,,,,,,,,,,,RECTANGULAR,,,,,,,,,,,,,,,,20.88,,7.43,,3.14,0.63,,N
575,LIK,XIV,P5d,,,Hornfels,0%,,Flake,Complete,,,,,,,,,,,,,,,,,,,,,,Yes,Hertzian,Bipolar,,,,,,,,,,,,,RECTANGULAR,NotPrepared,No,11.36,4.19,Main,,,,,,,,,,,20.46,20.46,21.59,21.59,4.16,2.28,,N
576,LIK,XIV,P5d,,,Hornfels,0%,,Flake,Complete,,,,,,,,,,,,,,,,,,,,,,Yes,Hertzian,Overshot,,,,,,,,,,,,,TRAPEZOIDAL,ResidualFacetWithBulb,No,12.89,3.57,Main,,,,,,,,,,,29.76,29.76,28.9,24.31,3.69,5.34,,N
577,LIK,XIV,P5d,,,Tuff,0%,,Flake,Mesial,,,,,,,,,,,,,,,,,,,,,,No,,Indeterminate,,,,,,,,,,,,,RECTANGULAR,,,,,,,,,,,,,,,,17.85,,13.66,,2.11,0.78,,N
578,LIK,XIV,P5d,,,Tuff,0%,,Flake,Complete,,,,,,,,,,,,,,,,,,,,,,Yes,Hertzian,Feather,,,,,,,,,,,,,TRAPEZOIDAL,NotPrepared,No,9.32,4.64,Main,,,,,,,,,,,10.84,10.84,14.3,14.3,2.26,0.5,,N
579,LIK,XIV,P5d,,,Tuff,0%,,Flake,Complete,,,,,,,,,,,,,,,,,,,,,,Yes,Hertzian,Feather,,,,,,,,,,,,,RECTANGULAR,NotPrepared,No,6.67,1.5,Main,,,,,,,,,,,9.5,9.17,15.52,12.41,0.88,0.23,,N
580,LIK,XIV,P5d,,,Tuff,0%,,Flake,Mesial,,,,,,,,,,,,,,,,,,,,,,No,,Indeterminate,,,,,,,,,,,,,TRIANGULAR,,,,,,,,,,,,,,,,16.55,,12.36,,2.29,0.47,,Y
581,LIK,XIV,P5c,,,Opaline/CCS,0%,,Flake,Distal,,,,,,,,,,,,,,,,,,,,,,No,,Feather,,,,,,,,,,,,,RECTANGULAR,,,,,,,,,,,,,,,,10.91,,4.59,,1.21,0.05,,N
58,LIK,XVII,P5d,,,Opaline/CCS,0%,,Flake,Fragment,,,,,,,,,,,,,,,,,,,,,,No,,Feather,,,,,,,,,,,,,RECTANGULAR,,,,,,,,,,,,,,,,10.71,,6.77,,0.67,0.06,,N
582,LIK,XIV,P5c,,,Opaline/CCS,0%,,Flake,Distal,,,,,,,,,,,,,,,,,,,,,,No,,Feather,,,,,,,,,,,,,RECTANGULAR,,,,,,,,,,,,,,,,12.96,,6.93,,0.87,0.08,,N
583,LIK,XIV,P5c,,,Opaline/CCS,0%,,Flake,Fragment,,,,,,,,,,,,,,,,,,,,,,Yes,Hertzian,Feather,,,,,,,,,,,,,CIRCULAR,NotPrepared,No,5.93,1.44,,,,,,,,,,,,9.46,,10.11,,2.41,0.28,,N
584,LIK,XIV,P5c,,,Opaline/CCS,0%,,Flake,Distal,,,,,,,,,,,,,,,,,,,,,,No,,Feather,,,,,,,,,,,,,TRIANGULAR,,,,,,,,,,,,,,,,20.94,,15.9,,5.21,1.33,,N
585,LIK,XIV,P5c,,,Tuff,0%,,Flake,Complete,,,,,,,,,,,,,,,,,,,,,,Yes,Hertzian,Feather,,,,,,,,,,,,,TRIANGULAR,Indeterminate,No,7.24,1.05,Main,,,,,,,,,,,7.28,6.44,9.05,8.83,0.96,0.08,,N
586,LIK,XIV,P5c,,,Tuff,0%,,Flake,Fragment,,,,,,,,,,,,,,,,,,,,,,Yes,Hertzian,Feather,,,,,,,,,,,,,RECTANGULAR,ResidualFacetWithBulb,No,15.68,3.71,,,,,,,,,,,,16.65,,22.85,,2.69,0.74,,N
587,LIK,XIV,P5c,,,Siltstone,0%,,Flake,Complete,,,,,,,,,,,,,,,,,,,,,,Yes,Hertzian,Feather,,,,,,,,,,,,,CIRCULAR,NotPrepared,No,3.3,1.23,Main,,,,,,,,,,,12.62,12.07,13.1,13.1,2.13,0.37,,N
588,LIK,XIV,P5c,,,Siltstone,0%,,Flake,Distal,,,,,,,,,,,,,,,,,,,,,,No,,Feather,,,,,,,,,,,,,TRIANGULAR,,,,,,,,,,,,,,,,13.97,,6.16,,1.28,0.12,,N
589,LIK,XIV,P5c,,,Hornfels,0%,,Flake,Complete,,,,,,,,,,,,,,,,,,,,,,Yes,Hertzian,Feather,,,,,,,,,,,,,RECTANGULAR,NotPrepared,Yes,6.46,2.71,Main,,,,,,,,,,,37.9,37.91,16.7,16.27,5.1,2.75,,N
590,LIK,XIV,P5c,,,Hornfels,0%,,Flake,Proximal,,,,,,,,,,,,,,,,,,,,,,Yes,Hertzian,Indeterminate,,,,,,,,,,,,,RECTANGULAR,Indeterminate,No,10.06,1.67,,,,,,,,,,,,21.5,,20.84,,3.63,1.09,,N
591,LIK,XIV,P5c,,,Hornfels,0%,,Flake,Complete,,,,,,,,,,,,,,,,,,,,,,Yes,Hertzian,Bipolar,,,,,,,,,,,,,RECTANGULAR,NotPrepared,No,6.87,3.85,Main,,,,,,,,,,,11.93,11.99,13.34,10.89,5.02,0.69,,N
59,LIK,XVII,P5d,,,Opaline/CCS,0%,,Flake,Fragment,,,,,,,,,,,,,,,,,,,,,,Yes,Hertzian,Feather,,,,,,,,,,,,,RECTANGULAR,Indeterminate,No,4.65,0.48,,,,,,,,,,,,11.58,,11.27,,0.51,0.12,,N
592,LIK,XIV,P5c,,,Quartzite,0%,,Flake,Mesial,,,,,,,,,,,,,,,,,,,,,,No,,Indeterminate,,,,,,,,,,,,,RECTANGULAR,,,,,,,,,,,,,,,,10.43,,16.05,,3.62,0.68,,N
593,LIK,XIV,P5c,,,Quartzite,0%,,Flake,Complete,,,,,,,,,,,,,,,,,,,,,,Yes,Hertzian,Feather,,,,,,,,,,,,,RHOMBUS,NotPrepared,No,23.99,8.35,Main,,,,,,,,,,,37.85,19.95,40.93,35.9,5.25,6.61,,N
594,LIK,XIV,P5c,,,Quartzite,40-60%,Cobble,Flake,Distal,,,,,,,,,,,,,,,,,,,,,,No,,Feather,,,,,,,,,,,,,KITE,,,,,,,,,,,,,,,,27.76,,47.4,,10.44,12,,N
595,LIK,XIV,O5d,,,Opaline/CCS,10-40%,Outcrop,Flake,Complete,,,,,,,,,,,,,,,,,,,,,,Yes,Hertzian,Overshot,,,,,,,,,,,,,RECTANGULAR,NotPrepared,No,8.57,3.62,Main,,,,,,,,,,,13.83,13.83,11.27,11.27,7.02,1.82,,N
596,LIK,XIV,O5d,,,Opaline/CCS,0%,,Flake,Distal,,,,,,,,,,,,,,,,,,,,,,No,,Feather,,,,,,,,,,,,,RECTANGULAR,,,,,,,,,,,,,,,,11.8,,6.36,,1.5,0.08,,N
597,LIK,XIV,O5d,,,Opaline/CCS,0%,,Flake,Complete,,,,,,,,,,,,,,,,,,,,,,Yes,Hertzian,Feather,,,,,,,,,,,,,OVAL,NotPrepared,No,2.29,0.58,Main,,,,,,,,,,,9.56,9.56,10.44,10.43,1.47,0.17,,N
598,LIK,XIV,O5d,,,Opaline/CCS,0%,,Flake,Distal,,,,,,,,,,,,,,,,,,,,,,No,,Feather,,,,,,,,,,,,,RECTANGULAR,,,,,,,,,,,,,,,,6.36,,16.05,,1.37,0.16,,N
599,LIK,XIV,O5d,,,Opaline/CCS,0%,,Flake,Complete,,,,,,,,,,,,,,,,,,,,,,Yes,Hertzian,Step,,,,,,,,,,,,,RECTANGULAR,ResidualFacetWithBulb,No,8.31,2.57,Main,,,,,,,,,,,11.36,11.3,14.24,13.71,3.68,0.51,,N
600,LIK,XIV,O5d,,,Opaline/CCS,0%,,Flake,Mesial,,,,,,,,,,,,,,,,,,,,,,No,,Indeterminate,,,,,,,,,,,,,RECTANGULAR,,,,,,,,,,,,,,,,29,,16.31,,7.38,3.26,,N
601,LIK,XIV,O5d,,,Opaline/CCS,0%,,Flake,Complete,,,,,,,,,,,,,,,,,,,,,,Yes,Hertzian,Feather,,,,,,,,,,,,,RECTANGULAR,NotPrepared,No,17.03,6.64,Main,,,,,,,,,,,5.69,5.69,17.56,17.56,3.88,0.78,,N
6,LIK,XVII,P4,,,Opaline/CCS,0%,,Flake,Complete,,,,,,,,,,,,,,,,,,,,,,Yes,Hertzian,Feather,,,,,,,,,,,,,RECTANGULAR,NotPrepared,No,3.01,0.82,Main,,,,,,,,,,,15.31,15.33,6.84,5.72,0.79,0.08,,N
60,LIK,XVII,P5d,,,Opaline/CCS,0%,,Flake,Fragment,,,,,,,,,,,,,,,,,,,,,,Yes,Hertzian,Feather,,,,,,,,,,,,,RECTANGULAR,NotPrepared,No,2.61,1.4,,,,,,,,,,,,10.44,,6.72,,1.5,0.15,,N
602,LIK,XIV,O5d,,,Opaline/CCS,0%,,Flake,Distal,,,,,,,,,,,,,,,,,,,,,,No,,Feather,,,,,,,,,,,,,RECTANGULAR,,,,,,,,,,,,,,,,20.38,,13.71,,2.71,0.77,,N
603,LIK,XIV,O5d,,,Opaline/CCS,10-40%,Outcrop,Flake,Complete,,,,,,,,,,,,,,,,,,,,,,Yes,Hertzian,Crushed,,,,,,,,,,,,,RECTANGULAR,ResidualFacetWithBulb,No,26.99,7.19,Main,,,,,,,,,,,16.39,8.72,34.12,29.89,2.46,2,,N
604,LIK,XIV,O5d,,,Opaline/CCS,0%,,Flake,Complete,,,,,,,,,,,,,,,,,,,,,,Yes,Hertzian,Feather,,,,,,,,,,,,,TRAPEZOIDAL,Indeterminate,No,7.04,2.9,Main,,,,,,,,,,,19,18.98,21.92,16.39,2.86,1.32,,N
605,LIK,XIV,O5d,,,Tuff,0%,,Flake,Complete,,,,,,,,,,,,,,,,,,,,,,Yes,Bending,Feather,,,,,,,,,,,,,KITE,NotPrepared,No,3.4,1.57,Main,,,,,,,,,,,12.76,11.05,9.42,9.42,1.16,0.18,,N
606,LIK,XIV,O5d,,,Tuff,0%,,Flake,Proximal,,,,,,,,,,,,,,,,,,,,,,Yes,Hertzian,Indeterminate,,,,,,,,,,,,,KITE,Indeterminate,No,8.14,1.02,,,,,,,,,,,,14.65,,10.14,,1.14,0.18,,N
607,LIK,XIV,O5d,,,Tuff,0%,,Flake,Fragment,,,,,,,,,,,,,,,,,,,,,,Yes,Hertzian,Feather,,,,,,,,,,,,,RECTANGULAR,ResidualFacetWithBulb,No,8.66,2.71,,,,,,,,,,,,7.94,,10.49,,1.65,0.23,,N
608,LIK,XIV,O5d,,,Tuff,10-40%,Outcrop,Flake,Complete,,,,,,,,,,,,,,,,,,,,,,Yes,Hertzian,Feather,,,,,,,,,,,,,RECTANGULAR,NotPrepared,Yes,8.47,5.46,Main,,,,,,,,,,,11.8,9.87,12.52,10.96,4.25,0.9,,N
609,LIK,XIV,O5d,,,Quartzite,0%,,Flake,Distal,,,,,,,,,,,,,,,,,,,,,,No,,Feather,,,,,,,,,,,,,TRIANGULAR,,,,,,,,,,,,,,,,13.96,,8.83,,4.08,0.4,,N
610,LIK,XIV,O5d,,,Opaline/CCS,0%,,Flake,Complete,,,,,,,,,,,,,,,,,,,,,,Yes,Hertzian,Feather,,,,,,,,,,,,,RECTANGULAR,NotPrepared,No,13.37,5.05,Main,,,,,,,,,,,20.59,20.17,16.33,16.33,4.64,2,,N
611,LIK,XIV,O5a,,,Opaline/CCS,0%,,Flake,Distal,,,,,,,,,,,,,,,,,,,,,,No,,Feather,,,,,,,,,,,,,TRAPEZOIDAL,,,,,,,,,,,,,,,,12.35,,17.8,,2.45,0.52,,N
61,LIK,XVII,P5d,,,Opaline/CCS,0%,,Flake,Proximal,,,,,,,,,,,,,,,,,,,,,,Yes,Hertzian,Indeterminate,,,,,,,,,,,,,TRAPEZOIDAL,ResidualFacetWithBulb,No,3.56,1.79,,,,,,,,,,,,7.17,,14.89,,1.58,0.32,,N
612,LIK,XIV,O5a,,,Opaline/CCS,0%,,Flake,Distal,,,,,,,,,,,,,,,,,,,,,,No,,Feather,,,,,,,,,,,,,TRIANGULAR,,,,,,,,,,,,,,,,12.81,,18.15,,2.94,0.78,,N
613,LIK,XIV,O5a,,,Opaline/CCS,0%,,Flake,Complete,,,,,,,,,,,,,,,,,,,,,,Yes,Hertzian,Feather,,,,,,,,,,,,,OVAL,NotPrepared,No,3.7,0.81,Main,,,,,,,,,,,6.81,7.65,11.32,10.35,1.34,0.11,,N
614,LIK,XIV,O5a,,,Opaline/CCS,0%,,Flake,Distal,,,,,,,,,,,,,,,,,,,,,,No,,Feather,,,,,,,,,,,,,TRIANGULAR,,,,,,,,,,,,,,,,8.08,,7.15,,2.75,0.13,,N
615,LIK,XIV,O5a,,,Opaline/CCS,0%,,Flake,Distal,,,,,,,,,,,,,,,,,,,,,,No,,Feather,,,,,,,,,,,,,RECTANGULAR,,,,,,,,,,,,,,,,14.3,,4.4,,1.4,0.09,,N
616,LIK,XIV,O5a,,,Opaline/CCS,0%,,Flake,Proximal,,,,,,,,,,,,,,,,,,,,,,Yes,Hertzian,Indeterminate,,,,,,,,,,,,,TRAPEZOIDAL,NotPrepared,No,3.4,1.09,,,,,,,,,,,,6.54,,14.44,,3.1,0.31,,N
617,LIK,XIV,O5a,,,Opaline/CCS,0%,,Flake,Proximal,,,,,,,,,,,,,,,,,,,,,,Yes,Hertzian,Indeterminate,,,,,,,,,,,,,TRAPEZOIDAL,NotPrepared,Yes,8.22,2.2,,,,,,,,,,,,12.68,,15.18,,1.77,0.55,,N
618,LIK,XIV,O5a,,,Opaline/CCS,0%,,Flake,Fragment,,,,,,,,,,,,,,,,,,,,,,Yes,Hertzian,Feather,,,,,,,,,,,,,RECTANGULAR,Indeterminate,No,6.35,2.35,,,,,,,,,,,,24.86,,13.72,,2.64,1.02,,N
619,LIK,XIV,O5a,,,Opaline/CCS,0%,,RetouchedTool,Complete,,BackedPiece,Backing,Indeteriminate,,234,,,,,,,,,4.75,6.5,5.44,1.99,2.38,2.54,1,,,,Indeterminate,,,,,,,,,,,,,,,,,Indeterminate,,,,,,,,,,,16.39,13.44,8.34,6.65,1.07,0.29,,Y
620,LIK,XIV,O5a,,,Opaline/CCS,0%,,Flake,Complete,,,,,,,,,,,,,,,,,,,,,,Yes,Hertzian,Feather,,,,,,,,,,,,,RECTANGULAR,FacetWithBulb,No,11.28,3.4,Main,,,,,,,,,,,25.34,21.73,29.11,26.74,3.15,2.35,,N
621,LIK,XIV,O5a,,,Opaline/CCS,0%,,Flake,Complete,,,,,,,,,,,,,,,,,,,,,,Yes,Hertzian,Feather,,,,,,,,,,,,,RECTANGULAR,ResidualFacetWithBulb,No,9.17,4.49,Main,,,,,,,,,,,33.25,33.25,14.96,14.95,4.06,3.32,,N
62,LIK,XVII,P5d,,,Opaline/CCS,0%,,Flake,Fragment,,,,,,,,,,,,,,,,,,,,,,No,,Indeterminate,,,,,,,,,,,,,TRIANGULAR,,,,,,,,,,,,,,,,18.34,,7.34,,3.48,0.44,,N
622,LIK,XIV,O5a,,,Opaline/CCS,40-60%,Cobble,Flake,Proximal,,,,,,,,,,,,,,,,,,,,,,Yes,Hertzian,Indeterminate,,,,,,,,,,,,,RECTANGULAR,NotPrepared,No,1.84,0.72,,,,,,,,,,,,11.56,,9.51,,1.86,0.28,,N
623,LIK,XIV,O5a,,,Quartzite,0%,,Flake,Distal,,,,,,,,,,,,,,,,,,,,,,No,,Feather,,,,,,,,,,,,,RECTANGULAR,,,,,,,,,,,,,,,,40.94,,15.04,,4.89,2.59,,N
624,LIK,XIV,O5a,,,Hornfels,0%,,Flake,Complete,,,,,,,,,,,,,,,,,,,,,,Yes,Hertzian,Feather,,,,,,,,,,,,,RECTANGULAR,NotPrepared,No,4.43,2.35,Main,,,,,,,,,,,9.5,9.5,5.55,5.55,2.33,0.08,,N
625,LIK,XIV,O5a,,,Hornfels,0%,,Flake,Fragment,,,,,,,,,,,,,,,,,,,,,,Yes,Hertzian,Feather,,,,,,,,,,,,,RECTANGULAR,NotPrepared,No,4.21,1.25,,,,,,,,,,,,9.2,,12.94,,1.13,0.23,,N
626,LIK,XIV,O5a,,,Hornfels,0%,,Flake,Complete,,,,,,,,,,,,,,,,,,,,,,Yes,Hertzian,Feather,,,,,,,,,,,,,RECTANGULAR,FacetWithBulb,No,12.85,5.81,Main,,,,,,,,,,,14.45,10.69,32,32,3.1,1.85,,N
627,LIK,XIV,O5a,,,Opaline/CCS,0%,,Flake,Complete,,,,,,,,,,,,,,,,,,,,,,Yes,Hertzian,Feather,,,,,,,,,,,,,RECTANGULAR,NotPrepared,No,3.12,1.07,Main,,,,,,,,,,,13.84,12.44,5.6,5.6,1.29,0.08,,N
628,LIK,XIV,O5a,,,Opaline/CCS,0%,,Flake,Distal,,,,,,,,,,,,,,,,,,,,,,No,,Feather,,,,,,,,,,,,,TRIANGULAR,,,,,,,,,,,,,,,,8.08,,17.42,,1.11,0.08,,N
629,LIK,XIV,O5a,,,Opaline/CCS,0%,,Flake,Distal,,,,,,,,,,,,,,,,,,,,,,No,,Feather,,,,,,,,,,,,,RECTANGULAR,,,,,,,,,,,,,,,,8.25,,17.23,,1.09,0.27,,N
630,LIK,XIV,O5a,,,Opaline/CCS,0%,,Flake,Fragment,,,,,,,,,,,,,,,,,,,,,,Yes,Hertzian,Feather,,,,,,,,,,,,,RECTANGULAR,NotPrepared,No,1.63,0.88,,,,,,,,,,,,13.12,,5.91,,1,0.07,,N
631,LIK,XIV,O5a,,,Opaline/CCS,0%,,Flake,Proximal,,,,,,,,,,,,,,,,,,,,,,Yes,Hertzian,Indeterminate,,,,,,,,,,,,,RECTANGULAR,Indeterminate,No,2.65,1.6,,,,,,,,,,,,11.24,,6.28,,1.72,0.17,,N
63,LIK,XVII,P5d,,,Opaline/CCS,0%,,Flake,Mesial,,,,,,,,,,,,,,,,,,,,,,No,,Indeterminate,,,,,,,,,,,,,SQUARE,,,,,,,,,,,,,,,,19.17,,14.49,,3.28,1.08,,N
632,LIK,XIV,O5a,,,Opaline/CCS,0%,,Flake,Proximal,,,,,,,,,,,,,,,,,,,,,,Yes,Hertzian,Indeterminate,,,,,,,,,,,,,TRIANGULAR,NotPrepared,No,3.89,1.14,,,,,,,,,,,,9.88,,12.75,,2.5,0.29,,N
633,LIK,XIV,O5a,,,Opaline/CCS,0%,,Flake,Complete,,,,,,,,,,,,,,,,,,,,,,Yes,Hertzian,Feather,,,,,,,,,,,,,RECTANGULAR,Indeterminate,No,3.68,0.66,Main,,,,,,,,,,,11.67,11.53,3.78,3.78,1.03,0.06,,N
634,LIK,XIV,O5a,,,Opaline/CCS,0%,,Flake,Proximal,,,,,,,,,,,,,,,,,,,,,,Yes,Hertzian,Indeterminate,,,,,,,,,,,,,RECTANGULAR,NotPrepared,No,3.36,1,,,,,,,,,,,,9.96,,10.95,,1.1,0.19,,N
635,LIK,XIV,O5a,,,Opaline/CCS,0%,,Flake,Distal,,,,,,,,,,,,,,,,,,,,,,No,,Feather,,,,,,,,,,,,,RECTANGULAR,,,,,,,,,,,,,,,,9.72,,17.77,,1.29,0.2,,N
636,LIK,XIV,O5a,,,Opaline/CCS,0%,,Flake,Distal,,,,,,,,,,,,,,,,,,,,,,No,,Feather,,,,,,,,,,,,,RECTANGULAR,,,,,,,,,,,,,,,,14.62,,9.05,,2.4,0.36,,N
637,LIK,XIV,O5a,,,Opaline/CCS,0%,,Flake,Complete,,,,,,,,,,,,,,,,,,,,,,Yes,Hertzian,Feather,,,,,,,,,,,,,RECTANGULAR,Indeterminate,No,3.21,0.64,Main,,,,,,,,,,,11.03,11.03,6.52,5.79,1.56,0.09,,N
638,LIK,XIV,O5a,,,Opaline/CCS,0%,,Flake,Complete,,,,,,,,,,,,,,,,,,,,,,Yes,Hertzian,Feather,,,,,,,,,,,,,TRAPEZOIDAL,NotPrepared,No,2.95,1.14,Main,,,,,,,,,,,14.08,11.43,10.96,9.28,1.59,0.18,,N
639,LIK,XIV,O5a,,,Opaline/CCS,0%,,Flake,Distal,,,,,,,,,,,,,,,,,,,,,,No,,Feather,,,,,,,,,,,,,TRAPEZOIDAL,,,,,,,,,,,,,,,,5.34,,16.87,,1.57,0.1,,N
640,LIK,XIV,O5a,,,Opaline/CCS,0%,,Flake,Complete,,,,,,,,,,,,,,,,,,,,,,Yes,Hertzian,Feather,,,,,,,,,,,,,RECTANGULAR,NotPrepared,No,4.2,1.71,Main,,,,,,,,,,,13.4,11.85,8.16,8.15,2.04,0.27,,N
641,LIK,XIV,O5a,,,Opaline/CCS,0%,,Flake,Fragment,,,,,,,,,,,,,,,,,,,,,,Yes,Hertzian,Feather,,,,,,,,,,,,,RECTANGULAR,Indeterminate,No,3.33,1.59,,,,,,,,,,,,12.22,,7.06,,2.99,0.25,,N
64,LIK,XVII,P5d,,,Opaline/CCS,0%,,Flake,Proximal,,,,,,,,,,,,,,,,,,,,,,Yes,Hertzian,Indeterminate,,,,,,,,,,,,,RECTANGULAR,FacetWithBulb,No,10.07,3.9,,,,,,,,,,,,15.74,,16.73,,1.59,0.63,,N
642,LIK,XIV,O5a,,,Opaline/CCS,0%,,Flake,Complete,,,,,,,,,,,,,,,,,,,,,,Yes,Hertzian,Feather,,,,,,,,,,,,,OVAL,ResidualFacetWithBulb,No,5.46,2.47,Main,,,,,,,,,,,13.91,12.9,13.21,13.2,3.09,0.77,,N
643,LIK,XIV,O5a,,,Opaline/CCS,0%,,Flake,Complete,,,,,,,,,,,,,,,,,,,,,,Yes,Hertzian,Feather,,,,,,,,,,,,,RECTANGULAR,NotPrepared,No,6,2,Main,,,,,,,,,,,13.6,10.93,10.17,10.17,1.54,0.3,,N
644,LIK,XIV,O5a,,,Opaline/CCS,0%,,Flake,Complete,,,,,,,,,,,,,,,,,,,,,,Yes,Hertzian,Feather,,,,,,,,,,,,,TRIANGULAR,NotPrepared,No,5.98,1.51,Main,,,,,,,,,,,10.77,9.63,9.65,8.5,1.17,0.2,,N
645,LIK,XIV,O5a,,,Opaline/CCS,0%,,Flake,Distal,,,,,,,,,,,,,,,,,,,,,,No,,Feather,,,,,,,,,,,,,RECTANGULAR,,,,,,,,,,,,,,,,5.96,,12.84,,0.94,0.07,,N
646,LIK,XIV,O5a,,,Opaline/CCS,0%,,Flake,Complete,,,,,,,,,,,,,,,,,,,,,,Yes,Hertzian,Feather,,,,,,,,,,,,,RECTANGULAR,Indeterminate,No,2.49,0.82,Main,,,,,,,,,,,11.7,10.89,6.49,5.88,1.5,0.16,,N
647,LIK,XIV,O5a,,,Opaline/CCS,0%,,Flake,Fragment,,,,,,,,,,,,,,,,,,,,,,No,,Indeterminate,,,,,,,,,,,,,TRIANGULAR,,,,,,,,,,,,,,,,16.26,,7.53,,3.56,0.36,,N
648,LIK,XIV,O5a,,,Opaline/CCS,0%,,Flake,Proximal,,,,,,,,,,,,,,,,,,,,,,Yes,Hertzian,Indeterminate,,,,,,,,,,,,,RECTANGULAR,NotPrepared,No,5.01,1.11,,,,,,,,,,,,21.18,,16.57,,2.89,1.07,,N
649,LIK,XIV,O5a,,,Opaline/CCS,0%,,Flake,Complete,,,,,,,,,,,,,,,,,,,,,,Yes,Hertzian,Feather,,,,,,,,,,,,,TRAPEZOIDAL,FacetWithBulb,No,7.81,0.92,Main,,,,,,,,,,,6.11,5.73,11.37,8.88,0.95,0.08,,N
650,LIK,XIV,O5a,,,Opaline/CCS,0%,,Flake,Mesial,,,,,,,,,,,,,,,,,,,,,,No,,Indeterminate,,,,,,,,,,,,,RECTANGULAR,,,,,,,,,,,,,,,,4.74,,12.38,,2.65,0.19,,N
651,LIK,XIV,O5a,,,Opaline/CCS,0%,,Flake,Distal,,,,,,,,,,,,,,,,,,,,,,No,,Feather,,,,,,,,,,,,,RECTANGULAR,,,,,,,,,,,,,,,,9.69,,13.88,,1.43,0.18,,N
65,LIK,XVII,P5d,,,Opaline/CCS,0%,,Flake,Distal,,,,,,,,,,,,,,,,,,,,,,No,,Feather,,,,,,,,,,,,,RHOMBUS,,,,,,,,,,,,,,,,13.08,,8.41,,1.45,0.21,,N
652,LIK,XIV,O5a,,,Opaline/CCS,0%,,Flake,Complete,,,,,,,,,,,,,,,,,,,,,,Yes,Hertzian,Overshot,,,,,,,,,,,,,RECTANGULAR,Indeterminate,No,7.11,1.43,Main,,,,,,,,,,,12.47,12.47,7.12,6.25,3.73,0.28,,N
653,LIK,XIV,O5a,,,Opaline/CCS,0%,,Flake,Proximal,,,,,,,,,,,,,,,,,,,,,,Yes,Hertzian,Indeterminate,,,,,,,,,,,,,TRIANGULAR,Indeterminate,No,2.45,0.77,,,,,,,,,,,,8.48,,10.94,,1.64,0.18,,N
654,LIK,XIV,O5a,,,Opaline/CCS,0%,,Flake,Complete,,,,,,,,,,,,,,,,,,,,,,Yes,Hertzian,Feather,,,,,,,,,,,,,TRAPEZOIDAL,NotPrepared,No,8.31,2.39,Main,,,,,,,,,,,6.81,6.81,12.73,12.73,3.57,0.28,,N
655,LIK,XIV,O5a,,,Opaline/CCS,0%,,Flake,Mesial,,,,,,,,,,,,,,,,,,,,,,No,,Indeterminate,,,,,,,,,,,,,RECTANGULAR,,,,,,,,,,,,,,,,5.63,,11.51,,1.38,0.13,,N
656,LIK,XIV,O5a,,,Opaline/CCS,1-10%,Outcrop,Flake,Complete,,,,,,,,,,,,,,,,,,,,,,Yes,Hertzian,Feather,,,,,,,,,,,,,TRIANGULAR,NotPrepared,No,6.68,2.5,Main,,,,,,,,,,,13.58,13.57,7.03,5.5,2.34,0.22,,N
657,LIK,XIV,O5a,,,Opaline/CCS,0%,,Flake,Proximal,,,,,,,,,,,,,,,,,,,,,,Yes,Hertzian,Indeterminate,,,,,,,,,,,,,RECTANGULAR,ResidualFacetWithBulb,No,11.2,3.26,,,,,,,,,,,,12.07,,16.67,,4.2,0.97,,N
658,LIK,XIV,O5a,,,Opaline/CCS,0%,,Flake,Fragment,,,,,,,,,,,,,,,,,,,,,,Yes,Hertzian,Feather,,,,,,,,,,,,,TRIANGULAR,ResidualFacetWithBulb,No,10.69,1.69,,,,,,,,,,,,9.41,,12.31,,1.35,0.16,,N
659,LIK,XIV,O5a,,,Opaline/CCS,0%,,Flake,Complete,,,,,,,,,,,,,,,,,,,,,,Yes,Hertzian,Feather,,,,,,,,,,,,,TRAPEZOIDAL,NotPrepared,No,7.39,1.9,Main,,,,,,,,,,,9.69,9.61,11.02,8.67,1.37,0.2,,N
660,LIK,XIV,O5a,,,Opaline/CCS,0%,,Flake,Fragment,,,,,,,,,,,,,,,,,,,,,,Yes,Hertzian,Feather,,,,,,,,,,,,,RECTANGULAR,NotPrepared,No,4.6,1.12,,,,,,,,,,,,13.77,,7.97,,2.05,0.3,,N
661,LIK,XIV,O5a,,,Opaline/CCS,0%,,Flake,Complete,,,,,,,,,,,,,,,,,,,,,,Yes,Hertzian,Step,,,,,,,,,,,,,RECTANGULAR,NotPrepared,No,3.37,1.18,Main,,,,,,,,,,,15.83,15.83,4.18,4.18,2.53,0.21,,N
66,LIK,XVII,P5d,,,Opaline/CCS,0%,,Flake,Proximal,,,,,,,,,,,,,,,,,,,,,,Yes,Hertzian,Indeterminate,,,,,,,,,,,,,TRIANGULAR,NotPrepared,No,3.32,1.35,,,,,,,,,,,,11.29,,14.41,,3.61,0.46,,N
662,LIK,XIV,O5a,,,Opaline/CCS,0%,,Flake,Complete,,,,,,,,,,,,,,,,,,,,,,Yes,Hertzian,Step,,,,,,,,,,,,,RECTANGULAR,Indeterminate,No,2.75,0.97,Main,,,,,,,,,,,12.88,12.79,8.8,7.86,1.94,0.18,,N
663,LIK,XIV,O5a,,,Opaline/CCS,0%,,Flake,Distal,,,,,,,,,,,,,,,,,,,,,,No,,Feather,,,,,,,,,,,,,RECTANGULAR,,,,,,,,,,,,,,,,14.07,,7.83,,2.22,0.3,,N
664,LIK,XIV,O4a,,,Opaline/CCS,0%,,Flake,Complete,,,,,,,,,,,,,,,,,,,,,,Yes,Hertzian,Feather,,,,,,,,,,,,,RECTANGULAR,NotPrepared,No,5.09,1.25,Main,,,,,,,,,,,9.1,9.1,11.8,10.92,1.79,0.22,,N
665,LIK,XIV,O5a,,,Opaline/CCS,0%,,Flake,Complete,,,,,,,,,,,,,,,,,,,,,,Yes,Hertzian,Feather,,,,,,,,,,,,,RECTANGULAR,ResidualFacetWithBulb,No,6.29,1.01,Main,,,,,,,,,,,7.54,7.54,14.82,12.14,1.17,0.16,,N
666,LIK,XIV,O5a,,,Opaline/CCS,0%,,Flake,Fragment,,,,,,,,,,,,,,,,,,,,,,Yes,Hertzian,Feather,,,,,,,,,,,,,OVAL,NotPrepared,No,2.95,1.39,,,,,,,,,,,,14.31,,10.19,,2.32,0.33,,N
667,LIK,XIV,O5a,,,Opaline/CCS,0%,,Flake,Distal,,,,,,,,,,,,,,,,,,,,,,No,,Feather,,,,,,,,,,,,,RECTANGULAR,,,,,,,,,,,,,,,,11.08,,6.15,,0.77,0.05,,N
668,LIK,XIV,O5a,,,Opaline/CCS,0%,,Flake,Mesial,,,,,,,,,,,,,,,,,,,,,,No,,Indeterminate,,,,,,,,,,,,,RECTANGULAR,,,,,,,,,,,,,,,,12.17,,12.81,,3.69,0.74,,N
669,LIK,XIV,O5a,,,Opaline/CCS,0%,,Flake,Mesial,,,,,,,,,,,,,,,,,,,,,,No,,Indeterminate,,,,,,,,,,,,,RECTANGULAR,,,,,,,,,,,,,,,,6.98,,12.28,,3.01,0.26,,N
670,LIK,XIV,O5a,,,Opaline/CCS,0%,,Flake,Complete,,,,,,,,,,,,,,,,,,,,,,Yes,Hertzian,Feather,,,,,,,,,,,,,RECTANGULAR,NotPrepared,No,3.43,0.68,Main,,,,,,,,,,,13.46,11.72,11.83,9.78,1.05,0.19,,N
671,LIK,XIV,O5a,,,Opaline/CCS,0%,,Flake,Mesial,,,,,,,,,,,,,,,,,,,,,,No,,Indeterminate,,,,,,,,,,,,,RECTANGULAR,,,,,,,,,,,,,,,,8.94,,14.69,,3.82,0.47,,N
67,LIK,XVII,P5d,,,Opaline/CCS,0%,,Flake,Mesial,,,,,,,,,,,,,,,,,,,,,,No,,Indeterminate,,,,,,,,,,,,,RECTANGULAR,,,,,,,,,,,,,,,,10.17,,10.85,,1.43,0.22,,N
672,LIK,XIV,O5a,,,Opaline/CCS,0%,,Flake,Fragment,,,,,,,,,,,,,,,,,,,,,,Yes,Hertzian,Feather,,,,,,,,,,,,,RECTANGULAR,Indeterminate,No,4.23,1.91,,,,,,,,,,,,18.1,,12.18,,3.33,0.91,,N
673,LIK,XIV,O5a,,,Opaline/CCS,0%,,Flake,Proximal,,,,,,,,,,,,,,,,,,,,,,Yes,Hertzian,Indeterminate,,,,,,,,,,,,,TRAPEZOIDAL,NotPrepared,No,5.12,1.55,,,,,,,,,,,,8.63,,12.48,,2.35,0.35,,N
674,LIK,XIV,O5a,,,Opaline/CCS,0%,,Flake,Complete,,,,,,,,,,,,,,,,,,,,,,Yes,Hertzian,Feather,,,,,,,,,,,,,RECTANGULAR,NotPrepared,No,7.29,1.15,Main,,,,,,,,,,,16.98,16.98,9.72,9.15,0.8,0.23,,N
675,LIK,XIV,O5a,,,Opaline/CCS,0%,,Flake,Mesial,,,,,,,,,,,,,,,,,,,,,,No,,Indeterminate,,,,,,,,,,,,,RECTANGULAR,,,,,,,,,,,,,,,,9.97,,14.78,,1.05,0.24,,N
676,LIK,XIV,O5a,,,Opaline/CCS,0%,,Flake,Complete,,,,,,,,,,,,,,,,,,,,,,Yes,Hertzian,Feather,,,,,,,,,,,,,OVAL,Indeterminate,No,4.69,1.75,Main,,,,,,,,,,,9.7,9.39,14.55,11.2,2.57,0.28,,N
677,LIK,XIV,O5a,,,Opaline/CCS,0%,,Flake,Mesial,,,,,,,,,,,,,,,,,,,,,,No,,Indeterminate,,,,,,,,,,,,,SQUARE,,,,,,,,,,,,,,,,10.4,,6.05,,4.42,0.43,,N
678,LIK,XIV,O5a,,,Opaline/CCS,0%,,Flake,Complete,,,,,,,,,,,,,,,,,,,,,,Yes,Hertzian,Step,,,,,,,,,,,,,RECTANGULAR,NotPrepared,No,9.07,1.73,Main,,,,,,,,,,,15.53,13.16,17.64,13.41,2.15,0.82,,N
679,LIK,XIV,O5a,,,Opaline/CCS,0%,,Flake,Distal,,,,,,,,,,,,,,,,,,,,,,No,,Feather,,,,,,,,,,,,,TRIANGULAR,,,,,,,,,,,,,,,,13.78,,11.58,,1.95,0.25,,N
680,LIK,XIV,O5a,,,Opaline/CCS,0%,,Flake,Distal,,,,,,,,,,,,,,,,,,,,,,No,,Feather,,,,,,,,,,,,,TRIANGULAR,,,,,,,,,,,,,,,,12.22,,16.78,,1.61,0.33,,N
681,LIK,XIV,O5a,,,Opaline/CCS,0%,,Flake,Mesial,,,,,,,,,,,,,,,,,,,,,,No,,Indeterminate,,,,,,,,,,,,,TRAPEZOIDAL,,,,,,,,,,,,,,,,7.83,,13.24,,2.35,0.34,,N
68,LIK,XVII,P5d,,,Opaline/CCS,0%,,Flake,Fragment,,,,,,,,,,,,,,,,,,,,,,Yes,Wedging,Feather,,,,,,,,,,,,,TRIANGULAR,Indeterminate,No,16.61,6.38,,,,,,,,,,,,21.97,,21.2,,4.19,1.62,,N
682,LIK,XIV,O5a,,,Opaline/CCS,0%,,Flake,Proximal,,,,,,,,,,,,,,,,,,,,,,Yes,Hertzian,Indeterminate,,,,,,,,,,,,,TRIANGULAR,NotPrepared,No,9.55,3.96,,,,,,,,,,,,26.59,,9.05,,6.79,2.14,,N
683,LIK,XIV,O5a,,,Opaline/CCS,0%,,Flake,Complete,,,,,,,,,,,,,,,,,,,,,,Yes,Hertzian,Overshot,,,,,,,,,,,,,TRIANGULAR,NotPrepared,No,4.71,1.62,Main,,,,,,,,,,,15.73,14.65,13.59,12.07,3.6,0.7,,N
684,LIK,XIV,O5a,,,Opaline/CCS,0%,,Flake,Proximal,,,,,,,,,,,,,,,,,,,,,,Yes,Hertzian,Indeterminate,,,,,,,,,,,,,RECTANGULAR,NotPrepared,No,11.37,4.02,,,,,,,,,,,,6.66,,19.6,,3.72,0.63,,N
685,LIK,XIV,O5a,,,Opaline/CCS,0%,,Flake,Mesial,,,,,,,,,,,,,,,,,,,,,,No,,Indeterminate,,,,,,,,,,,,,RECTANGULAR,,,,,,,,,,,,,,,,21.16,,16.35,,4.67,1.67,,N
686,LIK,XIV,O5a,,,Opaline/CCS,0%,,Flake,Proximal,,,,,,,,,,,,,,,,,,,,,,Yes,Hertzian,Indeterminate,,,,,,,,,,,,,OVAL,NotPrepared,No,11.41,3.54,,,,,,,,,,,,12.84,,15.39,,5.03,1.28,,N
687,LIK,XIV,O5a,,,Opaline/CCS,0%,,Flake,Mesial,,,,,,,,,,,,,,,,,,,,,,No,,Indeterminate,,,,,,,,,,,,,TRAPEZOIDAL,,,,,,,,,,,,,,,,10.98,,14.52,,3.9,0.81,,N
688,LIK,XIV,O5a,,,Opaline/CCS,0%,,Flake,Complete,,,,,,,,,,,,,,,,,,,,,,Yes,Hertzian,Feather,,,,,,,,,,,,,TRAPEZOIDAL,NotPrepared,No,19.33,6.54,Main,,,,,,,,,,,11.52,10.67,18.95,14.25,5.14,1.18,,N
689,LIK,XIV,O5a,,,Opaline/CCS,0%,,Flake,Mesial,,,,,,,,,,,,,,,,,,,,,,No,,Indeterminate,,,,,,,,,,,,,RECTANGULAR,,,,,,,,,,,,,,,,19.44,,13.4,,1.81,0.56,,N
690,LIK,XIV,O5a,,,Opaline/CCS,0%,,Flake,Complete,,,,,,,,,,,,,,,,,,,,,,Yes,Hertzian,Feather,,,,,,,,,,,,,RECTANGULAR,Indeterminate,No,3.84,1.41,Main,,,,,,,,,,,25.66,25.72,12.97,10.79,1.5,0.48,,N
691,LIK,XIV,O5a,,,Opaline/CCS,0%,,Flake,Proximal,,,,,,,,,,,,,,,,,,,,,,Yes,Hertzian,Indeterminate,,,,,,,,,,,,,RECTANGULAR,NotPrepared,No,3.52,2.02,,,,,,,,,,,,19.01,,22.39,,3.97,1.48,,N
69,LIK,XVII,P5d,,,Opaline/CCS,0%,,Flake,Complete,,,,,,,,,,,,,,,,,,,,,,Yes,Hertzian,Feather,,,,,,,,,,,,,OVAL,NotPrepared,No,2.13,0.99,Main,,,,,,,,,,,10.85,9.88,6.96,6.97,1.78,0.15,,N
692,LIK,XIV,O5a,,,Opaline/CCS,0%,,Flake,Mesial,,,,,,,,,,,,,,,,,,,,,,No,,Indeterminate,,,,,,,,,,,,,RECTANGULAR,,,,,,,,,,,,,,,,8.77,,18.73,,7.98,1.45,,N
693,LIK,XIV,O5a,,,Opaline/CCS,0%,,Flake,Distal,,,,,,,,,,,,,,,,,,,,,,No,,Feather,,,,,,,,,,,,,RECTANGULAR,,,,,,,,,,,,,,,,11.44,,8.89,,4.56,0.32,,N
694,LIK,XIV,O5a,,,Opaline/CCS,0%,,Flake,Mesial,,,,,,,,,,,,,,,,,,,,,,No,,Indeterminate,,,,,,,,,,,,,RECTANGULAR,,,,,,,,,,,,,,,,13.9,,18.82,,3.48,1.14,,N
695,LIK,XIV,O5a,,,Opaline/CCS,0%,,Flake,Mesial,,,,,,,,,,,,,,,,,,,,,,No,,Indeterminate,,,,,,,,,,,,,TRAPEZOIDAL,,,,,,,,,,,,,,,,20.86,,20.08,,3.88,1.77,,N
696,LIK,XIV,O5a,,,Opaline/CCS,0%,,Flake,Proximal,,,,,,,,,,,,,,,,,,,,,,Yes,Hertzian,Indeterminate,,,,,,,,,,,,,RECTANGULAR,NotPrepared,No,6.5,3.92,,,,,,,,,,,,13.64,,11.13,,4.32,0.65,,N
697,LIK,XIV,O5a,,,Opaline/CCS,0%,,Flake,Proximal,,,,,,,,,,,,,,,,,,,,,,Yes,Hertzian,Indeterminate,,,,,,,,,,,,,RECTANGULAR,NotPrepared,No,5.2,1.41,,,,,,,,,,,,16.52,,22.52,,4.52,1.47,,N
698,LIK,XIV,O5a,,,Opaline/CCS,0%,,Flake,Complete,,,,,,,,,,,,,,,,,,,,,,Yes,Hertzian,Feather,,,,,,,,,,,,,TRAPEZOIDAL,NotPrepared,No,14.17,4.03,Main,,,,,,,,,,,17.46,17.46,16.89,16.09,3.34,1.59,,N
699,LIK,XIV,O5a,,,Opaline/CCS,0%,,Flake,Distal,,,,,,,,,,,,,,,,,,,,,,No,,Feather,,,,,,,,,,,,,TRIANGULAR,,,,,,,,,,,,,,,,18.51,,18.66,,4.7,1.73,,N
700,LIK,XIV,O5a,,,Opaline/CCS,0%,,Flake,Fragment,,,,,,,,,,,,,,,,,,,,,,Yes,Hertzian,Step,,,,,,,,,,,,,OVAL,NotPrepared,No,6.17,2.2,,,,,,,,,,,,30.92,,18.32,,6.17,3.17,,N
701,LIK,XIV,O5a,,,Opaline/CCS,0%,,Flake,Proximal,,,,,,,,,,,,,,,,,,,,,,Yes,Bending,Indeterminate,,,,,,,,,,,,,TRIANGULAR,NotPrepared,No,5.45,6.44,,,,,,,,,,,,19.81,,27.11,,8.93,5.97,,N
7,LIK,XVII,O5b,,,Tuff,0%,,Flake,Complete,,,,,,,,,,,,,,,,,,,,,,Yes,Hertzian,Feather,,,,,,,,,,,,,SQUARE,FacetWithBulb,No,34.36,22.25,Main,,,,,,,,,,,37.65,37.42,47.3,47.3,14.71,34.55,,N
70,LIK,XVII,P5d,,,Opaline/CCS,10-40%,Outcrop,Core,,Complete,,,,,,,,,,,,,,,,,,,,,,,,,,,,,,,,,,,,,,,,,,Platform,Irregular,Cubic,0%,3,2,0,4,4,12.3,23.02,19.49,11.74,11.73,7.07,2.55,,N
702,LIK,XIV,O5a,,,Opaline/CCS,0%,,Flake,Complete,,,,,,,,,,,,,,,,,,,,,,Yes,Hertzian,Feather,,,,,,,,,,,,,OVAL,NotPrepared,No,4.05,2.32,Main,,,,,,,,,,,27.35,27.35,11.24,11,5.02,1.38,,N
703,LIK,XIV,O5a,,,Opaline/CCS,0%,,Flake,Mesial,,,,,,,,,,,,,,,,,,,,,,No,,Indeterminate,,,,,,,,,,,,,TRIANGULAR,,,,,,,,,,,,,,,,21.55,,25.27,,7.48,4.8,,N
704,LIK,XIV,O5a,,,Opaline/CCS,0%,,Flake,Fragment,,,,,,,,,,,,,,,,,,,,,,Yes,Hertzian,Feather,,,,,,,,,,,,,RECTANGULAR,ResidualFacetWithBulb,No,12.37,6.24,,,,,,,,,,,,11.3,,18.51,,4.09,1.02,,N
705,LIK,XIV,O5a,,,Opaline/CCS,0%,,Flake,Complete,,,,,,,,,,,,,,,,,,,,,,Yes,Hertzian,Feather,,,,,,,,,,,,,TRIANGULAR,NotPrepared,No,6.46,1.62,Main,,,,,,,,,,,15.8,15.8,21.86,15.71,7.09,1.96,,N
706,LIK,XIV,O5a,,,Opaline/CCS,10-40%,Outcrop,Flake,Complete,,,,,,,,,,,,,,,,,,,,,,Yes,Hertzian,Feather,,,,,,,,,,,,,RECTANGULAR,NotPrepared,Yes,8.67,2.96,Main,,,,,,,,,,,33.65,29.65,15.37,15.33,5.71,2.68,,N
707,LIK,XIV,O5a,,,Opaline/CCS,0%,,RetouchedTool,Complete,,BackedPiece,Backing,Indeteriminate,,2345,,,,,,,,,10.15,13.99,13,4.09,5.37,4.38,0,,,,Indeterminate,,,,,,,,,,,,,,,,,Main,,,,,,,,,,,28.82,28.82,16.77,14.53,4.86,2.42,,Y
708,LIK,XIV,O5a,,,Opaline/CCS,0%,,Core,,Complete,,,,,,,,,,,,,,,,,,,,,,,,,,,,,,,,,,,,,,,,,,Platform,Irregular,Cubic,0%,3,2,3,6,7,14.64,24.99,25.91,14.54,14.53,8.82,4.12,,N
709,LIK,XIV,O5a,,,Opaline/CCS,0%,,Flake,Complete,,,,,,,,,,,,,,,,,,,,,,Yes,Hertzian,Feather,,,,,,,,,,,,,RECTANGULAR,NotPrepared,No,6.72,1.24,Main,,,,,,,,,,,14.98,14.98,15.51,13.65,2.21,0.61,,N
710,LIK,XIV,O5a,,,Opaline/CCS,0%,,Flake,Distal,,,,,,,,,,,,,,,,,,,,,,No,,Feather,,,,,,,,,,,,,TRIANGULAR,,,,,,,,,,,,,,,,34.2,,16.15,,7.21,3.1,,N
711,LIK,XIV,O5a,,,Opaline/CCS,0%,,Flake,Complete,,,,,,,,,,,,,,,,,,,,,,Yes,Hertzian,Feather,,,,,,,,,,,,,KITE,NotPrepared,No,5.54,1.47,Main,,,,,,,,,,,20.97,20.97,15.16,12.16,4.21,1.02,,N
71,LIK,XVII,P5d,,,Opaline/CCS,0%,,Flake,Complete,,,,,,,,,,,,,,,,,,,,,,Yes,Hertzian,Feather,,,,,,,,,,,,,RECTANGULAR,NotPrepared,No,19.51,8.91,Initial,,,,,,,,,,,50.93,44.38,38.72,29.12,14.86,23.12,,N
712,LIK,XIV,O5a,,,Opaline/CCS,0%,,Flake,Complete,,,,,,,,,,,,,,,,,,,,,,Yes,Hertzian,Feather,,,,,,,,,,,,,RECTANGULAR,NotPrepared,No,3.66,1.24,Main,,,,,,,,,,,15.76,15.78,7.17,7.16,2.62,0.26,,N
713,LIK,XIV,O5a,,,Opaline/CCS,0%,,Flake,Complete,,,,,,,,,,,,,,,,,,,,,,Yes,Bending,Feather,,,,,,,,,,,,,TRIANGULAR,NotPrepared,No,8.07,1.48,Main,,,,,,,,,,,10.2,10.2,8.14,6.92,1.62,0.15,,N
714,LIK,XIV,O5a,,,Opaline/CCS,0%,,Flake,Complete,,,,,,,,,,,,,,,,,,,,,,Yes,Wedging,Feather,,,,,,,,,,,,,TRIANGULAR,Indeterminate,No,1.79,0.93,Main,,,,,,,,,,,12.23,12.23,3.9,3.64,1.86,0.06,,N
715,LIK,XIV,O5a,,,Opaline/CCS,10-40%,Outcrop,Flake,Complete,,,,,,,,,,,,,,,,,,,,,,Yes,Hertzian,Feather,,,,,,,,,,,,,KITE,NotPrepared,No,4.11,2.02,Main,,,,,,,,,,,25.34,25.34,18.33,16.62,3.63,1.21,,N
716,LIK,XIV,O5a,,,Opaline/CCS,10-40%,Outcrop,Flake,Complete,,,,,,,,,,,,,,,,,,,,,,Yes,Hertzian,Feather,,,,,,,,,,,,,TRIANGULAR,NotPrepared,No,16.27,3.19,Main,,,,,,,,,,,28.56,25.4,13.28,13.28,2.18,1.28,,N
717,LIK,XIV,O5a,,,Opaline/CCS,0%,,Flake,Complete,,,,,,,,,,,,,,,,,,,,,,Yes,Hertzian,Feather,,,,,,,,,,,,,RECTANGULAR,NotPrepared,No,9.18,7.11,Main,,,,,,,,,,,20.45,20.42,18.27,14.39,5.64,2.08,,N
718,LIK,XIV,O5a,,,Opaline/CCS,0%,,Flake,Complete,,,,,,,,,,,,,,,,,,,,,,Yes,Hertzian,Overshot,,,,,,,,,,,,,RECTANGULAR,NotPrepared,No,7.62,2.38,Main,,,,,,,,,,,39.32,39.29,31.33,27.72,11.44,13.33,,N
719,LIK,XIV,O5a,,,Hornfels,0%,,Flake,Complete,,,,,,,,,,,,,,,,,,,,,,Yes,Hertzian,Feather,,,,,,,,,,,,,OVAL,NotPrepared,No,13.08,2.15,Main,,,,,,,,,,,16.51,16.37,18.04,18.04,1.42,0.59,,N
720,LIK,XIV,O5a,,,Hornfels,0%,,Flake,Distal,,,,,,,,,,,,,,,,,,,,,,No,,Feather,,,,,,,,,,,,,RECTANGULAR,,,,,,,,,,,,,,,,10.17,,11,,1.93,0.23,,N
721,LIK,XIV,O5a,,,Hornfels,0%,,Flake,Proximal,,,,,,,,,,,,,,,,,,,,,,Yes,Hertzian,Indeterminate,,,,,,,,,,,,,TRAPEZOIDAL,Indeterminate,No,5.42,1.42,,,,,,,,,,,,7.2,,10.91,,1.85,0.22,,N
72,LIK,XVII,P5d,,,Siltstone,0%,,Flake,Distal,,,,,,,,,,,,,,,,,,,,,,Yes,Hertzian,Feather,,,,,,,,,,,,,TRAPEZOIDAL,Indeterminate,No,5.53,2.02,,,,,,,,,,,,14.48,,30.35,,4.37,1.64,,N
722,LIK,XIV,O5a,,,Hornfels,0%,,Flake,Distal,,,,,,,,,,,,,,,,,,,,,,No,Hertzian,Feather,,,,,,,,,,,,,RECTANGULAR,,,,,,,,,,,,,,,,10.19,,16.05,,2.41,0.28,,N
723,LIK,XIV,O5a,,,Hornfels,0%,,Flake,Proximal,,,,,,,,,,,,,,,,,,,,,,Yes,Hertzian,Indeterminate,,,,,,,,,,,,,RECTANGULAR,NotPrepared,No,5.6,3.77,,,,,,,,,,,,9.1,,11.75,,1.39,0.27,,N
724,LIK,XIV,O5a,,,Hornfels,0%,,Flake,Proximal,,,,,,,,,,,,,,,,,,,,,,Yes,Hertzian,Indeterminate,,,,,,,,,,,,,RECTANGULAR,NotPrepared,No,3.3,1.47,,,,,,,,,,,,11.64,,13.99,,2.44,0.36,,N
725,LIK,XIV,O5a,,,Hornfels,0%,,Flake,Mesial,,,,,,,,,,,,,,,,,,,,,,No,,Indeterminate,,,,,,,,,,,,,RECTANGULAR,,,,,,,,,,,,,,,,9.63,,12.05,,1.83,0.26,,N
726,LIK,XIV,O5a,,,Hornfels,0%,,Flake,Fragment,,,,,,,,,,,,,,,,,,,,,,Yes,Hertzian,Feather,,,,,,,,,,,,,RECTANGULAR,NotPrepared,No,7.58,1.52,,,,,,,,,,,,9.53,,8.54,,2.02,0.26,,N
727,LIK,XIV,O5a,,,Hornfels,0%,,Flake,Mesial,,,,,,,,,,,,,,,,,,,,,,No,,Indeterminate,,,,,,,,,,,,,RECTANGULAR,,,,,,,,,,,,,,,,11.27,,14.92,,1.79,0.35,,N
728,LIK,XIV,O5a,,,Hornfels,0%,,Flake,Complete,,,,,,,,,,,,,,,,,,,,,,Yes,Hertzian,Feather,,,,,,,,,,,,,RECTANGULAR,NotPrepared,No,7.99,2.14,Main,,,,,,,,,,,10,10,11.76,9.75,2.28,0.38,,N
729,LIK,XIV,O5a,,,Hornfels,0%,,Flake,Distal,,,,,,,,,,,,,,,,,,,,,,No,,Feather,,,,,,,,,,,,,TRAPEZOIDAL,,,,,,,,,,,,,,,,10.07,,16.12,,1.65,0.28,,N
730,LIK,XIV,O5a,,,Hornfels,0%,,Flake,Distal,,,,,,,,,,,,,,,,,,,,,,No,,Feather,,,,,,,,,,,,,TRAPEZOIDAL,,,,,,,,,,,,,,,,9.56,,12.58,,2.77,0.39,,N
731,LIK,XIV,O5a,,,Hornfels,0%,,Flake,Distal,,,,,,,,,,,,,,,,,,,,,,No,,Hinge,,,,,,,,,,,,,OVAL,,,,,,,,,,,,,,,,11.09,,22.54,,2.26,0.53,,N
73,LIK,XVII,P5d,,,Tuff,40-60%,Outcrop,Flake,Complete,,,,,,,,,,,,,,,,,,,,,,Yes,Hertzian,Feather,,,,,,,,,,,,,OVAL,FacetWithBulb,No,18.05,8.43,Main,,,,,,,,,,,50.59,47.54,50.76,39.48,10.74,24.95,,N
732,LIK,XIV,O5a,,,Hornfels,0%,,Flake,Distal,,,,,,,,,,,,,,,,,,,,,,No,,Feather,,,,,,,,,,,,,RECTANGULAR,,,,,,,,,,,,,,,,16.26,,19.32,,5.26,2.76,,N
733,LIK,XIV,O5a,,,Hornfels,0%,,Flake,Complete,,,,,,,,,,,,,,,,,,,,,,Yes,Hertzian,Feather,,,,,,,,,,,,,RECTANGULAR,NotPrepared,No,8.32,2.14,Main,,,,,,,,,,,16.73,13.89,13.55,10.31,3.09,0.62,,N
734,LIK,XIV,O5a,,,Hornfels,0%,,Flake,Fragment,,,,,,,,,,,,,,,,,,,,,,Yes,Hertzian,Indeterminate,,,,,,,,,,,,,RECTANGULAR,NotPrepared,No,3.69,2.74,,,,,,,,,,,,13.24,,8.85,,2.46,0.49,,N
735,LIK,XIV,O5a,,,Hornfels,0%,,Flake,Distal,,,,,,,,,,,,,,,,,,,,,,No,,Feather,,,,,,,,,,,,,OVAL,,,,,,,,,,,,,,,,20.51,,34.85,,5.38,3.63,,N
736,LIK,XIV,O5a,,,Hornfels,0%,,Flake,Complete,,,,,,,,,,,,,,,,,,,,,,Yes,Hertzian,Feather,,,,,,,,,,,,,RECTANGULAR,NotPrepared,No,16.79,3.12,Main,,,,,,,,,,,36.37,34.7,24.52,24.52,4.36,4.72,,N
737,LIK,XIV,O5a,,,Hornfels,0%,,Flake,Complete,,,,,,,,,,,,,,,,,,,,,,Yes,Hertzian,Feather,,,,,,,,,,,,,RECTANGULAR,NotPrepared,No,23.27,8.89,Main,,,,,,,,,,,32.06,32.06,31.2,31.2,6.78,9.76,,N
738,LIK,XIV,O5a,,,Hornfels,0%,,Flake,Complete,,,,,,,,,,,,,,,,,,,,,,Yes,Hertzian,Feather,,,,,,,,,,,,,TRIANGULAR,ResidualFacetWithBulb,No,19.81,2.38,Main,,,,,,,,,,,17.95,16.06,27.79,25.72,5.12,3.37,,N
739,LIK,XIV,O5a,,,Hornfels,0%,,Flake,Complete,,,,,,,,,,,,,,,,,,,,,,Yes,Hertzian,Feather,,,,,,,,,,,,,RECTANGULAR,NotPrepared,No,10.76,3.05,Main,,,,,,,,,,,64.2,53.77,23.61,22.76,7.42,11.49,,N
740,LIK,XIV,O5a,,,Quartzite,0%,,Flake,Proximal,,,,,,,,,,,,,,,,,,,,,,Yes,Hertzian,Indeterminate,,,,,,,,,,,,,TRAPEZOIDAL,NotPrepared,No,11.91,3.07,,,,,,,,,,,,12.47,,18.32,,3.19,0.91,,N
741,LIK,XIV,O5a,,,Quartzite,0%,,Flake,Distal,,,,,,,,,,,,,,,,,,,,,,No,,Feather,,,,,,,,,,,,,RECTANGULAR,,,,,,,,,,,,,,,,14.69,,7.71,,1.99,0.32,,N
74,LIK,XVII,P5d,,,Tuff,0%,,Flake,Fragment,,,,,,,,,,,,,,,,,,,,,,Yes,Hertzian,Feather,,,,,,,,,,,,,RECTANGULAR,ResidualFacetWithBulb,No,6.57,1.97,,,,,,,,,,,,15.23,,14.02,,1.78,0.4,,N
742,LIK,XIV,O5a,,,Quartzite,0%,,Flake,Complete,,,,,,,,,,,,,,,,,,,,,,Yes,Hertzian,Feather,,,,,,,,,,,,,TRAPEZOIDAL,NotPrepared,No,5.16,1.18,Main,,,,,,,,,,,9.19,9.19,14.71,11.53,1.44,0.19,,N
743,LIK,XIV,O5a,,,Quartzite,0%,,Flake,Complete,,,,,,,,,,,,,,,,,,,,,,Yes,Hertzian,Feather,,,,,,,,,,,,,TRIANGULAR,NotPrepared,No,3.04,1.18,Main,,,,,,,,,,,11.93,11.89,15.9,11.51,2.52,0.46,,N
744,LIK,XIV,O5a,,,Quartzite,0%,,Flake,Distal,,,,,,,,,,,,,,,,,,,,,,No,,Feather,,,,,,,,,,,,,OVAL,,,,,,,,,,,,,,,,13.16,,14.6,,1.46,0.37,,N
745,LIK,XIV,O5a,,,Quartzite,0%,,Flake,Complete,,,,,,,,,,,,,,,,,,,,,,Yes,Hertzian,Feather,,,,,,,,,,,,,TRIANGULAR,NotPrepared,No,5.3,1.64,Main,,,,,,,,,,,14.04,11.06,7.01,5.46,1.89,0.2,,N
746,LIK,XIV,O5a,,,Quartzite,0%,,Flake,Proximal,,,,,,,,,,,,,,,,,,,,,,Yes,Hertzian,Indeterminate,,,,,,,,,,,,,RECTANGULAR,NotPrepared,No,3.93,1.04,,,,,,,,,,,,14.43,,8.73,,2.45,0.32,,N
747,LIK,XIV,O5a,,,Quartzite,0%,,Flake,Distal,,,,,,,,,,,,,,,,,,,,,,No,,Feather,,,,,,,,,,,,,SQUARE,,,,,,,,,,,,,,,,10.42,,11.25,,1.15,0.12,,N
748,LIK,XIV,O5a,,,Quartzite,0%,,Flake,Fragment,,,,,,,,,,,,,,,,,,,,,,Yes,Hertzian,Indeterminate,,,,,,,,,,,,,RECTANGULAR,NotPrepared,No,8.63,3.17,,,,,,,,,,,,20.78,,17.55,,4.65,1.79,,N
749,LIK,XIV,O5a,,,Quartzite,0%,,Flake,Mesial,,,,,,,,,,,,,,,,,,,,,,No,,Indeterminate,,,,,,,,,,,,,RECTANGULAR,,,,,,,,,,,,,,,,11.86,,34.06,,5.11,2.8,,N
750,LIK,XIV,O5a,,,Quartzite,0%,,Flake,Distal,,,,,,,,,,,,,,,,,,,,,,No,,Feather,,,,,,,,,,,,,TRAPEZOIDAL,,,,,,,,,,,,,,,,17.7,,21.84,,2.69,2.14,,N
751,LIK,XIV,O5a,,,Quartzite,0%,,Flake,Complete,,,,,,,,,,,,,,,,,,,,,,Yes,Hertzian,Hinge,,,,,,,,,,,,,CIRCULAR,NotPrepared,No,7.25,2.86,Main,,,,,,,,,,,23.95,20.91,24.77,22.14,4.98,2.76,,N
75,LIK,XVII,P5d,,,Tuff,0%,,Flake,Complete,,,,,,,,,,,,,,,,,,,,,,Yes,Hertzian,Feather,,,,,,,,,,,,,SQUARE,ResidualFacetWithBulb,No,7.16,1.82,Main,,,,,,,,,,,10.12,9.91,11.54,11.09,1.74,0.27,,N
752,LIK,XIV,O5a,,,Quartzite,0%,,Flake,Fragment,,,,,,,,,,,,,,,,,,,,,,Yes,Hertzian,Feather,,,,,,,,,,,,,KITE,ResidualFacetWithBulb,No,7.28,2.45,,,,,,,,,,,,25.54,,16.85,,2.94,1.73,,N
753,LIK,XIV,O5a,,,Quartzite,0%,,Flake,Complete,,,,,,,,,,,,,,,,,,,,,,Yes,Hertzian,Feather,,,,,,,,,,,,,RECTANGULAR,Indeterminate,No,7.48,2.55,Main,,,,,,,,,,,23.13,23.13,14.37,14.37,3.57,1.5,,N
754,LIK,XIV,O5a,,,Quartzite,0%,,Flake,Complete,,,,,,,,,,,,,,,,,,,,,,Yes,Hertzian,Feather,,,,,,,,,,,,,KITE,NotPrepared,No,9.22,4.95,Main,,,,,,,,,,,36.23,32.96,28.56,23.42,8.84,8.17,,N
755,LIK,XIV,O5a,,,Tuff,0%,,Flake,Mesial,,,,,,,,,,,,,,,,,,,,,,No,,Indeterminate,,,,,,,,,,,,,RECTANGULAR,,,,,,,,,,,,,,,,3.42,,17.78,,3.18,0.22,,N
756,LIK,XIV,O5a,,,Tuff,0%,,Flake,Complete,,,,,,,,,,,,,,,,,,,,,,Yes,Hertzian,Feather,,,,,,,,,,,,,OVAL,NotPrepared,No,8.17,2.15,Main,,,,,,,,,,,11.15,9.83,11.88,11.26,2.22,0.25,,N
757,LIK,XIV,O5a,,,Tuff,0%,,Flake,Mesial,,,,,,,,,,,,,,,,,,,,,,No,,Indeterminate,,,,,,,,,,,,,RECTANGULAR,,,,,,,,,,,,,,,,18.39,,12.1,,2.51,0.71,,N
758,LIK,XIV,O5a,,,Tuff,0%,,Flake,Distal,,,,,,,,,,,,,,,,,,,,,,No,,Feather,,,,,,,,,,,,,RECTANGULAR,,,,,,,,,,,,,,,,11.59,,19.19,,3.05,0.53,,N
759,LIK,XIV,O5a,,,Tuff,0%,,Flake,Complete,,,,,,,,,,,,,,,,,,,,,,Yes,Hertzian,Feather,,,,,,,,,,,,,KITE,NotPrepared,No,7.83,1.4,Main,,,,,,,,,,,23.8,23.8,15.65,15.65,5.85,1.56,,N
760,LIK,XIV,O5a,,,Tuff,0%,,Flake,Complete,,,,,,,,,,,,,,,,,,,,,,Yes,Hertzian,Feather,,,,,,,,,,,,,RHOMBUS,NotPrepared,No,13.94,5.67,Main,,,,,,,,,,,20.73,16.42,18.09,16.57,5.05,2.26,,N
761,LIK,XIV,O5a,,,Siltstone,0%,,Flake,Proximal,,,,,,,,,,,,,,,,,,,,,,Yes,Hertzian,Indeterminate,,,,,,,,,,,,,RECTANGULAR,NotPrepared,No,7.03,1.4,,,,,,,,,,,,4.74,,10.79,,1.21,0.06,,N
76,LIK,XVII,P5d,,,Tuff,0%,,Flake,Proximal,,,,,,,,,,,,,,,,,,,,,,Yes,Hertzian,Overshot,,,,,,,,,,,,,OVAL,Indeterminate,No,5.03,1.45,,,,,,,,,,,,12.41,,12.78,,1.42,0.37,,N
762,LIK,XIV,O5a,,,Siltstone,0%,,Flake,Distal,,,,,,,,,,,,,,,,,,,,,,No,,Feather,,,,,,,,,,,,,TRIANGULAR,,,,,,,,,,,,,,,,9.86,,13.15,,2.03,0.22,,N
763,LIK,XIV,O5a,,,Siltstone,0%,,Flake,Mesial,,,,,,,,,,,,,,,,,,,,,,No,,Indeterminate,,,,,,,,,,,,,TRAPEZOIDAL,,,,,,,,,,,,,,,,16.58,,22.95,,1.85,0.8,,N
764,LIK,XIV,O5a,,,Siltstone,0%,,Flake,Complete,,,,,,,,,,,,,,,,,,,,,,Yes,Bending,Feather,,,,,,,,,,,,,RECTANGULAR,NotPrepared,No,8.32,2.56,Main,,,,,,,,,,,13.45,13.45,10.36,9.49,2.36,0.36,,N
765,LIK,XIV,O5a,,,Hornfels,0%,,Flake,Complete,,,,,,,,,,,,,,,,,,,,,,Yes,Hertzian,Feather,,,,,,,,,,,,,TRIANGULAR,NotPrepared,No,8.2,2.95,Main,,,,,,,,,,,26.31,23.4,20.38,18.5,5.1,2.86,,N
766,LIK,XIV,O5a,,,Hornfels,0%,,Flake,Complete,,,,,,,,,,,,,,,,,,,,,,Yes,Hertzian,Feather,,,,,,,,,,,,,RECTANGULAR,NotPrepared,No,12.76,5.36,Main,,,,,,,,,,,31.94,28.98,18.03,15.96,6.2,3.76,,N
767,LIK,XIV,O5a,,,Hornfels,0%,,Flake,Complete,,,,,,,,,,,,,,,,,,,,,,Yes,Hertzian,Feather,,,,,,,,,,,,,RECTANGULAR,Indeterminate,No,11.47,3.04,Main,,,,,,,,,,,34.94,32.43,21.69,21.69,7.6,6.72,,N
768,LIK,XIV,O5a,,,Hornfels,0%,,RetouchedTool,Complete,,MinimallyRetouched,MarginalEdgeShaping,Both,3,345,2.73,1,2.48,2.54,2.48,,,,,,,,,,,,,,Indeterminate,,,,,,,,,,,,TRAPEZOIDAL,,,,,Main,,,,,,,,,,,23.59,23.24,33.5,28.39,9.53,7.56,,Y
769,LIK,XIV,O5a,,,Opaline/CCS,0%,,RetouchedTool,Complete,,MinimallyRetouched,MarginalEdgeShaping,Dorsal,4,4567,2.78,1,2.25,4.84,2.57,,,,,,,,,,,,,,Flake,,,,,,,,,,,,RECTANGULAR,,,,,Main,,,,,,,,,,,37.87,33.95,39.87,29.86,10.38,14.45,,Y
770,LIK,XIV,O5a,,,Opaline/CCS,0%,,Flake,Proximal,,,,,,,,,,,,,,,,,,,,,,Yes,Hertzian,Indeterminate,,,,,,,,,,,,,TRAPEZOIDAL,FacetWithBulb,No,14.47,4.09,,,,,,,,,,,,21.01,,31.99,,3.25,2.89,,N
771,LIK,XIV,O5a,,,Opaline/CCS,0%,,Flake,Complete,,,,,,,,,,,,,,,,,,,,,,Yes,Hertzian,Crushed,,,,,,,,,,,,,TRIANGULAR,NotPrepared,No,4.92,4.03,Main,,,,,,,,,,,22.13,22.13,14.04,11.69,5.34,1.6,,N
77,LIK,XVII,P5d,,,Tuff,0%,,Flake,Fragment,,,,,,,,,,,,,,,,,,,,,,No,,Feather,,,,,,,,,,,,,RECTANGULAR,,,,,,,,,,,,,,,,10.68,,7.81,,1.62,0.09,,N
772,LIK,XIV,O5a,,,Opaline/CCS,0%,,Flake,Distal,,,,,,,,,,,,,,,,,,,,,,No,,Overshot,,,,,,,,,,,,,TRIANGULAR,,,,,,,,,,,,,,,,27.65,,20.33,,9.56,5.59,,N
773,LIK,XIV,O5a,,,Basalt,0%,,Flake,Complete,,,,,,,,,,,,,,,,,,,,,,Yes,Hertzian,Feather,,,,,,,,,,,,,RECTANGULAR,NotPrepared,No,10.48,4.7,Main,,,,,,,,,,,23.54,23.54,18.99,13.92,4.11,2.45,,N
774,LIK,XIV,O5a,,,Opaline/CCS,0%,,Core,,Complete,,,,,,,,,,,,,,,,,,,,,,,,,,,,,,,,,,,,,,,,,,Platform,Irregular,Cubic,0%,4,2,4,2,7,29.82,41.02,36.36,29.21,29.21,14.22,29.33,,N
775,LIK,XIV,O5a,,,Opaline/CCS,10-40%,Outcrop,Core,,Complete,,,,,,,,,,,,,,,,,,,,,,,,,,,,,,,,,,,,,,,,,,Platform,Irregular,Cubic,0%,4,3,1,3,10,17.45,31.24,31.24,31.07,31.07,20.38,27.46,,N
776,LIK,XIV,O5a,,,Opaline/CCS,10-40%,Cobble,Core,,Complete,,,,,,,,,,,,,,,,,,,,,,,,,,,,,,,,,,,,,,,,,,Platform,Irregular,Spherical,0%,3,3,2,5,7,16.14,37.44,37.44,28.16,25.29,17.66,21.89,,Y
777,LIK,XIV,O5a,,,Opaline/CCS,0%,,Core,,Complete,,,,,,,,,,,,,,,,,,,,,,,,,,,,,,,,,,,,,,,,,,Platform,Irregular,Cubic,0%,5,4,4,3,6,13.52,28.91,28.96,25.4,25.67,23.03,21.33,,N
778,LIK,XIV,O5a,,,Opaline/CCS,0%,,Core,,Complete,,,,,,,,,,,,,,,,,,,,,,,,,,,,,,,,,,,,,,,,,,Platform,Irregular,Cubic,0%,2,2,2,4,7,6.58,24.67,23.91,16.94,16.41,9.62,3.58,,Y
779,LIK,XIII,P5c,,,Opaline/CCS,0%,,Flake,Mesial,,,,,,,,,,,,,,,,,,,,,,No,,Indeterminate,,,,,,,,,,,,,RECTANGULAR,,,,,,,,,,,,,,,,12.95,,10.16,,2.31,0.55,,N
780,LIK,XIII,P5c,,,Opaline/CCS,0%,,Flake,Proximal,,,,,,,,,,,,,,,,,,,,,,Yes,Bending,Indeterminate,,,,,,,,,,,,,RECTANGULAR,NotPrepared,No,6.89,3.05,,,,,,,,,,,,22.9,,18.61,,3.85,2.7,,N
781,LIK,XIII,P5c,,,Opaline/CCS,0%,,Flake,Distal,,,,,,,,,,,,,,,,,,,,,,No,,Feather,,,,,,,,,,,,,TRAPEZOIDAL,,,,,,,,,,,,,,,,12.41,,19.28,,4.92,0.83,,N
78,LIK,XVII,P5d,,,Tuff,0%,,Flake,Complete,,,,,,,,,,,,,,,,,,,,,,Yes,Hertzian,Feather,,,,,,,,,,,,,RHOMBUS,ResidualFacetWithBulb,No,4.52,1.47,Main,,,,,,,,,,,6.56,5.69,10.67,6.26,2.18,0.05,,N
782,LIK,XIII,P5c,,,Opaline/CCS,0%,,Flake,Complete,,,,,,,,,,,,,,,,,,,,,,Yes,Hertzian,Feather,,,,,,,,,,,,,TRIANGULAR,Indeterminate,No,5.69,1.72,Main,,,,,,,,,,,21.18,20.76,11.4,11.4,1.49,0.48,,N
783,LIK,XIII,P5c,,,Opaline/CCS,0%,,Flake,Mesial,,,,,,,,,,,,,,,,,,,,,,No,,Indeterminate,,,,,,,,,,,,,OVAL,,,,,,,,,,,,,,,,13.8,,18.07,,3.88,1.56,,N
784,LIK,XIII,P5c,,,Opaline/CCS,0%,,Flake,Complete,,,,,,,,,,,,,,,,,,,,,,Yes,Hertzian,Feather,,,,,,,,,,,,,RECTANGULAR,NotPrepared,No,12.98,2.64,Main,,,,,,,,,,,23.03,23.03,15.79,15.79,8.69,3.15,,N
785,LIK,XIII,P5c,,,Opaline/CCS,0%,,Flake,Complete,,,,,,,,,,,,,,,,,,,,,,Yes,Hertzian,Feather,,,,,,,,,,,,,RHOMBUS,NotPrepared,No,3.71,1.97,Main,,,,,,,,,,,34.28,30.74,13.58,13.58,6.62,3.44,,N
786,LIK,XIII,P5c,,,Opaline/CCS,0%,,Flake,Distal,,,,,,,,,,,,,,,,,,,,,,No,,Feather,,,,,,,,,,,,,RECTANGULAR,,,,,,,,,,,,,,,,14.05,,23.96,,4.41,1.75,,N
787,LIK,XIII,P5c,,,Opaline/CCS,0%,,Flake,Complete,,,,,,,,,,,,,,,,,,,,,,Yes,Bending,Feather,,,,,,,,,,,,,TRAPEZOIDAL,NotPrepared,No,7.04,1.67,Main,,,,,,,,,,,15.49,15.49,20.19,15.71,1.46,0.54,,N
788,LIK,XIII,P5c,,,Opaline/CCS,0%,,Flake,Mesial,,,,,,,,,,,,,,,,,,,,,,No,,Indeterminate,,,,,,,,,,,,,RECTANGULAR,,,,,,,,,,,,,,,,7.97,,14.34,,4.17,0.57,,N
789,LIK,XIII,P5c,,,Opaline/CCS,0%,,Flake,Complete,,,,,,,,,,,,,,,,,,,,,,Yes,Hertzian,Crushed,,,,,,,,,,,,,KITE,Indeterminate,No,5.44,0.95,Main,,,,,,,,,,,25.95,25.95,15.33,15.33,5.62,2.05,,N
790,LIK,XIII,P5c,,,Opaline/CCS,0%,,Flake,Distal,,,,,,,,,,,,,,,,,,,,,,No,,Feather,,,,,,,,,,,,,RHOMBUS,,,,,,,,,,,,,,,,11.01,,15.03,,1.58,0.29,,N
791,LIK,XIII,P5c,,,Opaline/CCS,0%,,Flake,Proximal,,,,,,,,,,,,,,,,,,,,,,Yes,Hertzian,Indeterminate,,,,,,,,,,,,,TRIANGULAR,NotPrepared,No,3.96,2.43,,,,,,,,,,,,10.9,,16.41,,1.85,0.35,,N
79,LIK,XVII,P5d,,,Tuff,0%,,Flake,Complete,,,,,,,,,,,,,,,,,,,,,,Yes,Hertzian,Feather,,,,,,,,,,,,,RECTANGULAR,Indeterminate,No,2.56,0.67,Main,,,,,,,,,,,6,5.82,5.44,4.43,0.8,0.03,,N
792,LIK,XIII,P5c,,,Opaline/CCS,0%,,Flake,Proximal,,,,,,,,,,,,,,,,,,,,,,Yes,Hertzian,Indeterminate,,,,,,,,,,,,,RECTANGULAR,NotPrepared,No,6.38,1.97,,,,,,,,,,,,11.14,,9.89,,1.25,0.2,,N
793,LIK,XIII,P5c,,,Opaline/CCS,0%,,Flake,Mesial,,,,,,,,,,,,,,,,,,,,,,No,,Indeterminate,,,,,,,,,,,,,RECTANGULAR,,,,,,,,,,,,,,,,15.03,,23.97,,4.26,1.46,,N
794,LIK,XIII,P5c,,,Opaline/CCS,0%,,Flake,Distal,,,,,,,,,,,,,,,,,,,,,,No,,Feather,,,,,,,,,,,,,RECTANGULAR,,,,,,,,,,,,,,,,14.19,,11.81,,3.71,0.69,,N
795,LIK,XIII,P5c,,,Opaline/CCS,0%,,Flake,Mesial,,,,,,,,,,,,,,,,,,,,,,No,,Indeterminate,,,,,,,,,,,,,SQUARE,,,,,,,,,,,,,,,,7.69,,9.2,,0.94,0.08,,N
796,LIK,XIII,P5c,,,Opaline/CCS,0%,,Flake,Complete,,,,,,,,,,,,,,,,,,,,,,Yes,Hertzian,Feather,,,,,,,,,,,,,KITE,NotPrepared,No,3.87,0.82,Main,,,,,,,,,,,26.62,26.62,10.95,9.88,3.32,0.73,,N
797,LIK,XIII,P5c,,,Opaline/CCS,0%,,Flake,Complete,,,,,,,,,,,,,,,,,,,,,,Yes,Hertzian,Feather,,,,,,,,,,,,,TRIANGULAR,NotPrepared,No,2.15,1.27,Main,,,,,,,,,,,8.56,8.69,16.19,12.77,4.48,0.32,,N
798,LIK,XIII,P5c,,,Opaline/CCS,0%,,Flake,Mesial,,,,,,,,,,,,,,,,,,,,,,No,,Indeterminate,,,,,,,,,,,,,TRIANGULAR,,,,,,,,,,,,,,,,11.94,,14.99,,6.2,0.97,,N
799,LIK,XIII,P5c,,,Opaline/CCS,0%,,Flake,Complete,,,,,,,,,,,,,,,,,,,,,,Yes,Hertzian,Feather,,,,,,,,,,,,,RECTANGULAR,Indeterminate,No,5.6,2.22,Main,,,,,,,,,,,19.25,19.25,9.71,7.35,2.3,0.38,,N
800,LIK,XIII,P5c,,,Opaline/CCS,0%,,Flake,Mesial,,,,,,,,,,,,,,,,,,,,,,No,,Indeterminate,,,,,,,,,,,,,TRIANGULAR,,,,,,,,,,,,,,,,10.9,,10.8,,1.17,0.13,,N
801,LIK,XIII,P5c,,,Opaline/CCS,0%,,Flake,Proximal,,,,,,,,,,,,,,,,,,,,,,Yes,Hertzian,Indeterminate,,,,,,,,,,,,,RECTANGULAR,Indeterminate,No,6.13,1.22,,,,,,,,,,,,15.09,,20.86,,4.37,1.79,,N
8,LIK,XVII,O5b,,,Siltstone,40-60%,Outcrop,Flake,Complete,,,,,,,,,,,,,,,,,,,,,,Yes,Hertzian,Overshot,,,,,,,,,,,,,RECTANGULAR,ResidualFacetWithBulb,No,50.54,25.65,Initial,,,,,,,,,,,46.43,46.43,80.05,65.49,28.76,110,,N
80,LIK,XVII,P5d,,,Tuff,0%,,Flake,Distal,,,,,,,,,,,,,,,,,,,,,,No,,Feather,,,,,,,,,,,,,RECTANGULAR,,,,,,,,,,,,,,,,5.09,,7.2,,0.52,0.01,,N
802,LIK,XIII,P5c,,,Opaline/CCS,0%,,Flake,Mesial,,,,,,,,,,,,,,,,,,,,,,No,,Indeterminate,,,,,,,,,,,,,RECTANGULAR,,,,,,,,,,,,,,,,8.45,,24.51,,3.88,1.02,,N
803,LIK,XIII,P5c,,,Opaline/CCS,0%,,Flake,Complete,,,,,,,,,,,,,,,,,,,,,,Yes,Hertzian,Feather,,,,,,,,,,,,,RECTANGULAR,NotPrepared,No,5.71,1.39,Main,,,,,,,,,,,16.48,17.53,11.36,11.32,3.51,0.73,,N
804,LIK,XIII,P5c,,,Opaline/CCS,0%,,Flake,Mesial,,,,,,,,,,,,,,,,,,,,,,No,,Indeterminate,,,,,,,,,,,,,RECTANGULAR,,,,,,,,,,,,,,,,9.61,,15.86,,5.8,1.13,,N
805,LIK,XIII,P5c,,,Opaline/CCS,0%,,Flake,Fragment,,,,,,,,,,,,,,,,,,,,,,Yes,Hertzian,Feather,,,,,,,,,,,,,RECTANGULAR,NotPrepared,No,4.26,3.29,,,,,,,,,,,,15.28,,6.68,,3.55,0.31,,N
806,LIK,XIII,P5c,,,Opaline/CCS,0%,,Flake,Complete,,,,,,,,,,,,,,,,,,,,,,Yes,Hertzian,Feather,,,,,,,,,,,,,RECTANGULAR,NotPrepared,No,10.76,4.72,Main,,,,,,,,,,,14.98,14.98,12.71,11.1,4.21,0.98,,N
807,LIK,XIII,P5c,,,Opaline/CCS,0%,,Flake,Complete,,,,,,,,,,,,,,,,,,,,,,Yes,Hertzian,Feather,,,,,,,,,,,,,OVAL,NotPrepared,No,8.02,2.07,Main,,,,,,,,,,,31.71,30.9,20.8,20.8,2.61,1.67,,\
808,LIK,XIII,P5c,,,Opaline/CCS,0%,,Flake,Complete,,,,,,,,,,,,,,,,,,,,,,Yes,Hertzian,Feather,,,,,,,,,,,,,RECTANGULAR,Indeterminate,No,3.06,0.84,Main,,,,,,,,,,,7.88,7.6,22.14,14.92,0.66,0.18,,N
809,LIK,XIII,P5c,,,Opaline/CCS,0%,,Flake,Distal,,,,,,,,,,,,,,,,,,,,,,No,,Feather,,,,,,,,,,,,,RECTANGULAR,,,,,,,,,,,,,,,,10.9,,13.67,,3.15,0.57,,N
810,LIK,XIII,P5c,,,Opaline/CCS,0%,,Flake,Distal,,,,,,,,,,,,,,,,,,,,,,No,,Feather,,,,,,,,,,,,,RECTANGULAR,,,,,,,,,,,,,,,,20.91,,12.01,,4.35,1.21,,N
811,LIK,XIII,P5c,,,Opaline/CCS,0%,,Flake,Complete,,,,,,,,,,,,,,,,,,,,,,Yes,Hertzian,Feather,,,,,,,,,,,,,RECTANGULAR,NotPrepared,No,5.61,1.79,Main,,,,,,,,,,,23.32,20.45,14.87,13.73,2.01,0.96,,N
81,LIK,XVII,P5d,,,Opaline/CCS,0%,,Core,,Complete,,,,,,,,,,,,,,,,,,,,,,,,,,,,,,,,,,,,,,,,,,Platform,Irregular,Cubic,0%,4,3,4,2,5,12.94,37.47,37.54,25.25,25.34,12.58,15.46,,N
812,LIK,XIII,P5c,,,Opaline/CCS,0%,,Flake,Complete,,,,,,,,,,,,,,,,,,,,,,Yes,Hertzian,Feather,,,,,,,,,,,,,RECTANGULAR,NotPrepared,No,14.29,1.59,Main,,,,,,,,,,,9.42,5.92,17.22,17.22,1.5,0.39,,N
813,LIK,XIII,P5c,,,Opaline/CCS,0%,,Flake,Proximal,,,,,,,,,,,,,,,,,,,,,,Yes,Hertzian,Indeterminate,,,,,,,,,,,,,RECTANGULAR,NotPrepared,No,2.76,2.05,,,,,,,,,,,,13.3,,5.87,,1.74,0.15,,N
814,LIK,XIII,P5c,,,Opaline/CCS,0%,,Flake,Mesial,,,,,,,,,,,,,,,,,,,,,,No,,Indeterminate,,,,,,,,,,,,,RECTANGULAR,,,,,,,,,,,,,,,,25.18,,16.37,,6.65,4.14,,N
815,LIK,XIII,P5c,,,Opaline/CCS,0%,,Flake,Mesial,,,,,,,,,,,,,,,,,,,,,,No,,Indeterminate,,,,,,,,,,,,,KITE,,,,,,,,,,,,,,,,16.1,,11.84,,7.06,1.18,,N
816,LIK,XIII,P5c,,,Opaline/CCS,0%,,Flake,Complete,,,,,,,,,,,,,,,,,,,,,,Yes,Hertzian,Feather,,,,,,,,,,,,,RECTANGULAR,NotPrepared,No,6.7,2.43,Main,,,,,,,,,,,15.06,15.06,12.32,12.32,2.35,0.42,,N
817,LIK,XIII,P5c,,,Opaline/CCS,0%,,Flake,Complete,,,,,,,,,,,,,,,,,,,,,,Yes,Hertzian,Feather,,,,,,,,,,,,,RECTANGULAR,NotPrepared,No,10.03,3.53,Main,,,,,,,,,,,25.49,22.42,14.61,14.61,4.3,1.42,,N
818,LIK,XIII,P5c,,,Opaline/CCS,0%,,Flake,Complete,,,,,,,,,,,,,,,,,,,,,,Yes,Hertzian,Feather,,,,,,,,,,,,,KITE,NotPrepared,No,6.62,2.31,Main,,,,,,,,,,,24.56,21.41,27.5,21.48,3.21,1.82,,N
819,LIK,XIII,P5c,,,Opaline/CCS,0%,,Flake,Mesial,,,,,,,,,,,,,,,,,,,,,,No,,Indeterminate,,,,,,,,,,,,,TRIANGULAR,,,,,,,,,,,,,,,,5.4,,12.36,,4.27,0.24,,N
820,LIK,XIII,P5c,,,Opaline/CCS,0%,,Flake,Complete,,,,,,,,,,,,,,,,,,,,,,Yes,Hertzian,Feather,,,,,,,,,,,,,TRIANGULAR,NotPrepared,No,13.24,6.14,Main,,,,,,,,,,,8.51,8.51,13.69,11.49,4.32,0.5,,N
821,LIK,XIII,P5c,,,Opaline/CCS,0%,,Flake,Distal,,,,,,,,,,,,,,,,,,,,,,No,,Feather,,,,,,,,,,,,,RECTANGULAR,,,,,,,,,,,,,,,,15.78,,12.7,,1.47,0.32,,N
82,LIK,XVII,P5d,,,Opaline/CCS,0%,,Core,,Complete,,,,,,,,,,,,,,,,,,,,,,,,,,,,,,,,,,,,,,,,,,Platform,Bladelet,Cubic,0%,3,1,3,1,4,27.28,33.01,32.86,36.44,36.46,10.59,22.27,,Y
822,LIK,XIII,P5c,,,Opaline/CCS,0%,,Flake,Complete,,,,,,,,,,,,,,,,,,,,,,Yes,Hertzian,Feather,,,,,,,,,,,,,TRIANGULAR,ResidualFacetWithBulb,No,7.59,2.93,Main,,,,,,,,,,,9.55,9.55,9.63,8.1,3.24,0.27,,N
823,LIK,XIII,P5c,,,Opaline/CCS,0%,,Flake,Complete,,,,,,,,,,,,,,,,,,,,,,Yes,Hertzian,Feather,,,,,,,,,,,,,RECTANGULAR,Indeterminate,No,17.78,8.91,Main,,,,,,,,,,,49.26,49.26,22.98,22.98,11.89,15.95,,N
824,LIK,XIII,P5c,,,Opaline/CCS,0%,,Flake,Proximal,,,,,,,,,,,,,,,,,,,,,,Yes,Hertzian,Indeterminate,,,,,,,,,,,,,KITE,NotPrepared,No,6.63,1.61,,,,,,,,,,,,9.16,,19.55,,2.1,0.36,,N
825,LIK,XIII,P5c,,,Opaline/CCS,0%,,Flake,Complete,,,,,,,,,,,,,,,,,,,,,,Yes,Hertzian,Feather,,,,,,,,,,,,,TRIANGULAR,Indeterminate,No,3.48,1.19,Main,,,,,,,,,,,8.73,8.73,11.32,8.69,1.69,0.16,,N
826,LIK,XIII,P5c,,,Opaline/CCS,0%,,Flake,Complete,,,,,,,,,,,,,,,,,,,,,,Yes,Hertzian,Feather,,,,,,,,,,,,,OVAL,NotPrepared,No,13.23,3.76,Main,,,,,,,,,,,16.58,15.56,22.61,22.61,4.71,1.62,,N
827,LIK,XIII,P5c,,,Opaline/CCS,0%,,Flake,Distal,,,,,,,,,,,,,,,,,,,,,,No,,Feather,,,,,,,,,,,,,RECTANGULAR,,,,,,,,,,,,,,,,20.76,,22.61,,2.53,1.65,,N
828,LIK,XIII,P5c,,,Opaline/CCS,0%,,Flake,Complete,,,,,,,,,,,,,,,,,,,,,,Yes,Hertzian,Feather,,,,,,,,,,,,,TRIANGULAR,ResidualFacetWithBulb,No,10.46,3.24,Main,,,,,,,,,,,16.53,15.17,12.62,11.68,2.44,0.64,,N
829,LIK,XIII,P5c,,,Opaline/CCS,0%,,Flake,Complete,,,,,,,,,,,,,,,,,,,,,,Yes,Hertzian,Feather,,,,,,,,,,,,,OVAL,NotPrepared,No,10.21,5.23,Main,,,,,,,,,,,7.17,7.2,19.34,15.85,3.79,0.59,,N
830,LIK,XIII,P5c,,,Opaline/CCS,0%,,Flake,Complete,,,,,,,,,,,,,,,,,,,,,,Yes,Hertzian,Overshot,,,,,,,,,,,,,TRAPEZOIDAL,NotPrepared,No,3.98,1.59,Main,,,,,,,,,,,11.17,11.17,12.94,11.85,2.47,0.42,,N
831,LIK,XIII,P5c,,,Opaline/CCS,0%,,Flake,Distal,,,,,,,,,,,,,,,,,,,,,,No,,Feather,,,,,,,,,,,,,TRIANGULAR,,,,,,,,,,,,,,,,16.72,,9.43,,2.77,0.27,,N
83,LIK,XVII,P5c,,,Tuff,1-10%,Outcrop,Flake,Complete,,,,,,,,,,,,,,,,,,,,,,Yes,Hertzian,Hinge,,,,,,,,,,,,,OVAL,NotPrepared,No,11.47,4.69,Main,,,,,,,,,,,18.51,18.59,20.1,20.1,5.58,2.22,,N
832,LIK,XIII,P5c,,,Opaline/CCS,0%,,Flake,Complete,,,,,,,,,,,,,,,,,,,,,,Yes,Hertzian,Step,,,,,,,,,,,,,RECTANGULAR,NotPrepared,No,9.08,4.38,Main,,,,,,,,,,,23.4,23.4,10.17,10.17,6.01,1.66,,N
833,LIK,XIII,P5c,,,Opaline/CCS,0%,,Flake,Complete,,,,,,,,,,,,,,,,,,,,,,Yes,Hertzian,Feather,,,,,,,,,,,,,TRIANGULAR,ResidualFacetWithBulb,No,18.24,3.55,Main,,,,,,,,,,,9.21,7.23,16.47,16.47,2,0.53,,N
834,LIK,XIII,P5c,,,Opaline/CCS,0%,,Flake,Complete,,,,,,,,,,,,,,,,,,,,,,Yes,Hertzian,Feather,,,,,,,,,,,,,RECTANGULAR,NotPrepared,No,3.74,1.26,Main,,,,,,,,,,,7.6,7.6,12.25,12.25,1.31,0.16,,N
835,LIK,XIII,P5c,,,Opaline/CCS,0%,,Flake,Complete,,,,,,,,,,,,,,,,,,,,,,Yes,Hertzian,Feather,,,,,,,,,,,,,RECTANGULAR,NotPrepared,No,11.21,1.17,Main,,,,,,,,,,,16.06,16.06,13.25,11.12,1.62,0.49,,N
836,LIK,XIII,P5c,,,Opaline/CCS,0%,,Flake,Mesial,,,,,,,,,,,,,,,,,,,,,,No,,Indeterminate,,,,,,,,,,,,,TRIANGULAR,,,,,,,,,,,,,,,,19.45,,26.27,,6.9,3.62,,N
837,LIK,XIII,P5c,,,Opaline/CCS,0%,,Flake,Distal,,,,,,,,,,,,,,,,,,,,,,No,,Feather,,,,,,,,,,,,,TRIANGULAR,,,,,,,,,,,,,,,,12.18,,6.11,,1.45,0.08,,N
838,LIK,XIII,P5c,,,Opaline/CCS,0%,,Flake,Complete,,,,,,,,,,,,,,,,,,,,,,Yes,Hertzian,Feather,,,,,,,,,,,,,TRAPEZOIDAL,NotPrepared,No,9.2,1.52,Main,,,,,,,,,,,8.9,8.69,12.42,10.68,0.71,0.06,,N
839,LIK,XIII,P5c,,,Opaline/CCS,0%,,Flake,Proximal,,,,,,,,,,,,,,,,,,,,,,Yes,Hertzian,Indeterminate,,,,,,,,,,,,,RECTANGULAR,ResidualFacetWithBulb,No,5.98,1.63,,,,,,,,,,,,11.32,,11.73,,1.97,0.34,,N
840,LIK,XIII,P5c,,,Opaline/CCS,0%,,Flake,Complete,,,,,,,,,,,,,,,,,,,,,,Yes,Hertzian,Feather,,,,,,,,,,,,,OVAL,NotPrepared,No,4.64,0.96,Main,,,,,,,,,,,8.12,8.12,9.91,9.91,0.82,0.06,,N
841,LIK,XIII,P5c,,,Opaline/CCS,0%,,Flake,Distal,,,,,,,,,,,,,,,,,,,,,,No,,Feather,,,,,,,,,,,,,TRAPEZOIDAL,,,,,,,,,,,,,,,,10.75,,19.89,,1.77,0.58,,N
84,LIK,XVII,P5c,,,Tuff,0%,,Flake,Fragment,,,,,,,,,,,,,,,,,,,,,,Yes,Hertzian,Feather,,,,,,,,,,,,,RECTANGULAR,FacetWithBulb,No,10.28,4.88,,,,,,,,,,,,72.23,,24.73,,13.69,37.27,,N
842,LIK,XIII,P5c,,,Opaline/CCS,1-10%,Outcrop,Flake,Complete,,,,,,,,,,,,,,,,,,,,,,Yes,Hertzian,Feather,,,,,,,,,,,,,RHOMBUS,NotPrepared,No,14.22,4.51,Main,,,,,,,,,,,10.79,10.79,16.76,15.41,4.79,0.93,,N
843,LIK,XIII,P5c,,,Opaline/CCS,0%,,Flake,Mesial,,,,,,,,,,,,,,,,,,,,,,No,,Indeterminate,,,,,,,,,,,,,RECTANGULAR,,,,,,,,,,,,,,,,23.62,,10.65,,3.54,0.82,,N
844,LIK,XIII,P5c,,,Opaline/CCS,0%,,Flake,Distal,,,,,,,,,,,,,,,,,,,,,,No,,Feather,,,,,,,,,,,,,RECTANGULAR,,,,,,,,,,,,,,,,13.67,,9.97,,2.6,0.43,,N
845,LIK,XIII,P5c,,,Opaline/CCS,0%,,Flake,Complete,,,,,,,,,,,,,,,,,,,,,,Yes,Hertzian,Feather,,,,,,,,,,,,,OVAL,Indeterminate,No,3.33,1.51,Main,,,,,,,,,,,12.84,12.95,9.49,9.49,1.83,0.27,,N
846,LIK,XIII,P5c,,,Opaline/CCS,0%,,Flake,Distal,,,,,,,,,,,,,,,,,,,,,,No,,Feather,,,,,,,,,,,,,RECTANGULAR,,,,,,,,,,,,,,,,7.78,,11.17,,1.33,0.25,,N
847,LIK,XIII,P5c,,,Opaline/CCS,0%,,Flake,Distal,,,,,,,,,,,,,,,,,,,,,,No,,Feather,,,,,,,,,,,,,TRIANGULAR,,,,,,,,,,,,,,,,6.5,,10.9,,1.94,0.11,,N
848,LIK,XIII,P5c,,,Opaline/CCS,0%,,Flake,Mesial,,,,,,,,,,,,,,,,,,,,,,No,,Indeterminate,,,,,,,,,,,,,RECTANGULAR,,,,,,,,,,,,,,,,6.94,,11.21,,0.8,0.05,,N
849,LIK,XIII,P5c,,,Opaline/CCS,0%,,Flake,Complete,,,,,,,,,,,,,,,,,,,,,,Yes,Hertzian,Feather,,,,,,,,,,,,,RECTANGULAR,NotPrepared,No,3.44,1.54,Main,,,,,,,,,,,11.68,11.11,10.16,9.1,2.11,0.26,,N
850,LIK,XIII,P5c,,,Opaline/CCS,0%,,Flake,Complete,,,,,,,,,,,,,,,,,,,,,,Yes,Wedging,Bipolar,,,,,,,,,,,,,KITE,Indeterminate,No,3.46,1.31,Main,,,,,,,,,,,13.94,13.94,8.19,8.17,1.94,0.23,,N
851,LIK,XIII,P5c,,,Opaline/CCS,0%,,Flake,Distal,,,,,,,,,,,,,,,,,,,,,,No,,Feather,,,,,,,,,,,,,RECTANGULAR,,,,,,,,,,,,,,,,5.55,,13.15,,2.12,0.1,,N
85,LIK,XVII,P5c,,,Opaline/CCS,0%,,Flake,Complete,,,,,,,,,,,,,,,,,,,,,,Yes,Hertzian,Feather,,,,,,,,,,,,,RECTANGULAR,ResidualFacetWithBulb,No,3.91,1.14,Main,,,,,,,,,,,10.26,10.15,6.05,6.13,0.59,0.05,,N
852,LIK,XIII,P5c,,,Opaline/CCS,0%,,Flake,Complete,,,,,,,,,,,,,,,,,,,,,,Yes,Hertzian,Feather,,,,,,,,,,,,,TRAPEZOIDAL,NotPrepared,No,4.19,1.51,CoreMaintenance,,,,,,,,,,,8.26,8.26,18.09,15.07,2.09,0.35,,N
853,LIK,XIII,P5c,,,Opaline/CCS,0%,,Flake,Complete,,,,,,,,,,,,,,,,,,,,,,Yes,Hertzian,Crushed,,,,,,,,,,,,,RECTANGULAR,NotPrepared,No,2.84,1.24,Main,,,,,,,,,,,15.3,15.3,7.41,7.02,2.08,0.33,,N
854,LIK,XIII,P5c,,,Opaline/CCS,0%,,Flake,Distal,,,,,,,,,,,,,,,,,,,,,,No,,Feather,,,,,,,,,,,,,RECTANGULAR,,,,,,,,,,,,,,,,13.8,,17.05,,1.74,0.49,,N
855,LIK,XIII,P5c,,,Opaline/CCS,0%,,Flake,Complete,,,,,,,,,,,,,,,,,,,,,,Yes,Hertzian,Feather,,,,,,,,,,,,,OVAL,NotPrepared,No,9.55,1.6,CoreMaintenance,,,,,,,,,,,9.33,9.02,11.63,9.41,3.35,0.27,,N
856,LIK,XIII,P5c,,,Opaline/CCS,0%,,Flake,Complete,,,,,,,,,,,,,,,,,,,,,,Yes,Hertzian,Feather,,,,,,,,,,,,,RECTANGULAR,NotPrepared,No,5.32,3.6,Main,,,,,,,,,,,11.09,11.09,10.36,8.12,3.08,0.32,KOMBEWA Flake?,Y
857,LIK,XIII,P5c,,,Opaline/CCS,0%,,Flake,Complete,,,,,,,,,,,,,,,,,,,,,,Yes,Hertzian,Feather,,,,,,,,,,,,,RECTANGULAR,NotPrepared,No,2.36,0.35,Main,,,,,,,,,,,10.9,10.9,5,4.99,1.21,0.05,,N
858,LIK,XIII,P5c,,,Opaline/CCS,0%,,Flake,Complete,,,,,,,,,,,,,,,,,,,,,,Yes,Hertzian,Feather,,,,,,,,,,,,,TRAPEZOIDAL,NotPrepared,No,6,2.04,Main,,,,,,,,,,,11.5,11.2,11.85,10.05,2.3,0.31,KOMBEWA Flake?,Y
859,LIK,XIII,P5c,,,Opaline/CCS,0%,,Flake,Distal,,,,,,,,,,,,,,,,,,,,,,No,,Feather,,,,,,,,,,,,,TRAPEZOIDAL,,,,,,,,,,,,,,,,6.67,,12.01,,0.99,0.04,,N
860,LIK,XIII,P5c,,,Opaline/CCS,0%,,Flake,Complete,,,,,,,,,,,,,,,,,,,,,,Yes,Hertzian,Feather,,,,,,,,,,,,,RECTANGULAR,Indeterminate,No,8.18,1.5,Main,,,,,,,,,,,11.03,9.21,11.84,9.83,0.71,0.13,,N
861,LIK,XIII,P5c,,,Opaline/CCS,0%,,Flake,Distal,,,,,,,,,,,,,,,,,,,,,,No,,Feather,,,,,,,,,,,,,TRIANGULAR,,,,,,,,,,,,,,,,23.66,,7.83,,2.09,0.37,,N
86,LIK,XVII,P5c,,,Opaline/CCS,0%,,Flake,Complete,,,,,,,,,,,,,,,,,,,,,,Yes,Hertzian,Overshot,,,,,,,,,,,,,RECTANGULAR,ResidualFacetWithBulb,No,5.92,1.27,Main,,,,,,,,,,,31.31,29.33,7.51,7.47,7.47,1.22,,N
862,LIK,XIII,P5c,,,Opaline/CCS,0%,,Flake,Mesial,,,,,,,,,,,,,,,,,,,,,,No,,Indeterminate,,,,,,,,,,,,,KITE,,,,,,,,,,,,,,,,13.46,,13.13,,3.56,0.57,,N
863,LIK,XIII,P5c,,,Opaline/CCS,0%,,Flake,Complete,,,,,,,,,,,,,,,,,,,,,,Yes,Hertzian,Feather,,,,,,,,,,,,,OVAL,NotPrepared,No,7.2,1.08,Main,,,,,,,,,,,8.48,8.48,11.96,11.96,0.85,0.13,,N
864,LIK,XIII,P5c,,,Opaline/CCS,0%,,Flake,Proximal,,,,,,,,,,,,,,,,,,,,,,Yes,Hertzian,Indeterminate,,,,,,,,,,,,,RECTANGULAR,NotPrepared,No,4.32,2.41,,,,,,,,,,,,12.58,,24.05,,5.23,2.08,,N
865,LIK,XIII,P5c,,,Opaline/CCS,0%,,Flake,Distal,,,,,,,,,,,,,,,,,,,,,,No,,Feather,,,,,,,,,,,,,RECTANGULAR,,,,,,,,,,,,,,,,7.79,,14.86,,1.38,0.13,,N
866,LIK,XIII,P5c,,,Opaline/CCS,0%,,Flake,Complete,,,,,,,,,,,,,,,,,,,,,,Yes,Hertzian,Feather,,,,,,,,,,,,,OVAL,NotPrepared,No,4.58,1.06,Main,,,,,,,,,,,18.63,14.49,13.07,10.63,2.96,0.49,,N
867,LIK,XIII,P5c,,,Opaline/CCS,0%,,Flake,Fragment,,,,,,,,,,,,,,,,,,,,,,Yes,Bending,Overshot,,,,,,,,,,,,,OVAL,NotPrepared,No,10.51,2.05,,,,,,,,,,,,17.7,,15.18,,2.6,0.69,,N
868,LIK,XIII,P5c,,,Opaline/CCS,0%,,Flake,Mesial,,,,,,,,,,,,,,,,,,,,,,No,,Indeterminate,,,,,,,,,,,,,RECTANGULAR,,,,,,,,,,,,,,,,9.57,,9.14,,1.72,0.08,,N
869,LIK,XIII,P5c,,,Opaline/CCS,0%,,Flake,Distal,,,,,,,,,,,,,,,,,,,,,,No,,Feather,,,,,,,,,,,,,RECTANGULAR,,,,,,,,,,,,,,,,21.35,,8.96,,4.89,0.71,,N
870,LIK,XIII,P5c,,,Opaline/CCS,0%,,Flake,Complete,,,,,,,,,,,,,,,,,,,,,,Yes,Hertzian,Feather,,,,,,,,,,,,,RECTANGULAR,ResidualFacetWithBulb,No,3.78,0.97,Main,,,,,,,,,,,13.74,13.74,7.06,7.06,1.55,0.16,,N
871,LIK,XIII,P5c,,,Opaline/CCS,0%,,Flake,Distal,,,,,,,,,,,,,,,,,,,,,,No,,Feather,,,,,,,,,,,,,RECTANGULAR,,,,,,,,,,,,,,,,5.78,,13.83,,3.41,0.41,,N
87,LIK,XVII,P5c,,,Opaline/CCS,0%,,Flake,Complete,,,,,,,,,,,,,,,,,,,,,,Yes,Hertzian,Feather,,,,,,,,,,,,,TRIANGULAR,NotPrepared,No,2.82,1.22,Main,,,,,,,,,,,17.22,17.23,6.38,6.38,2.1,0.25,,N
872,LIK,XIII,P5c,,,Opaline/CCS,0%,,Flake,Distal,,,,,,,,,,,,,,,,,,,,,,No,,Feather,,,,,,,,,,,,,OVAL,,,,,,,,,,,,,,,,9.29,,14.07,,1.73,0.17,,N
873,LIK,XIII,P5c,,,Opaline/CCS,0%,,Flake,Proximal,,,,,,,,,,,,,,,,,,,,,,Yes,Hertzian,Indeterminate,,,,,,,,,,,,,TRAPEZOIDAL,NotPrepared,No,7.53,1.66,,,,,,,,,,,,7.33,,16.21,,2,0.24,,N
874,LIK,XIII,P5c,,,Opaline/CCS,0%,,Flake,Complete,,,,,,,,,,,,,,,,,,,,,,Yes,Hertzian,Feather,,,,,,,,,,,,,RECTANGULAR,NotPrepared,No,4.31,2.16,Main,,,,,,,,,,,18.99,16.53,14.4,13.16,3.41,0.75,,N
875,LIK,XIII,P5c,,,Opaline/CCS,0%,,Flake,Distal,,,,,,,,,,,,,,,,,,,,,,No,,Feather,,,,,,,,,,,,,RECTANGULAR,,,,,,,,,,,,,,,,16.88,,16.4,,6.22,2.6,,N
876,LIK,XIII,P5c,,,Opaline/CCS,1-10%,Outcrop,Flake,Distal,,,,,,,,,,,,,,,,,,,,,,No,,Overshot,,,,,,,,,,,,,RECTANGULAR,,,,,,,,,,,,,,,,15.28,,10.2,,2.21,0.44,,N
877,LIK,XIII,P5c,,,Opaline/CCS,0%,,Flake,Mesial,,,,,,,,,,,,,,,,,,,,,,No,,Indeterminate,,,,,,,,,,,,,RECTANGULAR,,,,,,,,,,,,,,,,5.66,,17.99,,2.53,0.32,,N
878,LIK,XIII,P5c,,,Opaline/CCS,0%,,Flake,Fragment,,,,,,,,,,,,,,,,,,,,,,Yes,Hertzian,Feather,,,,,,,,,,,,,RHOMBUS,NotPrepared,No,5.29,5.56,,,,,,,,,,,,18.77,,11.85,,3.85,0.83,,N
879,LIK,XIII,P5c,,,Opaline/CCS,0%,,Flake,Complete,,,,,,,,,,,,,,,,,,,,,,Yes,Hertzian,Feather,,,,,,,,,,,,,RECTANGULAR,NotPrepared,No,4.43,1.22,Main,,,,,,,,,,,15.31,15.31,9.86,6.56,1.72,0.27,,N
880,LIK,XIII,P5c,,,Opaline/CCS,0%,,Flake,Complete,,,,,,,,,,,,,,,,,,,,,,Yes,Hertzian,Feather,,,,,,,,,,,,,RECTANGULAR,Indeterminate,No,2.54,0.96,Main,,,,,,,,,,,11.35,11.35,4.22,4.13,1.09,0.03,,N
881,LIK,XIII,P5c,,,Opaline/CCS,0%,,Flake,Mesial,,,,,,,,,,,,,,,,,,,,,,No,,Indeterminate,,,,,,,,,,,,,RECTANGULAR,,,,,,,,,,,,,,,,3.56,,12.93,,1.79,0.14,,N
88,LIK,XVII,P5c,,,Opaline/CCS,0%,,Flake,Complete,,,,,,,,,,,,,,,,,,,,,,Yes,Hertzian,Feather,,,,,,,,,,,,,RECTANGULAR,FacetWithBulb,No,3.34,1.44,Main,,,,,,,,,,,11.81,9.78,6.4,5.16,1.25,0.06,,N
882,LIK,XIII,P5c,,,Opaline/CCS,0%,,Flake,Complete,,,,,,,,,,,,,,,,,,,,,,Yes,Hertzian,Feather,,,,,,,,,,,,,RECTANGULAR,NotPrepared,No,4.62,3.12,Main,,,,,,,,,,,17.53,17.53,6.78,6.78,2.69,0.32,,N
883,LIK,XIII,P5c,,,Opaline/CCS,0%,,Flake,Mesial,,,,,,,,,,,,,,,,,,,,,,No,,Indeterminate,,,,,,,,,,,,,RECTANGULAR,,,,,,,,,,,,,,,,6.96,,14.06,,2.24,0.34,,N
884,LIK,XIII,P5c,,,Opaline/CCS,0%,,Flake,Complete,,,,,,,,,,,,,,,,,,,,,,Yes,Hertzian,Feather,,,,,,,,,,,,,RECTANGULAR,Indeterminate,No,2.57,0.83,Main,,,,,,,,,,,5.98,5.98,12.4,12.4,0.84,0.06,,N
885,LIK,XIII,P5c,,,Opaline/CCS,0%,,Flake,Proximal,,,,,,,,,,,,,,,,,,,,,,Yes,Hertzian,Indeterminate,,,,,,,,,,,,,RECTANGULAR,Indeterminate,No,2.57,0.95,,,,,,,,,,,,11.62,,9.96,,1.52,0.19,,N
886,LIK,XIII,P5c,,,Opaline/CCS,0%,,Flake,Mesial,,,,,,,,,,,,,,,,,,,,,,No,,Indeterminate,,,,,,,,,,,,,RECTANGULAR,,,,,,,,,,,,,,,,11.62,,7.76,,1.32,0.13,,N
887,LIK,XIII,P5c,,,Opaline/CCS,0%,,Flake,Distal,,,,,,,,,,,,,,,,,,,,,,No,,Feather,,,,,,,,,,,,,TRAPEZOIDAL,,,,,,,,,,,,,,,,6.72,,12.43,,0.66,0.07,,N
888,LIK,XIII,P5c,,,Opaline/CCS,0%,,Flake,Mesial,,,,,,,,,,,,,,,,,,,,,,No,,Indeterminate,,,,,,,,,,,,,RECTANGULAR,,,,,,,,,,,,,,,,13.01,,5.83,,1.35,0.08,,N
889,LIK,XIII,P5c,,,Opaline/CCS,0%,,Flake,Complete,,,,,,,,,,,,,,,,,,,,,,Yes,Bending,Feather,,,,,,,,,,,,,RECTANGULAR,NotPrepared,No,4.33,0.69,Main,,,,,,,,,,,17.19,17.15,13.43,11.34,1.73,0.31,,N
890,LIK,XIII,P5c,,,Opaline/CCS,0%,,Flake,Mesial,,,,,,,,,,,,,,,,,,,,,,No,,Indeterminate,,,,,,,,,,,,,TRIANGULAR,,,,,,,,,,,,,,,,6.96,,15.11,,6.62,0.78,,N
891,LIK,XIII,P5c,,,Opaline/CCS,0%,,Flake,Complete,,,,,,,,,,,,,,,,,,,,,,Yes,Hertzian,Overshot,,,,,,,,,,,,,RECTANGULAR,NotPrepared,No,7.18,4.37,Main,,,,,,,,,,,6.54,6.54,20.15,20.15,6.02,0.82,,N
89,LIK,XVII,P5c,,,Opaline/CCS,0%,,Flake,Distal,,,,,,,,,,,,,,,,,,,,,,No,,Feather,,,,,,,,,,,,,RECTANGULAR,,,,,,,,,,,,,,,,12.05,,7.95,,0.55,0.1,,N
892,LIK,XIII,P5c,,,Opaline/CCS,0%,,Flake,Fragment,,,,,,,,,,,,,,,,,,,,,,Yes,Hertzian,Indeterminate,,,,,,,,,,,,,OVAL,NotPrepared,No,2.86,1.92,,,,,,,,,,,,10.27,,10.69,,2.29,0.27,,N
893,LIK,XIII,P5c,,,Opaline/CCS,0%,,Flake,Distal,,,,,,,,,,,,,,,,,,,,,,No,,Feather,,,,,,,,,,,,,TRAPEZOIDAL,,,,,,,,,,,,,,,,11.37,,8.02,,2.12,0.23,,N
894,LIK,XIII,P5c,,,Opaline/CCS,0%,,Flake,Proximal,,,,,,,,,,,,,,,,,,,,,,Yes,Hertzian,Indeterminate,,,,,,,,,,,,,RECTANGULAR,NotPrepared,No,6.52,2.24,,,,,,,,,,,,13.26,,12.37,,2.65,0.57,,N
895,LIK,XIII,P5c,,,Opaline/CCS,0%,,Flake,Mesial,,,,,,,,,,,,,,,,,,,,,,No,,Indeterminate,,,,,,,,,,,,,RECTANGULAR,,,,,,,,,,,,,,,,14.64,,17.32,,7.59,1.88,,N
896,LIK,XIII,P5c,,,Opaline/CCS,0%,,Flake,Proximal,,,,,,,,,,,,,,,,,,,,,,Yes,Hertzian,Indeterminate,,,,,,,,,,,,,TRAPEZOIDAL,NotPrepared,No,2.35,2,,,,,,,,,,,,16.66,,9.03,,4.47,0.8,,N
897,LIK,XIII,P5c,,,Opaline/CCS,10-40%,Cobble,Flake,Complete,,,,,,,,,,,,,,,,,,,,,,Yes,Hertzian,Feather,,,,,,,,,,,,,RECTANGULAR,NotPrepared,No,17.44,9.2,Initial,,,,,,,,,,,22.02,22.02,14.13,11.29,6.35,2,,N
898,LIK,XIII,P5c,,,Opaline/CCS,0%,,Core,,Complete,,,,,,,,,,,,,,,,,,,,,,,,,,,,,,,,,,,,,,,,,,Platform,FlatBladelet,Cubic,0%,3,2,1,2,5,12.18,23.18,23.18,11.28,11.28,3.05,0.91,,N
899,LIK,XIII,P5c,,,Opaline/CCS,0%,,Core,,Complete,,,,,,,,,,,,,,,,,,,,,,,,,,,,,,,,,,,,,,,,,,Platform,Irregular,Spherical,0%,3,2,1,4,5,10.99,14.51,14.13,10.13,10.13,5.66,1.02,,Y
900,LIK,XIII,P5c,,,Opaline/CCS,0%,,Core,,Complete,,,,,,,,,,,,,,,,,,,,,,,,,,,,,,,,,,,,,,,,,,Platform,Radial,Cubic,0%,3,2,2,2,2,9.71,21.42,20.04,16.49,16.49,8.08,3.83,,N
901,LIK,XIII,P5c,,,Opaline/CCS,0%,,Core,,Complete,,,,,,,,,,,,,,,,,,,,,,,,,,,,,,,,,,,,,,,,,,Platform,Irregular,Cubic,0%,3,3,2,1,5,9.64,13.61,13.6,11.92,11.92,5.32,0.96,,N
9,LIK,XVII,O5b,,,Opaline/CCS,0%,,Flake,Proximal,,,,,,,,,,,,,,,,,,,,,,Yes,Hertzian,Feather,,,,,,,,,,,,,RECTANGULAR,ResidualFacetWithBulb,Yes,8.05,3.08,,,,,,,,,,,,12.82,,17.99,,1.65,0.48,,N
90,LIK,XVII,P5c,,,Opaline/CCS,0%,,Flake,Complete,,,,,,,,,,,,,,,,,,,,,,Yes,Hertzian,Overshot,,,,,,,,,,,,,KITE,NotPrepared,No,6.33,2.92,Main,,,,,,,,,,,26.02,25.15,16.49,13.09,3.66,1.2,,N
902,LIK,XIII,P5c,,,Opaline/CCS,0%,,Core,,Complete,,,,,,,,,,,,,,,,,,,,,,,,,,,,,,,,,,,,,,,,,,Inclined,Radial,Cubic,0%,2,2,1,1,8,7.72,14.14,14.14,14.31,14.32,4.92,1.2,,Y
903,LIK,XIII,P5c,,,Opaline/CCS,0%,,Core,,Fragment,,,,,,,,,,,,,,,,,,,,,,,,,,,,,,,,,,,,,,,,,,Platform,Irregular,Cubic,0%,3,3,4,3,1,5.88,22.31,,15.35,,6.94,2,,N
904,LIK,XIII,P5c,,,Opaline/CCS,0%,,Core,,Complete,,,,,,,,,,,,,,,,,,,,,,,,,,,,,,,,,,,,,,,,,,Platform,Irregular,Cubic,0%,3,3,2,2,4,6.28,17.32,17.32,14.98,14.98,9.29,4.19,,N
905,LIK,XIII,P5c,,,Opaline/CCS,0%,,Core,,Complete,,,,,,,,,,,,,,,,,,,,,,,,,,,,,,,,,,,,,,,,,,Inclined,Irregular,Cubic,0%,5,1,5,4,7,10.28,29.75,29.76,23.42,21.13,10.75,8.53,,N
906,LIK,XIII,P5c,,,Opaline/CCS,0%,,Core,,Complete,,,,,,,,,,,,,,,,,,,,,,,,,,,,,,,,,,,,,,,,,,Platform,Irregular,Cubic,0%,3,2,1,2,4,25.45,26.43,22.62,19.17,15.81,12.03,6.87,,N
907,LIK,XIII,P5c,,,Opaline/CCS,0%,,Core,,Complete,,,,,,,,,,,,,,,,,,,,,,,,,,,,,,,,,,,,,,,,,,Platform,Irregular,Cubic,0%,3,3,3,2,6,6.75,24.61,24.61,20.66,20.66,5.58,3.8,,N
908,LIK,XIII,P5c,,,Opaline/CCS,0%,,Core,,Complete,,,,,,,,,,,,,,,,,,,,,,,,,,,,,,,,,,,,,,,,,,Platform,Radial,Cubic,0%,4,4,2,0,5,10.17,32.74,32.74,15,15,5.59,3.87,Core on flake,Y
909,LIK,XIII,P5c,,,Opaline/CCS,0%,,Flake,Complete,,,,,,,,,,,,,,,,,,,,,,Yes,Hertzian,Feather,,,,,,,,,,,,,RECTANGULAR,NotPrepared,No,2.37,1.61,Main,,,,,,,,,,,11.57,11.24,5.84,5.33,1.24,0.12,,N
910,LIK,XIII,P5c,,,Opaline/CCS,0%,,Flake,Complete,,,,,,,,,,,,,,,,,,,,,,Yes,Hertzian,Feather,,,,,,,,,,,,,TRIANGULAR,NotPrepared,No,2.35,0.96,Main,,,,,,,,,,,11.1,11.18,8.6,7.92,1.85,0.17,,N
911,LIK,XIII,P5c,,,Opaline/CCS,0%,,Flake,Complete,,,,,,,,,,,,,,,,,,,,,,Yes,Hertzian,Feather,,,,,,,,,,,,,RECTANGULAR,NotPrepared,No,2.61,0.79,Main,,,,,,,,,,,18.21,18.72,6.22,6.22,1.79,0.18,,N
91,LIK,XVII,P5c,,,Opaline/CCS,0%,,Flake,Distal,,,,,,,,,,,,,,,,,,,,,,No,,Feather,,,,,,,,,,,,,RECTANGULAR,,,,,,,,,,,,,,,,25.46,,6,,3.7,0.67,,N
912,LIK,XIII,P5c,,,Opaline/CCS,0%,,Flake,Complete,,,,,,,,,,,,,,,,,,,,,,Yes,Hertzian,Feather,,,,,,,,,,,,,RECTANGULAR,NotPrepared,No,5.46,2.02,Main,,,,,,,,,,,29.53,28.8,12.93,11.48,5.32,1.84,,N
913,LIK,XIII,P5c,,,Opaline/CCS,0%,,Flake,Fragment,,,,,,,,,,,,,,,,,,,,,,Yes,Hertzian,Feather,,,,,,,,,,,,,RECTANGULAR,Indeterminate,No,4.7,1.32,,,,,,,,,,,,4.88,,14.2,,0.85,0.15,,N
914,LIK,XIII,P5c,,,Opaline/CCS,0%,,Flake,Distal,,,,,,,,,,,,,,,,,,,,,,No,,Feather,,,,,,,,,,,,,TRIANGULAR,,,,,,,,,,,,,,,,32.23,,20.21,,10.43,4.23,,N
915,LIK,XIII,P5c,,,Hornfels,0%,,Flake,Complete,,,,,,,,,,,,,,,,,,,,,,Yes,Hertzian,Feather,,,,,,,,,,,,,RECTANGULAR,NotPrepared,No,8.36,1.5,Main,,,,,,,,,,,12.42,11.64,8.19,8.19,1.87,0.23,,N
916,LIK,XIII,P5c,,,Hornfels,0%,,Flake,Distal,,,,,,,,,,,,,,,,,,,,,,No,,Feather,,,,,,,,,,,,,RECTANGULAR,,,,,,,,,,,,,,,,12.98,,9.29,,3.31,0.4,,N
917,LIK,XIII,P5c,,,Hornfels,0%,,Flake,Mesial,,,,,,,,,,,,,,,,,,,,,,No,,Indeterminate,,,,,,,,,,,,,RECTANGULAR,,,,,,,,,,,,,,,,11.41,,6.2,,2.2,0.15,,N
918,LIK,XIII,P5c,,,Hornfels,0%,,Flake,Proximal,,,,,,,,,,,,,,,,,,,,,,Yes,Hertzian,Indeterminate,,,,,,,,,,,,,CIRCULAR,FacetWithBulb,No,14.04,4.83,,,,,,,,,,,,18.98,,18.98,,4.13,1.84,,N
919,LIK,XIII,P5c,,,Hornfels,0%,,Flake,Complete,,,,,,,,,,,,,,,,,,,,,,Yes,Hertzian,Overshot,,,,,,,,,,,,,RECTANGULAR,ResidualFacetWithBulb,No,15.27,5.22,Main,,,,,,,,,,,18.46,18.46,21.42,17.35,8.43,3.81,,N
920,LIK,XIII,P5c,,,Hornfels,0%,,Flake,Complete,,,,,,,,,,,,,,,,,,,,,,Yes,Hertzian,Step,,,,,,,,,,,,,RECTANGULAR,NotPrepared,No,4.78,3.31,Main,,,,,,,,,,,15.66,15.66,7.22,7.22,3.86,0.52,,N
921,LIK,XIII,P5c,,,Hornfels,0%,,Flake,Proximal,,,,,,,,,,,,,,,,,,,,,,Yes,Hertzian,Indeterminate,,,,,,,,,,,,,RHOMBUS,NotPrepared,No,9.85,2.57,,,,,,,,,,,,16.42,,13.25,,3.67,0.76,,N
92,LIK,XVII,P5c,,,Opaline/CCS,1-10%,Outcrop,Flake,Distal,,,,,,,,,,,,,,,,,,,,,,No,,Overshot,,,,,,,,,,,,,RECTANGULAR,,,,,,,,,,,,,,,,29.25,,12.13,,5.6,2.05,,N
922,LIK,XIII,P5c,,,Hornfels,0%,,Flake,Complete,,,,,,,,,,,,,,,,,,,,,,Yes,Hertzian,Feather,,,,,,,,,,,,,CIRCULAR,NotPrepared,No,6.22,1.87,Main,,,,,,,,,,,11.75,9.53,13.07,13.07,1.63,0.29,,N
923,LIK,XIII,P5c,,,Hornfels,0%,,Flake,Fragment,,,,,,,,,,,,,,,,,,,,,,No,,Feather,,,,,,,,,,,,,RECTANGULAR,,,,,,,,,,,,,,,,14.63,,9.61,,1.87,0.26,,N
924,LIK,XIII,P5c,,,Hornfels,0%,,Flake,Complete,,,,,,,,,,,,,,,,,,,,,,Yes,Hertzian,Feather,,,,,,,,,,,,,CIRCULAR,NotPrepared,No,4.84,1.94,Main,,,,,,,,,,,19.63,19.63,18.22,18.21,2.02,0.97,,N
925,LIK,XIII,P5c,,,Hornfels,0%,,Flake,Complete,,,,,,,,,,,,,,,,,,,,,,Yes,Hertzian,Feather,,,,,,,,,,,,,RECTANGULAR,NotPrepared,No,10.12,2.66,Main,,,,,,,,,,,20.53,20.52,24.07,24.07,7.74,3.75,,N
926,LIK,XIII,P5c,,,Hornfels,0%,,Flake,Complete,,,,,,,,,,,,,,,,,,,,,,Yes,Hertzian,Feather,,,,,,,,,,,,,RECTANGULAR,Indeterminate,No,3.27,1.88,Main,,,,,,,,,,,15.71,15.71,13.15,8.54,1.71,0.22,,N
927,LIK,XIII,P5c,,,Hornfels,0%,,Flake,Mesial,,,,,,,,,,,,,,,,,,,,,,No,,Indeterminate,,,,,,,,,,,,,RECTANGULAR,,,,,,,,,,,,,,,,8.7,,11.57,,2.42,0.24,,N
928,LIK,XIII,P5c,,,Hornfels,0%,,Flake,Complete,,,,,,,,,,,,,,,,,,,,,,Yes,Hertzian,Feather,,,,,,,,,,,,,RECTANGULAR,NotPrepared,Yes,3.97,1.99,Main,,,,,,,,,,,20.42,20.42,18.39,16.5,6.63,2.17,,N
929,LIK,XIII,P5c,,,Hornfels,0%,,Flake,Mesial,,,,,,,,,,,,,,,,,,,,,,No,,Indeterminate,,,,,,,,,,,,,RHOMBUS,,,,,,,,,,,,,,,,13.7,,10.27,,1.85,0.26,,N
930,LIK,XIII,P5c,,,Hornfels,0%,,Flake,Mesial,,,,,,,,,,,,,,,,,,,,,,No,,Indeterminate,,,,,,,,,,,,,TRIANGULAR,,,,,,,,,,,,,,,,15.21,,10.4,,2.2,0.38,,N
931,LIK,XIII,P5c,,,Hornfels,0%,,Flake,Complete,,,,,,,,,,,,,,,,,,,,,,Yes,Bending,Feather,,,,,,,,,,,,,TRAPEZOIDAL,NotPrepared,No,15.09,4.15,Main,,,,,,,,,,,13.37,13.62,29.22,23.21,5.42,1.82,,N
93,LIK,XVII,P5c,,,Opaline/CCS,0%,,Flake,Complete,,,,,,,,,,,,,,,,,,,,,,Yes,Hertzian,Overshot,,,,,,,,,,,,,SQUARE,NotPrepared,No,9.79,3.34,Main,,,,,,,,,,,12.74,12.73,15.6,14.21,5.79,1.46,,N
932,LIK,XIII,P5c,,,Hornfels,0%,,Flake,Complete,,,,,,,,,,,,,,,,,,,,,,Yes,Hertzian,Feather,,,,,,,,,,,,,TRIANGULAR,NotPrepared,No,6.7,1.99,Main,,,,,,,,,,,11.42,11.42,6.99,6.69,2.22,0.29,,N
933,LIK,XIII,P5c,,,Hornfels,0%,,Flake,Mesial,,,,,,,,,,,,,,,,,,,,,,No,,Indeterminate,,,,,,,,,,,,,RECTANGULAR,,,,,,,,,,,,,,,,6.51,,13.39,,1.73,0.19,,N
934,LIK,XIII,P5c,,,Hornfels,0%,,Flake,Complete,,,,,,,,,,,,,,,,,,,,,,Yes,Hertzian,Feather,,,,,,,,,,,,,RECTANGULAR,NotPrepared,No,10.68,1.49,Main,,,,,,,,,,,13.97,12.72,11.58,11.58,2.19,0.35,,N
935,LIK,XIII,P5c,,,Hornfels,0%,,Flake,Complete,,,,,,,,,,,,,,,,,,,,,,Yes,Bending,Feather,,,,,,,,,,,,,TRIANGULAR,NotPrepared,No,10.63,3.51,Main,,,,,,,,,,,11.07,11.07,12.12,12.12,3.48,0.35,,N
936,LIK,XIII,P5c,,,Hornfels,0%,,Flake,Proximal,,,,,,,,,,,,,,,,,,,,,,Yes,Hertzian,Indeterminate,,,,,,,,,,,,,RECTANGULAR,NotPrepared,Yes,4.89,2.33,,,,,,,,,,,,26.39,,10.57,,5.72,1.7,,N
937,LIK,XIII,P5c,,,Hornfels,0%,,Flake,Distal,,,,,,,,,,,,,,,,,,,,,,No,,Overshot,,,,,,,,,,,,,RECTANGULAR,,,,,,,,,,,,,,,,7.02,,12.59,,2.11,0.34,,N
938,LIK,XIII,P5c,,,Hornfels,0%,,Flake,Mesial,,,,,,,,,,,,,,,,,,,,,,No,,Indeterminate,,,,,,,,,,,,,OVAL,,,,,,,,,,,,,,,,8.85,,11.38,,1.08,0.12,,N
939,LIK,XIII,P5c,,,Hornfels,0%,,Flake,Mesial,,,,,,,,,,,,,,,,,,,,,,No,,Indeterminate,,,,,,,,,,,,,RECTANGULAR,,,,,,,,,,,,,,,,7.46,,17.63,,1.67,0.37,,N
940,LIK,XIII,P5c,,,Hornfels,0%,,Flake,Complete,,,,,,,,,,,,,,,,,,,,,,Yes,Hertzian,Feather,,,,,,,,,,,,,RECTANGULAR,NotPrepared,No,7.27,2.43,Main,,,,,,,,,,,18.14,18.14,7.79,7.78,3.18,0.55,,N
941,LIK,XIII,P5c,,,Hornfels,0%,,Flake,Mesial,,,,,,,,,,,,,,,,,,,,,,No,,Indeterminate,,,,,,,,,,,,,RECTANGULAR,,,,,,,,,,,,,,,,6.21,,16.22,,0.78,0.06,,N
94,LIK,XVII,P5c,,,Opaline/CCS,0%,,Flake,Distal,,,,,,,,,,,,,,,,,,,,,,No,,Feather,,,,,,,,,,,,,RECTANGULAR,,,,,,,,,,,,,,,,14.69,,7.73,,0.74,0.09,,N
942,LIK,XIII,P5c,,,Hornfels,0%,,Flake,Fragment,,,,,,,,,,,,,,,,,,,,,,Yes,Hertzian,Indeterminate,,,,,,,,,,,,,TRIANGULAR,NotPrepared,No,12.01,2.59,,,,,,,,,,,,8.03,,11.97,,2.45,0.3,,N
943,LIK,XIII,P5c,,,Hornfels,0%,,Flake,Distal,,,,,,,,,,,,,,,,,,,,,,No,,Feather,,,,,,,,,,,,,TRIANGULAR,,,,,,,,,,,,,,,,13.51,,15.06,,2.56,0.65,,N
944,LIK,XIII,P5c,,,Hornfels,0%,,Flake,Complete,,,,,,,,,,,,,,,,,,,,,,Yes,Hertzian,Feather,,,,,,,,,,,,,TRIANGULAR,NotPrepared,No,18.76,4.28,Main,,,,,,,,,,,20.17,18.73,18.87,16.02,4.29,1.48,,N
945,LIK,XIII,P5c,,,Hornfels,0%,,Flake,Proximal,,,,,,,,,,,,,,,,,,,,,,Yes,Hertzian,Indeterminate,,,,,,,,,,,,,TRAPEZOIDAL,NotPrepared,No,8.9,6.67,,,,,,,,,,,,21.93,,15.03,,5.86,2.5,,N
946,LIK,XIII,P5c,,,Hornfels,0%,,Flake,Complete,,,,,,,,,,,,,,,,,,,,,,Yes,Hertzian,Feather,,,,,,,,,,,,,RHOMBUS,ResidualFacetWithBulb,No,20.74,3.42,Main,,,,,,,,,,,17.55,15.61,20.29,15.98,4.06,1.09,,N
947,LIK,XIII,P5c,,,Hornfels,0%,,Flake,Complete,,,,,,,,,,,,,,,,,,,,,,Yes,Bending,Feather,,,,,,,,,,,,,RECTANGULAR,NotPrepared,No,7.08,1.81,Main,,,,,,,,,,,20.29,20.29,11.8,11.8,3.29,0.68,,N
948,LIK,XIII,P5c,,,Hornfels,0%,,Flake,Complete,,,,,,,,,,,,,,,,,,,,,,Yes,Hertzian,Feather,,,,,,,,,,,,,RECTANGULAR,ResidualFacetWithBulb,No,12.38,2.47,Main,,,,,,,,,,,13,13,19.51,18.1,5.04,1.45,,N
949,LIK,XIII,P5c,,,Hornfels,0%,,Flake,Complete,,,,,,,,,,,,,,,,,,,,,,Yes,Hertzian,Feather,,,,,,,,,,,,,TRAPEZOIDAL,ResidualFacetWithBulb,No,12.59,3.42,Main,,,,,,,,,,,20.76,20.76,22.35,19.62,4.99,1.69,,N
950,LIK,XIII,P5c,,,Hornfels,40-60%,Cobble,Flake,Distal,,,,,,,,,,,,,,,,,,,,,,No,,Feather,,,,,,,,,,,,,RECTANGULAR,,,,,,,,,,,,,,,,43.46,,22.04,,6.62,7.37,,N
951,LIK,XIII,P5c,,,Hornfels,40-60%,Cobble,Flake,Complete,,,,,,,,,,,,,,,,,,,,,,Yes,Hertzian,Feather,,,,,,,,,,,,,OVAL,NotPrepared,No,14.91,4.28,Initial,,,,,,,,,,,22.19,22.48,29.16,27.1,4.95,3.58,,N
95,LIK,XVII,P5c,,,Opaline/CCS,0%,,Flake,Complete,,,,,,,,,,,,,,,,,,,,,,Yes,Hertzian,Feather,,,,,,,,,,,,,RECTANGULAR,FacetWithBulb,No,5.34,1.87,Main,,,,,,,,,,,10,10,10.66,7.36,1.51,0.19,,N
952,LIK,XIII,P5c,,,Hornfels,0%,,Flake,Fragment,,,,,,,,,,,,,,,,,,,,,,Yes,Hertzian,Feather,,,,,,,,,,,,,RECTANGULAR,NotPrepared,No,8.11,5.62,,,,,,,,,,,,18.76,,10.87,,6.26,1.37,,N
953,LIK,XIII,P5c,,,Hornfels,0%,,Flake,Proximal,,,,,,,,,,,,,,,,,,,,,,Yes,Hertzian,Indeterminate,,,,,,,,,,,,,RECTANGULAR,NotPrepared,No,6.98,2.68,,,,,,,,,,,,19.6,,12.11,,4.52,1.32,,N
954,LIK,XIII,P5c,,,Hornfels,0%,,Flake,Fragment,,,,,,,,,,,,,,,,,,,,,,Yes,Hertzian,Indeterminate,,,,,,,,,,,,,RECTANGULAR,NotPrepared,No,16.55,4.62,,,,,,,,,,,,13.88,,21.19,,4.04,1.76,,N
955,LIK,XIII,P5c,,,Hornfels,0%,,Flake,Complete,,,,,,,,,,,,,,,,,,,,,,Yes,Hertzian,Feather,,,,,,,,,,,,,RECTANGULAR,ResidualFacetWithBulb,No,6.63,1.59,Main,,,,,,,,,,,18.14,19.09,14.93,14.93,2.28,0.8,,N
956,LIK,XIII,P5c,,,Hornfels,0%,,Flake,Complete,,,,,,,,,,,,,,,,,,,,,,Yes,Hertzian,Feather,,,,,,,,,,,,,TRIANGULAR,NotPrepared,No,7.91,7.73,Main,,,,,,,,,,,36.43,28.4,17.71,15.22,7.15,3.69,,N
957,LIK,XIII,P5c,,,Hornfels,0%,,Flake,Complete,,,,,,,,,,,,,,,,,,,,,,Yes,Hertzian,Feather,,,,,,,,,,,,,RHOMBUS,ResidualFacetWithBulb,No,12.7,3.59,Main,,,,,,,,,,,19.04,14.04,15.57,13.92,2.49,0.69,,N
958,LIK,XIII,P5c,,,Hornfels,0%,,Flake,Complete,,,,,,,,,,,,,,,,,,,,,,Yes,Hertzian,Feather,,,,,,,,,,,,,RECTANGULAR,NotPrepared,No,6.35,1.65,Main,,,,,,,,,,,12.29,12.29,10,9.25,1.87,0.28,,N
959,LIK,XIII,P5c,,,Hornfels,0%,,Flake,Complete,,,,,,,,,,,,,,,,,,,,,,Yes,Hertzian,Feather,,,,,,,,,,,,,RECTANGULAR,NotPrepared,No,10.6,3.64,Main,,,,,,,,,,,29.37,28.05,19.17,19.11,7.45,4.18,,N
960,LIK,XIII,P5c,,,Hornfels,0%,,Flake,Complete,,,,,,,,,,,,,,,,,,,,,,Yes,Hertzian,Feather,,,,,,,,,,,,,KITE,NotPrepared,No,11.47,2.03,Main,,,,,,,,,,,22.73,17.77,14.72,14.72,2.93,1.1,,N
961,LIK,XIII,P5c,,,Hornfels,0%,,Flake,Complete,,,,,,,,,,,,,,,,,,,,,,Yes,Hertzian,Feather,,,,,,,,,,,,,RECTANGULAR,NotPrepared,No,6.58,2.8,Main,,,,,,,,,,,24.65,23.55,16.97,13.75,4.98,1.91,,Y
96,LIK,XVII,P5c,,,Opaline/CCS,0%,,Flake,Distal,,,,,,,,,,,,,,,,,,,,,,No,,Feather,,,,,,,,,,,,,RECTANGULAR,,,,,,,,,,,,,,,,15.02,,6.78,,1.69,0.22,,N
962,LIK,XIII,P5c,,,Quartzite,0%,,Flake,Complete,,,,,,,,,,,,,,,,,,,,,,Yes,Hertzian,Feather,,,,,,,,,,,,,TRIANGULAR,ResidualFacetWithBulb,No,8.46,2.76,Main,,,,,,,,,,,9.74,8.95,10.52,9.78,2.34,0.25,,N
963,LIK,XIII,P5c,,,Quartzite,0%,,Flake,Mesial,,,,,,,,,,,,,,,,,,,,,,No,,Indeterminate,,,,,,,,,,,,,RECTANGULAR,,,,,,,,,,,,,,,,14.77,,15.99,,2.23,0.67,,N
964,LIK,XIII,P5c,,,Quartzite,0%,,Flake,Complete,,,,,,,,,,,,,,,,,,,,,,Yes,Hertzian,Feather,,,,,,,,,,,,,TRIANGULAR,NotPrepared,No,16.53,3.16,Main,,,,,,,,,,,19.12,14.84,20.5,15.22,3.19,1.46,,N
965,LIK,XIII,P5c,,,Quartzite,0%,,Flake,Complete,,,,,,,,,,,,,,,,,,,,,,Yes,Hertzian,Feather,,,,,,,,,,,,,RECTANGULAR,NotPrepared,Yes,8.62,2.46,Main,,,,,,,,,,,15.8,15.51,13.24,12.6,3.58,0.6,,N
966,LIK,XIII,P5c,,,Quartzite,0%,,Flake,Complete,,,,,,,,,,,,,,,,,,,,,,Yes,Hertzian,Feather,,,,,,,,,,,,,RECTANGULAR,NotPrepared,No,9.6,4.4,Main,,,,,,,,,,,23.31,17.56,27.03,24.23,3.23,2.24,,N
967,LIK,XIII,P5c,,,Quartzite,0%,,Flake,Complete,,,,,,,,,,,,,,,,,,,,,,Yes,Hertzian,Feather,,,,,,,,,,,,,RECTANGULAR,ResidualFacetWithBulb,No,15.14,7.54,Main,,,,,,,,,,,19.21,19.21,18.04,15.13,5.63,2.54,,N
968,LIK,XIII,P5c,,,Quartzite,0%,,Flake,Proximal,,,,,,,,,,,,,,,,,,,,,,Yes,Hertzian,Indeterminate,,,,,,,,,,,,,TRIANGULAR,NotPrepared,Yes,32.33,5.11,,,,,,,,,,,,16.87,,35,,3.84,3.49,,N
969,LIK,XIII,P5c,,,Quartzite,0%,,Flake,Mesial,,,,,,,,,,,,,,,,,,,,,,No,,Indeterminate,,,,,,,,,,,,,RECTANGULAR,,,,,,,,,,,,,,,,31.82,,13.47,,9.22,3.66,,N
970,LIK,XIII,P5c,,,Siltstone,0%,,Flake,Proximal,,,,,,,,,,,,,,,,,,,,,,Yes,Hertzian,Indeterminate,,,,,,,,,,,,,RECTANGULAR,ResidualFacetWithBulb,No,9.82,2.24,,,,,,,,,,,,11.92,,12.45,,2.06,0.47,,N
971,LIK,XIII,P5c,,,Siltstone,0%,,Flake,Fragment,,,,,,,,,,,,,,,,,,,,,,Yes,Hertzian,Feather,,,,,,,,,,,,,RECTANGULAR,NotPrepared,No,11.86,1.64,,,,,,,,,,,,12.3,,11.91,,1.74,0.38,,N
97,LIK,XVII,P5c,,,Opaline/CCS,0%,,Flake,Complete,,,,,,,,,,,,,,,,,,,,,,Yes,Hertzian,Overshot,,,,,,,,,,,,,RECTANGULAR,Indeterminate,No,4.22,2.67,Main,,,,,,,,,,,19.85,18.55,13.4,9.12,7.22,1.58,,N
972,LIK,XIII,P5c,,,Siltstone,0%,,Flake,Complete,,,,,,,,,,,,,,,,,,,,,,Yes,Hertzian,Feather,,,,,,,,,,,,,RECTANGULAR,NotPrepared,No,3.59,3.3,Main,,,,,,,,,,,12.32,11.22,7.19,7.19,2.99,0.3,,N
973,LIK,XIII,P5c,,,Siltstone,0%,,Flake,Distal,,,,,,,,,,,,,,,,,,,,,,No,,Overshot,,,,,,,,,,,,,TRIANGULAR,,,,,,,,,,,,,,,,27.8,,22.85,,14.35,9.8,,N
974,LIK,XIII,P5c,,,Siltstone,0%,,Core,,Complete,,,,,,,,,,,,,,,,,,,,,,,,,,,,,,,,,,,,,,,,,,Platform,Irregular,Cubic,1-10%,3,3,2,2,8,8.46,14.38,14.38,11.5,11.5,8.46,1.93,,N
975,LIK,XIII,P5c,,,Tuff,0%,,Flake,Complete,,,,,,,,,,,,,,,,,,,,,,Yes,Bending,Feather,,,,,,,,,,,,,RECTANGULAR,NotPrepared,No,12.08,3.22,Main,,,,,,,,,,,9.41,9.41,15.77,14.45,1.95,0.37,,N
976,LIK,XIII,P5c,,,Tuff,0%,,Flake,Complete,,,,,,,,,,,,,,,,,,,,,,Yes,Hertzian,Feather,,,,,,,,,,,,,RECTANGULAR,NotPrepared,No,10.7,3.64,Main,,,,,,,,,,,19.38,15.71,21.82,21.82,4.52,1.81,,N
977,LIK,XIII,P5c,,,Opaline/CCS,0%,,Flake,Complete,,,,,,,,,,,,,,,,,,,,,,Yes,Hertzian,Feather,,,,,,,,,,,,,RECTANGULAR,Indeterminate,No,4.5,1.06,Main,,,,,,,,,,,29.64,29.65,6.13,6.13,2.56,0.62,,N
978,LIK,XIII,P5c,,,Opaline/CCS,0%,,Core,,Complete,,,,,,,,,,,,,,,,,,,,,,,,,,,,,,,,,,,,,,,,,,Platform,Irregular,Cubic,1-10%,4,4,3,6,4,16.56,29.13,23.62,19.96,19.83,16.88,9.9,,N
979,LIK,XI,O4a,,,Opaline/CCS,0%,,Flake,Proximal,,,,,,,,,,,,,,,,,,,,,,Yes,Hertzian,Indeterminate,,,,,,,,,,,,,RECTANGULAR,Indeterminate,No,12.68,4.12,,,,,,,,,,,,23.59,,24.5,,7.59,5.46,,N
980,LIK,XI,O4a,,,Opaline/CCS,0%,,Flake,Complete,,,,,,,,,,,,,,,,,,,,,,Yes,Hertzian,Feather,,,,,,,,,,,,,TRIANGULAR,NotPrepared,No,9.19,3.21,Main,,,,,,,,,,,17.62,17.53,13.82,11.47,3.23,0.7,,N
981,LIK,XI,O4a,,,Opaline/CCS,0%,,Flake,Complete,,,,,,,,,,,,,,,,,,,,,,Yes,Hertzian,Feather,,,,,,,,,,,,,RECTANGULAR,NotPrepared,No,12.7,5.82,Main,,,,,,,,,,,15.32,15.47,15.24,13.02,5.94,2,,N
98,LIK,XVII,P5c,,,Opaline/CCS,0%,,Flake,Complete,,,,,,,,,,,,,,,,,,,,,,Yes,Hertzian,Feather,,,,,,,,,,,,,RECTANGULAR,Indeterminate,No,3.16,0.72,Main,,,,,,,,,,,19.63,18.91,5.12,4.17,1.49,0.17,,N
982,LIK,XI,O4a,,,Opaline/CCS,0%,,Flake,Distal,,,,,,,,,,,,,,,,,,,,,,No,,Feather,,,,,,,,,,,,,RECTANGULAR,,,,,,,,,,,,,,,,16.95,,21.21,,4.35,1.67,,N
983,LIK,XI,O4a,,,Opaline/CCS,0%,,Flake,Distal,,,,,,,,,,,,,,,,,,,,,,No,,Feather,,,,,,,,,,,,,RECTANGULAR,,,,,,,,,,,,,,,,5.59,,14.01,,2.06,0.17,,N
984,LIK,XI,O4a,,,Opaline/CCS,0%,,Flake,Complete,,,,,,,,,,,,,,,,,,,,,,Yes,Hertzian,Feather,,,,,,,,,,,,,RECTANGULAR,NotPrepared,No,16.93,5.74,Main,,,,,,,,,,,9.19,9.64,23.46,23.46,6.36,1.79,,N
985,LIK,XI,O4a,,,Opaline/CCS,0%,,Flake,Complete,,,,,,,,,,,,,,,,,,,,,,Yes,Hertzian,Feather,,,,,,,,,,,,,RECTANGULAR,NotPrepared,No,2.26,1.26,Main,,,,,,,,,,,25.97,25.96,10.76,8.05,2.16,0.97,,N
986,LIK,XI,O4a,,,Opaline/CCS,0%,,Flake,Complete,,,,,,,,,,,,,,,,,,,,,,Yes,Hertzian,Feather,,,,,,,,,,,,,KITE,NotPrepared,No,6.36,1.81,Main,,,,,,,,,,,17.37,17.37,24.32,24.32,3.13,1.56,,N
987,LIK,XI,O4a,,,Opaline/CCS,0%,,Flake,Complete,,,,,,,,,,,,,,,,,,,,,,Yes,Hertzian,Feather,,,,,,,,,,,,,CIRCULAR,NotPrepared,No,9.03,2.01,Main,,,,,,,,,,,12.46,11.67,13.36,13.36,2.44,0.4,,N
988,LIK,XI,O4a,,,Opaline/CCS,0%,,Flake,Proximal,,,,,,,,,,,,,,,,,,,,,,Yes,Hertzian,Indeterminate,,,,,,,,,,,,,RECTANGULAR,NotPrepared,No,7.05,3.92,,,,,,,,,,,,19.64,,24.28,,5.29,2.65,,N
989,LIK,XI,O4a,,,Opaline/CCS,0%,,Flake,Proximal,,,,,,,,,,,,,,,,,,,,,,Yes,Hertzian,Indeterminate,,,,,,,,,,,,,TRIANGULAR,NotPrepared,No,5.18,1.6,,,,,,,,,,,,16.21,,16.63,,3.86,1.01,,N
990,LIK,XI,O4a,,,Opaline/CCS,0%,,Flake,Mesial,,,,,,,,,,,,,,,,,,,,,,No,,Indeterminate,,,,,,,,,,,,,RECTANGULAR,,,,,,,,,,,,,,,,17.93,,11.36,,6.57,1.51,,N
991,LIK,XI,O4a,,,Opaline/CCS,0%,,Flake,Proximal,,,,,,,,,,,,,,,,,,,,,,Yes,Hertzian,Indeterminate,,,,,,,,,,,,,RECTANGULAR,NotPrepared,No,3.94,1.57,,,,,,,,,,,,17.98,,10.08,,4.19,0.74,,N
99,LIK,XVII,P5c,,,Opaline/CCS,0%,,Flake,Complete,,,,,,,,,,,,,,,,,,,,,,Yes,Hertzian,Overshot,,,,,,,,,,,,,TRIANGULAR,Indeterminate,No,2.29,1.24,Main,,,,,,,,,,,16.9,15.09,9.8,6.43,1.5,0.27,,N
992,LIK,XI,O4a,,,Opaline/CCS,0%,,Flake,Complete,,,,,,,,,,,,,,,,,,,,,,Yes,Hertzian,Hinge,,,,,,,,,,,,,RECTANGULAR,NotPrepared,No,16.79,13.26,Main,,,,,,,,,,,28.98,28.97,16.6,17.34,11.16,10,,N
993,LIK,XI,O4a,,,Opaline/CCS,0%,,Flake,Distal,,,,,,,,,,,,,,,,,,,,,,No,,Feather,,,,,,,,,,,,,RECTANGULAR,,,,,,,,,,,,,,,,9.79,,11.1,,2.13,0.24,,N
994,LIK,XI,O4a,,,Opaline/CCS,0%,,Flake,Complete,,,,,,,,,,,,,,,,,,,,,,Yes,Hertzian,Feather,,,,,,,,,,,,,RECTANGULAR,NotPrepared,No,11.57,5.24,Main,,,,,,,,,,,10,10,13.62,12.22,3.2,0.87,,N
995,LIK,XI,O4a,,,Opaline/CCS,0%,,Flake,Proximal,,,,,,,,,,,,,,,,,,,,,,Yes,Hertzian,Indeterminate,,,,,,,,,,,,,RHOMBUS,FacetWithBulb,No,9.97,2.22,,,,,,,,,,,,17.73,,15.12,,2.45,0.75,,N
996,LIK,XI,O4a,,,Opaline/CCS,10-40%,Outcrop,Flake,Complete,,,,,,,,,,,,,,,,,,,,,,Yes,Hertzian,Feather,,,,,,,,,,,,,RECTANGULAR,NotPrepared,No,7.76,3.48,Main,,,,,,,,,,,35.22,35.22,14.73,14.73,8.14,4.27,,N
997,LIK,XI,O4a,,,Opaline/CCS,10-40%,Outcrop,Flake,Complete,,,,,,,,,,,,,,,,,,,,,,Yes,Bending,Feather,,,,,,,,,,,,,RECTANGULAR,NotPrepared,No,29.14,12.83,Main,,,,,,,,,,,20.93,20.93,32.67,29.74,10.73,11.26,,N
998,LIK,XI,O4a,,,Opaline/CCS,0%,,Flake,Proximal,,,,,,,,,,,,,,,,,,,,,,Yes,Hertzian,Indeterminate,,,,,,,,,,,,,TRAPEZOIDAL,NotPrepared,No,13.18,4.67,,,,,,,,,,,,20.39,,29.51,,10.51,5.74,,N
999,LIK,XI,O4a,,,Opaline/CCS,0%,,Flake,Distal,,,,,,,,,,,,,,,,,,,,,,No,,Feather,,,,,,,,,,,,,RECTANGULAR,,,,,,,,,,,,,,,,15.77,,10.61,,2.77,0.53,,N
1000,LIK,XI,O4a,,,Opaline/CCS,0%,,Flake,Complete,,,,,,,,,,,,,,,,,,,,,,Yes,Hertzian,Feather,,,,,,,,,,,,,RECTANGULAR,NotPrepared,No,4.76,1.21,Main,,,,,,,,,,,9.48,9.48,13.31,12.08,1.73,0.28,,N
1001,LIK,XI,O4a,,,Opaline/CCS,0%,,Flake,Fragment,,,,,,,,,,,,,,,,,,,,,,Yes,Hertzian,Feather,,,,,,,,,,,,,RECTANGULAR,NotPrepared,No,6.03,2.86,,,,,,,,,,,,19.81,,10.19,,2.41,0.55,,N
